pays;reseau;gare;nom;N;ponctualite;fraicheur;distincts;annulesJour;jours;statut;K;verdict;motif
Allemagne;de_gtfsde;sostkreuzbhfberlin@52.50,13.47;sostkreuzbhfberlin;1594.9;96.4;98.5;242;0;7;superstar;426;RETENUE;
Allemagne;de_gtfsde;sufriedrichstrbhfberlin@52.52,13.39;sufriedrichstrbhfberlin;1304.1;96.8;99.1;158;0;7;superstar;348;RETENUE;
Allemagne;de_gtfsde;suberlinhauptbahnhof@52.53,13.37;suberlinhauptbahnhof;1240.3;92.8;97.3;203;0;7;superstar;331;RETENUE;
Allemagne;de_gtfsde;ssdkreuzbhfberlin@52.48,13.37;ssdkreuzbhfberlin;1212.1;94.4;98.6;200;0;7;superstar;324;RETENUE;
Pays-Bas;nl_ovapi;utrechtcentraal@52.09,5.11;utrechtcentraal;1143.7;94.6;99.1;586;0;7;superstar;305;RETENUE;
Allemagne;de_gtfsde;swestkreuzberlin@52.50,13.28;swestkreuzberlin;1093.9;95.6;99.3;203;0;7;superstar;292;RETENUE;
Allemagne;de_gtfsde;donnersbergerbrcke@48.14,11.54;donnersbergerbrcke;1051.1;82.3;95.7;42;0;7;superstar;281;RETENUE;
Pays-Bas;nl_ovapi;amsterdamcentraal@52.38,4.90;amsterdamcentraal;1014.6;92.1;99.1;666;0;7;superstar;271;RETENUE;
Allemagne;de_gtfsde;dsseldorfhbf@51.22,6.79;dsseldorfhbf;1013.9;69.3;96.3;260;0;7;superstar;271;RETENUE;
Allemagne;de_gtfsde;suwarschauerstrberlin@52.51,13.45;suwarschauerstrberlin;1001.1;96.9;99;148;0;7;superstar;267;RETENUE;
Allemagne;de_gtfsde;frankfurtmainhauptbahnhof@50.11,8.66;frankfurtmainhauptbahnhof;913.3;75.6;96.1;112;0;7;superstar;244;RETENUE;
Allemagne;de_gtfsde;supotsdamerplatzbhfberlin@52.51,13.38;supotsdamerplatzbhfberlin;911.1;95.5;98.7;122;0;7;superstar;243;RETENUE;
Allemagne;de_gtfsde;sugesundbrunnenbhfberlin@52.55,13.39;sugesundbrunnenbhfberlin;900;94.4;96;175;0;7;superstar;240;RETENUE;
Allemagne;de_gtfsde;hauptbahnhofoben@48.78,9.18;hauptbahnhofoben;868.4;86;96.1;80;0;7;superstar;232;RETENUE;
Pays-Bas;nl_ovapi;amsterdamsloterdijk@52.39,4.84;amsterdamsloterdijk;866.9;93.8;98.7;576;0;7;superstar;232;RETENUE;
Allemagne;de_gtfsde;scharlottenburgbhfberlin@52.50,13.30;scharlottenburgbhfberlin;857.1;95.2;98;136;0;7;superstar;229;RETENUE;
Allemagne;de_gtfsde;rosenheimerplatz@48.13,11.59;rosenheimerplatz;848.1;81.5;97.2;37;0;7;superstar;227;RETENUE;
Norvege;no_entur;oslos@59.91,10.75;oslos;838.3;86.6;97.8;802;0;7;superstar;224;RETENUE;
Allemagne;de_gtfsde;sostbahnhofberlin@52.51,13.44;sostbahnhofberlin;838;95.7;98.6;193;0;7;superstar;224;RETENUE;
Allemagne;de_gtfsde;hackerbrcke@48.14,11.55;hackerbrcke;830.3;79.4;97;37;0;7;superstar;222;RETENUE;
Allemagne;de_gtfsde;klnhbf@50.94,6.96;klnhbf;829.6;69.1;94.1;221;0;7;superstar;222;RETENUE;
Allemagne;de_gtfsde;isartor@48.13,11.58;isartor;829;81.4;97.1;36;0;7;superstar;222;RETENUE;
Allemagne;de_gtfsde;hirschgarten@48.14,11.52;hirschgarten;808.7;81;96.6;35;0;7;superstar;216;RETENUE;
Allemagne;de_gtfsde;ostbahnhof@48.13,11.60;ostbahnhof;801.7;79.4;95;56;0;7;superstar;214;RETENUE;
Allemagne;de_gtfsde;karlsplatzstachus@48.14,11.57;karlsplatzstachus;799.9;80.7;96;34;0;7;superstar;214;RETENUE;
Allemagne;de_gtfsde;sulichtenbergbhfberlin@52.51,13.50;sulichtenbergbhfberlin;789.9;95.7;97.7;184;0;7;superstar;211;RETENUE;
Allemagne;de_gtfsde;hamburghbfkirchenallee@53.55,10.01;hamburghbfkirchenallee;764.6;94.8;86.5;41;0;7;superstar;204;RETENUE;
Allemagne;de_gtfsde;klnmessedeutzbf@50.94,6.97;klnmessedeutzbf;764.4;73.5;94.7;269;0;7;superstar;204;RETENUE;
Allemagne;de_gtfsde;nrnberghbf@49.45,11.08;nrnberghbf;751.3;82.6;96.8;107;0;7;superstar;201;RETENUE;
Pays-Bas;nl_ovapi;schipholairport@52.31,4.76;schipholairport;741.7;92.2;98.2;594;0;7;superstar;198;RETENUE;
Pays-Bas;nl_ovapi;rotterdamcentraal@51.92,4.47;rotterdamcentraal;738.4;93.2;99.2;520;0;7;superstar;197;RETENUE;
Allemagne;de_gtfsde;mnchenhbf@48.14,11.56;mnchenhbf;725.7;81.4;97.2;102;0;7;superstar;194;RETENUE;
Allemagne;de_gtfsde;sschneweidebhfberlin@52.45,13.51;sschneweidebhfberlin;712;97.2;97.8;101;0;7;superstar;190;RETENUE;
Allemagne;de_gtfsde;sujannowitzbrckeberlin@52.52,13.42;sujannowitzbrckeberlin;710.7;95.4;98.3;116;0;7;superstar;190;RETENUE;
Allemagne;de_gtfsde;laim@48.14,11.50;laim;707.4;79.1;95.6;35;0;7;superstar;189;RETENUE;
Allemagne;de_gtfsde;shackeschermarktberlin@52.52,13.40;shackeschermarktberlin;703.3;95.1;99.1;112;0;7;superstar;188;RETENUE;
Allemagne;de_gtfsde;sualexanderplatzbhfberlin@52.52,13.41;sualexanderplatzbhfberlin;702.7;95.2;99.3;154;0;7;superstar;188;RETENUE;
Allemagne;de_gtfsde;sbellevueberlin@52.52,13.35;sbellevueberlin;698.6;95.7;98.8;146;0;7;superstar;187;RETENUE;
Allemagne;de_gtfsde;stiergartenberlin@52.51,13.34;stiergartenberlin;694.3;95.8;98.8;149;0;7;superstar;186;RETENUE;
Allemagne;de_gtfsde;hamburglandungsbrcken@53.55,9.97;hamburglandungsbrcken;694;93.5;99.8;39;0;7;superstar;186;RETENUE;
Allemagne;de_gtfsde;suzoologischergartenbhfberlin@52.51,13.33;suzoologischergartenbhfberlin;689.1;95.4;98.9;102;0;7;superstar;184;RETENUE;
Allemagne;de_gtfsde;hamburgreeperbahn@53.55,9.96;hamburgreeperbahn;684.6;93.3;99.8;39;0;7;superstar;183;RETENUE;
Allemagne;de_gtfsde;essenhbf@51.45,7.01;essenhbf;681.9;69.8;97;187;0;7;superstar;182;RETENUE;
Allemagne;de_gtfsde;hamburgstadthausbrcke@53.55,9.98;hamburgstadthausbrcke;677.9;93.6;99.7;40;0;7;superstar;181;RETENUE;
Etats-Unis;us_mta_lirr;jamaica@40.70,-73.81;jamaica;670.7;96;95.7;642;0.29;7;superstar;179;RETENUE;
Allemagne;de_gtfsde;hamburgjungfernstieg@53.55,9.99;hamburgjungfernstieg;669;93.4;99.6;38;0;7;superstar;179;RETENUE;
Allemagne;de_gtfsde;hamburgknigstrae@53.55,9.94;hamburgknigstrae;668;93.5;99.7;36;0;7;superstar;179;RETENUE;
Allemagne;de_gtfsde;frankfurtmaintaunusanlage@50.11,8.67;frankfurtmaintaunusanlage;661.7;80.5;97.7;48;0;7;superstar;177;RETENUE;
Allemagne;de_gtfsde;frankfurtmainostendstrae@50.11,8.70;frankfurtmainostendstrae;659;80.1;97.8;45;0;7;superstar;176;RETENUE;
Allemagne;de_gtfsde;frankfurtmainkonstablerwache@50.11,8.69;frankfurtmainkonstablerwache;656.9;80.2;97.9;46;0;7;superstar;176;RETENUE;
Allemagne;de_gtfsde;streptowerparkberlin@52.49,13.46;streptowerparkberlin;654.1;97.6;99.2;118;0;7;superstar;175;RETENUE;
Allemagne;de_gtfsde;sfriedrichsfeldeostberlin@52.51,13.52;sfriedrichsfeldeostberlin;654;95.7;98.7;129;0;7;superstar;175;RETENUE;
Allemagne;de_gtfsde;snldnerplatzberlin@52.50,13.48;snldnerplatzberlin;653.9;96.4;98.7;119;0;7;superstar;175;RETENUE;
Allemagne;de_gtfsde;marienplatz@48.14,11.58;marienplatz;650.4;80.8;95.7;35;0;7;superstar;174;RETENUE;
Allemagne;de_gtfsde;dortmundhbf@51.52,7.46;dortmundhbf;638.9;71;97;276;0;7;superstar;171;RETENUE;
Allemagne;de_gtfsde;hauptbahnhofutram@48.14,11.56;hauptbahnhofutram;638.6;79.2;95.9;37;0;7;superstar;171;RETENUE;
Allemagne;de_gtfsde;frankfurtmainhauptbahnhoftief@50.11,8.66;frankfurtmainhauptbahnhoftief;637.1;80.2;96.2;48;0;7;superstar;170;RETENUE;
Allemagne;de_gtfsde;hamburghamburgharburg@53.46,9.99;hamburghamburgharburg;623.3;83.2;97.5;84;0;7;superstar;167;RETENUE;
Allemagne;de_gtfsde;sschnebergberlin@52.48,13.35;sschnebergberlin;614.1;97.5;98.3;98;0;7;superstar;164;RETENUE;
Allemagne;de_gtfsde;karlsruhehauptbahnhof@48.99,8.40;karlsruhehauptbahnhof;610.3;83.3;97.2;268;0;7;superstar;163;RETENUE;
Norvege;no_entur;nationaltheatretstasjon@59.92,10.73;nationaltheatretstasjon;607.6;80.4;100;755;0;7;superstar;163;RETENUE;
Norvege;no_entur;skyenstasjon@59.92,10.68;skyenstasjon;602;79.1;100;806;0;7;superstar;161;RETENUE;
Allemagne;de_gtfsde;frankfurtmainhauptwache@50.11,8.68;frankfurtmainhauptwache;595.3;81.3;96;48;0;7;superstar;159;RETENUE;
Norvege;no_entur;lysakerstasjon@59.91,10.64;lysakerstasjon;594.6;81.1;99.7;823;0;7;superstar;159;RETENUE;
Allemagne;de_gtfsde;duisburghbf@51.43,6.77;duisburghbf;587.9;58.9;97;215;0;7;superstar;157;RETENUE;
Allemagne;de_gtfsde;leuchtenbergring@48.13,11.62;leuchtenbergring;587.4;83.1;97.6;31;0;7;superstar;157;RETENUE;
Pays-Bas;nl_ovapi;leidencentraal@52.17,4.48;leidencentraal;566.6;95.9;98.9;367;0;7;superstar;152;RETENUE;
Allemagne;de_gtfsde;sbeusselstrberlin@52.53,13.33;sbeusselstrberlin;564.3;96.3;98.3;98;0;7;superstar;151;RETENUE;
Allemagne;de_gtfsde;hannoverhauptbahnhof@52.38,9.74;hannoverhauptbahnhof;561.9;80.8;96.5;87;0;7;superstar;150;RETENUE;
Allemagne;de_gtfsde;sgreifswalderstrberlin@52.54,13.44;sgreifswalderstrberlin;555.6;96.6;99;78;0;7;superstar;149;RETENUE;
Allemagne;de_gtfsde;suweddingberlin@52.54,13.37;suweddingberlin;552.6;97.4;98.4;58;0;7;superstar;148;RETENUE;
Allemagne;de_gtfsde;sprenzlaueralleeberlin@52.54,13.43;sprenzlaueralleeberlin;552.3;97.1;99.1;65;0;7;superstar;148;RETENUE;
Allemagne;de_gtfsde;pasing@48.15,11.46;pasing;552.1;81.5;96;65;0;7;superstar;148;RETENUE;
Allemagne;de_gtfsde;frankfurtmainsdbahnhof@50.10,8.69;frankfurtmainsdbahnhof;546.6;80.9;97.5;61;0;7;superstar;146;RETENUE;
Allemagne;de_gtfsde;slandsbergeralleeberlin@52.53,13.46;slandsbergeralleeberlin;538.1;96.6;99;98;0;7;superstar;144;RETENUE;
Allemagne;de_gtfsde;sstorkowerstrberlin@52.52,13.46;sstorkowerstrberlin;537;96.9;99.1;78;0;7;superstar;144;RETENUE;
Allemagne;de_gtfsde;sufrankfurteralleeberlin@52.51,13.48;sufrankfurteralleeberlin;535.6;97.1;98.4;94;0;7;superstar;143;RETENUE;
Allemagne;de_gtfsde;suschnhauseralleeberlin@52.55,13.42;suschnhauseralleeberlin;535.3;96.9;99;78;0;7;superstar;143;RETENUE;
Allemagne;de_gtfsde;mannheimhauptbahnhof@49.48,8.47;mannheimhauptbahnhof;518.3;78.4;97.3;111;0;7;superstar;139;RETENUE;
Pays-Bas;nl_ovapi;arnhemcentraal@51.99,5.90;arnhemcentraal;513.1;92.2;99.1;473;0;7;superstar;137;RETENUE;
France;fr_sncf;UIC87212027;Strasbourg;512.1;94.6;100;24;1.71;7;superstar;137;RETENUE;
Allemagne;de_gtfsde;ssavignyplatzberlin@52.51,13.32;ssavignyplatzberlin;511.6;96.7;95.6;64;0;7;superstar;137;RETENUE;
Allemagne;de_gtfsde;swannseebhfberlin@52.42,13.18;swannseebhfberlin;511;95.7;96.3;109;0;7;superstar;137;RETENUE;
Allemagne;de_gtfsde;sbornholmerstrberlin@52.55,13.40;sbornholmerstrberlin;508;97.7;99.2;60;0;7;superstar;136;RETENUE;
Australie;au_translink_seq;fortitudevalleystation@-27.46,153.03;fortitudevalleystation;498.6;91.1;97.8;564;0;7;superstar;133;RETENUE;
Pays-Bas;nl_ovapi;zwolle@52.51,6.09;zwolle;497.7;96.3;99.7;324;0;7;superstar;133;RETENUE;
Pays-Bas;nl_ovapi;amersfoortcentraal@52.15,5.37;amersfoortcentraal;497.1;94.8;99.5;397;0;7;superstar;133;RETENUE;
Allemagne;de_gtfsde;karlsruhedurlach@49.00,8.46;karlsruhedurlach;488.9;86.1;97.5;547;0;7;superstar;131;RETENUE;
France;fr_sncf;UIC87391003;Paris Montparnasse Hall 1 - 2;472.3;92.3;99.9;33;1.29;7;superstar;126;RETENUE;
Finlande;fi_digitraffic;TKL;;466.6;97.9;99.4;334;0;7;superstar;125;RETENUE;
Allemagne;de_gtfsde;hallesaalehbf@51.48,11.99;hallesaalehbf;463.9;85.9;97.7;71;0;7;superstar;124;RETENUE;
Pays-Bas;nl_ovapi;gouda@52.02,4.71;gouda;461.4;95.7;99.4;341;0;7;superstar;124;RETENUE;
Allemagne;de_gtfsde;kaeuropaplatzu@49.01,8.39;kaeuropaplatzu;461.1;91.6;94.4;576;0;7;superstar;123;RETENUE;
Allemagne;de_gtfsde;hamburghammerbrookcitysd@53.55,10.02;hamburghammerbrookcitysd;458.4;91.1;99.8;38;0;7;superstar;123;RETENUE;
Allemagne;de_gtfsde;hamburgeidelstedt@53.60,9.91;hamburgeidelstedt;457.4;92.2;88.6;42;0;7;superstar;122;RETENUE;
Allemagne;de_gtfsde;hamburgdiebsteich@53.57,9.93;hamburgdiebsteich;452;90.8;99.9;36;0;7;superstar;121;RETENUE;
Allemagne;de_gtfsde;subundesplatzberlin@52.48,13.33;subundesplatzberlin;450.9;95.4;99;96;0;7;superstar;121;RETENUE;
Allemagne;de_gtfsde;karlsruheyorckstrae@49.01,8.38;karlsruheyorckstrae;449.9;90.7;95;598;0;7;superstar;120;RETENUE;
Allemagne;de_gtfsde;suheidelbergerplatzberlin@52.48,13.31;suheidelbergerplatzberlin;447.9;95.4;97.9;88;0;7;superstar;120;RETENUE;
Allemagne;de_gtfsde;smessenordzobberlin@52.51,13.28;smessenordzobberlin;447.3;95.5;99.6;60;0;7;superstar;120;RETENUE;
Australie;au_translink_seq;romastreetstation@-27.47,153.02;romastreetstation;446.4;92.1;96.1;587;0;7;superstar;120;RETENUE;
Allemagne;de_gtfsde;snikolasseeberlin@52.43,13.19;snikolasseeberlin;444.1;96.8;99.9;83;0;7;superstar;119;RETENUE;
Australie;au_translink_seq;centralstation@-27.47,153.03;centralstation;444;93.2;98.4;589;0;7;superstar;119;RETENUE;
Allemagne;de_gtfsde;neusshauptbahnhof@51.20,6.68;neusshauptbahnhof;443.7;74.1;96.4;152;0;7;superstar;119;RETENUE;
Allemagne;de_gtfsde;hamburgelbbrcken@53.54,10.02;hamburgelbbrcken;443.4;91.4;99.9;39;0;7;superstar;119;RETENUE;
Allemagne;de_gtfsde;hamburgveddelballinstadt@53.52,10.01;hamburgveddelballinstadt;442.1;90.6;99.8;41;0;7;superstar;118;RETENUE;
France;fr_sncf;UIC87723197;Lyon Part Dieu;441.9;86.9;99.9;31;3.57;7;superstar;118;RETENUE;
Allemagne;de_gtfsde;hamburgwilhelmsburg@53.50,10.01;hamburgwilhelmsburg;441.6;90.2;99.6;40;0;7;superstar;118;RETENUE;
Allemagne;de_gtfsde;swestendberlin@52.52,13.28;swestendberlin;441.1;96.1;98;68;0;7;superstar;118;RETENUE;
Allemagne;de_gtfsde;ulmhauptbahnhof@48.40,9.98;ulmhauptbahnhof;437.7;73.6;95.1;94;0;7;superstar;117;RETENUE;
Allemagne;de_gtfsde;mainzhauptbahnhof@50.00,8.26;mainzhauptbahnhof;435.3;71.1;97.1;85;0;7;superstar;117;RETENUE;
Pays-Bas;nl_ovapi;dordrecht@51.81,4.67;dordrecht;432.7;96.7;95.4;298;0;7;superstar;116;RETENUE;
Allemagne;de_gtfsde;sspringpfuhlberlin@52.53,13.54;sspringpfuhlberlin;432.6;96.7;99.1;76;0;7;superstar;116;RETENUE;
Allemagne;de_gtfsde;hamburglangenfelde@53.58,9.93;hamburglangenfelde;432;91.6;97.7;37;0;7;superstar;116;RETENUE;
France;fr_sncf;UIC87686006;Paris Gare de Lyon Hall 1 - 2;429.4;88.8;99.9;48;7;7;superstar;115;RETENUE;
Norvege;no_entur;askerstasjon@59.83,10.43;askerstasjon;429;78;99.9;779;0;7;superstar;115;RETENUE;
Allemagne;de_gtfsde;flughafenber@52.36,13.51;flughafenber;426.4;95.2;97.4;86;0;7;superstar;114;RETENUE;
Allemagne;de_gtfsde;sujungfernheidebhfberlin@52.53,13.30;sujungfernheidebhfberlin;425.9;94.2;98.5;101;0;7;superstar;114;RETENUE;
Norvege;no_entur;sandvikastasjon@59.89,10.53;sandvikastasjon;424.1;77.8;100;746;0;7;superstar;114;RETENUE;
Allemagne;de_gtfsde;suinnsbruckerplatzberlin@52.48,13.34;suinnsbruckerplatzberlin;417;97.4;99.3;91;0;7;superstar;112;RETENUE;
Allemagne;de_gtfsde;spankowheinersdorfberlin@52.58,13.43;spankowheinersdorfberlin;416.4;97.7;99.4;71;0;7;superstar;112;RETENUE;
Allemagne;de_gtfsde;bremenhbf@53.08,8.81;bremenhbf;416.3;82.5;96.8;84;0;7;superstar;112;RETENUE;
Allemagne;de_gtfsde;hanauhauptbahnhof@50.12,8.93;hanauhauptbahnhof;414.7;77.5;97.2;75;0;7;superstar;111;RETENUE;
Allemagne;de_gtfsde;hamburgharburgrathaus@53.46,9.98;hamburgharburgrathaus;411.6;90;99.9;37;0;7;superstar;110;RETENUE;
Norvege;no_entur;lillestrmstasjon@59.95,11.04;lillestrmstasjon;409.9;77.4;99.8;719;0;7;superstar;110;RETENUE;
Australie;au_translink_seq;bowenhillsstation@-27.45,153.04;bowenhillsstation;408.9;93.4;97.9;535;0;7;superstar;110;RETENUE;
Allemagne;de_gtfsde;hamburgstellingenarenen@53.59,9.92;hamburgstellingenarenen;406.1;91.1;96.5;36;0;7;superstar;109;RETENUE;
Allemagne;de_gtfsde;katullastraealterschlachthof@49.01,8.43;katullastraealterschlachthof;405.6;87;94.1;651;0;7;superstar;109;RETENUE;
Allemagne;de_gtfsde;karlsruhegottesauerplatzbgv@49.01,8.42;karlsruhegottesauerplatzbgv;403.6;86.6;95.5;653;0;7;superstar;108;RETENUE;
Etats-Unis;us_mta_lirr;pennstation@40.75,-73.99;pennstation;403.6;94.5;99.9;663;0;7;superstar;108;RETENUE;
Allemagne;de_gtfsde;sspandaubhfberlin@52.53,13.20;sspandaubhfberlin;403.4;91.8;96.7;90;0;7;superstar;108;RETENUE;
Allemagne;de_gtfsde;karlsruhekronenplatzu@49.01,8.41;karlsruhekronenplatzu;402.4;86.4;92.7;659;0;7;superstar;108;RETENUE;
Allemagne;de_gtfsde;braunschweighauptbahnhof@52.25,10.54;braunschweighauptbahnhof;401.3;87.5;98.4;57;0;7;superstar;108;RETENUE;
Pays-Bas;nl_ovapi;breda@51.60,4.78;breda;401.1;94.7;99.1;321;0;7;superstar;107;RETENUE;
Pays-Bas;nl_ovapi;shertogenbosch@51.69,5.29;shertogenbosch;400;94.5;98.3;353;0;7;superstar;107;RETENUE;
Allemagne;de_gtfsde;frankfurtmainhchstbahnhof@50.10,8.54;frankfurtmainhchstbahnhof;398.9;76.5;97.5;55;0;7;superstar;107;RETENUE;
Allemagne;de_gtfsde;mnsterhauptbahnhof@51.96,7.63;mnsterhauptbahnhof;398.9;66.7;95.4;213;0;7;superstar;107;RETENUE;
Allemagne;de_gtfsde;oberhausenhbf@51.47,6.85;oberhausenhbf;396.4;70.6;97.6;138;0;7;superstar;106;RETENUE;
Allemagne;de_gtfsde;kadurlachertorkitcampussdu@49.01,8.42;kadurlachertorkitcampussdu;396.4;86.4;93.8;651;0;7;superstar;106;RETENUE;
Allemagne;de_gtfsde;hamburgneugraben@53.47,9.85;hamburgneugraben;396;89.2;98.3;41;0;7;superstar;106;RETENUE;
Pays-Bas;nl_ovapi;amsterdamzuid@52.34,4.87;amsterdamzuid;392.4;93.6;98.2;425;0;7;superstar;105;RETENUE;
Allemagne;de_gtfsde;dbilks@51.21,6.78;dbilks;392.3;72.7;96.7;150;0;7;superstar;105;RETENUE;
Allemagne;de_gtfsde;frankfurtmainwestbahnhof@50.12,8.64;frankfurtmainwestbahnhof;391.1;84.6;98.8;49;0;7;superstar;105;RETENUE;
Allemagne;de_gtfsde;hamburgsheimfeld@53.47,9.96;hamburgsheimfeld;389.9;90.8;99.7;37;0;7;superstar;104;RETENUE;
Allemagne;de_gtfsde;badcannstatt@48.80,9.22;badcannstatt;385.3;87.6;93;50;0;7;superstar;103;RETENUE;
Allemagne;de_gtfsde;augsburghbf@48.37,10.89;augsburghbf;380.1;86.8;96.4;89;0;7;superstar;102;RETENUE;
Allemagne;de_gtfsde;heidelberghauptbahnhof@49.40,8.68;heidelberghauptbahnhof;375.6;86.9;96.8;73;0;7;superstar;101;RETENUE;
Etats-Unis;us_mta_mnr;harlem125st@40.81,-73.94;harlem125st;374.3;94.3;99.8;42;0;7;superstar;100;RETENUE;
Pays-Bas;nl_ovapi;haarlem@52.39,4.64;haarlem;367.4;95.8;99.8;307;0;7;superstar;98;RETENUE;
Pays-Bas;nl_ovapi;tilburg@51.56,5.08;tilburg;367.1;95.1;98.8;330;0;7;superstar;98;RETENUE;
Pays-Bas;nl_ovapi;eindhovencentraal@51.44,5.48;eindhovencentraal;361;93.9;99.3;334;0;7;superstar;97;RETENUE;
Allemagne;de_gtfsde;dresdenbahnhofneustadt@51.07,13.74;dresdenbahnhofneustadt;359.9;87.3;97.9;56;0;7;superstar;96;RETENUE;
Allemagne;de_gtfsde;hamburghamburghbf@53.55,10.01;hamburghamburghbf;359.1;79.1;93.8;78;0;7;superstar;96;RETENUE;
France;fr_sncf;UIC87581009;Bordeaux Saint-Jean;356.1;88.3;99.8;26;5.57;7;superstar;95;RETENUE;
Allemagne;de_gtfsde;dflughafenbf@51.29,6.79;dflughafenbf;355.4;57.4;96.3;178;0;7;superstar;95;RETENUE;
Allemagne;de_gtfsde;hagenhbf@51.36,7.46;hagenhbf;354.6;74.5;96.8;162;0;7;superstar;95;RETENUE;
Allemagne;de_gtfsde;suwesthafenberlin@52.54,13.34;suwesthafenberlin;354.4;96.3;99.6;59;0;7;superstar;95;RETENUE;
Allemagne;de_gtfsde;wuppertalhbf@51.26,7.15;wuppertalhbf;354.1;71.6;94.3;132;0;7;superstar;95;RETENUE;
France;fr_sncf;UIC87286005;Lille Flandres;353.4;92.1;99.8;20;5;7;superstar;95;RETENUE;
Pays-Bas;nl_ovapi;hilversum@52.23,5.18;hilversum;349;92.2;98.9;419;0;7;superstar;94;RETENUE;
Pays-Bas;nl_ovapi;denhaaghs@52.07,4.32;denhaaghs;348.9;96.2;99.8;287;0;7;superstar;94;RETENUE;
Pays-Bas;nl_ovapi;delft@52.01,4.36;delft;348.9;95.7;99.3;325;0;7;superstar;94;RETENUE;
Pays-Bas;nl_ovapi;groningen@53.21,6.56;groningen;347;96.7;97.2;240;0;7;superstar;93;RETENUE;
Allemagne;de_gtfsde;hamburgelbgaustrae@53.60,9.89;hamburgelbgaustrae;343.1;91.6;99.7;35;0;7;superstar;92;RETENUE;
Allemagne;de_gtfsde;shohenzollerndammberlin@52.49,13.30;shohenzollerndammberlin;342.6;97;98.7;48;0;7;superstar;92;RETENUE;
Allemagne;de_gtfsde;mlheimhauptbahnhof@51.43,6.89;mlheimhauptbahnhof;341.1;63.1;95.8;150;0;7;superstar;91;RETENUE;
Allemagne;de_gtfsde;kaettlingertorstaatstheateru@49.01,8.40;kaettlingertorstaatstheateru;337.9;89.8;98.3;518;0;7;superstar;91;RETENUE;
Pays-Bas;nl_ovapi;nijmegen@51.84,5.85;nijmegen;336.4;96.9;98.7;258;0;7;superstar;90;RETENUE;
Allemagne;de_gtfsde;karlsruheaugartenstrae@49.00,8.40;karlsruheaugartenstrae;336;89.5;97.4;520;0;7;superstar;90;RETENUE;
Allemagne;de_gtfsde;leipzighbf@51.35,12.38;leipzighbf;335;82.8;95.7;73;0;7;superstar;90;RETENUE;
Allemagne;de_gtfsde;splnterwaldberlin@52.48,13.47;splnterwaldberlin;334.9;97.6;99.3;71;0;7;superstar;90;RETENUE;
Allemagne;de_gtfsde;karlsruhealbtalbahnhof@48.99,8.40;karlsruhealbtalbahnhof;334.4;89.8;98;484;0;7;superstar;90;RETENUE;
Allemagne;de_gtfsde;karlsruhekongresszentrumu@49.00,8.40;karlsruhekongresszentrumu;334.3;90.3;97;521;0;7;superstar;90;RETENUE;
Allemagne;de_gtfsde;spotsdamhauptbahnhof@52.39,13.07;spotsdamhauptbahnhof;334.3;96.5;93.2;56;0;7;superstar;90;RETENUE;
Allemagne;de_gtfsde;shumboldthainberlin@52.54,13.38;shumboldthainberlin;333.9;97;99.3;58;0;7;superstar;90;RETENUE;
Allemagne;de_gtfsde;wrzburghbf@49.80,9.94;wrzburghbf;332.7;85.9;98;82;0;7;superstar;89;RETENUE;
Allemagne;de_gtfsde;karlsruhepoststrae@49.00,8.40;karlsruhepoststrae;331.9;90.7;97.4;493;0;7;superstar;89;RETENUE;
France;fr_sncf;UIC87751008;Marseille Saint-Charles;328.9;88.4;99.9;27;6.57;7;superstar;88;RETENUE;
Allemagne;de_gtfsde;durlachuntermhlstrae@49.00,8.46;durlachuntermhlstrae;328.4;87.7;95.1;583;0;7;superstar;88;RETENUE;
Pays-Bas;nl_ovapi;duivendrecht@52.32,4.94;duivendrecht;327.9;92.2;99.2;412;0;7;superstar;88;RETENUE;
Allemagne;de_gtfsde;karlsruheweinweg@49.00,8.44;karlsruheweinweg;327.9;88.1;92.6;572;0;7;superstar;88;RETENUE;
Allemagne;de_gtfsde;frankfurtmainmhlberg@50.10,8.70;frankfurtmainmhlberg;327.6;72.2;95.3;45;0;7;superstar;88;RETENUE;
Allemagne;de_gtfsde;kamarktplatzpyramideu@49.01,8.40;kamarktplatzpyramideu;327.4;88.8;98.8;518;0;7;superstar;88;RETENUE;
Pays-Bas;nl_ovapi;hoofddorp@52.29,4.70;hoofddorp;326.9;93.4;98.9;351;0;7;superstar;88;RETENUE;
Allemagne;de_gtfsde;klnhansaring@50.95,6.95;klnhansaring;326.7;76.1;92.1;50;0;7;superstar;88;RETENUE;
Allemagne;de_gtfsde;friedberghessenbahnhof@50.33,8.76;friedberghessenbahnhof;326.4;83.9;97;63;0;7;superstar;88;RETENUE;
Allemagne;de_gtfsde;rostockhauptbahnhof@54.08,12.13;rostockhauptbahnhof;326.3;94.3;98.8;40;0;7;superstar;88;RETENUE;
Allemagne;de_gtfsde;shalenseeberlin@52.50,13.29;shalenseeberlin;326;96.5;92.8;74;0;7;superstar;87;RETENUE;
Allemagne;de_gtfsde;offenbachmainoffenbachostostbahnhof@50.10,8.78;offenbachmainoffenbachostostbahnhof;325.7;78.3;96.9;43;0;7;superstar;87;RETENUE;
France;fr_sncf;UIC87271007;Paris Gare du Nord;324.6;92.9;99.9;31;6.71;7;superstar;87;RETENUE;
Allemagne;de_gtfsde;kahauptbahnhofvorplatz@48.99,8.40;kahauptbahnhofvorplatz;324;89.7;95.3;488;0;7;superstar;87;RETENUE;
Allemagne;de_gtfsde;erfurthauptbahnhof@50.97,11.04;erfurthauptbahnhof;323.4;79.5;94.5;95;0;7;superstar;87;RETENUE;
Australie;au_translink_seq;eaglejunctionstation@-27.41,153.05;eaglejunctionstation;323.4;90.9;98.3;455;0;7;superstar;87;RETENUE;
France;fr_sncf;UIC87481002;Nantes;320.3;90;99.8;28;9.57;7;superstar;86;RETENUE;
Allemagne;de_gtfsde;magdeburghbf@52.13,11.63;magdeburghbf;319;80.8;96.3;52;0;7;superstar;86;RETENUE;
Allemagne;de_gtfsde;mghbfeuropaplatz@51.20,6.45;mghbfeuropaplatz;318.3;78;97.9;101;0;7;superstar;85;RETENUE;
Allemagne;de_gtfsde;offenbachmainmarktplatzsbahn@50.11,8.77;offenbachmainmarktplatzsbahn;317.9;76.9;97.3;43;0;7;superstar;85;RETENUE;
Allemagne;de_gtfsde;offenbachmainkaiserleikaiserlei@50.11,8.74;offenbachmainkaiserleikaiserlei;317.6;74.9;95;44;0;7;superstar;85;RETENUE;
Allemagne;de_gtfsde;bruchsal@49.12,8.59;bruchsal;314.9;89.2;98.1;219;0;7;superstar;84;RETENUE;
France;fr_sncf;UIC87545244;Juvisy;314.6;92.4;99.3;37;10.71;7;superstar;84;RETENUE;
Allemagne;de_gtfsde;ssonnenalleeberlin@52.47,13.46;ssonnenalleeberlin;314;98;99.5;53;0;7;superstar;84;RETENUE;
Finlande;fi_digitraffic;OLK;;313.6;97.4;90.1;276;0;7;superstar;84;RETENUE;
Allemagne;de_gtfsde;sblankenburgberlin@52.59,13.44;sblankenburgberlin;313.3;97.8;98.5;69;0;7;superstar;84;RETENUE;
Allemagne;de_gtfsde;hamburgneuwiedenthal@53.47,9.88;hamburgneuwiedenthal;312.6;90.4;93.4;36;0;7;superstar;84;RETENUE;
Finlande;fi_digitraffic;ML;;308.9;97.9;95;259;0;7;superstar;83;RETENUE;
France;fr_sncf;UIC87611004;Toulouse Matabiau;307.1;88.3;100;30;8.14;7;superstar;82;RETENUE;
Finlande;fi_digitraffic;KÄP;;306.6;97.3;88.1;268;0;7;superstar;82;RETENUE;
Allemagne;de_gtfsde;kasselbahnhofwilhelmshhe@51.31,9.45;kasselbahnhofwilhelmshhe;305.7;70;97.8;97;0;7;superstar;82;RETENUE;
Allemagne;de_gtfsde;klnmlheimbfmlheim@50.96,7.01;klnmlheimbfmlheim;304.1;72.7;96.6;198;0;7;superstar;82;RETENUE;
Allemagne;de_gtfsde;frankfurtmainlokalbahnhof@50.10,8.69;frankfurtmainlokalbahnhof;299.9;87.9;99.5;32;0;7;superstar;80;RETENUE;
Allemagne;de_gtfsde;bochumhbf@51.48,7.22;bochumhbf;297.7;64.6;95.7;195;0;7;superstar;80;RETENUE;
Allemagne;de_gtfsde;holzkirchen@47.88,11.70;holzkirchen;296.7;91.7;98.4;37;0;7;superstar;80;RETENUE;
Allemagne;de_gtfsde;bblingen@48.69,9.00;bblingen;296.6;94.6;98;26;0;7;superstar;80;RETENUE;
Allemagne;de_gtfsde;offenbachmainwestendledermuseum@50.11,8.75;offenbachmainwestendledermuseum;296.4;74.3;92.6;41;0;7;superstar;80;RETENUE;
Allemagne;de_gtfsde;gieenbahnhof@50.58,8.66;gieenbahnhof;295.3;81.4;96.4;74;0;7;superstar;79;RETENUE;
Allemagne;de_gtfsde;aachenhbf@50.77,6.09;aachenhbf;295.1;83;97.7;84;0;7;superstar;79;RETENUE;
Allemagne;de_gtfsde;pinneberg@53.65,9.80;pinneberg;295;88.9;96.9;44;0;7;superstar;79;RETENUE;
Allemagne;de_gtfsde;saarbrckenhbf@49.24,6.99;saarbrckenhbf;292.9;83.8;98;66;0;7;superstar;79;RETENUE;
Allemagne;de_gtfsde;leipzighbftief@51.35,12.38;leipzighbftief;292.1;89.4;92.8;58;0;7;superstar;78;RETENUE;
Pays-Bas;nl_ovapi;amsterdammuiderpoort@52.36,4.93;amsterdammuiderpoort;291.9;94.1;98.9;357;0;7;superstar;78;RETENUE;
Allemagne;de_gtfsde;chemnitzhauptbahnhof@50.84,12.93;chemnitzhauptbahnhof;290.7;94.9;97.2;82;0;7;superstar;78;RETENUE;
Allemagne;de_gtfsde;hammwestfhauptbahnhof@51.68,7.81;hammwestfhauptbahnhof;290.4;59.5;95.5;185;0;7;superstar;78;RETENUE;
Allemagne;de_gtfsde;darmstadthauptbahnhof@49.87,8.63;darmstadthauptbahnhof;289.3;88.2;97.3;56;0;7;superstar;78;RETENUE;
Allemagne;de_gtfsde;solingenhbf@51.16,7.00;solingenhbf;288.1;67.4;97.5;203;0;7;superstar;77;RETENUE;
Pays-Bas;nl_ovapi;zaandam@52.44,4.81;zaandam;287.9;94.2;99.8;350;0;7;superstar;77;RETENUE;
Allemagne;de_gtfsde;kasselhauptbahnhof@51.32,9.49;kasselhauptbahnhof;287.7;83.6;97.3;103;0;7;superstar;77;RETENUE;
Allemagne;de_gtfsde;wuppertalvohwinkelbf@51.23,7.07;wuppertalvohwinkelbf;285.9;76.3;94.3;217;0;7;superstar;77;RETENUE;
Allemagne;de_gtfsde;wiesbadenhauptbahnhof@50.07,8.24;wiesbadenhauptbahnhof;285.9;78.2;98.7;47;0;7;superstar;77;RETENUE;
Allemagne;de_gtfsde;gttingen@51.54,9.93;gttingen;280.3;79.6;97.8;80;0;7;superstar;75;RETENUE;
Pays-Bas;nl_ovapi;amsterdambijlmerarena@52.31,4.95;amsterdambijlmerarena;279.7;93;99.1;344;0;7;superstar;75;RETENUE;
Norvege;no_entur;oslolufthavnstasjon@60.19,11.10;oslolufthavnstasjon;279.4;79.4;98.8;596;0;7;superstar;75;RETENUE;
Allemagne;de_gtfsde;bergamlaim@48.14,11.63;bergamlaim;277;86.1;97;26;0;7;superstar;74;RETENUE;
Norvege;no_entur;skistasjon@59.72,10.83;skistasjon;276.4;94.1;88.2;363;0;7;superstar;74;RETENUE;
Allemagne;de_gtfsde;frankfurtmaingalluswarte@50.10,8.64;frankfurtmaingalluswarte;276.3;86.2;98.8;28;0;7;superstar;74;RETENUE;
Allemagne;de_gtfsde;klnehrenfeldbfehrenfeld@50.95,6.92;klnehrenfeldbfehrenfeld;276.1;78.1;94;65;0;7;superstar;74;RETENUE;
Allemagne;de_gtfsde;kamarktplatzkaiserstraeu@49.01,8.40;kamarktplatzkaiserstraeu;276;94.5;91.5;382;0;7;superstar;74;RETENUE;
Allemagne;de_gtfsde;frankfurtmainmesse@50.11,8.64;frankfurtmainmesse;275.9;84.6;98.5;28;0;7;superstar;74;RETENUE;
Allemagne;de_gtfsde;dren@50.81,6.48;dren;274.4;86.6;97.8;66;0;7;superstar;74;RETENUE;
Pays-Bas;nl_ovapi;geldermalsen@51.88,5.27;geldermalsen;274;96.8;99.5;229;0;7;superstar;74;RETENUE;
Allemagne;de_gtfsde;karlsruhemhlburgertor@49.01,8.38;karlsruhemhlburgertor;273.3;89.5;89.3;491;0;7;superstar;73;RETENUE;
Allemagne;de_gtfsde;regensburghbf@49.01,12.10;regensburghbf;272.9;87.1;99;50;0;7;superstar;73;RETENUE;
Allemagne;de_gtfsde;karlsruheentenfang@49.01,8.36;karlsruheentenfang;272.4;87.5;90.4;532;0;7;superstar;73;RETENUE;
Pays-Bas;nl_ovapi;schiedamcentrum@51.92,4.41;schiedamcentrum;271.9;95.1;99.7;277;0;7;superstar;73;RETENUE;
Allemagne;de_gtfsde;frthbayhbf@49.47,10.99;frthbayhbf;271.6;88.9;96;46;0;7;superstar;73;RETENUE;
Norvege;no_entur;drammenstasjon@59.74,10.21;drammenstasjon;269.1;81.1;96.4;597;0;7;superstar;72;RETENUE;
Allemagne;de_gtfsde;wuppertaloberbarmenbf@51.27,7.22;wuppertaloberbarmenbf;268.1;71.1;94.8;202;0;7;superstar;72;RETENUE;
Allemagne;de_gtfsde;leipzigbayerischerbahnhof@51.33,12.38;leipzigbayerischerbahnhof;267.9;89.5;93.8;53;0;7;superstar;72;RETENUE;
Allemagne;de_gtfsde;pforzheimhauptbahnhof@48.89,8.70;pforzheimhauptbahnhof;267;84.7;96.3;304;0;7;superstar;72;RETENUE;
Pays-Bas;nl_ovapi;amsterdamamstel@52.35,4.92;amsterdamamstel;266.1;91.1;99.1;392;0;7;superstar;71;RETENUE;
Allemagne;de_gtfsde;karlsruhehndelstrae@49.01,8.37;karlsruhehndelstrae;266;87.9;93.6;508;0;7;superstar;71;RETENUE;
Allemagne;de_gtfsde;gelsenkirchenhbf@51.50,7.10;gelsenkirchenhbf;265.9;73.1;94.9;153;0;7;superstar;71;RETENUE;
Allemagne;de_gtfsde;hernewanneeickelhbf@51.53,7.17;hernewanneeickelhbf;265.1;78.1;96.8;163;0;7;superstar;71;RETENUE;
Allemagne;de_gtfsde;leipzigwilhelmleuschnerplatz@51.34,12.38;leipzigwilhelmleuschnerplatz;263.7;89.6;95.1;55;0;7;superstar;71;RETENUE;
Allemagne;de_gtfsde;dwehrhahns@51.23,6.80;dwehrhahns;262.6;73.2;94.5;50;0;7;superstar;71;RETENUE;
France;fr_sncf;UIC87722025;Lyon Perrache;262.3;93.5;99.9;23;1.71;7;superstar;70;RETENUE;
Pays-Bas;nl_ovapi;leeuwarden@53.20,5.79;leeuwarden;260.3;97.5;99.2;224;0;7;superstar;70;RETENUE;
Etats-Unis;us_mta_lirr;woodside@40.75,-73.90;woodside;257.9;95.2;97.5;490;0;7;superstar;69;RETENUE;
Allemagne;de_gtfsde;esslingenn@48.74,9.30;esslingenn;257.3;87.5;96.7;53;0;7;superstar;69;RETENUE;
Allemagne;de_gtfsde;karlsruhephilippstrae@49.01,8.36;karlsruhephilippstrae;256.4;87.7;87.4;492;0;7;superstar;69;RETENUE;
Allemagne;de_gtfsde;ludwigshafenhauptbahnhof@49.48,8.43;ludwigshafenhauptbahnhof;255.9;83.9;96.9;51;0;7;superstar;69;RETENUE;
Allemagne;de_gtfsde;koblenzhauptbahnhof@50.35,7.59;koblenzhauptbahnhof;254.9;68.7;97.4;94;0;7;superstar;68;RETENUE;
Pays-Bas;nl_ovapi;woerden@52.09,4.89;woerden;254;96.1;97.9;261;0;7;superstar;68;RETENUE;
Allemagne;de_gtfsde;frankfurtmainniederradbahnhof@50.08,8.64;frankfurtmainniederradbahnhof;254;79.6;93.9;51;0;7;superstar;68;RETENUE;
Allemagne;de_gtfsde;bamberg@49.90,10.90;bamberg;252.6;89.7;97.4;44;0;7;superstar;68;RETENUE;
Pays-Bas;nl_ovapi;rotterdamblaak@51.92,4.49;rotterdamblaak;252.4;95.9;99.9;273;0;7;superstar;68;RETENUE;
Allemagne;de_gtfsde;sgriebnitzseebhf@52.39,13.13;sgriebnitzseebhf;252.3;96.3;98.1;64;0;7;superstar;68;RETENUE;
Allemagne;de_gtfsde;lbeckhbf@53.87,10.67;lbeckhbf;252;93.4;97;36;0;7;superstar;68;RETENUE;
Allemagne;de_gtfsde;slichterfeldeostbhfberlin@52.43,13.33;slichterfeldeostbhfberlin;251.3;94.5;98.3;73;0;7;superstar;68;RETENUE;
Norvege;no_entur;stabekkstasjon@59.91,10.61;stabekkstasjon;250.1;89.1;99.4;410;0;7;superstar;67;RETENUE;
Allemagne;de_gtfsde;sahrensfeldebhfberlin@52.57,13.57;sahrensfeldebhfberlin;249.9;96.2;99;80;0;7;superstar;67;RETENUE;
Allemagne;de_gtfsde;krupunder@53.62,9.87;krupunder;247.9;90.4;98.9;35;0;7;superstar;67;RETENUE;
Allemagne;de_gtfsde;osnabrckhbf@52.27,8.06;osnabrckhbf;247.6;79.4;96.3;107;0;7;superstar;67;RETENUE;
Allemagne;de_gtfsde;frankfurtmainstadion@50.07,8.63;frankfurtmainstadion;247.3;81.7;97.3;41;0;7;superstar;66;RETENUE;
Allemagne;de_gtfsde;essenwests@51.45,6.98;essenwests;247.3;79.3;93.7;43;0;7;superstar;66;RETENUE;
Allemagne;de_gtfsde;kielhauptbahnhof@54.32,10.13;kielhauptbahnhof;246.4;93;98.1;48;0;7;superstar;66;RETENUE;
Allemagne;de_gtfsde;flughafenmnchen@48.35,11.79;flughafenmnchen;246.1;94.9;98.5;27;0;7;superstar;66;RETENUE;
Allemagne;de_gtfsde;dresdenhauptbahnhof@51.04,13.73;dresdenhauptbahnhof;246.1;82.2;96.8;51;0;7;superstar;66;RETENUE;
Pays-Bas;nl_ovapi;groningeneuropapark@53.20,6.59;groningeneuropapark;245.9;97.5;99.2;215;0;7;superstar;66;RETENUE;
Allemagne;de_gtfsde;bielefeldhbf@52.03,8.53;bielefeldhbf;242.9;76.1;95.7;151;0;7;superstar;65;RETENUE;
France;fr_sncf;UIC87113001;Paris Est;242.1;86.4;100;40;1.71;7;superstar;65;RETENUE;
Allemagne;de_gtfsde;sknigswusterhausenbhf@52.30,13.63;sknigswusterhausenbhf;241.4;91.1;95.2;72;0;7;superstar;65;RETENUE;
Allemagne;de_gtfsde;freiburghauptbahnhof@48.00,7.84;freiburghauptbahnhof;241.4;90.2;97.2;55;0;7;superstar;65;RETENUE;
Allemagne;de_gtfsde;ludwigshafenmitte@49.48,8.45;ludwigshafenmitte;240.4;82.9;98.1;49;0;7;superstar;65;RETENUE;
Allemagne;de_gtfsde;shohenschnhausenbhfberlin@52.57,13.51;shohenschnhausenbhfberlin;239.9;96.6;90.3;62;0;7;superstar;64;RETENUE;
Pays-Bas;nl_ovapi;sittard@51.00,5.86;sittard;239.7;95.9;98.7;257;0;7;superstar;64;RETENUE;
Allemagne;de_gtfsde;grtzingen@49.01,8.49;grtzingen;239.4;85.9;98.8;470;0;7;superstar;64;RETENUE;
Allemagne;de_gtfsde;leipzigmdr@51.32,12.39;leipzigmdr;238.7;89.1;85.3;56;0;7;superstar;64;RETENUE;
Allemagne;de_gtfsde;tbingenhauptbahnhof@48.52,9.06;tbingenhauptbahnhof;238.4;86.7;94;42;0;7;superstar;64;RETENUE;
Allemagne;de_gtfsde;wrthrhbahnhof@49.05,8.27;wrthrhbahnhof;237.6;90.7;97.1;312;0;7;superstar;64;RETENUE;
Allemagne;de_gtfsde;mhldorfoberbay@48.25,12.52;mhldorfoberbay;234.4;88.8;96.3;33;0;7;superstar;63;RETENUE;
Allemagne;de_gtfsde;spoelchaustrberlin@52.53,13.54;spoelchaustrberlin;233.1;94.5;98.2;58;0;7;superstar;63;RETENUE;
Allemagne;de_gtfsde;dresdenbahnhofmitte@51.06,13.72;dresdenbahnhofmitte;232.4;84.1;95.7;43;0;7;superstar;62;RETENUE;
France;fr_sncf;UIC87471003;Rennes;231.4;93.2;99.9;16;2.29;7;superstar;62;RETENUE;
Allemagne;de_gtfsde;fuldabahnhof@50.55,9.68;fuldabahnhof;229.3;76.1;98;78;0;7;superstar;62;RETENUE;
Allemagne;de_gtfsde;stmartinstrae@48.12,11.60;stmartinstrae;228.9;89;98.6;28;0;7;superstar;62;RETENUE;
Allemagne;de_gtfsde;giesing@48.11,11.60;giesing;228;91.9;96.8;29;0;7;superstar;61;RETENUE;
Allemagne;de_gtfsde;aachenwest@50.78,6.07;aachenwest;226.9;87.7;94.1;60;0;7;superstar;61;RETENUE;
Allemagne;de_gtfsde;hamburgbahrenfeld@53.56,9.91;hamburgbahrenfeld;226.1;96.9;99.9;21;0;7;superstar;61;RETENUE;
Allemagne;de_gtfsde;hofhbf@50.31,11.92;hofhbf;225.7;90;97.8;42;0;7;superstar;61;RETENUE;
Pays-Bas;nl_ovapi;deventer@52.26,6.16;deventer;225.6;93.4;99.6;291;0;7;superstar;61;RETENUE;
France;fr_sncf;UIC87713040;Dijon;225.4;90;99.8;24;0.43;7;superstar;61;RETENUE;
Allemagne;de_gtfsde;suwuhletalberlin@52.51,13.57;suwuhletalberlin;225.4;93.2;97.1;72;0;7;superstar;61;RETENUE;
Allemagne;de_gtfsde;neussrheinparkcenters@51.21,6.72;neussrheinparkcenters;225.4;76.6;95.4;53;0;7;superstar;61;RETENUE;
Allemagne;de_gtfsde;wuppertalbarmenbf@51.27,7.20;wuppertalbarmenbf;225.4;75.3;95.5;156;0;7;superstar;61;RETENUE;
Allemagne;de_gtfsde;skarlshorstberlin@52.48,13.53;skarlshorstberlin;225;95.7;98.9;59;0;7;superstar;60;RETENUE;
Allemagne;de_gtfsde;frankfurtmainflughafenregionalbahnhof@50.05,8.57;frankfurtmainflughafenregionalbahnhof;224.6;75.3;98.4;53;0;7;superstar;60;RETENUE;
Allemagne;de_gtfsde;skpenickberlin@52.46,13.58;skpenickberlin;224.3;95.2;99.4;60;0;7;superstar;60;RETENUE;
Allemagne;de_gtfsde;hamburgottensen@53.56,9.93;hamburgottensen;224.3;96.8;99.6;18;0;7;superstar;60;RETENUE;
Allemagne;de_gtfsde;sbotanischergartenberlin@52.45,13.31;sbotanischergartenberlin;224;97.8;99.2;26;0;7;superstar;60;RETENUE;
Allemagne;de_gtfsde;hamburgothmarschen@53.56,9.89;hamburgothmarschen;223.4;96.9;98.6;21;0;7;superstar;60;RETENUE;
Allemagne;de_gtfsde;elmshornelmshorn@53.75,9.66;elmshornelmshorn;223;90.5;96.9;54;0;7;superstar;60;RETENUE;
Etats-Unis;us_mta_lirr;grandcentral@40.76,-73.98;grandcentral;222.9;96;100;467;0;7;superstar;60;RETENUE;
Allemagne;de_gtfsde;waiblingen@48.83,9.30;waiblingen;222.6;85.6;96.2;40;0;7;superstar;60;RETENUE;
Allemagne;de_gtfsde;swuhlheideberlin@52.47,13.55;swuhlheideberlin;222.4;95;99.3;64;0;7;superstar;60;RETENUE;
Allemagne;de_gtfsde;neustadthauptbahnhof@49.35,8.14;neustadthauptbahnhof;222.4;91.6;96.7;50;0;7;superstar;60;RETENUE;
Allemagne;de_gtfsde;zwickauhauptbahnhof@50.72,12.48;zwickauhauptbahnhof;222.3;89.4;96.2;41;0;7;superstar;60;RETENUE;
Allemagne;de_gtfsde;sgrunewaldberlin@52.49,13.26;sgrunewaldberlin;222.3;95.2;97.6;82;0;7;superstar;60;RETENUE;
Allemagne;de_gtfsde;essensteeles@51.45,7.07;essensteeles;222;78.5;97.3;41;0;7;superstar;60;RETENUE;
Allemagne;de_gtfsde;sgrnbergalleeberlin@52.40,13.54;sgrnbergalleeberlin;221.3;97.9;99.4;49;0;7;superstar;60;RETENUE;
France;fr_sncf;UIC87141002;Nancy;221.1;93.4;99.9;18;1.57;7;superstar;59;RETENUE;
Allemagne;de_gtfsde;dhamms@51.21,6.74;dhamms;220.6;79.2;97;57;0;7;superstar;59;RETENUE;
Allemagne;de_gtfsde;sschnefeldbeiberlinbhf@52.39,13.51;sschnefeldbeiberlinbhf;220.6;97.9;99.2;57;0;7;superstar;59;RETENUE;
Pays-Bas;nl_ovapi;zutphen@52.14,6.19;zutphen;220.1;95.5;99.1;253;0;7;superstar;59;RETENUE;
Allemagne;de_gtfsde;saltglienickeberlin@52.41,13.56;saltglienickeberlin;220;98;99.3;53;0;7;superstar;59;RETENUE;
Allemagne;de_gtfsde;frankfurtmainrdelheimbahnhof@50.13,8.61;frankfurtmainrdelheimbahnhof;219.4;89.5;99.3;29;0;7;superstar;59;RETENUE;
Allemagne;de_gtfsde;smahlsdorfbhfberlin@52.51,13.61;smahlsdorfbhfberlin;219.3;95.2;98.1;73;0;7;superstar;59;RETENUE;
Allemagne;de_gtfsde;wormshauptbahnhof@49.64,8.36;wormshauptbahnhof;219.3;82.1;96.8;49;0;7;superstar;59;RETENUE;
Allemagne;de_gtfsde;sfriedrichshagenberlin@52.46,13.63;sfriedrichshagenberlin;218.6;97.3;99.6;65;0;7;superstar;59;RETENUE;
Allemagne;de_gtfsde;herzogenrath@50.87,6.09;herzogenrath;218.6;86.1;95.8;75;0;7;superstar;59;RETENUE;
Allemagne;de_gtfsde;skaulsdorfberlin@52.51,13.59;skaulsdorfberlin;218.3;92.3;98.6;84;0;7;superstar;59;RETENUE;
Allemagne;de_gtfsde;sbiesdorfberlin@52.51,13.56;sbiesdorfberlin;217.9;91.9;97.6;56;0;7;superstar;59;RETENUE;
Allemagne;de_gtfsde;feuerbach@48.81,9.17;feuerbach;217.4;97;92.2;23;0;7;superstar;58;RETENUE;
Allemagne;de_gtfsde;hamburgkleinflottbekbotanischergarten@53.56,9.86;hamburgkleinflottbekbotanischergarten;217.3;97.3;99.1;18;0;7;superstar;58;RETENUE;
Allemagne;de_gtfsde;sbabelsberg@52.39,13.09;sbabelsberg;217;95;99.8;61;0;7;superstar;58;RETENUE;
Allemagne;de_gtfsde;srummelsburgberlin@52.50,13.48;srummelsburgberlin;216.7;97;98.8;50;0;7;superstar;58;RETENUE;
Pays-Bas;nl_ovapi;denhaaglaanvnoi@52.08,4.34;denhaaglaanvnoi;216.6;95.9;99;224;0;7;superstar;58;RETENUE;
Allemagne;de_gtfsde;ssundgauerstrberlin@52.44,13.27;ssundgauerstrberlin;216.4;97.8;99.9;27;0;7;superstar;58;RETENUE;
Allemagne;de_gtfsde;kerpenhorrembf@50.92,6.71;kerpenhorrembf;215.9;78.6;94;55;0;7;superstar;58;RETENUE;
Allemagne;de_gtfsde;smarzahnberlin@52.54,13.54;smarzahnberlin;215.6;96.6;99;48;0;7;superstar;58;RETENUE;
Pays-Bas;nl_ovapi;edewageningen@52.03,5.67;edewageningen;215.1;95.3;99.5;259;0;7;superstar;58;RETENUE;
Allemagne;de_gtfsde;zuffenhausen@48.83,9.17;zuffenhausen;215.1;96.7;95;28;0;7;superstar;58;RETENUE;
Allemagne;de_gtfsde;sraoulwallenbergstrberlin@52.55,13.55;sraoulwallenbergstrberlin;214.7;97;99.7;41;0;7;superstar;58;RETENUE;
Allemagne;de_gtfsde;szehlendorfberlin@52.43,13.26;szehlendorfberlin;214.7;97.5;98.8;32;0;7;superstar;58;RETENUE;
Allemagne;de_gtfsde;slichterfeldewestberlin@52.44,13.29;slichterfeldewestberlin;214.7;97.7;98.6;28;0;7;superstar;58;RETENUE;
Allemagne;de_gtfsde;flughafenbesucherpark@48.35,11.76;flughafenbesucherpark;213.7;94.5;92.8;30;0;7;superstar;57;RETENUE;
Pays-Bas;nl_ovapi;roosendaal@51.54,4.46;roosendaal;213.4;94.4;99.8;213;0;7;superstar;57;RETENUE;
Allemagne;de_gtfsde;surathaussteglitzberlin@52.46,13.32;surathaussteglitzberlin;213.3;97.9;99.7;25;0;7;superstar;57;RETENUE;
Allemagne;de_gtfsde;herrenberg@48.59,8.86;herrenberg;212.9;90.1;98.7;34;0;7;superstar;57;RETENUE;
Allemagne;de_gtfsde;sfriedenauberlin@52.47,13.34;sfriedenauberlin;212.9;97.4;99.8;32;0;7;superstar;57;RETENUE;
Allemagne;de_gtfsde;leipzigmarkt@51.34,12.37;leipzigmarkt;212.4;87;89.7;53;0;7;superstar;57;RETENUE;
Allemagne;de_gtfsde;neunkirchensaarhbf@49.35,7.18;neunkirchensaarhbf;211.1;86.1;99.2;48;0;7;superstar;57;RETENUE;
Allemagne;de_gtfsde;buchloe@48.03,10.72;buchloe;211;88.9;96.8;39;0;7;superstar;57;RETENUE;
Pays-Bas;nl_ovapi;hengelo@52.26,6.79;hengelo;210.4;92.5;98.3;265;0;7;superstar;57;RETENUE;
Allemagne;de_gtfsde;siemenswerke@48.09,11.53;siemenswerke;210.1;86.5;95.9;29;0;7;superstar;57;RETENUE;
Allemagne;de_gtfsde;paderbornhbf@51.71,8.74;paderbornhbf;209.9;62.1;95;84;0;7;superstar;56;RETENUE;
France;fr_sncf;UIC87182063;Mulhouse;209.7;92.9;100;16;1.29;7;superstar;56;RETENUE;
Allemagne;de_gtfsde;hildesheimhauptbahnhof@52.16,9.95;hildesheimhauptbahnhof;209.1;81.6;96.6;56;0;7;superstar;56;RETENUE;
France;fr_sncf;UIC87571000;Tours;209;92;99.8;21;11.43;7;superstar;56;RETENUE;
Pays-Bas;nl_ovapi;boxtel@51.59,5.32;boxtel;208.1;96.2;99;220;0;7;superstar;56;RETENUE;
Allemagne;de_gtfsde;plochingen@48.71,9.41;plochingen;208.1;90.2;97.2;41;0;7;superstar;56;RETENUE;
Allemagne;de_gtfsde;sfeuerbachstrberlin@52.46,13.33;sfeuerbachstrberlin;207.1;97.7;97.5;20;0;7;superstar;56;RETENUE;
Allemagne;de_gtfsde;klnkalktrimbornstr@50.94,7.00;klnkalktrimbornstr;206.6;80.2;96.1;34;0;7;superstar;56;RETENUE;
France;fr_sncf;UIC87381509;Mantes-la-Jolie;206.3;94.9;99.3;34;2.43;7;superstar;56;RETENUE;
Allemagne;de_gtfsde;aschaffenburghbf@49.98,9.14;aschaffenburghbf;205.6;83.9;96.8;65;0;7;superstar;55;RETENUE;
Allemagne;de_gtfsde;neussamkaiser@51.22,6.70;neussamkaiser;205.3;78.3;95.4;45;0;7;superstar;55;RETENUE;
Allemagne;de_gtfsde;smehroweralleeberlin@52.56,13.55;smehroweralleeberlin;204.9;96.7;98.6;40;0;7;superstar;55;RETENUE;
Allemagne;de_gtfsde;soranienburgbhf@52.75,13.25;soranienburgbhf;204.6;88.9;97.4;68;0;7;superstar;55;RETENUE;
France;fr_sncf;UIC87756056;Nice-Ville;204.1;87.4;99.9;24;2.29;7;superstar;55;RETENUE;
Allemagne;de_gtfsde;lohhof@48.29,11.58;lohhof;204.1;80.9;94.8;23;0;7;superstar;55;RETENUE;
Allemagne;de_gtfsde;bonnhbf@50.73,7.10;bonnhbf;203.9;70;96.9;120;0;7;superstar;55;RETENUE;
Allemagne;de_gtfsde;vaihingen@48.73,9.11;vaihingen;203.4;90.4;98.3;27;0;7;superstar;55;RETENUE;
Allemagne;de_gtfsde;starnberg@48.00,11.34;starnberg;202.4;80.1;97.5;34;0;7;superstar;54;RETENUE;
Allemagne;de_gtfsde;dfriedrichstadts@51.21,6.79;dfriedrichstadts;201;78.2;93.3;68;0;7;superstar;54;RETENUE;
Allemagne;de_gtfsde;unterschleiheim@48.27,11.57;unterschleiheim;201;81.8;96.4;23;0;7;superstar;54;RETENUE;
Allemagne;de_gtfsde;cottbushauptbahnhof@51.75,14.32;cottbushauptbahnhof;200.6;90.7;96.9;40;0;7;superstar;54;RETENUE;
Allemagne;de_gtfsde;doberbilksu@51.21,6.81;doberbilksu;200.4;82.4;95.3;32;0;7;superstar;54;RETENUE;
Allemagne;de_gtfsde;feldmoching@48.21,11.54;feldmoching;200;82.9;97.2;29;0;7;superstar;54;RETENUE;
Allemagne;de_gtfsde;troisdorfbf@50.81,7.15;troisdorfbf;199.6;82.2;96.1;39;0;7;star;64;RETENUE;
Allemagne;de_gtfsde;neufahrn@48.32,11.66;neufahrn;199.1;84;98.3;28;0;7;star;64;RETENUE;
Allemagne;de_gtfsde;harras@48.12,11.54;harras;199;86.6;95;31;0;7;star;64;RETENUE;
Allemagne;de_gtfsde;badvilbelbahnhof@50.19,8.74;badvilbelbahnhof;198.4;86.6;99.2;35;0;7;star;64;RETENUE;
Allemagne;de_gtfsde;ingolstadthbf@48.74,11.44;ingolstadthbf;198.3;80.6;97.5;63;0;7;star;64;RETENUE;
Australie;au_translink_seq;northgatestation@-27.39,153.07;northgatestation;198.3;89.3;99.6;373;0;7;star;64;RETENUE;
Allemagne;de_gtfsde;fasanerie@48.20,11.52;fasanerie;198;81.2;98.3;26;0;7;star;64;RETENUE;
Allemagne;de_gtfsde;hochstettenaltenheim@49.13,8.42;hochstettenaltenheim;197.4;93.6;95.8;208;0;7;star;64;RETENUE;
Allemagne;de_gtfsde;oberschleiheim@48.26,11.56;oberschleiheim;197;84;98;24;0;7;star;64;RETENUE;
Allemagne;de_gtfsde;ludwigsburg@48.89,9.19;ludwigsburg;196.6;94.7;91.8;32;0;7;star;63;RETENUE;
Allemagne;de_gtfsde;smarienfeldeberlin@52.42,13.38;smarienfeldeberlin;196.6;97.7;99.3;33;0;7;star;63;RETENUE;
Pays-Bas;nl_ovapi;almelo@52.36,6.66;almelo;196.4;96.9;96.9;213;0;7;star;63;RETENUE;
Pays-Bas;nl_ovapi;utrechtvaartscherijn@52.08,5.12;utrechtvaartscherijn;196.4;94.2;99.7;296;0;7;star;63;RETENUE;
Allemagne;de_gtfsde;neureutadolfehrmannbad@49.05,8.38;neureutadolfehrmannbad;196.4;91.4;97.8;323;0;7;star;63;RETENUE;
Allemagne;de_gtfsde;dachaubahnhof@48.25,11.44;dachaubahnhof;196.4;88.3;93.2;39;0;7;star;63;RETENUE;
Allemagne;de_gtfsde;dvlklingerstraes@51.21,6.76;dvlklingerstraes;196.3;76.3;94;58;0;7;star;63;RETENUE;
Pays-Bas;nl_ovapi;naardenbussum@52.28,5.16;naardenbussum;195.9;93.9;99.1;321;0;7;star;63;RETENUE;
Allemagne;de_gtfsde;offenburgbahnhof@48.48,7.95;offenburgbahnhof;195.6;85.9;96.1;62;0;7;star;63;RETENUE;
Allemagne;de_gtfsde;langenhessenbahnhof@49.99,8.66;langenhessenbahnhof;195.1;85.9;97.4;37;0;7;star;63;RETENUE;
Allemagne;de_gtfsde;frankfurtmainniedbahnhof@50.10,8.57;frankfurtmainniedbahnhof;194.9;72.9;95.3;46;0;7;star;63;RETENUE;
Allemagne;de_gtfsde;hamburghochkamp@53.56,9.84;hamburghochkamp;194.6;96.9;88;18;0;7;star;63;RETENUE;
Allemagne;de_gtfsde;sattilastrberlin@52.45,13.36;sattilastrberlin;194.4;97.7;99.7;25;0;7;star;63;RETENUE;
Finlande;fi_digitraffic;KE;;193.9;97.4;91.4;242;0;7;star;63;RETENUE;
Allemagne;de_gtfsde;limburglahnbahnhof@50.38,8.06;limburglahnbahnhof;193.7;85.3;96.2;42;0;7;star;62;RETENUE;
Pays-Bas;nl_ovapi;roermond@51.19,5.99;roermond;192.4;94;96.8;284;0;7;star;62;RETENUE;
Pays-Bas;nl_ovapi;amsterdamlelylaan@52.36,4.83;amsterdamlelylaan;192.1;92.9;99.9;305;0;7;star;62;RETENUE;
Allemagne;de_gtfsde;neureutkirchfeld@49.05,8.39;neureutkirchfeld;191.9;91.6;98.9;295;0;7;star;62;RETENUE;
Allemagne;de_gtfsde;slichtenradeberlin@52.39,13.40;slichtenradeberlin;191;97.5;99.5;25;0;7;star;62;RETENUE;
Allemagne;de_gtfsde;flughafenklnbonnbf@50.88,7.12;flughafenklnbonnbf;190.4;74.9;97;49;0;7;star;61;RETENUE;
Allemagne;de_gtfsde;ettlingenstadt@48.94,8.41;ettlingenstadt;190.3;95.9;98.2;259;0;7;star;61;RETENUE;
Allemagne;de_gtfsde;konstanzbahnhof@47.66,9.18;konstanzbahnhof;190.3;95.1;93.1;83;0;7;star;61;RETENUE;
Etats-Unis;us_mta_lirr;hicksville@40.77,-73.53;hicksville;190.3;92.1;98.6;420;0;7;star;61;RETENUE;
France;fr_sncf;UIC87313874;Amiens;190.1;90.7;99.9;24;1.57;7;star;61;RETENUE;
Allemagne;de_gtfsde;hamburgblankenese@53.56,9.82;hamburgblankenese;189.4;96.9;99.8;18;0;7;star;61;RETENUE;
Allemagne;de_gtfsde;germersheimbahnhof@49.23,8.37;germersheimbahnhof;189.1;84;97.7;115;0;7;star;61;RETENUE;
Allemagne;de_gtfsde;bietigheim@48.95,9.14;bietigheim;189;94;95.1;33;0;7;star;61;RETENUE;
Allemagne;de_gtfsde;siegburgbf@50.79,7.20;siegburgbf;188.1;72.2;94.6;62;0;7;star;61;RETENUE;
Pays-Bas;nl_ovapi;meppel@52.69,6.20;meppel;187.1;96.3;99.4;234;0;7;star;60;RETENUE;
Allemagne;de_gtfsde;nrnbergdrrenhof@49.45,11.10;nrnbergdrrenhof;187;93.6;91.7;25;0;7;star;60;RETENUE;
Allemagne;de_gtfsde;magdeburgneustadt@52.15,11.64;magdeburgneustadt;187;77.2;95.3;38;0;7;star;60;RETENUE;
Pays-Bas;nl_ovapi;enschede@52.22,6.89;enschede;185.9;97.5;98.6;153;0;7;star;60;RETENUE;
Allemagne;de_gtfsde;karlsruhedammerstock@48.98,8.40;karlsruhedammerstock;185.7;95;97.3;306;0;7;star;60;RETENUE;
Allemagne;de_gtfsde;dvolksgartens@51.21,6.79;dvolksgartens;185.1;81.6;90.4;33;0;7;star;60;RETENUE;
Allemagne;de_gtfsde;ettlingenwasen@48.95,8.40;ettlingenwasen;184.7;94.6;98.6;331;0;7;star;60;RETENUE;
France;fr_sncf;UIC87396002;Le Mans;184.4;90.4;99.8;22;4.14;7;star;60;RETENUE;
Etats-Unis;us_mta_lirr;mineola@40.74,-73.64;mineola;184.4;91.6;98.5;449;0;7;star;60;RETENUE;
Allemagne;de_gtfsde;karlsruhelameyplatz@49.01,8.35;karlsruhelameyplatz;184.1;86.7;95.8;419;0;7;star;59;RETENUE;
Pays-Bas;nl_ovapi;rotterdamalexander@51.95,4.55;rotterdamalexander;184;92.4;98.5;298;0;7;star;59;RETENUE;
Pays-Bas;nl_ovapi;alkmaar@52.64,4.74;alkmaar;182.9;96.1;99.2;199;0;7;star;59;RETENUE;
Allemagne;de_gtfsde;rppurrostendorfplatzkarlsruhe@48.98,8.41;rppurrostendorfplatzkarlsruhe;182.7;94.8;97.4;311;0;7;star;59;RETENUE;
Allemagne;de_gtfsde;niedernhausenbahnhof@50.16,8.31;niedernhausenbahnhof;182.4;80.4;95.9;41;0;7;star;59;RETENUE;
Allemagne;de_gtfsde;neumnster@54.08,9.98;neumnster;182.4;87.9;96.6;48;0;7;star;59;RETENUE;
Allemagne;de_gtfsde;ettlingenerbprinzschloss@48.94,8.40;ettlingenerbprinzschloss;182.1;94.5;96.3;326;0;7;star;59;RETENUE;
Allemagne;de_gtfsde;ettlingenneuwiesenreben@48.95,8.40;ettlingenneuwiesenreben;181.9;93.9;96.4;338;0;7;star;59;RETENUE;
Allemagne;de_gtfsde;swilhelmshagenberlin@52.44,13.72;swilhelmshagenberlin;181.7;96.5;99.3;47;0;7;star;59;RETENUE;
Allemagne;de_gtfsde;heilbronnhbfwillybrandtpl@49.14,9.21;heilbronnhbfwillybrandtpl;181.7;90.8;97.6;347;0;7;star;59;RETENUE;
Pays-Bas;nl_ovapi;castricum@52.55,4.66;castricum;181.6;94.3;98.1;272;0;7;star;59;RETENUE;
Allemagne;de_gtfsde;frankfurtmainflughafenfernbahnhof@50.05,8.57;frankfurtmainflughafenfernbahnhof;181.6;63.7;96.9;90;0;7;star;59;RETENUE;
Australie;au_translink_seq;wooloowinstation@-27.42,153.04;wooloowinstation;181.6;90.2;97.4;352;0;7;star;59;RETENUE;
Allemagne;de_gtfsde;krefeldhbf@51.33,6.57;krefeldhbf;181.3;58.3;96.4;93;0;7;star;59;RETENUE;
Allemagne;de_gtfsde;kaknielingeralleestdtklinikum@49.02,8.38;kaknielingeralleestdtklinikum;181.1;94.4;98.4;301;0;7;star;58;RETENUE;
Allemagne;de_gtfsde;rostockslichtenhagen@54.15,12.07;rostockslichtenhagen;181.1;97.7;97.3;14;0;7;star;58;RETENUE;
Allemagne;de_gtfsde;rppurrtulpenstrae@48.97,8.40;rppurrtulpenstrae;181.1;94.9;99.4;304;0;7;star;58;RETENUE;
Allemagne;de_gtfsde;ellerautanneneck@53.76,9.94;ellerautanneneck;181;96;87.5;21;0;7;star;58;RETENUE;
Allemagne;de_gtfsde;friedrichshstadtbahnhof@47.65,9.47;friedrichshstadtbahnhof;180.7;67.5;97;45;0;7;star;58;RETENUE;
Allemagne;de_gtfsde;neureutwelschneureuterstrae@49.04,8.37;neureutwelschneureuterstrae;180.7;91.5;94.4;324;0;7;star;58;RETENUE;
France;fr_sncf;UIC87747006;Grenoble;180.6;88.8;100;22;3;7;star;58;RETENUE;
Allemagne;de_gtfsde;karlsruheschlossrppurr@48.98,8.40;karlsruheschlossrppurr;180.6;94.9;95.5;304;0;7;star;58;RETENUE;
Allemagne;de_gtfsde;klnnippessbahn@50.96,6.94;klnnippessbahn;180.6;76.1;96.6;46;0;7;star;58;RETENUE;
Allemagne;de_gtfsde;mhlburgertorkarlsruhe@49.01,8.38;mhlburgertorkarlsruhe;180.1;94.9;99.7;272;0;7;star;58;RETENUE;
France;fr_sncf;UIC87741009;Chambéry - Challes-les-Eaux;180;85.2;99.8;22;1;7;star;58;RETENUE;
Allemagne;de_gtfsde;karlsruhehausbethlehem@49.03,8.38;karlsruhehausbethlehem;179.9;93.2;98.5;303;0;7;star;58;RETENUE;
Allemagne;de_gtfsde;neureutbrenweg@49.05,8.38;neureutbrenweg;179.6;91.1;96;328;0;7;star;58;RETENUE;
Allemagne;de_gtfsde;kaiserslauternhbf@49.44,7.77;kaiserslauternhbf;179.6;81.1;96.2;58;0;7;star;58;RETENUE;
Allemagne;de_gtfsde;kamoltkestrstdtklinikum@49.02,8.38;kamoltkestrstdtklinikum;179.4;94.3;98.4;306;0;7;star;58;RETENUE;
Etats-Unis;us_mta_mnr;stamford@41.05,-73.54;stamford;179.1;91.4;98.3;30;0;7;star;58;RETENUE;
Allemagne;de_gtfsde;smessesdberlin@52.50,13.27;smessesdberlin;178.9;97.3;97.1;39;0;7;star;58;RETENUE;
Allemagne;de_gtfsde;grtzingenoberausstrae@49.01,8.50;grtzingenoberausstrae;178.9;87.1;97.7;369;0;7;star;58;RETENUE;
Allemagne;de_gtfsde;rppurrbattstrae@48.97,8.40;rppurrbattstrae;178.7;94.2;97.1;314;0;7;star;58;RETENUE;
Allemagne;de_gtfsde;karlsruheaugustbebelstrae@49.02,8.38;karlsruheaugustbebelstrae;178.4;93.8;95.8;298;0;7;star;58;RETENUE;
Allemagne;de_gtfsde;rostocksparkstrae@54.08,12.11;rostocksparkstrae;178.4;98;98.7;13;0;7;star;58;RETENUE;
Pays-Bas;nl_ovapi;heemstedeaerdenhout@52.36,4.61;heemstedeaerdenhout;178.1;94.4;99.1;246;0;7;star;58;RETENUE;
Etats-Unis;us_mta_mnr;fordham@40.86,-73.89;fordham;178.1;94.9;99.4;30;0;7;star;58;RETENUE;
Allemagne;de_gtfsde;sstresowberlin@52.53,13.21;sstresowberlin;178;97.4;95;35;0;7;star;57;RETENUE;
Allemagne;de_gtfsde;dortmunddorstfeld@51.51,7.42;dortmunddorstfeld;177.7;95.3;98.3;24;0;7;star;57;RETENUE;
Allemagne;de_gtfsde;warnemnde@54.18,12.09;warnemnde;177.3;97.7;98.3;16;0;7;star;57;RETENUE;
Irlande;ie_nta;connolly@53.35,-6.25;connolly;177.1;94.7;87.9;25;0;7;star;57;RETENUE;
Allemagne;de_gtfsde;offenbachmainbieberbieberbahnhof@50.09,8.81;offenbachmainbieberbieberbahnhof;177.1;74.7;97.2;39;0;7;star;57;RETENUE;
Allemagne;de_gtfsde;rostockevershagen@54.12,12.07;rostockevershagen;176.9;97.9;93.6;15;0;7;star;57;RETENUE;
Allemagne;de_gtfsde;karlsruhestarckstrae@49.02,8.35;karlsruhestarckstrae;176.4;86.8;98.7;391;0;7;star;57;RETENUE;
Allemagne;de_gtfsde;serknerbhf@52.43,13.75;serknerbhf;176.3;97.3;99.6;32;0;7;star;57;RETENUE;
Allemagne;de_gtfsde;freising@48.40,11.74;freising;176.1;87.6;94.8;34;0;7;star;57;RETENUE;
Allemagne;de_gtfsde;aachenschanzjakobstrae@50.77,6.07;aachenschanzjakobstrae;175.9;89;93.9;76;0;7;star;57;RETENUE;
Pays-Bas;nl_ovapi;uitgeest@52.52,4.70;uitgeest;175.7;96.5;96.3;224;0;7;star;57;RETENUE;
Pays-Bas;nl_ovapi;apeldoorn@52.21,5.97;apeldoorn;175.1;93.8;99.8;231;0;7;star;57;RETENUE;
Allemagne;de_gtfsde;sbuchberlin@52.64,13.49;sbuchberlin;175.1;97.4;96.7;36;0;7;star;57;RETENUE;
Allemagne;de_gtfsde;wuppertalzoologgartenbf@51.24,7.11;wuppertalzoologgartenbf;175;82.9;94.6;70;0;7;star;56;RETENUE;
Australie;au_translink_seq;southbrisbanestation@-27.47,153.02;southbrisbanestation;174.9;92.6;98.2;311;0;7;star;56;RETENUE;
Allemagne;de_gtfsde;korntal@48.83,9.12;korntal;174.7;97.4;95.3;68;0;7;star;56;RETENUE;
Allemagne;de_gtfsde;dbenraths@51.16,6.88;dbenraths;174.7;70.3;98.1;94;0;7;star;56;RETENUE;
Allemagne;de_gtfsde;karlsruhemhlburgwest@49.02,8.35;karlsruhemhlburgwest;174.4;87;98.9;394;0;7;star;56;RETENUE;
Allemagne;de_gtfsde;knielingensiemens@49.03,8.35;knielingensiemens;174.3;87;98.8;399;0;7;star;56;RETENUE;
Allemagne;de_gtfsde;rastatt@48.86,8.22;rastatt;174.3;77.7;97.4;288;0;7;star;56;RETENUE;
Allemagne;de_gtfsde;dessauhbf@51.84,12.23;dessauhbf;174.3;90.7;94.4;37;0;7;star;56;RETENUE;
Allemagne;de_gtfsde;solln@48.08,11.53;solln;174.3;88.9;95.2;28;0;7;star;56;RETENUE;
Allemagne;de_gtfsde;sbernaubhf@52.68,13.59;sbernaubhf;174.1;93.6;98.3;61;0;7;star;56;RETENUE;
Allemagne;de_gtfsde;spichelsbergberlin@52.51,13.23;spichelsbergberlin;174.1;96.2;97.1;37;0;7;star;56;RETENUE;
Allemagne;de_gtfsde;sheerstrberlin@52.51,13.26;sheerstrberlin;173.9;97.3;98;36;0;7;star;56;RETENUE;
Allemagne;de_gtfsde;karlsruhemarktplatz@49.01,8.40;karlsruhemarktplatz;173.7;88.2;98.8;376;0;7;star;56;RETENUE;
Allemagne;de_gtfsde;mainzrmischestheater@49.99,8.28;mainzrmischestheater;173.1;76.2;97;46;0;7;star;56;RETENUE;
Allemagne;de_gtfsde;frankfurtmainfarbwerke@50.10,8.53;frankfurtmainfarbwerke;173.1;68.4;95.2;40;0;7;star;56;RETENUE;
France;fr_sncf;UIC87276006;Creil;173;93;99.6;23;2.43;7;star;56;RETENUE;
France;fr_sncf;UIC87734004;Clermont-Ferrand;172.1;92.8;99.9;17;4.14;7;star;56;RETENUE;
Pays-Bas;nl_ovapi;hoorn@52.64,5.05;hoorn;171.7;96.9;99.1;171;0;7;star;55;RETENUE;
Australie;au_translink_seq;boggoroadstation@-27.49,153.03;boggoroadstation;171.6;93;96.2;292;0;7;star;55;RETENUE;
Allemagne;de_gtfsde;knielingenherweghstrae@49.03,8.34;knielingenherweghstrae;171.4;85;97.4;403;0;7;star;55;RETENUE;
Allemagne;de_gtfsde;backnang@48.94,9.43;backnang;171.4;93.9;95.4;27;0;7;star;55;RETENUE;
Pays-Bas;nl_ovapi;maastricht@50.85,5.71;maastricht;170.9;95.9;99;202;0;7;star;55;RETENUE;
Allemagne;de_gtfsde;knielingeneggensteinerstrae@49.03,8.34;knielingeneggensteinerstrae;170.9;84.4;97.5;399;0;7;star;55;RETENUE;
Allemagne;de_gtfsde;hernebf@51.54,7.22;hernebf;170.9;84.3;96.1;59;0;7;star;55;RETENUE;
Allemagne;de_gtfsde;knielingenrheinbergstrae@49.04,8.34;knielingenrheinbergstrae;170.3;87.5;98.3;379;0;7;star;55;RETENUE;
Allemagne;de_gtfsde;pegnitz@49.76,11.55;pegnitz;170;95.9;99;25;0;7;star;55;RETENUE;
Allemagne;de_gtfsde;dreieichbuchschlagbahnhof@50.02,8.66;dreieichbuchschlagbahnhof;169.9;91.5;96;25;0;7;star;55;RETENUE;
Allemagne;de_gtfsde;rostockswarnemndewerft@54.17,12.09;rostockswarnemndewerft;169.7;97.6;97.8;16;0;7;star;55;RETENUE;
Allemagne;de_gtfsde;freilassing@47.84,12.98;freilassing;169.3;91.8;97.7;49;0;7;star;55;RETENUE;
Pays-Bas;nl_ovapi;amersfoortschothorst@52.17,5.40;amersfoortschothorst;169.1;96;99;218;0;7;star;55;RETENUE;
Allemagne;de_gtfsde;dzoos@51.24,6.80;dzoos;169.1;66.6;95.7;53;0;7;star;55;RETENUE;
Allemagne;de_gtfsde;berghausenbaden@49.01,8.53;berghausenbaden;168;86;97.9;337;0;7;star;54;RETENUE;
Allemagne;de_gtfsde;aachenrotheerde@50.77,6.12;aachenrotheerde;167.9;88.8;97.3;44;0;7;star;54;RETENUE;
Allemagne;de_gtfsde;berghausenpfinzbrcke@49.01,8.52;berghausenpfinzbrcke;167.6;86.4;98.9;365;0;7;star;54;RETENUE;
Allemagne;de_gtfsde;dresdenbahnhofklotzsche@51.11,13.79;dresdenbahnhofklotzsche;167.3;96.2;95.7;25;0;7;star;54;RETENUE;
Allemagne;de_gtfsde;solympiastadionberlin@52.51,13.24;solympiastadionberlin;167.3;96.7;97;48;0;7;star;54;RETENUE;
Allemagne;de_gtfsde;wolfsburghauptbahnhof@52.43,10.79;wolfsburghauptbahnhof;167.1;74.6;96.4;45;0;7;star;54;RETENUE;
Allemagne;de_gtfsde;euskirchenbf@50.66,6.79;euskirchenbf;167;93.6;98.3;52;0;7;star;54;RETENUE;
Allemagne;de_gtfsde;uelzen@52.97,10.55;uelzen;166.9;77.9;96.1;65;0;7;star;54;RETENUE;
Allemagne;de_gtfsde;grtzingenkrappmhlenweg@49.01,8.51;grtzingenkrappmhlenweg;166.9;86.9;94.6;358;0;7;star;54;RETENUE;
Pays-Bas;nl_ovapi;heerlen@50.89,5.97;heerlen;166.3;94.7;99;225;0;7;star;54;RETENUE;
Allemagne;de_gtfsde;siegenhbf@50.88,8.02;siegenhbf;166.1;88.1;97.1;46;0;7;star;54;RETENUE;
Allemagne;de_gtfsde;wuppertalsteinbeckbf@51.25,7.14;wuppertalsteinbeckbf;166;83.2;98.1;52;0;7;star;54;RETENUE;
Allemagne;de_gtfsde;geltendorf@48.11,11.04;geltendorf;165.3;94;95.3;27;0;7;star;53;RETENUE;
Allemagne;de_gtfsde;dortmundmengedebf@51.57,7.38;dortmundmengedebf;165.1;87;94.1;56;0;7;star;53;RETENUE;
Allemagne;de_gtfsde;durlachhubstrae@49.01,8.47;durlachhubstrae;165.1;88.1;98;350;0;7;star;53;RETENUE;
France;fr_sncf;UIC87484006;Angers Saint-Laud;164.7;86.4;99.7;24;1.71;7;star;53;RETENUE;
France;fr_sncf;UIC87547000;Paris Austerlitz;164.6;89.3;100;36;3.71;7;star;53;RETENUE;
Allemagne;de_gtfsde;lichtenfels@50.15,11.06;lichtenfels;164.6;91;95.8;35;0;7;star;53;RETENUE;
Allemagne;de_gtfsde;mlheimstyrums@51.45,6.85;mlheimstyrums;164.4;78.2;94.2;41;0;7;star;53;RETENUE;
Allemagne;de_gtfsde;heilbronnneckarturm@49.14,9.21;heilbronnneckarturm;164.4;89.4;96;332;0;7;star;53;RETENUE;
Allemagne;de_gtfsde;trierhauptbahnhof@49.76,6.65;trierhauptbahnhof;164.1;87.4;98.5;52;0;7;star;53;RETENUE;
Allemagne;de_gtfsde;moosach@48.18,11.51;moosach;163.9;82.3;96.2;26;0;7;star;53;RETENUE;
Allemagne;de_gtfsde;tutzing@47.91,11.27;tutzing;163.4;75.3;94.3;35;0;7;star;53;RETENUE;
Pays-Bas;nl_ovapi;shertogenboschoost@51.70,5.32;shertogenboschoost;163.1;96.4;99.7;186;0;7;star;53;RETENUE;
Allemagne;de_gtfsde;kohlscheid@50.83,6.07;kohlscheid;162.7;90.3;91.5;37;0;7;star;53;RETENUE;
Allemagne;de_gtfsde;leipzigconnewitz@51.30,12.39;leipzigconnewitz;162.4;88.6;93.3;43;0;7;star;52;RETENUE;
Allemagne;de_gtfsde;ettlingenalbgaubad@48.94,8.42;ettlingenalbgaubad;162.4;95.5;96.9;266;0;7;star;52;RETENUE;
Allemagne;de_gtfsde;dderendorfs@51.25,6.79;dderendorfs;162.1;65.3;95;54;0;7;star;52;RETENUE;
Allemagne;de_gtfsde;eching@48.30,11.62;eching;161.9;80.7;91.7;22;0;7;star;52;RETENUE;
Allemagne;de_gtfsde;sblankenfeldetfbhf@52.34,13.42;sblankenfeldetfbhf;161.4;93.1;95.8;43;0;7;star;52;RETENUE;
Allemagne;de_gtfsde;coswigbahnhof@51.12,13.58;coswigbahnhof;161.3;83.6;95.3;45;0;7;star;52;RETENUE;
Allemagne;de_gtfsde;maximiliansauwest@49.04,8.29;maximiliansauwest;161.3;88;96.7;320;0;7;star;52;RETENUE;
Allemagne;de_gtfsde;stolbergrheinlhbf@50.79,6.22;stolbergrheinlhbf;160.1;86.7;98.8;56;0;7;star;52;RETENUE;
Allemagne;de_gtfsde;neumarktoberpf@49.27,11.46;neumarktoberpf;160.1;93;98;24;0;7;star;52;RETENUE;
Allemagne;de_gtfsde;memmingen@47.99,10.19;memmingen;159.9;79.5;96.8;47;0;7;star;52;RETENUE;
Allemagne;de_gtfsde;weinheimhauptbahnhof@49.55,8.67;weinheimhauptbahnhof;159.9;84.6;95.2;46;0;7;star;52;RETENUE;
Allemagne;de_gtfsde;aalenhauptbahnhof@48.84,10.10;aalenhauptbahnhof;159.7;75.7;95.1;50;0;7;star;52;RETENUE;
France;fr_sncf;UIC87757625;Cannes;159.6;85.7;100;24;0.14;7;star;52;RETENUE;
Allemagne;de_gtfsde;saalfeldsaale@50.65,11.37;saalfeldsaale;159.3;93.4;94.5;49;0;7;star;51;RETENUE;
Pays-Bas;nl_ovapi;breukelen@52.17,4.99;breukelen;158.9;95.7;99.8;203;0;7;star;51;RETENUE;
Allemagne;de_gtfsde;forchheimoberfr@49.72,11.07;forchheimoberfr;158.7;90.4;97.6;35;0;7;star;51;RETENUE;
Allemagne;de_gtfsde;bretten@49.04,8.69;bretten;158.3;88.3;96.3;241;0;7;star;51;RETENUE;
Australie;au_translink_seq;albionstation@-27.43,153.04;albionstation;158.1;89.7;95.4;355;0;7;star;51;RETENUE;
Allemagne;de_gtfsde;bochumwattenscheidbf@51.47,7.14;bochumwattenscheidbf;157.9;63.5;95.1;137;0;7;star;51;RETENUE;
France;fr_sncf;UIC87571240;Saint-Pierre-des-Corps;157.7;87.3;99.9;28;7.29;7;star;51;RETENUE;
France;fr_sncf;UIC87757674;Antibes;157.7;84.9;99.7;27;0;7;star;51;RETENUE;
Allemagne;de_gtfsde;erlangen@49.60,11.00;erlangen;157.7;88.7;97.2;42;0;7;star;51;RETENUE;
France;fr_sncf;UIC87765008;Avignon Centre;157.6;92.3;99.8;16;1.29;7;star;51;RETENUE;
Allemagne;de_gtfsde;mhlackerbahnhof@48.95,8.85;mhlackerbahnhof;156.9;85.7;96.9;52;0;7;star;51;RETENUE;
Australie;au_translink_seq;southbankstation@-27.48,153.02;southbankstation;156.6;91.5;96.9;312;0;7;star;51;RETENUE;
Allemagne;de_gtfsde;srahnsdorfberlin@52.45,13.69;srahnsdorfberlin;156.1;97.6;98.1;39;0;7;star;50;RETENUE;
Pays-Bas;nl_ovapi;driebergenzeist@52.07,5.26;driebergenzeist;155.4;94.2;98.6;244;0;7;star;50;RETENUE;
Allemagne;de_gtfsde;duisburgrheinhausenbf@51.39,6.71;duisburgrheinhausenbf;155.3;68.7;95.9;71;0;7;star;50;RETENUE;
Allemagne;de_gtfsde;sllingenbkarlsruhe@48.99,8.54;sllingenbkarlsruhe;155.1;82.8;96.4;365;0;7;star;50;RETENUE;
Allemagne;de_gtfsde;klnlvenichbflvenich@50.94,6.83;klnlvenichbflvenich;154.6;73.8;97.9;33;0;7;star;50;RETENUE;
Allemagne;de_gtfsde;klnmngersdorftechnologieparksbahn@50.95,6.89;klnmngersdorftechnologieparksbahn;154.3;76.9;97;33;0;7;star;50;RETENUE;
Allemagne;de_gtfsde;klnweidenwest@50.94,6.82;klnweidenwest;153.4;74.6;97.5;34;0;7;star;50;RETENUE;
Allemagne;de_gtfsde;shoppegarten@52.52,13.67;shoppegarten;152.9;95;98.6;64;0;7;star;49;RETENUE;
Allemagne;de_gtfsde;hdpfaffengrundwieblingen@49.41,8.64;hdpfaffengrundwieblingen;152.6;83.8;95.5;45;0;7;star;49;RETENUE;
Pays-Bas;nl_ovapi;weert@51.25,5.70;weert;152.3;92.1;97.8;255;0;7;star;49;RETENUE;
Allemagne;de_gtfsde;klnsdbf@50.93,6.94;klnsdbf;152.3;66.4;94.8;152;0;7;star;49;RETENUE;
Allemagne;de_gtfsde;kornwestheim@48.86,9.18;kornwestheim;152.3;97.4;99.3;18;0;7;star;49;RETENUE;
Allemagne;de_gtfsde;kasselwilhelmsstraestadtmuseum@51.31,9.49;kasselwilhelmsstraestadtmuseum;152.3;79.3;99.7;91;0;7;star;49;RETENUE;
Allemagne;de_gtfsde;neuisenburgbahnhof@50.05,8.67;neuisenburgbahnhof;152.3;91.3;98.2;28;0;7;star;49;RETENUE;
Allemagne;de_gtfsde;klnbuchforstsbahn@50.95,7.00;klnbuchforstsbahn;152.3;74.9;96.3;41;0;7;star;49;RETENUE;
France;fr_sncf;UIC87745000;Bellegarde;152;94.4;99.9;16;0;7;star;49;RETENUE;
Allemagne;de_gtfsde;kelsterbachbahnhof@50.06,8.53;kelsterbachbahnhof;151.7;75;96.6;39;0;7;star;49;RETENUE;
Allemagne;de_gtfsde;ingelheimbahnhof@49.98,8.05;ingelheimbahnhof;150.9;69.1;99;66;0;7;star;49;RETENUE;
Etats-Unis;us_mta_mnr;whiteplains@41.03,-73.78;whiteplains;150.7;92.9;99.1;47;0;7;star;49;RETENUE;
Pays-Bas;nl_ovapi;venlo@51.37,6.17;venlo;150.6;91.6;95.1;251;0;7;star;49;RETENUE;
Allemagne;de_gtfsde;rdermarkoberrodenbahnhof@49.97,8.83;rdermarkoberrodenbahnhof;150.6;79;97.6;41;0;7;star;49;RETENUE;
Allemagne;de_gtfsde;kasselscheidemannplatz@51.32,9.49;kasselscheidemannplatz;150.6;79.7;98.6;91;0;7;star;49;RETENUE;
Allemagne;de_gtfsde;altenbeken@51.77,8.94;altenbeken;150.6;50.6;95.6;86;0;7;star;49;RETENUE;
Allemagne;de_gtfsde;kasselrathausfnffensterstrae@51.31,9.49;kasselrathausfnffensterstrae;150.3;81.1;99.4;94;0;7;star;49;RETENUE;
Allemagne;de_gtfsde;mainzbischofsheimbahnhof@49.99,8.36;mainzbischofsheimbahnhof;150.3;78;97.9;51;0;7;star;49;RETENUE;
Allemagne;de_gtfsde;deisenhofen@48.02,11.58;deisenhofen;150.3;94.6;97.5;26;0;7;star;49;RETENUE;
Finlande;fi_digitraffic;LOH;;149.9;97.5;98.4;239;0;7;star;48;RETENUE;
Allemagne;de_gtfsde;schwandorf@49.33,12.10;schwandorf;149.4;79.4;97.3;45;0;7;star;48;RETENUE;
Allemagne;de_gtfsde;homburgsaarhbf@49.33,7.34;homburgsaarhbf;149.1;90.3;98.5;42;0;7;star;48;RETENUE;
Allemagne;de_gtfsde;hamburgiserbrook@53.58,9.81;hamburgiserbrook;149;96.8;99.1;18;0;7;star;48;RETENUE;
Allemagne;de_gtfsde;bitterfeld@51.62,12.32;bitterfeld;148.9;89.9;93.5;36;0;7;star;48;RETENUE;
Allemagne;de_gtfsde;schwertebahnhof@51.44,7.56;schwertebahnhof;148.7;77.3;97;136;0;7;star;48;RETENUE;
Allemagne;de_gtfsde;dgerresheims@51.22,6.87;dgerresheims;148.7;85.9;96;40;0;7;star;48;RETENUE;
Allemagne;de_gtfsde;petershausen@48.41,11.47;petershausen;148.4;82.2;97.2;47;0;7;star;48;RETENUE;
Allemagne;de_gtfsde;neckargemndbahnhof@49.39,8.79;neckargemndbahnhof;148.3;86.4;96.2;36;0;7;star;48;RETENUE;
Allemagne;de_gtfsde;badkreuznachbahnhof@49.84,7.87;badkreuznachbahnhof;148;76.3;98.5;64;0;7;star;48;RETENUE;
Allemagne;de_gtfsde;wittenhbf@51.44,7.33;wittenhbf;148;86.9;96.8;73;0;7;star;48;RETENUE;
Allemagne;de_gtfsde;neudietendorf@50.91,10.91;neudietendorf;148;82.5;88.6;62;0;7;star;48;RETENUE;
Etats-Unis;us_mta_lirr;eastnewyork@40.68,-73.90;eastnewyork;148;97.7;99.9;275;0;7;star;48;RETENUE;
Allemagne;de_gtfsde;klnbilderstckchengeldernstrparkgrtel@50.97,6.94;klnbilderstckchengeldernstrparkgrtel;147.9;74.1;97.4;43;0;7;star;48;RETENUE;
Allemagne;de_gtfsde;schweinfurthbf@50.04,10.21;schweinfurthbf;147.7;92.3;94.8;30;0;7;star;48;RETENUE;
Pays-Bas;nl_ovapi;goudagoverwelle@52.01,4.74;goudagoverwelle;147.4;96.3;99.7;207;0;7;star;48;RETENUE;
Allemagne;de_gtfsde;magdeburgbuckau@52.11,11.63;magdeburgbuckau;147.4;81.3;94.5;35;0;7;star;48;RETENUE;
Allemagne;de_gtfsde;wieslochwalldorfbf@49.29,8.66;wieslochwalldorfbf;147;82.4;95.8;51;0;7;star;48;RETENUE;
Allemagne;de_gtfsde;obermenzing@48.16,11.48;obermenzing;146.3;88.2;98.8;25;0;7;star;47;RETENUE;
Allemagne;de_gtfsde;bensheimbahnhof@49.68,8.62;bensheimbahnhof;146.3;83.4;96.7;45;0;7;star;47;RETENUE;
Allemagne;de_gtfsde;frankfurtmaingatewaygardens@50.06,8.59;frankfurtmaingatewaygardens;146.3;74.9;93;37;0;7;star;47;RETENUE;
Allemagne;de_gtfsde;thesdorf@53.64,9.81;thesdorf;146;89.7;89.3;35;0;7;star;47;RETENUE;
Allemagne;de_gtfsde;vaihingene@48.95,8.96;vaihingene;146;78.5;96.5;63;0;7;star;47;RETENUE;
Pays-Bas;nl_ovapi;arnhemvelperpoort@51.99,5.92;arnhemvelperpoort;145.7;96.8;98.9;210;0;7;star;47;RETENUE;
Allemagne;de_gtfsde;bottrophbf@51.51,6.94;bottrophbf;145.4;73.2;94.8;49;0;7;star;47;RETENUE;
Allemagne;de_gtfsde;naumburgsaalehbf@51.16,11.80;naumburgsaalehbf;145.3;88.9;96.2;70;0;7;star;47;RETENUE;
Allemagne;de_gtfsde;dresdensbffreibergerstrae@51.05,13.72;dresdensbffreibergerstrae;145;82.4;97.3;37;0;7;star;47;RETENUE;
Allemagne;de_gtfsde;grafingbahnhof@48.04,11.94;grafingbahnhof;144.7;81.3;93.2;37;0;7;star;47;RETENUE;
Allemagne;de_gtfsde;marburghauptbahnhof@50.82,8.77;marburghauptbahnhof;144.6;81;94.1;62;0;7;star;47;RETENUE;
France;fr_sncf;UIC87276279;Orry-la-Ville - Coye;144.4;91.3;99.6;25;5.29;7;star;47;RETENUE;
Pays-Bas;nl_ovapi;heiloo@52.60,4.70;heiloo;144.4;94.5;99;247;0;7;star;47;RETENUE;
Allemagne;de_gtfsde;eberswaldehauptbahnhof@52.83,13.80;eberswaldehauptbahnhof;144.3;89.9;97.5;59;0;7;star;47;RETENUE;
Allemagne;de_gtfsde;dresdensbfindustriegelnde@51.09,13.76;dresdensbfindustriegelnde;144.3;95.6;95.2;23;0;7;star;47;RETENUE;
Allemagne;de_gtfsde;marktschwaben@48.19,11.86;marktschwaben;144.3;79.5;98.2;34;0;7;star;47;RETENUE;
Allemagne;de_gtfsde;berghausenamstadion@49.00,8.54;berghausenamstadion;144.1;83.5;97;343;0;7;star;47;RETENUE;
Allemagne;de_gtfsde;hamburgslldorf@53.58,9.80;hamburgslldorf;144;96.5;99.9;16;0;7;star;47;RETENUE;
Finlande;fi_digitraffic;MRL;;143.9;97.9;96.9;229;0;7;star;47;RETENUE;
Allemagne;de_gtfsde;traunstein@47.87,12.64;traunstein;143.6;87.8;97.7;44;0;7;star;46;RETENUE;
Pays-Bas;nl_ovapi;amsterdamrai@52.34,4.89;amsterdamrai;143.4;93.7;97.6;274;0;7;star;46;RETENUE;
Allemagne;de_gtfsde;baselbadbf@47.57,7.61;baselbadbf;143;94.1;97.9;37;0;7;star;46;RETENUE;
Allemagne;de_gtfsde;heidenaubahnhof@50.98,13.86;heidenaubahnhof;142.6;81.5;95.1;46;0;7;star;46;RETENUE;
Allemagne;de_gtfsde;hennefbf@50.77,7.28;hennefbf;142.4;81.5;95.8;35;0;7;star;46;RETENUE;
Allemagne;de_gtfsde;krefeldoppumbf@51.33,6.61;krefeldoppumbf;142;60.5;95.1;92;0;7;star;46;RETENUE;
Allemagne;de_gtfsde;mannheimarenamaimarktdb@49.46,8.52;mannheimarenamaimarktdb;141.9;83.9;97.4;38;0;7;star;46;RETENUE;
Allemagne;de_gtfsde;potsdamcharlottenhofbhf@52.39,13.04;potsdamcharlottenhofbhf;141.6;96.8;94.9;22;0;7;star;46;RETENUE;
Allemagne;de_gtfsde;coburg@50.26,10.96;coburg;141;94.2;99.3;37;0;7;star;46;RETENUE;
Pays-Bas;nl_ovapi;diemenzuid@52.33,4.96;diemenzuid;140.9;93.8;99.7;261;0;7;star;46;RETENUE;
France;fr_sncf;UIC87775007;Nîmes Centre;140.6;82.6;99.9;21;4.86;7;star;45;RETENUE;
Allemagne;de_gtfsde;dormagenbf@51.10,6.82;dormagenbf;140.4;54.8;95.5;126;0;7;star;45;RETENUE;
Allemagne;de_gtfsde;sbirkenstein@52.52,13.65;sbirkenstein;140.4;93.9;97.9;59;0;7;star;45;RETENUE;
Allemagne;de_gtfsde;buxtehudebuxtehude@53.47,9.69;buxtehudebuxtehude;140.4;86.7;99;31;0;7;star;45;RETENUE;
Pays-Bas;nl_ovapi;oss@51.77,5.53;oss;140.3;95.4;99.7;225;0;7;star;45;RETENUE;
Allemagne;de_gtfsde;neuwulmstorf@53.47,9.79;neuwulmstorf;140.3;88.8;98.4;31;0;7;star;45;RETENUE;
Allemagne;de_gtfsde;harthaus@48.13,11.39;harthaus;140.1;93.7;96.5;24;0;7;star;45;RETENUE;
Allemagne;de_gtfsde;sllingenreetzstrae@48.99,8.54;sllingenreetzstrae;140;82.4;96.5;337;0;7;star;45;RETENUE;
Pays-Bas;nl_ovapi;zevenaar@51.92,6.07;zevenaar;139.9;83.5;99.5;274;0;7;star;45;RETENUE;
Allemagne;de_gtfsde;dortmundsignalidunapark@51.49,7.46;dortmundsignalidunapark;139.9;88.4;95;32;0;7;star;45;RETENUE;
Allemagne;de_gtfsde;dunterraths@51.28,6.79;dunterraths;139.6;63.7;93.9;49;0;7;star;45;RETENUE;
Allemagne;de_gtfsde;klnworringensbahn@51.05,6.85;klnworringensbahn;139.4;81.6;98.6;41;0;7;star;45;RETENUE;
Allemagne;de_gtfsde;hamburgfischbek@53.47,9.82;hamburgfischbek;139.3;89.2;99.1;32;0;7;star;45;RETENUE;
Allemagne;de_gtfsde;dflingerns@51.23,6.81;dflingerns;139.1;85;91.1;39;0;7;star;45;RETENUE;
Allemagne;de_gtfsde;gerahbf@50.88,12.08;gerahbf;139;83.2;95.4;58;0;7;star;45;RETENUE;
Etats-Unis;us_mta_lirr;babylon@40.70,-73.32;babylon;139;92.4;99.9;392;0;7;star;45;RETENUE;
Allemagne;de_gtfsde;sommerrain@48.82,9.25;sommerrain;138.9;94.8;96.6;16;0;7;star;45;RETENUE;
Pays-Bas;nl_ovapi;assen@52.99,6.57;assen;138.7;95.2;99.8;183;0;7;star;45;RETENUE;
Allemagne;de_gtfsde;meckesheimbahnhof@49.32,8.81;meckesheimbahnhof;138.7;90.5;96.1;32;0;7;star;45;RETENUE;
Allemagne;de_gtfsde;radolfzellbahnhof@47.74,8.97;radolfzellbahnhof;138.1;77.2;96;50;0;7;star;45;RETENUE;
Allemagne;de_gtfsde;herfordbahnhofzob@52.12,8.66;herfordbahnhofzob;137.9;75.6;97;113;0;7;star;45;RETENUE;
Allemagne;de_gtfsde;heidelbergaltstadt@49.42,8.72;heidelbergaltstadt;137.3;88.7;95.6;34;0;7;star;44;RETENUE;
Allemagne;de_gtfsde;lneburg@53.25,10.42;lneburg;137.3;75.4;96.4;57;0;7;star;44;RETENUE;
Allemagne;de_gtfsde;trudering@48.13,11.66;trudering;137.3;91.2;96.2;23;0;7;star;44;RETENUE;
Allemagne;de_gtfsde;schifferstadtbahnhof@49.39,8.36;schifferstadtbahnhof;137.1;79.2;97.1;48;0;7;star;44;RETENUE;
Allemagne;de_gtfsde;henstedtulzburg@53.80,9.98;henstedtulzburg;137;95.4;89.9;14;0;7;star;44;RETENUE;
Allemagne;de_gtfsde;heilbronnhauptbahnhof@49.14,9.21;heilbronnhauptbahnhof;137;88.3;94.8;29;0;7;star;44;RETENUE;
Allemagne;de_gtfsde;haar@48.11,11.73;haar;136.9;92.1;98.3;22;0;7;star;44;RETENUE;
Allemagne;de_gtfsde;halternamseebf@51.74,7.18;halternamseebf;136.7;69.4;94.3;55;0;7;star;44;RETENUE;
Allemagne;de_gtfsde;wuppertalunterbarmenbf@51.26,7.17;wuppertalunterbarmenbf;136.7;82.4;94.8;43;0;7;star;44;RETENUE;
Australie;au_translink_seq;loganleastation@-27.67,153.14;loganleastation;136.7;89.7;98;195;0;7;star;44;RETENUE;
Allemagne;de_gtfsde;soestbahnhof@51.58,8.10;soestbahnhof;136.6;52.9;98.2;106;0;7;star;44;RETENUE;
Allemagne;de_gtfsde;castroprauxelhbf@51.57,7.31;castroprauxelhbf;136.6;84.4;97;61;0;7;star;44;RETENUE;
Allemagne;de_gtfsde;augsburghochzoll@48.35,10.94;augsburghochzoll;136.1;89.6;93.7;37;0;7;star;44;RETENUE;
Allemagne;de_gtfsde;unnabahnhof@51.54,7.69;unnabahnhof;136.1;74.3;92.7;112;0;7;star;44;RETENUE;
Allemagne;de_gtfsde;badhomburgvdhbahnhof@50.22,8.62;badhomburgvdhbahnhof;135.9;95.3;98.8;23;0;7;star;44;RETENUE;
Allemagne;de_gtfsde;neuulmbahnhof@48.39,10.01;neuulmbahnhof;135.9;85.3;95.9;43;0;7;star;44;RETENUE;
Allemagne;de_gtfsde;heidenausbfgrosedlitz@50.96,13.89;heidenausbfgrosedlitz;135.7;83.5;97.4;35;0;7;star;44;RETENUE;
Allemagne;de_gtfsde;friedrichsdorfbahnhof@50.25,8.64;friedrichsdorfbahnhof;135.7;96;99.3;23;0;7;star;44;RETENUE;
Allemagne;de_gtfsde;augsburghaunstetterstrae@48.36,10.90;augsburghaunstetterstrae;135.6;88.3;91.2;41;0;7;star;44;RETENUE;
Allemagne;de_gtfsde;maseckenheimbahnhof@49.45,8.54;maseckenheimbahnhof;135.3;82.9;96.6;43;0;7;star;44;RETENUE;
Allemagne;de_gtfsde;daxlandendornrschenweg@48.99,8.34;daxlandendornrschenweg;135;80.1;91.7;350;0;7;star;44;RETENUE;
Allemagne;de_gtfsde;ulzburgsd@53.77,9.97;ulzburgsd;134.6;96.7;97;16;0;7;star;44;RETENUE;
Allemagne;de_gtfsde;heilbronnrathaus@49.14,9.22;heilbronnrathaus;134.6;89.3;90.1;297;0;7;star;44;RETENUE;
Pays-Bas;nl_ovapi;houtencastellum@52.02,5.18;houtencastellum;134.4;92.9;99.9;223;0;7;star;44;RETENUE;
Allemagne;de_gtfsde;kamenbahnhof@51.59,7.66;kamenbahnhof;134.1;59.9;96.3;144;0;7;star;43;RETENUE;
Allemagne;de_gtfsde;kaufering@48.08,10.85;kaufering;134;95.8;96.5;20;0;7;star;43;RETENUE;
Allemagne;de_gtfsde;schlierbachziegelhausenbhf@49.42,8.76;schlierbachziegelhausenbhf;134;86;97.7;33;0;7;star;43;RETENUE;
Allemagne;de_gtfsde;schwelmbf@51.29,7.29;schwelmbf;134;61.4;96.2;148;0;7;star;43;RETENUE;
Finlande;fi_digitraffic;KIL;;133.9;98;91.7;258;0;7;star;43;RETENUE;
Pays-Bas;nl_ovapi;heerhugowaard@52.67,4.82;heerhugowaard;133.9;96.1;99.9;197;0;7;star;43;RETENUE;
Pays-Bas;nl_ovapi;culemborg@51.95,5.23;culemborg;133.9;93.7;98.4;221;0;7;star;43;RETENUE;
Etats-Unis;us_mta_lirr;huntington@40.85,-73.41;huntington;133.9;88.5;100;414;0.43;7;star;43;RETENUE;
Norvege;no_entur;strmmenstasjon@59.95,11.00;strmmenstasjon;133.7;86;98.6;334;0;7;star;43;RETENUE;
Allemagne;de_gtfsde;wetzlarbahnhof@50.57,8.50;wetzlarbahnhof;133.7;85.6;96.5;36;0;7;star;43;RETENUE;
Allemagne;de_gtfsde;pirnabahnhof@50.96,13.93;pirnabahnhof;133.7;83.2;96.9;39;0;7;star;43;RETENUE;
Allemagne;de_gtfsde;bayreuthhbf@49.95,11.58;bayreuthhbf;133.4;92.7;97.5;33;0;7;star;43;RETENUE;
Australie;au_translink_seq;oxleystation@-27.55,152.97;oxleystation;133.1;97.1;98.1;219;0;7;star;43;RETENUE;
Allemagne;de_gtfsde;frankenthalhauptbahnhof@49.54,8.35;frankenthalhauptbahnhof;133;79.8;94.4;37;0;7;star;43;RETENUE;
Allemagne;de_gtfsde;leingarten@49.15,9.12;leingarten;132.7;81.3;98.7;343;0;7;star;43;RETENUE;
Allemagne;de_gtfsde;schorndorf@48.81,9.53;schorndorf;132.6;75.1;92.1;42;0;7;star;43;RETENUE;
Allemagne;de_gtfsde;stendalhbf@52.59,11.85;stendalhbf;132.6;84.9;92.2;33;0;7;star;43;RETENUE;
Australie;au_translink_seq;miltonstation@-27.47,153.01;miltonstation;132.6;96.3;99.3;223;0;7;star;43;RETENUE;
Australie;au_translink_seq;petriestation@-27.27,152.98;petriestation;132.4;90.6;98.1;314;0;7;star;43;RETENUE;
Allemagne;de_gtfsde;oberkotzau@50.27,11.93;oberkotzau;132.3;92.9;99.2;24;0;7;star;43;RETENUE;
Allemagne;de_gtfsde;schlierbachorthopdischekl@49.41,8.77;schlierbachorthopdischekl;132.3;88.6;96.8;31;0;7;star;43;RETENUE;
France;fr_sncf;UIC87581595;Cenon;132;93.7;99.8;15;1;7;star;43;RETENUE;
Allemagne;de_gtfsde;dresdensbahnhofniedersedlitz@51.00,13.83;dresdensbahnhofniedersedlitz;131.9;81.4;95.8;38;0;7;star;43;RETENUE;
Allemagne;de_gtfsde;grabenneudorfbahnhof@49.16,8.49;grabenneudorfbahnhof;131.7;88.3;97.4;29;0;7;star;43;RETENUE;
Allemagne;de_gtfsde;essenfrohnhausens@51.46,6.96;essenfrohnhausens;131.6;83.2;98.2;39;0;7;star;43;RETENUE;
Allemagne;de_gtfsde;mgrheydthbf@51.16,6.44;mgrheydthbf;131.4;76.5;93.9;70;0;7;star;43;RETENUE;
Pays-Bas;nl_ovapi;alkmaarnoord@52.64,4.76;alkmaarnoord;131.3;95.8;99.8;187;0;7;star;43;RETENUE;
Allemagne;de_gtfsde;allach@48.19,11.47;allach;131;88.9;95.9;26;0;7;star;42;RETENUE;
Allemagne;de_gtfsde;dortmundhrdebf@51.49,7.50;dortmundhrdebf;130.9;89.3;94.7;43;0;7;star;42;RETENUE;
Allemagne;de_gtfsde;sstrausbergbhf@52.53,13.83;sstrausbergbhf;130.6;96;97.6;59;0;7;star;42;RETENUE;
Allemagne;de_gtfsde;schwaigernwrtt@49.14,9.06;schwaigernwrtt;130.6;81.3;96.7;320;0;7;star;42;RETENUE;
France;fr_sncf;UIC87756320;Cagnes-sur-Mer;130.3;89;99.8;17;0;7;star;42;RETENUE;
Pays-Bas;nl_ovapi;houten@52.03,5.17;houten;130.3;91.8;99.5;244;0;7;star;42;RETENUE;
France;fr_sncf;UIC87756254;Nice Saint-Augustin;130.1;89.9;99.9;15;0;7;star;42;RETENUE;
France;fr_sncf;UIC87756346;Saint-Laurent-du-Var;130;89.6;100;15;0;7;star;42;RETENUE;
Allemagne;de_gtfsde;klnwahnsbahn@50.86,7.08;klnwahnsbahn;130;80.4;94.7;31;0;7;star;42;RETENUE;
France;fr_sncf;UIC87756403;Monaco-Monte-Carlo;129.9;90.9;99.7;15;0.57;7;star;42;RETENUE;
Allemagne;de_gtfsde;klnlongerichsbahn@51.00,6.90;klnlongerichsbahn;129.9;70.5;95.8;44;0;7;star;42;RETENUE;
Australie;au_translink_seq;taringastation@-27.49,152.98;taringastation;129.9;96.6;98.5;216;0;7;star;42;RETENUE;
France;fr_sncf;UIC87757666;Juan les Pins;129.7;88.1;100;18;0;7;star;42;RETENUE;
Allemagne;de_gtfsde;rosenheim@47.85,12.12;rosenheim;129.7;76.4;95.2;53;0;7;star;42;RETENUE;
Allemagne;de_gtfsde;neuedingenfriedrichsfeldbf@49.45,8.58;neuedingenfriedrichsfeldbf;129.7;86.7;94.9;41;0;7;star;42;RETENUE;
Allemagne;de_gtfsde;maximiliansaueisenbahnstrae@49.04,8.30;maximiliansaueisenbahnstrae;129.6;87.2;98.8;321;0;7;star;42;RETENUE;
Allemagne;de_gtfsde;dresdensbfstrehlen@51.03,13.76;dresdensbfstrehlen;129.4;80.4;94.7;40;0;7;star;42;RETENUE;
Allemagne;de_gtfsde;augsburgoberhausen@48.38,10.87;augsburgoberhausen;129.1;88.9;94.5;50;0;7;star;42;RETENUE;
Allemagne;de_gtfsde;bingenhauptbahnhof@49.97,7.88;bingenhauptbahnhof;129;74.2;96.5;60;0;7;star;42;RETENUE;
France;fr_sncf;UIC87318964;Avignon TGV;128.9;82.6;99.4;21;0;7;star;42;RETENUE;
Pays-Bas;nl_ovapi;elst@51.92,5.85;elst;128.7;97.6;99.7;194;0;7;star;42;RETENUE;
Allemagne;de_gtfsde;essensteeleosts@51.44,7.09;essensteeleosts;128.6;83.8;95.5;34;0;7;star;42;RETENUE;
Allemagne;de_gtfsde;eschbornsdbahnhof@50.13,8.58;eschbornsdbahnhof;128.6;88.4;98.5;24;0;7;star;42;RETENUE;
France;fr_sncf;UIC87756379;Beaulieu-sur-Mer;128.4;90.5;99.9;14;0.57;7;star;42;RETENUE;
Pays-Bas;nl_ovapi;hilversumsportpark@52.22,5.19;hilversumsportpark;128.3;93.8;98.5;253;0;7;star;42;RETENUE;
Allemagne;de_gtfsde;kemptenallguhbf@47.71,10.32;kemptenallguhbf;128.3;81.7;95.2;34;0;7;star;42;RETENUE;
Allemagne;de_gtfsde;baldham@48.10,11.79;baldham;128.3;92.5;98.8;21;0;7;star;42;RETENUE;
France;fr_sncf;UIC87756387;Èze;128;90.4;100;16;0.43;7;star;41;RETENUE;
Allemagne;de_gtfsde;eschbornbahnhof@50.14,8.56;eschbornbahnhof;128;87.7;95.8;26;0;7;star;41;RETENUE;
Allemagne;de_gtfsde;eschbornniederhchstadtbahnhof@50.15,8.55;eschbornniederhchstadtbahnhof;128;88.3;98.2;25;0;7;star;41;RETENUE;
Australie;au_translink_seq;sherwoodstation@-27.53,152.98;sherwoodstation;128;96.5;99;222;0;7;star;41;RETENUE;
France;fr_sncf;UIC87756353;Nice Riquier;127.9;90.8;99.8;14;0.57;7;star;41;RETENUE;
Allemagne;de_gtfsde;germeringunterpfaffenhofen@48.13,11.36;germeringunterpfaffenhofen;127.9;94.1;96.1;20;0;7;star;41;RETENUE;
Australie;au_translink_seq;corindastation@-27.54,152.98;corindastation;127.9;95;99;234;0;7;star;41;RETENUE;
France;fr_sncf;UIC87756361;Villefranche-sur-Mer;127.6;90.9;100;13;0.57;7;star;41;RETENUE;
France;fr_sncf;UIC87756395;Cap-d'Ail;127.6;90.5;100;15;0.43;7;star;41;RETENUE;
France;fr_sncf;UIC87342014;Arras;127.4;90.4;99.9;19;0.57;7;star;41;RETENUE;
Allemagne;de_gtfsde;hofheimamtaunusbahnhof@50.08,8.44;hofheimamtaunusbahnhof;127.4;74.3;94.8;41;0;7;star;41;RETENUE;
Australie;au_translink_seq;darrastation@-27.57,152.95;darrastation;127.4;96.4;98.9;205;0;7;star;41;RETENUE;
Allemagne;de_gtfsde;badoldesloe@53.81,10.38;badoldesloe;127.3;86;80.9;33;0;7;star;41;RETENUE;
Allemagne;de_gtfsde;obsterkradebf@51.51,6.84;obsterkradebf;127.1;45.6;98.6;135;0;7;star;41;RETENUE;
Etats-Unis;us_mta_mnr;bridgeport@41.18,-73.19;bridgeport;127.1;94.6;98.9;22;0;7;star;41;RETENUE;
Allemagne;de_gtfsde;badmnsterbahnhof@49.81,7.85;badmnsterbahnhof;127;71.2;96;64;0;7;star;41;RETENUE;
Pays-Bas;nl_ovapi;landgraaf@50.90,6.02;landgraaf;126.7;96.3;99.7;168;0;7;star;41;RETENUE;
Allemagne;de_gtfsde;dresdensbahnhofreick@51.02,13.79;dresdensbahnhofreick;126.7;80.7;96.4;41;0;7;star;41;RETENUE;
Allemagne;de_gtfsde;wiesdorfleverkusenmittebf@51.03,6.99;wiesdorfleverkusenmittebf;126.7;72;95.4;59;0;7;star;41;RETENUE;
France;fr_sncf;UIC87393314;Rambouillet;126.6;96.6;99.6;16;0.29;7;star;41;RETENUE;
France;fr_sncf;UIC87345009;Douai;126.6;90.9;99.8;21;1.29;7;star;41;RETENUE;
Allemagne;de_gtfsde;lehrte@52.38,9.97;lehrte;126.6;88.7;95.4;31;0;7;star;41;RETENUE;
Allemagne;de_gtfsde;falkenseebahnhof@52.56,13.09;falkenseebahnhof;126.6;95;97.7;33;0;7;star;41;RETENUE;
Allemagne;de_gtfsde;maisach@48.21,11.26;maisach;126.6;94.7;99.8;23;0;7;star;41;RETENUE;
Australie;au_translink_seq;auchenflowerstation@-27.48,153.00;auchenflowerstation;126.6;95.5;98.7;226;0;7;star;41;RETENUE;
Allemagne;de_gtfsde;jenagschwitz@50.88,11.59;jenagschwitz;126.3;89.5;93.2;47;0;7;star;41;RETENUE;
France;fr_sncf;UIC87756486;Menton;126.1;55.3;99.3;15;0.57;7;star;41;RETENUE;
Allemagne;de_gtfsde;schnebeckelbe@52.02,11.73;schnebeckelbe;126;79.8;94.5;39;0;7;star;41;RETENUE;
France;fr_sncf;UIC87182014;Colmar;125.9;94;99.7;12;0.29;7;star;41;RETENUE;
Allemagne;de_gtfsde;falkenbergebahnhof@51.58,13.25;falkenbergebahnhof;125.7;90;96.6;51;0;7;star;41;RETENUE;
Allemagne;de_gtfsde;karlsfeld@48.21,11.46;karlsfeld;125.7;88.5;95.1;25;0;7;star;41;RETENUE;
Allemagne;de_gtfsde;lindaureutin@47.55,9.70;lindaureutin;125.7;92;98.8;30;0;7;star;41;RETENUE;
Australie;au_translink_seq;chelmerstation@-27.51,152.97;chelmerstation;125.7;96.5;98.1;204;0;7;star;41;RETENUE;
Allemagne;de_gtfsde;wolfartsweiernord@48.98,8.46;wolfartsweiernord;125.6;94.2;88;220;0;7;star;41;RETENUE;
Allemagne;de_gtfsde;borsdorfsachs@51.35,12.54;borsdorfsachs;125.6;85.9;92.5;45;0;7;star;41;RETENUE;
Allemagne;de_gtfsde;heidelbergweststadtsdstadt@49.40,8.69;heidelbergweststadtsdstadt;125.4;86;91;30;0;7;star;41;RETENUE;
Allemagne;de_gtfsde;rsselsheimbahnhof@49.99,8.41;rsselsheimbahnhof;125.4;65;95.7;48;0;7;star;41;RETENUE;
Allemagne;de_gtfsde;mafriedrichsfeldsdbahnhof@49.44,8.57;mafriedrichsfeldsdbahnhof;125;81.8;98.5;42;0;7;star;40;RETENUE;
Pays-Bas;nl_ovapi;delftcampus@51.99,4.36;delftcampus;124.7;96.6;99.7;178;0;7;star;40;RETENUE;
France;fr_sncf;UIC87755009;Toulon;124.1;86.9;99.7;22;1.57;7;star;40;RETENUE;
Allemagne;de_gtfsde;mammendorf@48.22,11.17;mammendorf;123.9;93.3;94.4;25;0;7;star;40;RETENUE;
Allemagne;de_gtfsde;frankfurtmainstresemannalleebahnhof@50.09,8.67;frankfurtmainstresemannalleebahnhof;123.7;90.8;98.3;24;0;7;star;40;RETENUE;
Australie;au_translink_seq;indooroopillystation@-27.50,152.98;indooroopillystation;123.7;96.7;99.2;210;0;7;star;40;RETENUE;
Pays-Bas;nl_ovapi;hilversummediapark@52.24,5.17;hilversummediapark;123.6;95.7;99.2;235;0;7;star;40;RETENUE;
Pays-Bas;nl_ovapi;bussumzuid@52.27,5.16;bussumzuid;123.4;94.7;98.9;260;0;7;star;40;RETENUE;
Allemagne;de_gtfsde;untermenzing@48.18,11.47;untermenzing;123.4;87.5;94;23;0;7;star;40;RETENUE;
Norvege;no_entur;grorudstasjon@59.95,10.89;grorudstasjon;123.3;81.2;98.7;308;0;7;star;40;RETENUE;
Allemagne;de_gtfsde;dresdensbahnhofdobritz@51.01,13.81;dresdensbahnhofdobritz;123.3;80.9;89.2;41;0;7;star;40;RETENUE;
Allemagne;de_gtfsde;mittersendling@48.11,11.54;mittersendling;123;82.5;94.8;24;0;7;star;40;RETENUE;
Allemagne;de_gtfsde;eilendorf@50.79,6.15;eilendorf;122.7;90.6;96.3;20;0;7;star;40;RETENUE;
Allemagne;de_gtfsde;frankfurtmainlouisabahnhof@50.08,8.67;frankfurtmainlouisabahnhof;122.7;90.3;97.7;23;0;7;star;40;RETENUE;
Pays-Bas;nl_ovapi;rotterdamzuid@51.90,4.51;rotterdamzuid;122.4;96.8;99.3;164;0;7;star;40;RETENUE;
Etats-Unis;us_mta_lirr;massapequa@40.68,-73.47;massapequa;122.4;90.5;99.3;372;0;7;star;40;RETENUE;
Allemagne;de_gtfsde;frndenbergbahnhof@51.47,7.76;frndenbergbahnhof;121.6;94;96.5;19;0;7;star;39;RETENUE;
Pays-Bas;nl_ovapi;rotterdamlombardijen@51.88,4.53;rotterdamlombardijen;121.4;96.9;99.1;156;0;7;star;39;RETENUE;
Allemagne;de_gtfsde;stolberggbfbetriebshaltkeineinausstieg@50.80,6.22;stolberggbfbetriebshaltkeineinausstieg;121.4;89.9;99.4;19;0;7;star;39;RETENUE;
Pays-Bas;nl_ovapi;rijswijk@52.04,4.32;rijswijk;121.3;96.7;99.9;161;0;7;star;39;RETENUE;
Allemagne;de_gtfsde;taufkirchen@48.05,11.61;taufkirchen;121.1;95.2;97.6;24;0;7;star;39;RETENUE;
Allemagne;de_gtfsde;langenhessenflugsicherung@50.00,8.66;langenhessenflugsicherung;121;89.6;98.7;23;0;7;star;39;RETENUE;
Allemagne;de_gtfsde;furth@48.03,11.59;furth;120.9;93.9;89.4;23;0;7;star;39;RETENUE;
Pays-Bas;nl_ovapi;barendrecht@51.86,4.55;barendrecht;120.7;97.4;99.3;149;0;7;star;39;RETENUE;
Allemagne;de_gtfsde;recklinghausenhbf@51.62,7.20;recklinghausenhbf;120.7;62.5;95.1;55;0;7;star;39;RETENUE;
Allemagne;de_gtfsde;wiesbadenbiebrichbahnhofwiesbadenost@50.04,8.26;wiesbadenbiebrichbahnhofwiesbadenost;120.7;71.6;93.3;36;0;7;star;39;RETENUE;
Allemagne;de_gtfsde;dinslakenbahnhof@51.57,6.74;dinslakenbahnhof;120.7;45.3;95.6;119;0;7;star;39;RETENUE;
Pays-Bas;nl_ovapi;lelystadcentrum@52.51,5.47;lelystadcentrum;120.6;98;98.6;107;0;7;star;39;RETENUE;
Allemagne;de_gtfsde;frankfurtmaineschersheimbahnhof@50.16,8.66;frankfurtmaineschersheimbahnhof;120.6;86.4;98.8;24;0;7;star;39;RETENUE;
France;fr_sncf;UIC87781104;Narbonne;120.4;81.5;99.5;23;2.43;7;star;39;RETENUE;
Pays-Bas;nl_ovapi;zwijndrecht@51.82,4.64;zwijndrecht;120.4;97.4;100;153;0;7;star;39;RETENUE;
Allemagne;de_gtfsde;leipzignord@51.36,12.40;leipzignord;120.4;87.4;94.9;41;0;7;star;39;RETENUE;
Allemagne;de_gtfsde;szepernick@52.66,13.53;szepernick;120.4;97.9;96.9;28;0;7;star;39;RETENUE;
Allemagne;de_gtfsde;gronsdorf@48.12,11.70;gronsdorf;120.4;91.8;94.2;19;0;7;star;39;RETENUE;
Pays-Bas;nl_ovapi;denhaagmoerwijk@52.05,4.31;denhaagmoerwijk;120;97;99.3;161;0;7;star;39;RETENUE;
Pays-Bas;nl_ovapi;steenwijk@52.79,6.12;steenwijk;120;96.4;99.5;201;0;7;star;39;RETENUE;
Allemagne;de_gtfsde;badschnbornkronau@49.22,8.65;badschnbornkronau;120;84.6;97.4;32;0;7;star;39;RETENUE;
Allemagne;de_gtfsde;frstenfeldbruck@48.17,11.26;frstenfeldbruck;119.7;95.5;92.6;19;0;7;star;39;RETENUE;
Allemagne;de_gtfsde;leipzigmesse@51.40,12.39;leipzigmesse;119.6;85.2;89.8;41;0;7;star;39;RETENUE;
Allemagne;de_gtfsde;leipzigsttteritz@51.32,12.41;leipzigsttteritz;119.6;92.5;98;38;0;7;star;39;RETENUE;
Allemagne;de_gtfsde;herzogenrathaltmerkstein@50.89,6.10;herzogenrathaltmerkstein;119.6;95.6;93.7;16;0;7;star;39;RETENUE;
Allemagne;de_gtfsde;troisdorfspichbf@50.83,7.11;troisdorfspichbf;119.4;79.3;96.3;35;0;7;star;39;RETENUE;
Allemagne;de_gtfsde;badvilbelsdbahnhof@50.18,8.73;badvilbelsdbahnhof;119.4;86.7;99.5;25;0;7;star;39;RETENUE;
Allemagne;de_gtfsde;hildenhildens@51.17,6.92;hildenhildens;119.4;74.2;96;35;0;7;star;39;RETENUE;
France;fr_sncf;UIC87763029;Valence TGV Rhône-Alpes Sud;119.1;78.7;99.8;24;1.43;7;star;39;RETENUE;
Allemagne;de_gtfsde;dreisholzs@51.18,6.86;dreisholzs;119.1;80;96.5;27;0;7;star;39;RETENUE;
Etats-Unis;us_mta_lirr;freeport@40.66,-73.58;freeport;119;90.9;98.2;348;0;7;star;39;RETENUE;
Allemagne;de_gtfsde;zorneding@48.09,11.83;zorneding;118.9;89.2;95.7;22;0;7;star;39;RETENUE;
Allemagne;de_gtfsde;frankenthalhaltepunktsd@49.52,8.35;frankenthalhaltepunktsd;118.7;82.6;93.5;28;0;7;star;38;RETENUE;
Australie;au_translink_seq;toowongstation@-27.49,152.99;toowongstation;118.7;96.8;99.4;215;0;7;star;38;RETENUE;
Allemagne;de_gtfsde;remscheidgldenwerthbf@51.17,7.16;remscheidgldenwerthbf;118.6;87.1;97.9;33;0;7;star;38;RETENUE;
Allemagne;de_gtfsde;ismaning@48.23,11.68;ismaning;118.4;95.1;98.7;21;0;7;star;38;RETENUE;
Allemagne;de_gtfsde;radebeulsbahnhofost@51.10,13.68;radebeulsbahnhofost;118.4;78.4;98.5;39;0;7;star;38;RETENUE;
Pays-Bas;nl_ovapi;diemen@52.35,4.97;diemen;118.1;95.9;99.6;207;0;7;star;38;RETENUE;
Allemagne;de_gtfsde;johanneskirchen@48.17,11.65;johanneskirchen;118.1;94.9;98.1;19;0;7;star;38;RETENUE;
Allemagne;de_gtfsde;weienfels@51.20,11.97;weienfels;118.1;91.7;95.9;52;0;7;star;38;RETENUE;
Allemagne;de_gtfsde;horbbahnhofzob@48.44,8.69;horbbahnhofzob;118;77;96.8;45;0;7;star;38;RETENUE;
Allemagne;de_gtfsde;glauchaubahnhof@50.83,12.55;glauchaubahnhof;117.9;89.7;96.2;58;0;7;star;38;RETENUE;
Allemagne;de_gtfsde;sfredersdorf@52.53,13.76;sfredersdorf;117.9;95.9;97.1;33;0;7;star;38;RETENUE;
Allemagne;de_gtfsde;frankfurtmainfrankfurterbergbahnhof@50.17,8.68;frankfurtmainfrankfurterbergbahnhof;117.7;88;99.5;23;0;7;star;38;RETENUE;
Pays-Bas;nl_ovapi;amsterdamsciencepark@52.35,4.95;amsterdamsciencepark;117.4;95.1;98;225;0;7;star;38;RETENUE;
Norvege;no_entur;holmliastasjon@59.84,10.80;holmliastasjon;117.3;91.5;100;230;0;7;star;38;RETENUE;
Norvege;no_entur;hauketostasjon@59.85,10.80;hauketostasjon;117.3;92.9;100;246;0;7;star;38;RETENUE;
Norvege;no_entur;ljanstasjon@59.85,10.78;ljanstasjon;117.3;91.7;100;228;0;7;star;38;RETENUE;
Norvege;no_entur;nordstrandstasjon@59.86,10.79;nordstrandstasjon;117.3;92.4;100;236;0;7;star;38;RETENUE;
Norvege;no_entur;langhusstasjon@59.75,10.84;langhusstasjon;117.3;93.2;100;251;0;7;star;38;RETENUE;
Norvege;no_entur;vevelstadstasjon@59.76,10.84;vevelstadstasjon;117.3;90.3;100;241;0;7;star;38;RETENUE;
Norvege;no_entur;oppegrdstasjon@59.77,10.81;oppegrdstasjon;117.3;92.8;100;254;0;7;star;38;RETENUE;
Norvege;no_entur;greverudstasjon@59.77,10.81;greverudstasjon;117.3;91.2;100;252;0;7;star;38;RETENUE;
Norvege;no_entur;myrvollstasjon@59.79,10.80;myrvollstasjon;117.3;92;100;234;0;7;star;38;RETENUE;
Norvege;no_entur;solbrtanstasjon@59.80,10.80;solbrtanstasjon;117.3;90.7;100;259;0;7;star;38;RETENUE;
Norvege;no_entur;kolbotnstasjon@59.81,10.80;kolbotnstasjon;117.3;90.1;100;234;0;7;star;38;RETENUE;
Norvege;no_entur;rosenholmstasjon@59.82,10.80;rosenholmstasjon;117.3;94.5;100;234;0;7;star;38;RETENUE;
Pays-Bas;nl_ovapi;blerick@51.37,6.16;blerick;117.1;95.2;95.9;194;0;7;star;38;RETENUE;
Pays-Bas;nl_ovapi;dieren@52.04,6.10;dieren;117.1;95.9;99.4;194;0;7;star;38;RETENUE;
Allemagne;de_gtfsde;rottweilbahnhof@48.17,8.64;rottweilbahnhof;117.1;75.9;95.9;61;0;7;star;38;RETENUE;
Allemagne;de_gtfsde;klngremberghovenfrankfurterstr@50.92,7.05;klngremberghovenfrankfurterstr;117;71.8;96;34;0;7;star;38;RETENUE;
Pays-Bas;nl_ovapi;heerenveen@52.96,5.92;heerenveen;116.9;96.6;99.6;183;0;7;star;38;RETENUE;
Pays-Bas;nl_ovapi;amersfoortvathorst@52.19,5.43;amersfoortvathorst;116.9;96;98.2;183;0;7;star;38;RETENUE;
Allemagne;de_gtfsde;weimar@50.99,11.33;weimar;116.9;78;95.2;74;0;7;star;38;RETENUE;
Allemagne;de_gtfsde;weselbahnhof@51.66,6.63;weselbahnhof;116.7;58.3;94.6;79;0;7;star;38;RETENUE;
Allemagne;de_gtfsde;wetterbf@51.39,7.39;wetterbf;116.6;80.9;95.9;69;0;7;star;38;RETENUE;
Allemagne;de_gtfsde;vaterstetten@48.10,11.77;vaterstetten;116.3;91.8;93.8;19;0;7;star;38;RETENUE;
Pays-Bas;nl_ovapi;dendolder@52.14,5.24;dendolder;116.1;97.2;97.4;187;0;7;star;38;RETENUE;
Allemagne;de_gtfsde;denzlingenbahnhof@48.07,7.88;denzlingenbahnhof;116.1;90;91.5;44;0;7;star;38;RETENUE;
Allemagne;de_gtfsde;frechenknigsdorfbf@50.94,6.78;frechenknigsdorfbf;116.1;73.7;91.2;33;0;7;star;38;RETENUE;
Australie;au_translink_seq;gracevillestation@-27.52,152.98;gracevillestation;116.1;96.4;99;223;0;7;star;38;RETENUE;
Allemagne;de_gtfsde;smhlenbeckmnchmhle@52.65,13.39;smhlenbeckmnchmhle;116;97.7;99.1;30;0;7;star;38;RETENUE;
Allemagne;de_gtfsde;klnblumenbergs@51.04,6.88;klnblumenbergs;115.9;76.3;94.6;39;0;7;star;38;RETENUE;
Allemagne;de_gtfsde;dellersds@51.20,6.84;dellersds;115.7;84.9;96.5;25;0;7;star;38;RETENUE;
Allemagne;de_gtfsde;brandenburghauptbahnhof@52.40,12.57;brandenburghauptbahnhof;115.6;88.1;95.3;33;0;7;star;37;RETENUE;
Allemagne;de_gtfsde;rheinebahnhof@52.28,7.44;rheinebahnhof;115.6;77;90.6;113;0;7;star;37;RETENUE;
Allemagne;de_gtfsde;badkrozingenbahnhof@47.92,7.70;badkrozingenbahnhof;115.4;93.1;94.8;45;0;7;star;37;RETENUE;
Allemagne;de_gtfsde;esting@48.21,11.32;esting;115.3;91.3;94.7;23;0;7;star;37;RETENUE;
Allemagne;de_gtfsde;holzwickedebahnhof@51.50,7.62;holzwickedebahnhof;115.3;69.9;98.2;114;0;7;star;37;RETENUE;
Allemagne;de_gtfsde;spetershagennord@52.53,13.79;spetershagennord;115.1;94.9;99;43;0;7;star;37;RETENUE;
France;fr_sncf;UIC87761007;Valence Ville;115;82.9;99.8;23;2;7;star;37;RETENUE;
Allemagne;de_gtfsde;eisenachhbf@50.98,10.33;eisenachhbf;115;79.6;91.7;62;0;7;star;37;RETENUE;
Allemagne;de_gtfsde;markkleeberg@51.28,12.37;markkleeberg;115;86.1;95.7;37;0;7;star;37;RETENUE;
Allemagne;de_gtfsde;voerdebahnhof@51.60,6.69;voerdebahnhof;115;50.6;96.6;116;0;7;star;37;RETENUE;
Australie;au_translink_seq;beenleighstation@-27.72,153.20;beenleighstation;115;93.8;99.5;278;0;7;star;37;RETENUE;
Allemagne;de_gtfsde;glshausen@49.04,8.72;glshausen;114.9;79;96.6;306;0;7;star;37;RETENUE;
Allemagne;de_gtfsde;soberspreeberlin@52.45,13.54;soberspreeberlin;114.7;97.5;95.7;31;0;7;star;37;RETENUE;
Allemagne;de_gtfsde;srntgental@52.65,13.51;srntgental;114.7;97.6;99.8;28;0;7;star;37;RETENUE;
Allemagne;de_gtfsde;solingenbahnhofmitte@51.17,7.09;solingenbahnhofmitte;114.7;86.6;97.5;44;0;7;star;37;RETENUE;
Allemagne;de_gtfsde;sbernaufriedenstal@52.67,13.56;sbernaufriedenstal;114.6;97.9;99.6;25;0;7;star;37;RETENUE;
Pays-Bas;nl_ovapi;helmond@51.48,5.66;helmond;114.3;94.6;98;195;0;7;star;37;RETENUE;
Allemagne;de_gtfsde;hartmannshof@49.50,11.55;hartmannshof;114.3;65.8;98.5;33;0;7;star;37;RETENUE;
Allemagne;de_gtfsde;busenbach@48.93,8.45;busenbach;114.1;96;99.3;219;0;7;star;37;RETENUE;
France;fr_sncf;UIC87592006;Limoges Bénédictins;114;93.7;100;11;4.86;7;star;37;RETENUE;
Allemagne;de_gtfsde;fellbach@48.82,9.27;fellbach;113.9;95.4;90.8;17;0;7;star;37;RETENUE;
Allemagne;de_gtfsde;hamburgrissen@53.58,9.76;hamburgrissen;113.9;95.5;95;19;0;7;star;37;RETENUE;
Pays-Bas;nl_ovapi;bilthoven@52.13,5.21;bilthoven;113.7;97.1;99.7;171;0;7;star;37;RETENUE;
Allemagne;de_gtfsde;ettlingenspinnerei@48.93,8.44;ettlingenspinnerei;113.7;96.1;97;224;0;7;star;37;RETENUE;
Allemagne;de_gtfsde;oberhausenholtenbf@51.53,6.81;oberhausenholtenbf;113.6;44.9;97.3;110;0;7;star;37;RETENUE;
Allemagne;de_gtfsde;goslarbahnhof@51.91,10.42;goslarbahnhof;113.6;90.1;97.5;36;0;7;star;37;RETENUE;
Pays-Bas;nl_ovapi;zaandijkzaanseschans@52.47,4.81;zaandijkzaanseschans;113.4;93.6;99.9;254;0;7;star;37;RETENUE;
Allemagne;de_gtfsde;remagenbf@50.58,7.23;remagenbf;113.4;78.8;93.9;91;0;7;star;37;RETENUE;
Allemagne;de_gtfsde;eggenstein@49.08,8.40;eggenstein;113.3;91.8;98.8;222;0;7;star;37;RETENUE;
Etats-Unis;us_mta_mnr;tarrytown@41.08,-73.86;tarrytown;113.1;90.2;99.7;25;0;7;star;37;RETENUE;
France;fr_sncf;UIC87773002;Montpellier Saint-Roch;113;79.1;99.6;20;2.43;7;star;37;RETENUE;
Pays-Bas;nl_ovapi;hoornkersenboogerd@52.65,5.08;hoornkersenboogerd;113;96.8;96;136;0;7;star;37;RETENUE;
Allemagne;de_gtfsde;klnvolkhovenweilervolkhovenerweg@51.01,6.89;klnvolkhovenweilervolkhovenerweg;113;75.5;96.6;40;0;7;star;37;RETENUE;
Allemagne;de_gtfsde;fasangarten@48.09,11.60;fasangarten;112.9;93.8;99.7;20;0;7;star;37;RETENUE;
Allemagne;de_gtfsde;klnchorweiler@51.02,6.90;klnchorweiler;112.9;76.2;94.6;42;0;7;star;37;RETENUE;
Allemagne;de_gtfsde;betzdorfbf@50.79,7.87;betzdorfbf;112.9;89.6;94.7;40;0;7;star;37;RETENUE;
Pays-Bas;nl_ovapi;utrechtlunetten@52.07,5.14;utrechtlunetten;112.7;91.8;99.6;228;0;7;star;37;RETENUE;
Allemagne;de_gtfsde;aulendorfbahnhof@47.95,9.64;aulendorfbahnhof;112.7;81.5;95.5;38;0;7;star;37;RETENUE;
Allemagne;de_gtfsde;klnchorweilernords@51.03,6.89;klnchorweilernords;112.7;76.2;94.4;42;0;7;star;37;RETENUE;
Allemagne;de_gtfsde;jhlingen@49.03,8.58;jhlingen;112.7;81.2;97.9;303;0;7;star;37;RETENUE;
Allemagne;de_gtfsde;frankfurtmainberkersheimbahnhof@50.18,8.70;frankfurtmainberkersheimbahnhof;112.7;88.2;99.1;23;0;7;star;37;RETENUE;
Allemagne;de_gtfsde;schaffhausen@47.70,8.63;schaffhausen;112.4;91.9;99.1;108;0;7;star;36;RETENUE;
Allemagne;de_gtfsde;alsdorfbusch@50.88,6.14;alsdorfbusch;112.4;94.8;99.7;18;0;7;star;36;RETENUE;
Allemagne;de_gtfsde;remscheidhbf@51.18,7.20;remscheidhbf;112.3;86.1;99.4;31;0;7;star;36;RETENUE;
Allemagne;de_gtfsde;hallbergmoos@48.31,11.71;hallbergmoos;112.3;96.2;96.4;18;0;7;star;36;RETENUE;
Allemagne;de_gtfsde;herzogenrathaugustschmidtplatz@50.89,6.12;herzogenrathaugustschmidtplatz;112.3;94.4;99.4;18;0;7;star;36;RETENUE;
France;fr_sncf;UIC87611301;Saint-Agne;112;94.9;100;15;3.14;7;star;36;RETENUE;
Pays-Bas;nl_ovapi;baarn@52.21,5.28;baarn;112;96.9;96;183;0;7;star;36;RETENUE;
Allemagne;de_gtfsde;karbengrokarbenbahnhof@50.23,8.75;karbengrokarbenbahnhof;112;89.5;99.7;23;0;7;star;36;RETENUE;
Allemagne;de_gtfsde;nrnbergerstrae@48.81,9.23;nrnbergerstrae;112;94.9;88.5;20;0;7;star;36;RETENUE;
Allemagne;de_gtfsde;frankfurtmainginnheimbahnhof@50.14,8.64;frankfurtmainginnheimbahnhof;112;86.7;98.5;21;0;7;star;36;RETENUE;
Allemagne;de_gtfsde;wuppertalsonnbornbf@51.24,7.10;wuppertalsonnbornbf;112;76.8;97.6;41;0;7;star;36;RETENUE;
Allemagne;de_gtfsde;alsdorfannaparkbahnhofbus@50.87,6.16;alsdorfannaparkbahnhofbus;111.9;94.1;98.9;20;0;7;star;36;RETENUE;
Allemagne;de_gtfsde;chemnitzzentralhaltestelle@50.83,12.92;chemnitzzentralhaltestelle;111.7;97.7;93;143;0;7;star;36;RETENUE;
Allemagne;de_gtfsde;vellmarosterbergekz@51.35,9.46;vellmarosterbergekz;111.7;87.1;97.9;45;0;7;star;36;RETENUE;
Allemagne;de_gtfsde;gelnhausenbahnhof@50.20,9.19;gelnhausenbahnhof;111.6;70;97.3;56;0;7;star;36;RETENUE;
Allemagne;de_gtfsde;sneuenhagenbberlin@52.52,13.70;sneuenhagenbberlin;111.6;95.3;99;40;0;7;star;36;RETENUE;
Allemagne;de_gtfsde;sbergfelde@52.67,13.32;sbergfelde;111.4;97.7;99.1;24;0;7;star;36;RETENUE;
Allemagne;de_gtfsde;sendenbahnhof@48.32,10.05;sendenbahnhof;111.4;84.1;97.5;41;0;7;star;36;RETENUE;
Allemagne;de_gtfsde;feucht@49.38,11.20;feucht;111.4;95.5;92.6;22;0;7;star;36;RETENUE;
Pays-Bas;nl_ovapi;deurne@51.46,5.79;deurne;111.3;95.3;99.4;182;0;7;star;36;RETENUE;
Allemagne;de_gtfsde;sschnflie@52.66,13.34;sschnflie;111.3;97.8;99.4;22;0;7;star;36;RETENUE;
Etats-Unis;us_mta_lirr;valleystream@40.66,-73.70;valleystream;111.3;94.4;99.4;288;0;7;star;36;RETENUE;
Allemagne;de_gtfsde;solingengrnewald@51.16,7.08;solingengrnewald;111.1;86.1;98.7;38;0;7;star;36;RETENUE;
Allemagne;de_gtfsde;badvilbeldortelweilbahnhof@50.21,8.75;badvilbeldortelweilbahnhof;111.1;88.6;99.2;24;0;7;star;36;RETENUE;
Allemagne;de_gtfsde;leienfelsstrae@48.15,11.43;leienfelsstrae;111;96.5;100;23;0;7;star;36;RETENUE;
Allemagne;de_gtfsde;olching@48.21,11.33;olching;110.9;91.6;92.5;23;0;7;star;36;RETENUE;
Allemagne;de_gtfsde;limburgerhofbahnhof@49.42,8.39;limburgerhofbahnhof;110.7;82.2;95.6;37;0;7;star;36;RETENUE;
Allemagne;de_gtfsde;rutesheim@48.79,8.96;rutesheim;110.6;97.5;94.2;19;0;7;star;36;RETENUE;
Allemagne;de_gtfsde;rohr@48.72,9.11;rohr;110.6;97.3;89.7;12;0;7;star;36;RETENUE;
Allemagne;de_gtfsde;remscheidlennepbf@51.19,7.25;remscheidlennepbf;110.6;87.1;99;33;0;7;star;36;RETENUE;
Norvege;no_entur;eidsvollstasjon@60.33,11.25;eidsvollstasjon;110.4;72.3;100;350;0;7;star;36;RETENUE;
Allemagne;de_gtfsde;grohesseloheisartalbahnhof@48.07,11.53;grohesseloheisartalbahnhof;110.4;87.8;98;25;0;7;star;36;RETENUE;
Allemagne;de_gtfsde;wiesbadenmainzkastelbahnhof@50.01,8.28;wiesbadenmainzkastelbahnhof;110.4;62.7;96;39;0;7;star;36;RETENUE;
Pays-Bas;nl_ovapi;koogaandezaan@52.46,4.81;koogaandezaan;110;93.6;99;243;0;7;star;36;RETENUE;
Allemagne;de_gtfsde;klnwestbf@50.94,6.93;klnwestbf;110;70.8;95.2;113;0;7;star;36;RETENUE;
Allemagne;de_gtfsde;riegelmalterdingen@48.15,7.77;riegelmalterdingen;110;91.7;94;24;0;7;star;36;RETENUE;
Allemagne;de_gtfsde;kasselbahnhofharleshausen@51.33,9.45;kasselbahnhofharleshausen;110;86.4;97.5;47;0;7;star;36;RETENUE;
Allemagne;de_gtfsde;unterhaching@48.07,11.61;unterhaching;110;93.4;94.2;23;0;7;star;36;RETENUE;
Allemagne;de_gtfsde;dresdensbfzschachwitz@50.99,13.85;dresdensbfzschachwitz;109.7;80.1;91.4;39;0;7;star;36;RETENUE;
France;fr_sncf;UIC87444000;Caen;109.6;93.6;99.9;13;0;7;star;36;RETENUE;
Allemagne;de_gtfsde;lochhausen@48.18,11.41;lochhausen;109.6;89.6;94;21;0;7;star;36;RETENUE;
Norvege;no_entur;hnstasjon@59.84,10.46;hnstasjon;109.4;85.6;100;258;0;7;star;36;RETENUE;
Norvege;no_entur;vaksstasjon@59.85,10.47;vaksstasjon;109.4;87.3;100;267;0;7;star;36;RETENUE;
Norvege;no_entur;hvalstadstasjon@59.86,10.46;hvalstadstasjon;109.4;85.5;100;256;0;7;star;36;RETENUE;
Norvege;no_entur;billingstadstasjon@59.87,10.48;billingstadstasjon;109.4;85.5;100;280;0;7;star;36;RETENUE;
Norvege;no_entur;slependenstasjon@59.89,10.50;slependenstasjon;109.4;83.3;100;301;0;7;star;36;RETENUE;
Norvege;no_entur;blommenholmstasjon@59.90,10.56;blommenholmstasjon;109.4;82.8;100;299;0;7;star;36;RETENUE;
Norvege;no_entur;hvikstasjon@59.90,10.58;hvikstasjon;109.4;84.2;100;290;0;7;star;36;RETENUE;
Pays-Bas;nl_ovapi;wormerveer@52.49,4.79;wormerveer;109.3;94.4;99.4;229;0;7;star;35;RETENUE;
Pays-Bas;nl_ovapi;tilburguniversiteit@51.57,5.05;tilburguniversiteit;109.3;96.2;98.6;155;0;7;star;35;RETENUE;
Allemagne;de_gtfsde;neuwirtshporschep@48.83,9.15;neuwirtshporschep;109.3;96.7;91.8;21;0;7;star;35;RETENUE;
Allemagne;de_gtfsde;eichenau@48.18,11.33;eichenau;109.3;95.2;98.5;19;0;7;star;35;RETENUE;
Pays-Bas;nl_ovapi;krommenieassendelft@52.49,4.76;krommenieassendelft;109.1;93.1;100;225;0;7;star;35;RETENUE;
Pays-Bas;nl_ovapi;kropswolde@53.16,6.72;kropswolde;109.1;97.4;94.9;158;0;7;star;35;RETENUE;
Pays-Bas;nl_ovapi;lagezwaluwe@51.69,4.66;lagezwaluwe;109.1;97.5;99.9;139;0;7;star;35;RETENUE;
Allemagne;de_gtfsde;lindauinsel@47.54,9.68;lindauinsel;109.1;92.7;97.4;30;0;7;star;35;RETENUE;
Allemagne;de_gtfsde;dellermittes@51.20,6.84;dellermittes;109;75.2;92.9;34;0;7;star;35;RETENUE;
Allemagne;de_gtfsde;hamburgschnelsen@53.63,9.91;hamburgschnelsen;108.9;95.3;89.3;27;0;7;star;35;RETENUE;
Allemagne;de_gtfsde;hamburghrgensweg@53.62,9.90;hamburghrgensweg;108.9;94.1;94.4;27;0;7;star;35;RETENUE;
Allemagne;de_gtfsde;bhlenleipzig@51.20,12.38;bhlenleipzig;108.9;87.4;91.6;41;0;7;star;35;RETENUE;
Allemagne;de_gtfsde;leipzigengelsdorf@51.34,12.48;leipzigengelsdorf;108.9;84.5;93.2;47;0;7;star;35;RETENUE;
Allemagne;de_gtfsde;brettenstadtmitte@49.03,8.70;brettenstadtmitte;108.9;78.6;97.3;275;0;7;star;35;RETENUE;
Allemagne;de_gtfsde;kasselhollndischerplatzuniversitt@51.32,9.50;kasselhollndischerplatzuniversitt;108.9;81.2;99;74;0;7;star;35;RETENUE;
Allemagne;de_gtfsde;vellmarobervellmarbahnhof@51.36,9.45;vellmarobervellmarbahnhof;108.9;85.2;98.6;45;0;7;star;35;RETENUE;
Allemagne;de_gtfsde;riem@48.14,11.68;riem;108.7;86.5;97.1;20;0;7;star;35;RETENUE;
France;fr_sncf;UIC87575001;Poitiers;108.6;87.9;100;16;0.86;7;star;35;RETENUE;
Allemagne;de_gtfsde;gnzburg@48.46,10.28;gnzburg;108.6;82.4;97.9;53;0;7;star;35;RETENUE;
Allemagne;de_gtfsde;grbenzell@48.20,11.37;grbenzell;108.6;91.2;96;20;0;7;star;35;RETENUE;
Allemagne;de_gtfsde;bebra@50.97,9.80;bebra;108.4;81.7;95.6;36;0;7;star;35;RETENUE;
Allemagne;de_gtfsde;perlach@48.09,11.63;perlach;108.3;96.2;99.5;18;0;7;star;35;RETENUE;
Allemagne;de_gtfsde;glawestbf@51.58,6.98;glawestbf;108.3;78.5;97.6;40;0;7;star;35;RETENUE;
Australie;au_translink_seq;toombulstation@-27.41,153.06;toombulstation;108.3;92.7;97.9;243;0;7;star;35;RETENUE;
Allemagne;de_gtfsde;kasselknigsplatz@51.32,9.50;kasselknigsplatz;108.1;79.5;99;77;0;7;star;35;RETENUE;
Allemagne;de_gtfsde;hersbrucklpegnitz@49.50,11.44;hersbrucklpegnitz;108.1;64.9;99;31;0;7;star;35;RETENUE;
Etats-Unis;us_mta_mnr;northwhiteplains@41.05,-73.77;northwhiteplains;108.1;90.9;97.9;46;0;7;star;35;RETENUE;
Allemagne;de_gtfsde;wilferdingensingenbahnhof@48.95,8.57;wilferdingensingenbahnhof;108;82.1;93.6;270;0;7;star;35;RETENUE;
Allemagne;de_gtfsde;darmstadtnordbahnhof@49.89,8.65;darmstadtnordbahnhof;108;83.7;96.9;41;0;7;star;35;RETENUE;
Pays-Bas;nl_ovapi;abcoude@52.28,4.98;abcoude;107.9;94.3;99.1;178;0;7;star;35;RETENUE;
Allemagne;de_gtfsde;oldenburghauptbahnhof@53.14,8.22;oldenburghauptbahnhof;107.9;89.7;95.2;37;0;7;star;35;RETENUE;
Allemagne;de_gtfsde;niederwiesa@50.86,13.02;niederwiesa;107.9;97;98.1;41;0;7;star;35;RETENUE;
Allemagne;de_gtfsde;hfingen@48.82,9.03;hfingen;107.7;96.7;93.4;21;0;7;star;35;RETENUE;
Allemagne;de_gtfsde;leipzigmckern@51.36,12.35;leipzigmckern;107.6;91.8;94;35;0;7;star;35;RETENUE;
France;fr_sncf;UIC87753004;Miramas;107.4;91.5;99.7;17;0.71;7;star;35;RETENUE;
Allemagne;de_gtfsde;kasselfriedrichsplatz@51.31,9.50;kasselfriedrichsplatz;107.4;80.5;99.3;84;0;7;star;35;RETENUE;
Allemagne;de_gtfsde;hrthkalscheurenbf@50.88,6.91;hrthkalscheurenbf;107.4;68.6;94.9;103;0;7;star;35;RETENUE;
Allemagne;de_gtfsde;hirschaid@49.82,10.99;hirschaid;107.3;88.7;98.9;30;0;7;star;35;RETENUE;
Allemagne;de_gtfsde;freitalsbfpotschappel@51.01,13.66;freitalsbfpotschappel;107.3;94.3;98.7;27;0;7;star;35;RETENUE;
Allemagne;de_gtfsde;donauwrth@48.71,10.77;donauwrth;107.3;87.6;97.7;43;0;7;star;35;RETENUE;
Allemagne;de_gtfsde;kasselamstern@51.32,9.50;kasselamstern;107.1;80.8;98.8;73;0;7;star;35;RETENUE;
Allemagne;de_gtfsde;freitalsbfhainsbergwest@50.98,13.62;freitalsbfhainsbergwest;107.1;94.4;99.5;25;0;7;star;35;RETENUE;
Allemagne;de_gtfsde;kasselrathaus@51.31,9.49;kasselrathaus;107.1;80.5;98.6;78;0;7;star;35;RETENUE;
Allemagne;de_gtfsde;gppingen@48.70,9.65;gppingen;107.1;85.2;97.8;32;0;7;star;35;RETENUE;
Allemagne;de_gtfsde;gstrowbahnhof@53.80,12.17;gstrowbahnhof;107;90;96.5;32;0;7;star;35;RETENUE;
Allemagne;de_gtfsde;freinsheimbahnhof@49.50,8.21;freinsheimbahnhof;106.9;92.5;95.2;23;0;7;star;35;RETENUE;
France;fr_sncf;UIC87343004;Valenciennes;106.7;90.5;99.9;18;1.29;7;star;35;RETENUE;
Allemagne;de_gtfsde;kasselkirchditmold@51.32,9.45;kasselkirchditmold;106.7;87.3;97.6;46;0;7;star;35;RETENUE;
Etats-Unis;us_mta_mnr;greenwich@41.02,-73.62;greenwich;106.7;92.2;99.5;22;0;7;star;35;RETENUE;
Allemagne;de_gtfsde;kasseljungfernkopf@51.34,9.46;kasseljungfernkopf;106.6;88.1;98.2;48;0;7;star;35;RETENUE;
Allemagne;de_gtfsde;weilamrheinbahnhof@47.59,7.61;weilamrheinbahnhof;106.6;95.6;97.5;28;0;7;star;35;RETENUE;
Allemagne;de_gtfsde;gernlinden@48.21,11.30;gernlinden;106.4;90.9;96.1;24;0;7;star;35;RETENUE;
Allemagne;de_gtfsde;eggensteinspckerweg@49.08,8.40;eggensteinspckerweg;106.4;92.3;93.6;217;0;7;star;35;RETENUE;
Pays-Bas;nl_ovapi;nieuwvennep@52.26,4.65;nieuwvennep;106.3;94.6;98.9;189;0;7;star;35;RETENUE;
Allemagne;de_gtfsde;riedstadtgoddelaubahnhof@49.83,8.49;riedstadtgoddelaubahnhof;106.3;86.6;97.5;30;0;7;star;35;RETENUE;
Pays-Bas;nl_ovapi;dordrechtzuid@51.79,4.67;dordrechtzuid;106.1;97.4;99.6;138;0;7;star;34;RETENUE;
Allemagne;de_gtfsde;frankfurtoderbahnhof@52.34,14.55;frankfurtoderbahnhof;106.1;97.2;96.7;29;0;7;star;34;RETENUE;
Allemagne;de_gtfsde;eggensteinsd@49.07,8.40;eggensteinsd;106.1;90.7;99.2;226;0;7;star;34;RETENUE;
Etats-Unis;us_mta_mnr;ossining@41.16,-73.87;ossining;106.1;91.8;99.2;24;0;7;star;34;RETENUE;
Allemagne;de_gtfsde;tharandtbahnhof@50.98,13.59;tharandtbahnhof;106;93.5;98.9;22;0;7;star;34;RETENUE;
Allemagne;de_gtfsde;singenhtwbahnhof@47.76,8.84;singenhtwbahnhof;106;75.2;97.1;55;0;7;star;34;RETENUE;
Allemagne;de_gtfsde;babenhausenbahnhof@49.96,8.96;babenhausenbahnhof;106;90.3;98.5;32;0;7;star;34;RETENUE;
Pays-Bas;nl_ovapi;martenshoek@53.16,6.74;martenshoek;105.9;97.7;94.6;164;0;7;star;34;RETENUE;
Allemagne;de_gtfsde;donaueschingenbahnhof@47.95,8.50;donaueschingenbahnhof;105.9;71.7;94.8;68;0;7;star;34;RETENUE;
Allemagne;de_gtfsde;heilbronnpfhlpark@49.14,9.24;heilbronnpfhlpark;105.9;85.7;96.7;309;0;7;star;34;RETENUE;
Allemagne;de_gtfsde;dorstenbf@51.66,6.97;dorstenbf;105.9;88.9;96.1;28;0;7;star;34;RETENUE;
Allemagne;de_gtfsde;dresdensbfplauen@51.03,13.70;dresdensbfplauen;105.9;95.3;96.1;20;0;7;star;34;RETENUE;
Etats-Unis;us_mta_lirr;floralpark@40.72,-73.71;floralpark;105.9;93.8;99.2;334;0;7;star;34;RETENUE;
Allemagne;de_gtfsde;untergrombach@49.09,8.55;untergrombach;105.7;85.1;98.9;252;0;7;star;34;RETENUE;
Pays-Bas;nl_ovapi;sliedrechtbaanhoek@51.83,4.74;sliedrechtbaanhoek;105.6;96.9;99.6;167;0;7;star;34;RETENUE;
Allemagne;de_gtfsde;neunkirchensaarwellesweiler@49.35,7.23;neunkirchensaarwellesweiler;105.6;93.9;99.2;18;0;7;star;34;RETENUE;
France;fr_sncf;UIC87746008;Annecy;105.4;90.8;100;17;0.86;7;star;34;RETENUE;
Pays-Bas;nl_ovapi;maastrichtrandwyck@50.84,5.72;maastrichtrandwyck;105.4;97.4;99.6;134;0;7;star;34;RETENUE;
Allemagne;de_gtfsde;wicklesgreuth@49.31,10.71;wicklesgreuth;105.4;96.2;92.7;26;0;7;star;34;RETENUE;
Allemagne;de_gtfsde;armsheimbahnhof@49.81,8.07;armsheimbahnhof;105.4;47.7;97.7;46;0;7;star;34;RETENUE;
Allemagne;de_gtfsde;ditzingen@48.82,9.07;ditzingen;105.1;96.3;90.2;19;0;7;star;34;RETENUE;
Pays-Bas;nl_ovapi;sassenheim@52.22,4.53;sassenheim;105;94.3;99.7;187;0;7;star;34;RETENUE;
Allemagne;de_gtfsde;langenfeldrheinls@51.10,6.94;langenfeldrheinls;105;82.6;94;27;0;7;star;34;RETENUE;
Allemagne;de_gtfsde;essenborbeckbf@51.47,6.95;essenborbeckbf;105;80.4;97.6;37;0;7;star;34;RETENUE;
Allemagne;de_gtfsde;bexbach@49.35,7.25;bexbach;105;94.4;99.9;20;0;7;star;34;RETENUE;
Allemagne;de_gtfsde;weilheim@47.85,11.14;weilheim;104.9;75.7;96.2;36;0;7;star;34;RETENUE;
Allemagne;de_gtfsde;potsdamparksanssoucibhf@52.39,13.02;potsdamparksanssoucibhf;104.9;96.6;90.7;21;0;7;star;34;RETENUE;
Etats-Unis;us_mta_lirr;wantagh@40.67,-73.51;wantagh;104.9;92;98.8;348;0;7;star;34;RETENUE;
Allemagne;de_gtfsde;heilbronnfinanzamt@49.14,9.23;heilbronnfinanzamt;104.7;83.6;95.4;292;0;7;star;34;RETENUE;
Allemagne;de_gtfsde;oberderdingenflehingen@49.08,8.78;oberderdingenflehingen;104.7;76.4;96.6;266;0;7;star;34;RETENUE;
Allemagne;de_gtfsde;viersenbahnhof@51.25,6.40;viersenbahnhof;104.6;66.7;96.3;79;0;7;star;34;RETENUE;
Allemagne;de_gtfsde;leipzighalleflughafen@51.42,12.22;leipzighalleflughafen;104.4;74.4;97.3;49;0;7;star;34;RETENUE;
Allemagne;de_gtfsde;ottweilersaar@49.40,7.17;ottweilersaar;104.4;77.7;98.7;46;0;7;star;34;RETENUE;
Etats-Unis;us_mta_mnr;southnorwalk@41.10,-73.42;southnorwalk;104.4;90.4;99.5;24;0;7;star;34;RETENUE;
Pays-Bas;nl_ovapi;dordrechtstadspolders@51.80,4.72;dordrechtstadspolders;104.3;97.1;98.3;158;0;7;star;34;RETENUE;
Allemagne;de_gtfsde;sigmaringenbahnhof@48.09,9.22;sigmaringenbahnhof;104.3;66.6;95.2;54;0;7;star;34;RETENUE;
Allemagne;de_gtfsde;kasselwienerstrae@51.33,9.49;kasselwienerstrae;104.1;80.7;98.2;74;0;7;star;34;RETENUE;
Allemagne;de_gtfsde;groumstadtwiebelsbachbahnhof@49.83,8.94;groumstadtwiebelsbachbahnhof;104.1;88.5;99.7;33;0;7;star;34;RETENUE;
Allemagne;de_gtfsde;linkenheimschulzentrum@49.13,8.41;linkenheimschulzentrum;104.1;93.8;98.6;185;0;7;star;34;RETENUE;
Allemagne;de_gtfsde;dhellerhofs@51.13,6.91;dhellerhofs;104;82.4;95.3;29;0;7;star;34;RETENUE;
Allemagne;de_gtfsde;marktredwitz@50.00,12.08;marktredwitz;104;84.5;97.7;41;0;7;star;34;RETENUE;
Allemagne;de_gtfsde;kasselhalitplatzphilippscheidemannhaus@51.33,9.50;kasselhalitplatzphilippscheidemannhaus;103.9;80.7;98.2;67;0;7;star;34;RETENUE;
Allemagne;de_gtfsde;heimstetten@48.16,11.76;heimstetten;103.9;85.7;97.5;21;0;7;star;34;RETENUE;
Allemagne;de_gtfsde;hasloh@53.69,9.92;hasloh;103.9;95.7;93.4;22;0;7;star;34;RETENUE;
Allemagne;de_gtfsde;freitalbusbfbfdeuben@51.00,13.65;freitalbusbfbfdeuben;103.9;94.6;99.6;27;0;7;star;34;RETENUE;
Allemagne;de_gtfsde;lippstadtbustreffbahnhof@51.67,8.35;lippstadtbustreffbahnhof;103.7;44.6;97.6;110;0;7;star;34;RETENUE;
Allemagne;de_gtfsde;kasselhauptfriedhof@51.33,9.50;kasselhauptfriedhof;103.6;81.2;97.8;67;0;7;star;34;RETENUE;
Allemagne;de_gtfsde;kissing@48.30,10.96;kissing;103.6;86.9;93.8;39;0;7;star;34;RETENUE;
Allemagne;de_gtfsde;lutherstadtwittenberghbf@51.87,12.66;lutherstadtwittenberghbf;103.4;86.2;96.5;40;0;7;star;34;RETENUE;
Etats-Unis;us_mta_lirr;amityville@40.68,-73.42;amityville;103.4;92.7;99.9;310;0;7;star;34;RETENUE;
Allemagne;de_gtfsde;eglharting@48.08,11.86;eglharting;103.3;90.9;98.6;20;0;7;star;34;RETENUE;
Allemagne;de_gtfsde;ginsheimgustavsburgmainzgustavsburgbf@49.99,8.31;ginsheimgustavsburgmainzgustavsburgbf;103.3;79.8;96.4;36;0;7;star;34;RETENUE;
Allemagne;de_gtfsde;starnbergnord@48.01,11.35;starnbergnord;103.1;92.4;96.8;17;0;7;star;34;RETENUE;
Pays-Bas;nl_ovapi;devink@52.15,4.46;devink;103;97.9;98.5;99;0;7;star;33;RETENUE;
Allemagne;de_gtfsde;nauenbahnhof@52.61,12.88;nauenbahnhof;103;93.5;98.5;38;0;7;star;33;RETENUE;
Allemagne;de_gtfsde;heilbronnfriedensplatz@49.14,9.23;heilbronnfriedensplatz;103;83.6;95;286;0;7;star;33;RETENUE;
Allemagne;de_gtfsde;freibergbahnhof@50.91,13.34;freibergbahnhof;103;95.7;98.5;24;0;7;star;33;RETENUE;
Allemagne;de_gtfsde;winnenden@48.88,9.39;winnenden;103;92.4;95.5;26;0;7;star;33;RETENUE;
Pays-Bas;nl_ovapi;utrechtterwijde@52.10,5.04;utrechtterwijde;102.9;97.4;99.3;148;0;7;star;33;RETENUE;
Allemagne;de_gtfsde;essenaltenessenbf@51.48,7.01;essenaltenessenbf;102.9;87.1;96.8;72;0;7;star;33;RETENUE;
Allemagne;de_gtfsde;stwendel@49.47,7.17;stwendel;102.9;79.4;98.6;48;0;7;star;33;RETENUE;
Allemagne;de_gtfsde;hohenbrunn@48.05,11.70;hohenbrunn;102.7;94.2;97.3;21;0;7;star;33;RETENUE;
Allemagne;de_gtfsde;kasselhegelsbergstrae@51.34,9.49;kasselhegelsbergstrae;102.7;81.1;98.4;74;0;7;star;33;RETENUE;
Allemagne;de_gtfsde;hhenkirchensiegertsbrunn@48.02,11.72;hhenkirchensiegertsbrunn;102.6;95;98.4;18;0;7;star;33;RETENUE;
Allemagne;de_gtfsde;biblisbahnhof@49.69,8.45;biblisbahnhof;102.6;85.5;93.2;32;0;7;star;33;RETENUE;
Allemagne;de_gtfsde;biberachzobbahnhof@48.10,9.79;biberachzobbahnhof;102.6;72.1;96.8;38;0;7;star;33;RETENUE;
Etats-Unis;us_mta_lirr;bellmore@40.67,-73.53;bellmore;102.6;91.9;98.8;320;0;7;star;33;RETENUE;
France;fr_sncf;UIC87584052;Libourne;102.4;91.1;99.9;18;0.57;7;star;33;RETENUE;
Pays-Bas;nl_ovapi;tiel@51.89,5.42;tiel;102.4;97.8;99;133;0;7;star;33;RETENUE;
Allemagne;de_gtfsde;bnningstedt@53.66,9.91;bnningstedt;102.4;93.3;88.1;29;0;7;star;33;RETENUE;
Allemagne;de_gtfsde;iserlstadtbahnhof@51.37,7.69;iserlstadtbahnhof;102.4;89.4;98.6;48;0;7;star;33;RETENUE;
Allemagne;de_gtfsde;poing@48.17,11.81;poing;102.1;87.3;97.8;24;0;7;star;33;RETENUE;
Allemagne;de_gtfsde;kaltenkirchen@53.83,9.97;kaltenkirchen;102.1;92.7;94.2;18;0;7;star;33;RETENUE;
Allemagne;de_gtfsde;flhabahnhof@50.85,13.08;flhabahnhof;102.1;93.7;96.9;22;0;7;star;33;RETENUE;
Allemagne;de_gtfsde;landshutbayhauptbahnhof@48.55,12.14;landshutbayhauptbahnhof;102;86.6;95.7;31;0;7;star;33;RETENUE;
Allemagne;de_gtfsde;bobingen@48.27,10.84;bobingen;101.9;94.7;90.8;21;0;7;star;33;RETENUE;
Allemagne;de_gtfsde;trkheimbaybahnhof@48.05,10.62;trkheimbaybahnhof;101.7;88.8;96.6;24;0;7;star;33;RETENUE;
Allemagne;de_gtfsde;heimeranplatz@48.13,11.53;heimeranplatz;101.6;85.8;93.6;28;0;7;star;33;RETENUE;
Allemagne;de_gtfsde;hamburgburgwedel@53.65,9.91;hamburgburgwedel;101.6;94.2;85.9;29;0;7;star;33;RETENUE;
Allemagne;de_gtfsde;dgaraths@51.14,6.90;dgaraths;101.4;81.7;94.7;27;0;7;star;33;RETENUE;
Allemagne;de_gtfsde;neuperlachsd@48.09,11.64;neuperlachsd;101.4;95.5;94.7;16;0;7;star;33;RETENUE;
Allemagne;de_gtfsde;grafingstadt@48.05,11.96;grafingstadt;101.4;76.2;96.1;21;0;7;star;33;RETENUE;
Allemagne;de_gtfsde;leopoldshafenviermorgen@49.09,8.40;leopoldshafenviermorgen;101.4;93.4;98.5;201;0;7;star;33;RETENUE;
Allemagne;de_gtfsde;weinsberg@49.15,9.29;weinsberg;101.3;85.9;94.8;271;0;7;star;33;RETENUE;
Allemagne;de_gtfsde;gaualgesheimbahnhof@49.96,8.02;gaualgesheimbahnhof;101.3;66;98.3;57;0;7;star;33;RETENUE;
Allemagne;de_gtfsde;nrnbergmgeldorf@49.46,11.13;nrnbergmgeldorf;101.3;92;97.7;20;0;7;star;33;RETENUE;
Allemagne;de_gtfsde;eggensteinschwerinerstrae@49.09,8.40;eggensteinschwerinerstrae;101.3;93.5;92.7;194;0;7;star;33;RETENUE;
Pays-Bas;nl_ovapi;hoogezandsappemeer@53.16,6.77;hoogezandsappemeer;101.1;97.7;96.5;153;0;7;star;33;RETENUE;
Allemagne;de_gtfsde;offenbachmainzentrumhauptbahnhof@50.10,8.76;offenbachmainzentrumhauptbahnhof;101.1;66.1;98.2;42;0;7;star;33;RETENUE;
Pays-Bas;nl_ovapi;amsterdamholendrecht@52.30,4.96;amsterdamholendrecht;101;93.8;99.4;195;0;7;star;33;RETENUE;
Pays-Bas;nl_ovapi;sliedrecht@51.83,4.78;sliedrecht;101;96.9;99.7;165;0;7;star;33;RETENUE;
Allemagne;de_gtfsde;badschwartau@53.92,10.70;badschwartau;101;92.1;90.8;24;0;7;star;33;RETENUE;
France;fr_sncf;UIC87741132;Aix-les-Bains le Revard;100.9;85.3;99.3;17;1.14;7;star;33;RETENUE;
Allemagne;de_gtfsde;kasselhollndischestrae@51.34,9.48;kasselhollndischestrae;100.9;82.2;97.8;68;0;7;star;33;RETENUE;
Allemagne;de_gtfsde;wittenbergebahnhof@53.00,11.76;wittenbergebahnhof;100.7;90.8;97.8;36;0;7;star;33;RETENUE;
Allemagne;de_gtfsde;nrnbergostring@49.45,11.12;nrnbergostring;100.7;91.2;98.5;19;0;7;star;33;RETENUE;
France;fr_sncf;UIC87723478;La Tour-du-Pin;100.6;91.3;99.7;14;1.86;7;star;33;RETENUE;
Allemagne;de_gtfsde;siegelsdorf@49.51,10.88;siegelsdorf;100.6;87.6;96.7;37;0;7;star;33;RETENUE;
Allemagne;de_gtfsde;germersheimmitterhein@49.22,8.38;germersheimmitterhein;100.6;87.9;97.1;111;0;7;star;33;RETENUE;
Allemagne;de_gtfsde;mering@48.26,10.99;mering;100.6;87.9;91.4;33;0;7;star;33;RETENUE;
Allemagne;de_gtfsde;fasanenpark@48.08,11.61;fasanenpark;100.6;93;91;23;0;7;star;33;RETENUE;
Allemagne;de_gtfsde;weingartenbaden@49.06,8.52;weingartenbaden;100.6;84.7;98.6;235;0;7;star;33;RETENUE;
France;fr_sncf;UIC87723429;Bourgoin-Jallieu;100.4;90.9;99.7;13;1.86;7;star;33;RETENUE;
Allemagne;de_gtfsde;langenhagenbahnhofmitte@52.44,9.73;langenhagenbahnhofmitte;100.4;72.8;92.5;42;0;7;star;33;RETENUE;
Allemagne;de_gtfsde;nrnbergrehhof@49.46,11.15;nrnbergrehhof;100.4;91.5;92.6;22;0;7;star;33;RETENUE;
Allemagne;de_gtfsde;dortmundwesterfilde@51.55,7.38;dortmundwesterfilde;100.3;91.6;98.9;26;0;7;star;33;RETENUE;
Allemagne;de_gtfsde;langenfeldberghausens@51.12,6.92;langenfeldberghausens;100.1;81.9;91.8;28;0;7;star;33;RETENUE;
Allemagne;de_gtfsde;frankfurtmaingriesheimbahnhof@50.09,8.61;frankfurtmaingriesheimbahnhof;100.1;76.7;95.1;34;0;7;star;33;RETENUE;
Allemagne;de_gtfsde;neubiberg@48.08,11.66;neubiberg;100;95.9;98;19;0;7;star;32;RETENUE;
Etats-Unis;us_mta_lirr;greatneck@40.79,-73.73;greatneck;100;96.3;100;300;0;7;star;32;RETENUE;
Pays-Bas;nl_ovapi;nijmegenlent@51.86,5.86;nijmegenlent;99.9;97.3;99.9;142;0;7;titulaire;40;RETENUE;
Allemagne;de_gtfsde;weilderstadt@48.76,8.87;weilderstadt;99.9;96.6;92.6;23;0;7;titulaire;40;RETENUE;
Allemagne;de_gtfsde;pullach@48.06,11.52;pullach;99.9;89.6;93;24;0;7;titulaire;40;RETENUE;
Allemagne;de_gtfsde;rodgauniederrodenrollwaldbahnhof@49.99,8.85;rodgauniederrodenrollwaldbahnhof;99.7;67.2;98.4;41;0;7;titulaire;40;RETENUE;
Allemagne;de_gtfsde;badenbaden@48.79,8.19;badenbaden;99.7;78.1;96.5;161;0;7;titulaire;40;RETENUE;
Allemagne;de_gtfsde;crailsheimbahnhof@49.14,10.06;crailsheimbahnhof;99.7;65.5;94.6;48;0;7;titulaire;40;RETENUE;
Allemagne;de_gtfsde;wssingenost@49.02,8.61;wssingenost;99.6;78.5;97.1;299;0;7;titulaire;40;RETENUE;
Allemagne;de_gtfsde;leopoldshafenfrankfurterstrae@49.10,8.40;leopoldshafenfrankfurterstrae;99.6;93.1;94.6;191;0;7;titulaire;40;RETENUE;
Allemagne;de_gtfsde;unterfhring@48.19,11.65;unterfhring;99.4;93.8;95.5;21;0;7;titulaire;40;RETENUE;
Allemagne;de_gtfsde;leopoldshafenleopoldstrae@49.10,8.40;leopoldshafenleopoldstrae;99.4;93.2;95.5;195;0;7;titulaire;40;RETENUE;
Etats-Unis;us_mta_lirr;kewgardens@40.71,-73.83;kewgardens;99.4;91.5;100;298;0;7;titulaire;40;RETENUE;
France;fr_sncf;UIC87682302;Montereau;99.3;86;99.4;31;2.71;7;titulaire;40;RETENUE;
Allemagne;de_gtfsde;ebenhausenunterfr@50.13,10.14;ebenhausenunterfr;99.3;92.9;96.8;25;0;7;titulaire;40;RETENUE;
Allemagne;de_gtfsde;alzeybahnhof@49.75,8.11;alzeybahnhof;99.3;50.8;96.8;50;0;7;titulaire;40;RETENUE;
Allemagne;de_gtfsde;ansbach@49.30,10.58;ansbach;99.3;87.6;95.6;45;0;7;titulaire;40;RETENUE;
Allemagne;de_gtfsde;leipzigleutzsch@51.35,12.30;leipzigleutzsch;99.3;91.4;98.6;26;0;7;titulaire;40;RETENUE;
Pays-Bas;nl_ovapi;antwerpencentraal@51.22,4.42;antwerpencentraal;99.1;92.8;99.9;98;0;7;titulaire;40;RETENUE;
Etats-Unis;us_mta_lirr;foresthills@40.72,-73.84;foresthills;99.1;90.2;99.1;320;0;7;titulaire;40;RETENUE;
Allemagne;de_gtfsde;daglfing@48.15,11.65;daglfing;99;95.7;93.4;21;0;7;titulaire;40;RETENUE;
Allemagne;de_gtfsde;geithain@51.06,12.70;geithain;99;95.5;98.7;27;0;7;titulaire;40;RETENUE;
Allemagne;de_gtfsde;hochstettengrenzstrae@49.13,8.42;hochstettengrenzstrae;99;93.7;98.4;185;0;7;titulaire;40;RETENUE;
Allemagne;de_gtfsde;brstadtbahnhof@49.65,8.46;brstadtbahnhof;98.9;86.6;96.6;30;0;7;titulaire;40;RETENUE;
Allemagne;de_gtfsde;ottobrunn@48.06,11.68;ottobrunn;98.7;94.2;93.8;20;0;7;titulaire;40;RETENUE;
Allemagne;de_gtfsde;grevenbroichbf@51.09,6.58;grevenbroichbf;98.7;86.5;94.5;27;0;7;titulaire;40;RETENUE;
Allemagne;de_gtfsde;friedrichsdorfseulbergbahnhof@50.24,8.65;friedrichsdorfseulbergbahnhof;98.6;95.8;99.6;20;0;7;titulaire;40;RETENUE;
Allemagne;de_gtfsde;hanausteinheimmainbahnhof@50.12,8.91;hanausteinheimmainbahnhof;98.6;79.9;95.7;30;0;7;titulaire;40;RETENUE;
Allemagne;de_gtfsde;quickborn@53.73,9.90;quickborn;98.6;95.7;90.6;22;0;7;titulaire;40;RETENUE;
Allemagne;de_gtfsde;quickbornsd@53.72,9.91;quickbornsd;98.6;95.7;90.2;20;0;7;titulaire;40;RETENUE;
Allemagne;de_gtfsde;idarobersteinbahnhof@49.70,7.32;idarobersteinbahnhof;98.6;73.5;99.4;51;0;7;titulaire;40;RETENUE;
Allemagne;de_gtfsde;mrschbachwest@48.96,8.28;mrschbachwest;98.4;89.8;90.4;159;0;7;titulaire;40;RETENUE;
Allemagne;de_gtfsde;shegermhle@52.55,13.87;shegermhle;98.3;95.1;99.9;41;0;7;titulaire;40;RETENUE;
Allemagne;de_gtfsde;schaftlach@47.80,11.68;schaftlach;98.3;92.3;93.5;26;0;7;titulaire;40;RETENUE;
Etats-Unis;us_mta_mnr;crotonharmon@41.19,-73.88;crotonharmon;98.3;92.6;99.6;24;0;7;titulaire;40;RETENUE;
Pays-Bas;nl_ovapi;nijmegendukenburg@51.82,5.79;nijmegendukenburg;98.1;96.7;99.7;157;0;7;titulaire;40;RETENUE;
Allemagne;de_gtfsde;warngau@47.83,11.71;warngau;98.1;90.2;92.7;24;0;7;titulaire;40;RETENUE;
Allemagne;de_gtfsde;feldafing@47.95,11.29;feldafing;98.1;96.5;95.5;15;0;7;titulaire;40;RETENUE;
Allemagne;de_gtfsde;grub@48.16,11.78;grub;97.9;87.2;95;23;0;7;titulaire;40;RETENUE;
Allemagne;de_gtfsde;neustadtbbig@49.35,8.16;neustadtbbig;97.9;88.2;89.4;38;0;7;titulaire;40;RETENUE;
Allemagne;de_gtfsde;heidenausbahnhofsd@50.97,13.87;heidenausbahnhofsd;97.9;80.3;88.4;36;0;7;titulaire;40;RETENUE;
Allemagne;de_gtfsde;weilimdorfbf@48.82,9.09;weilimdorfbf;97.9;95.5;89.4;24;0;7;titulaire;40;RETENUE;
Allemagne;de_gtfsde;buchholzbuchholznordheide@53.32,9.88;buchholzbuchholznordheide;97.7;69.9;96.2;61;0;7;titulaire;40;RETENUE;
Pays-Bas;nl_ovapi;nijmegengoffert@51.83,5.82;nijmegengoffert;97.6;96.6;98.3;144;0;7;titulaire;40;RETENUE;
Allemagne;de_gtfsde;bckingenberufsschulzentrum@49.14,9.18;bckingenberufsschulzentrum;97.6;83.6;98.1;307;0;7;titulaire;40;RETENUE;
Allemagne;de_gtfsde;magdeburgeichenweiler@52.17,11.66;magdeburgeichenweiler;97.4;74.2;95.8;30;0;7;titulaire;39;RETENUE;
Allemagne;de_gtfsde;zwieselbay@49.02,13.23;zwieselbay;97.4;97.5;99.4;12;0;7;titulaire;39;RETENUE;
Allemagne;de_gtfsde;linkenheimfriedrichstrae@49.12,8.41;linkenheimfriedrichstrae;97.4;94;98.1;180;0;7;titulaire;39;RETENUE;
Allemagne;de_gtfsde;husum@54.47,9.06;husum;97.4;91.6;99;33;0;7;titulaire;39;RETENUE;
Allemagne;de_gtfsde;seefeldhechendorf@48.04,11.20;seefeldhechendorf;97.3;94.9;99.4;19;0;7;titulaire;39;RETENUE;
Allemagne;de_gtfsde;dortmundnetteoestrichs@51.56,7.38;dortmundnetteoestrichs;97.3;92.7;99.4;22;0;7;titulaire;39;RETENUE;
Norvege;no_entur;mossstasjon@59.43,10.66;mossstasjon;97.1;88.7;97.1;268;0;7;titulaire;39;RETENUE;
Allemagne;de_gtfsde;mhlheimmaindietesheimsbahn@50.12,8.86;mhlheimmaindietesheimsbahn;97.1;80.6;94.7;27;0;7;titulaire;39;RETENUE;
Allemagne;de_gtfsde;brhlbf@50.83,6.91;brhlbf;97.1;56.3;96.6;139;0;7;titulaire;39;RETENUE;
Etats-Unis;us_mta_lirr;brentwood@40.78,-73.24;brentwood;97.1;94.6;99.9;322;0;7;titulaire;39;RETENUE;
Allemagne;de_gtfsde;leipzigvlkerschlachtdenkmal@51.32,12.41;leipzigvlkerschlachtdenkmal;96.9;86.6;95.4;43;0;7;titulaire;39;RETENUE;
Allemagne;de_gtfsde;klnporzbfporz@50.88,7.06;klnporzbfporz;96.9;79.9;93;30;0;7;titulaire;39;RETENUE;
Allemagne;de_gtfsde;icking@47.95,11.44;icking;96.9;85.3;98;24;0;7;titulaire;39;RETENUE;
Etats-Unis;us_mta_lirr;lynbrook@40.66,-73.68;lynbrook;96.9;92.5;97.8;282;0;7;titulaire;39;RETENUE;
Pays-Bas;nl_ovapi;wijchen@51.81,5.73;wijchen;96.7;96.3;97.6;155;0;7;titulaire;39;RETENUE;
Allemagne;de_gtfsde;priestewitzbahnhof@51.25,13.51;priestewitzbahnhof;96.7;87;98.7;32;0;7;titulaire;39;RETENUE;
Allemagne;de_gtfsde;linkenheimsd@49.12,8.41;linkenheimsd;96.7;93.8;99;190;0;7;titulaire;39;RETENUE;
France;fr_sncf;UIC87594002;Brive-la-Gaillarde;96.6;92;100;14;4.71;7;titulaire;39;RETENUE;
Allemagne;de_gtfsde;kaltenkirchensd@53.82,9.97;kaltenkirchensd;96.6;93;89.1;18;0;7;titulaire;39;RETENUE;
Allemagne;de_gtfsde;rthenbachpegnitz@49.48,11.23;rthenbachpegnitz;96.6;91.7;98;21;0;7;titulaire;39;RETENUE;
Allemagne;de_gtfsde;leonberg@48.80,9.00;leonberg;96.6;95.9;89.5;22;0;7;titulaire;39;RETENUE;
Etats-Unis;us_mta_lirr;hillsidefacility@40.71,-73.78;hillsidefacility;96.6;91.6;98.1;279;0;7;titulaire;39;RETENUE;
Allemagne;de_gtfsde;markkleebergnord@51.29,12.37;markkleebergnord;96.3;84.9;89.3;38;0;7;titulaire;39;RETENUE;
Allemagne;de_gtfsde;frankfurtmainostbahnhof@50.11,8.71;frankfurtmainostbahnhof;96.3;77.2;91.8;33;0;7;titulaire;39;RETENUE;
Etats-Unis;us_mta_lirr;lindenhurst@40.69,-73.37;lindenhurst;96.3;93;99.3;316;0;7;titulaire;39;RETENUE;
Allemagne;de_gtfsde;feldkirchen@48.15,11.73;feldkirchen;96.1;85.6;94.7;22;0;7;titulaire;39;RETENUE;
Allemagne;de_gtfsde;sstrausbergnord@52.59,13.91;sstrausbergnord;96.1;94.2;99.3;34;0;7;titulaire;39;RETENUE;
Allemagne;de_gtfsde;linkenheimrathaus@49.12,8.41;linkenheimrathaus;96.1;93.9;94;187;0;7;titulaire;39;RETENUE;
Allemagne;de_gtfsde;bckingenwest@49.14,9.17;bckingenwest;96;84.1;98.1;316;0;7;titulaire;39;RETENUE;
Allemagne;de_gtfsde;treuchtlingen@48.96,10.91;treuchtlingen;96;84.8;96.4;47;0;7;titulaire;39;RETENUE;
Allemagne;de_gtfsde;duisburgrahmbf@51.35,6.78;duisburgrahmbf;96;64.6;99.6;37;0;7;titulaire;39;RETENUE;
Allemagne;de_gtfsde;possenhofen@47.96,11.31;possenhofen;96;96.6;94.6;14;0;7;titulaire;39;RETENUE;
Allemagne;de_gtfsde;mrfeldenwalldorfwalldorfbahnhof@50.00,8.58;mrfeldenwalldorfwalldorfbahnhof;95.9;85.4;97.8;26;0;7;titulaire;39;RETENUE;
Allemagne;de_gtfsde;wolfsburgfallerslebenbahnhof@52.42,10.72;wolfsburgfallerslebenbahnhof;95.9;81.5;92.2;31;0;7;titulaire;39;RETENUE;
Etats-Unis;us_mta_lirr;copiague@40.68,-73.40;copiague;95.7;93.3;98.7;307;0;7;titulaire;39;RETENUE;
Allemagne;de_gtfsde;hildensds@51.16,6.94;hildensds;95.6;67.6;99.1;29;0;7;titulaire;39;RETENUE;
Allemagne;de_gtfsde;geislingensteige@48.62,9.84;geislingensteige;95.6;85.2;90.8;34;0;7;titulaire;39;RETENUE;
Allemagne;de_gtfsde;mllheimbadenbahnhof@47.81,7.60;mllheimbadenbahnhof;95.6;91.8;95.8;35;0;7;titulaire;39;RETENUE;
Allemagne;de_gtfsde;plauenvogtlobbf@50.51,12.13;plauenvogtlobbf;95.4;74.4;97.7;33;0;7;titulaire;39;RETENUE;
Allemagne;de_gtfsde;leverkusenwiesdorfchemparksbahn@51.01,7.00;leverkusenwiesdorfchemparksbahn;95.4;82.3;96.4;29;0;7;titulaire;39;RETENUE;
Allemagne;de_gtfsde;bielefeldbrackwedebahnhof@52.00,8.50;bielefeldbrackwedebahnhof;95.4;78.3;93.7;66;0;7;titulaire;39;RETENUE;
Allemagne;de_gtfsde;hringenhbf@49.20,9.50;hringenhbf;95.4;86.5;95.7;229;0;7;titulaire;39;RETENUE;
Etats-Unis;us_mta_lirr;wyandanch@40.75,-73.36;wyandanch;95.4;92.2;99.3;306;0;7;titulaire;39;RETENUE;
Etats-Unis;us_mta_lirr;centralislip@40.79,-73.19;centralislip;95.4;93.3;99.4;293;0;7;titulaire;39;RETENUE;
Allemagne;de_gtfsde;freitalsbahnhofhainsberg@50.99,13.64;freitalsbahnhofhainsberg;95.3;93.6;95.6;28;0;7;titulaire;39;RETENUE;
France;fr_sncf;UIC87781005;Béziers;95.1;80.5;99.7;18;2.71;7;titulaire;39;RETENUE;
Allemagne;de_gtfsde;villingenbahnhofzob@48.06,8.47;villingenbahnhofzob;95.1;76.6;93.8;67;0;7;titulaire;39;RETENUE;
Allemagne;de_gtfsde;kirchheimrohrbachbf@49.38,8.68;kirchheimrohrbachbf;95.1;84.2;97.5;35;0;7;titulaire;39;RETENUE;
Allemagne;de_gtfsde;meringstafra@48.27,10.97;meringstafra;95.1;86.5;87.1;31;0;7;titulaire;39;RETENUE;
Allemagne;de_gtfsde;dillenburgbahnhof@50.73,8.29;dillenburgbahnhof;95;86.5;95.5;36;0;7;titulaire;38;RETENUE;
Allemagne;de_gtfsde;ludwigsfeldebahnhof@52.30,13.27;ludwigsfeldebahnhof;95;81.7;96.7;38;0;7;titulaire;38;RETENUE;
Etats-Unis;us_mta_lirr;rockvillecentre@40.66,-73.65;rockvillecentre;95;90.2;99.1;302;0;7;titulaire;38;RETENUE;
Allemagne;de_gtfsde;rodgaududenhofenbahnhof@50.01,8.88;rodgaududenhofenbahnhof;94.9;70.9;97.4;37;0;7;titulaire;38;RETENUE;
Allemagne;de_gtfsde;mnzesheim@49.13,8.72;mnzesheim;94.9;92;96;265;0;7;titulaire;38;RETENUE;
Allemagne;de_gtfsde;bckingensonnenbrunnen@49.14,9.19;bckingensonnenbrunnen;94.9;83.4;96.8;300;0;7;titulaire;38;RETENUE;
Etats-Unis;us_mta_lirr;deerpark@40.77,-73.29;deerpark;94.9;93.1;99;292;0;7;titulaire;38;RETENUE;
Allemagne;de_gtfsde;laufwest@49.50,11.28;laufwest;94.7;89.7;97.8;18;0;7;titulaire;38;RETENUE;
Allemagne;de_gtfsde;tuttlingenbahnhof@47.98,8.80;tuttlingenbahnhof;94.4;63.4;94.7;67;0;7;titulaire;38;RETENUE;
Etats-Unis;us_mta_mnr;yankeese153st@40.83,-73.93;yankeese153st;94.4;91.8;97.6;34;0;7;titulaire;38;RETENUE;
Allemagne;de_gtfsde;stilgenbahnhof@49.34,8.67;stilgenbahnhof;94.3;82.7;96.9;36;0;7;titulaire;38;RETENUE;
Allemagne;de_gtfsde;fdshbf@48.46,8.43;fdshbf;94.3;90.6;93.9;113;0;7;titulaire;38;RETENUE;
Allemagne;de_gtfsde;schwaigernwrttwest@49.14,9.04;schwaigernwrttwest;94;86.8;99.2;264;0;7;titulaire;38;RETENUE;
Allemagne;de_gtfsde;sstrausbergstadt@52.58,13.89;sstrausbergstadt;94;93.9;96.5;45;0;7;titulaire;38;RETENUE;
Allemagne;de_gtfsde;hamburgeidelstedtzentrum@53.61,9.90;hamburgeidelstedtzentrum;94;92.6;85.5;29;0;7;titulaire;38;RETENUE;
Allemagne;de_gtfsde;bruchsalgewbildungszentrum@49.11,8.57;bruchsalgewbildungszentrum;94;84.5;94.7;216;0;7;titulaire;38;RETENUE;
Allemagne;de_gtfsde;wchterhof@48.04,11.71;wchterhof;93.9;93.3;91;21;0;7;titulaire;38;RETENUE;
Allemagne;de_gtfsde;grogeraudornbergbahnhof@49.91,8.49;grogeraudornbergbahnhof;93.9;82.6;95.1;30;0;7;titulaire;38;RETENUE;
Allemagne;de_gtfsde;heppenheimbahnhof@49.64,8.63;heppenheimbahnhof;93.7;82;96.8;41;0;7;titulaire;38;RETENUE;
Allemagne;de_gtfsde;neuenmarktwirsberg@50.09,11.58;neuenmarktwirsberg;93.6;92.1;97.2;19;0;7;titulaire;38;RETENUE;
Allemagne;de_gtfsde;maxau@49.04,8.31;maxau;93.6;85.5;97.3;266;0;7;titulaire;38;RETENUE;
Allemagne;de_gtfsde;verdenaller@52.92,9.24;verdenaller;93.4;82.3;98.6;43;0;7;titulaire;38;RETENUE;
Allemagne;de_gtfsde;ingolstadtnord@48.77,11.43;ingolstadtnord;93.4;78.6;96.3;43;0;7;titulaire;38;RETENUE;
Etats-Unis;us_mta_lirr;ronkonkoma@40.81,-73.11;ronkonkoma;93.4;93;100;303;0;7;titulaire;38;RETENUE;
Allemagne;de_gtfsde;rthenbachsteinberg@49.48,11.25;rthenbachsteinberg;93.3;92;97.9;20;0;7;titulaire;38;RETENUE;
Allemagne;de_gtfsde;leingartenmitte@49.15,9.11;leingartenmitte;93.3;83.8;98.2;312;0;7;titulaire;38;RETENUE;
Allemagne;de_gtfsde;puchheim@48.17,11.35;puchheim;93.3;96.2;98;20;0;7;titulaire;38;RETENUE;
Allemagne;de_gtfsde;meerbuschosterathbf@51.27,6.63;meerbuschosterathbf;93.1;57.8;96.4;71;0;7;titulaire;38;RETENUE;
Allemagne;de_gtfsde;mrschrmerstrae@48.96,8.30;mrschrmerstrae;93.1;91;89.3;213;0;7;titulaire;38;RETENUE;
Allemagne;de_gtfsde;ottenhofen@48.22,11.88;ottenhofen;93.1;87.7;99.2;23;0;7;titulaire;38;RETENUE;
Etats-Unis;us_mta_lirr;baldwin@40.66,-73.61;baldwin;93.1;89.4;98.9;315;0;7;titulaire;38;RETENUE;
Etats-Unis;us_mta_lirr;syosset@40.82,-73.50;syosset;93.1;92.3;100;300;0;7;titulaire;38;RETENUE;
Allemagne;de_gtfsde;coesfeldbahnhof@51.94,7.16;coesfeldbahnhof;93;81.7;98.2;32;0;7;titulaire;38;RETENUE;
Allemagne;de_gtfsde;wurzen@51.36,12.74;wurzen;93;82.8;97.5;39;0;7;titulaire;38;RETENUE;
Allemagne;de_gtfsde;bonnbadgodesbergbf@50.68,7.16;bonnbadgodesbergbf;93;57.9;94.8;113;0;7;titulaire;38;RETENUE;
Allemagne;de_gtfsde;dortmunddohuckardes@51.53,7.40;dortmunddohuckardes;93;91.1;99.4;25;0;7;titulaire;38;RETENUE;
Etats-Unis;us_mta_mnr;portchester@41.00,-73.66;portchester;93;92.5;99.8;23;0;7;titulaire;38;RETENUE;
Etats-Unis;us_mta_lirr;farmingdale@40.74,-73.44;farmingdale;93;92;99.8;299;0;7;titulaire;38;RETENUE;
France;fr_sncf;UIC87582478;Biganos Facture;92.9;90.2;99.8;12;0.57;7;titulaire;38;RETENUE;
France;fr_sncf;UIC87741181;Montmélian;92.9;88.2;99.7;17;0.57;7;titulaire;38;RETENUE;
Allemagne;de_gtfsde;andernachbahnhof@50.43,7.40;andernachbahnhof;92.9;60.6;97.5;80;0;7;titulaire;38;RETENUE;
Pays-Bas;nl_ovapi;arnhemzuid@51.96,5.85;arnhemzuid;92.7;97.1;99.7;126;0;7;titulaire;38;RETENUE;
Allemagne;de_gtfsde;rendsburg@54.30,9.67;rendsburg;92.7;92.3;98.3;34;0;7;titulaire;38;RETENUE;
Allemagne;de_gtfsde;lindern@51.00,6.21;lindern;92.6;75.5;98;85;0;7;titulaire;38;RETENUE;
Allemagne;de_gtfsde;steinebach@48.06,11.21;steinebach;92.6;92.6;95.2;19;0;7;titulaire;38;RETENUE;
Allemagne;de_gtfsde;offenbachmainbieberbieberwaldhof@50.08,8.83;offenbachmainbieberbieberwaldhof;92.6;69.1;94.3;38;0;7;titulaire;38;RETENUE;
Etats-Unis;us_mta_lirr;coldspringharbor@40.84,-73.45;coldspringharbor;92.6;90.3;100;299;0;7;titulaire;38;RETENUE;
France;fr_sncf;UIC87696005;Nevers;92.3;86.8;99.8;19;1.86;7;titulaire;37;RETENUE;
Pays-Bas;nl_ovapi;bergenopzoom@51.49,4.30;bergenopzoom;92.3;94.3;99.8;171;0;7;titulaire;37;RETENUE;
Allemagne;de_gtfsde;pulling@48.36,11.70;pulling;92.3;84.5;96.9;20;0;7;titulaire;37;RETENUE;
Allemagne;de_gtfsde;eschweilerweisweiler@50.82,6.32;eschweilerweisweiler;92.3;92.3;93.9;21;0;7;titulaire;37;RETENUE;
Allemagne;de_gtfsde;leverkusenrheindorfs@51.06,6.96;leverkusenrheindorfs;92.3;82;96.7;27;0;7;titulaire;37;RETENUE;
Allemagne;de_gtfsde;heilbronnharmoniestadtbahn@49.14,9.22;heilbronnharmoniestadtbahn;92.3;86.5;98.2;251;0;7;titulaire;37;RETENUE;
Allemagne;de_gtfsde;rwrhedabahnhof@51.86,8.29;rwrhedabahnhof;92.3;75.9;97.1;97;0;7;titulaire;37;RETENUE;
Allemagne;de_gtfsde;baierbrunn@48.02,11.49;baierbrunn;92.3;93.3;97.9;22;0;7;titulaire;37;RETENUE;
Allemagne;de_gtfsde;limburglahneschhofenbahnhof@50.39,8.10;limburglahneschhofenbahnhof;92.3;83;90.7;36;0;7;titulaire;37;RETENUE;
Allemagne;de_gtfsde;konzbahnhof@49.70,6.57;konzbahnhof;92.1;80.5;94.3;41;0;7;titulaire;37;RETENUE;
Allemagne;de_gtfsde;durlachostmarkstrae@48.99,8.45;durlachostmarkstrae;92.1;92.4;87.6;216;0;7;titulaire;37;RETENUE;
Allemagne;de_gtfsde;hohenschftlarn@47.99,11.46;hohenschftlarn;92.1;90.7;97.9;20;0;7;titulaire;37;RETENUE;
Allemagne;de_gtfsde;pfalzelhafenstrae@49.79,6.69;pfalzelhafenstrae;92;88.8;93.6;30;0;7;titulaire;37;RETENUE;
Allemagne;de_gtfsde;breitengbach@49.97,10.89;breitengbach;92;89;95.8;24;0;7;titulaire;37;RETENUE;
Etats-Unis;us_mta_lirr;seaford@40.68,-73.49;seaford;92;92.1;98.3;314;0;7;titulaire;37;RETENUE;
Etats-Unis;us_mta_lirr;merrick@40.66,-73.55;merrick;92;91.5;98.6;313;0;7;titulaire;37;RETENUE;
Pays-Bas;nl_ovapi;bovenhardinxveld@51.83,4.88;bovenhardinxveld;91.9;97.5;96.5;152;0;7;titulaire;37;RETENUE;
Allemagne;de_gtfsde;geisenbrunn@48.11,11.32;geisenbrunn;91.9;91.9;92.7;22;0;7;titulaire;37;RETENUE;
Etats-Unis;us_mta_lirr;westbury@40.75,-73.59;westbury;91.9;91.8;99.4;274;0;7;titulaire;37;RETENUE;
Etats-Unis;us_mta_lirr;bethpage@40.74,-73.48;bethpage;91.9;93.9;98.5;273;0;7;titulaire;37;RETENUE;
Australie;au_translink_seq;wellingtonpointstation@-27.49,153.24;wellingtonpointstation;91.9;95;99.4;175;0;7;titulaire;37;RETENUE;
Pays-Bas;nl_ovapi;wierden@52.36,6.59;wierden;91.7;97.8;99.2;145;0;7;titulaire;37;RETENUE;
Allemagne;de_gtfsde;potsdamgolmbhf@52.41,12.97;potsdamgolmbhf;91.7;98;95.5;14;0;7;titulaire;37;RETENUE;
Allemagne;de_gtfsde;ladenburgbahnhof@49.47,8.60;ladenburgbahnhof;91.7;80.7;96;43;0;7;titulaire;37;RETENUE;
Etats-Unis;us_mta_lirr;massapequapark@40.68,-73.45;massapequapark;91.7;91.9;100;305;0;7;titulaire;37;RETENUE;
Allemagne;de_gtfsde;ebersberg@48.08,11.97;ebersberg;91.6;75.5;96.2;20;0;7;titulaire;37;RETENUE;
Allemagne;de_gtfsde;leipzigplagwitz@51.33,12.32;leipzigplagwitz;91.6;85.8;94.3;42;0;7;titulaire;37;RETENUE;
Allemagne;de_gtfsde;schwaig@49.47,11.20;schwaig;91.4;88.6;96.2;21;0;7;titulaire;37;RETENUE;
Allemagne;de_gtfsde;quickbornellerau@53.75,9.92;quickbornellerau;91.4;97.2;98.2;20;0;7;titulaire;37;RETENUE;
Allemagne;de_gtfsde;tauchaleipzig@51.38,12.48;tauchaleipzig;91.4;82.3;97;51;0;7;titulaire;37;RETENUE;
Pays-Bas;nl_ovapi;didam@51.93,6.13;didam;91.3;96.7;99.5;198;0;7;titulaire;37;RETENUE;
Allemagne;de_gtfsde;leverkusenkpperstegs@51.05,6.99;leverkusenkpperstegs;91.3;82.5;94.4;27;0;7;titulaire;37;RETENUE;
Allemagne;de_gtfsde;gterslohhbfzob@51.91,8.38;gterslohhbfzob;91.3;74.3;91.9;110;0;7;titulaire;37;RETENUE;
Allemagne;de_gtfsde;obertshausenbahnhof@50.07,8.85;obertshausenbahnhof;91.3;70.7;97;38;0;7;titulaire;37;RETENUE;
Etats-Unis;us_mta_mnr;rye@40.99,-73.68;rye;91.3;92.2;98.2;24;0;7;titulaire;37;RETENUE;
Etats-Unis;us_mta_mnr;yonkers@40.94,-73.90;yonkers;91;92.6;99.8;22;0;7;titulaire;37;RETENUE;
Allemagne;de_gtfsde;nrnberglaufamholz@49.46,11.17;nrnberglaufamholz;90.9;90.9;96.4;18;0;7;titulaire;37;RETENUE;
Allemagne;de_gtfsde;leipzigcoppiplatz@51.37,12.37;leipzigcoppiplatz;90.9;91.7;97;26;0;7;titulaire;37;RETENUE;
Allemagne;de_gtfsde;gilchingargelsried@48.11,11.30;gilchingargelsried;90.9;92.5;95.6;22;0;7;titulaire;37;RETENUE;
Allemagne;de_gtfsde;cellebahnhof@52.62,10.06;cellebahnhof;90.9;83.2;93.7;43;0;7;titulaire;37;RETENUE;
Allemagne;de_gtfsde;wolfenbttelbahnhof@52.16,10.53;wolfenbttelbahnhof;90.7;94;95.5;16;0;7;titulaire;37;RETENUE;
Etats-Unis;us_mta_lirr;newhydepark@40.73,-73.68;newhydepark;90.7;91.8;95.3;312;0;7;titulaire;37;RETENUE;
Allemagne;de_gtfsde;mauerbahnhof@49.34,8.80;mauerbahnhof;90.6;85.5;94.1;23;0;7;titulaire;37;RETENUE;
Allemagne;de_gtfsde;reilsheimbahnhof@49.35,8.78;reilsheimbahnhof;90.4;89.7;97.7;22;0;7;titulaire;37;RETENUE;
Allemagne;de_gtfsde;ebenhausenschftlarn@47.98,11.46;ebenhausenschftlarn;90.4;92.3;93;24;0;7;titulaire;37;RETENUE;
Allemagne;de_gtfsde;weinbhlahaltepunkt@51.16,13.56;weinbhlahaltepunkt;90.4;87.4;96.9;34;0;7;titulaire;37;RETENUE;
Australie;au_translink_seq;lotastation@-27.47,153.19;lotastation;90.4;92.6;99.4;246;0;7;titulaire;37;RETENUE;
Pays-Bas;nl_ovapi;overveen@52.39,4.61;overveen;90.3;94.3;99.1;163;0;7;titulaire;37;RETENUE;
Allemagne;de_gtfsde;kaufbeuren@47.88,10.63;kaufbeuren;90.3;82.8;95.2;34;0;7;titulaire;37;RETENUE;
Allemagne;de_gtfsde;eppsteinbremthalbahnhof@50.14,8.37;eppsteinbremthalbahnhof;90.3;74.1;96.6;36;0;7;titulaire;37;RETENUE;
France;fr_sncf;UIC87576009;Vierzon;90.1;89.7;100;16;3.86;7;titulaire;37;RETENUE;
Allemagne;de_gtfsde;kirchseeon@48.07,11.89;kirchseeon;90.1;91.4;92.3;19;0;7;titulaire;37;RETENUE;
Etats-Unis;us_mta_mnr;newrochelle@40.91,-73.78;newrochelle;90.1;93.2;98.1;20;0;7;titulaire;37;RETENUE;
France;fr_sncf;UIC87581751;Pessac;90;92.4;100;15;2;7;titulaire;36;RETENUE;
Allemagne;de_gtfsde;gemndenmain@50.05,9.70;gemndenmain;90;86.5;94.3;40;0;7;titulaire;36;RETENUE;
Australie;au_translink_seq;thornesidestation@-27.49,153.19;thornesidestation;90;94.9;98.7;221;0;7;titulaire;36;RETENUE;
Allemagne;de_gtfsde;blach@47.52,8.54;blach;89.9;97.5;99.5;75;0;7;titulaire;36;RETENUE;
Australie;au_translink_seq;birkdalestation@-27.49,153.22;birkdalestation;89.9;92.7;99.1;223;0;7;titulaire;36;RETENUE;
France;fr_sncf;UIC87286302;Hazebrouck;89.7;87.1;99.8;18;0.14;7;titulaire;36;RETENUE;
Allemagne;de_gtfsde;dillingensaar@49.35,6.72;dillingensaar;89.7;81.7;92.9;40;0;7;titulaire;36;RETENUE;
Allemagne;de_gtfsde;weling@48.08,11.25;weling;89.7;90.9;97.5;21;0;7;titulaire;36;RETENUE;
Allemagne;de_gtfsde;wendlingenn@48.67,9.37;wendlingenn;89.7;95.4;87.7;26;0;7;titulaire;36;RETENUE;
Australie;au_translink_seq;altandistation@-27.58,153.06;altandistation;89.7;91.9;99.4;198;0;7;titulaire;36;RETENUE;
Pays-Bas;nl_ovapi;westervoort@51.96,5.97;westervoort;89.6;96.7;98.9;211;0;7;titulaire;36;RETENUE;
Allemagne;de_gtfsde;calwbahnhofzob@48.71,8.74;calwbahnhofzob;89.6;89.8;97.8;28;0;7;titulaire;36;RETENUE;
Allemagne;de_gtfsde;eppingen@49.14,8.91;eppingen;89.6;78.6;96.8;219;0;7;titulaire;36;RETENUE;
Allemagne;de_gtfsde;dortmundwickede@51.53,7.62;dortmundwickede;89.6;97.6;99.7;19;0;7;titulaire;36;RETENUE;
Pays-Bas;nl_ovapi;duiven@51.94,6.01;duiven;89.4;96.8;98.6;193;0;7;titulaire;36;RETENUE;
Allemagne;de_gtfsde;neustrelitzhauptbahnhof@53.36,13.07;neustrelitzhauptbahnhof;89.4;73.2;97.2;35;0;7;titulaire;36;RETENUE;
Allemagne;de_gtfsde;oberurseltaunusstierstadtbahnhof@50.19,8.59;oberurseltaunusstierstadtbahnhof;89.4;91.9;99.8;23;0;7;titulaire;36;RETENUE;
Allemagne;de_gtfsde;oberurseltaunusweikirchensteinbachbahnhof@50.17,8.59;oberurseltaunusweikirchensteinbachbahnhof;89.4;91.1;99.2;23;0;7;titulaire;36;RETENUE;
Allemagne;de_gtfsde;laudabahnhof@49.57,9.71;laudabahnhof;89.3;96.5;95.4;27;0;7;titulaire;36;RETENUE;
Allemagne;de_gtfsde;arnstadthauptbahnhof@50.84,10.95;arnstadthauptbahnhof;89.3;95;95.4;17;0;7;titulaire;36;RETENUE;
Australie;au_translink_seq;manlystation@-27.46,153.18;manlystation;89.3;92.2;98.6;213;0;7;titulaire;36;RETENUE;
Etats-Unis;us_mta_mnr;mtvernoneast@40.91,-73.83;mtvernoneast;89.1;95.2;99.5;19;0;7;titulaire;36;RETENUE;
Allemagne;de_gtfsde;brtzingenmitte@48.89,8.67;brtzingenmitte;88.9;87;98;156;0;7;titulaire;36;RETENUE;
Allemagne;de_gtfsde;kerpensindorfs@50.90,6.68;kerpensindorfs;88.9;71.4;96.9;31;0;7;titulaire;36;RETENUE;
Allemagne;de_gtfsde;eglisau@47.57,8.52;eglisau;88.9;97.1;96.3;61;0;7;titulaire;36;RETENUE;
Allemagne;de_gtfsde;mhlheimmainbahnhof@50.12,8.84;mhlheimmainbahnhof;88.7;81.5;92.8;27;0;7;titulaire;36;RETENUE;
Allemagne;de_gtfsde;rsselsheimopelwerkbahnhof@49.99,8.40;rsselsheimopelwerkbahnhof;88.7;72.9;95.7;34;0;7;titulaire;36;RETENUE;
Allemagne;de_gtfsde;regensburgprfening@49.01,12.05;regensburgprfening;88.7;91.8;98.4;25;0;7;titulaire;36;RETENUE;
Allemagne;de_gtfsde;rthenbachseespitze@49.49,11.26;rthenbachseespitze;88.6;91.1;93.7;17;0;7;titulaire;36;RETENUE;
Allemagne;de_gtfsde;buchenhain@48.03,11.50;buchenhain;88.6;91.1;93;18;0;7;titulaire;36;RETENUE;
Allemagne;de_gtfsde;karlsruherheinhafenstrae@49.00,8.35;karlsruherheinhafenstrae;88.4;91;84.4;241;0;7;titulaire;36;RETENUE;
Allemagne;de_gtfsde;duisburggroenbaums@51.36,6.78;duisburggroenbaums;88.3;68.1;96;36;0;7;titulaire;36;RETENUE;
Allemagne;de_gtfsde;oberwisheim@49.14,8.69;oberwisheim;88.3;91.7;99;279;0;7;titulaire;36;RETENUE;
Allemagne;de_gtfsde;mnzesheimost@49.12,8.73;mnzesheimost;88.3;92.6;99;245;0;7;titulaire;36;RETENUE;
Allemagne;de_gtfsde;hamelnbahnhof@52.10,9.38;hamelnbahnhof;88.3;63.4;95.5;57;0;7;titulaire;36;RETENUE;
Allemagne;de_gtfsde;kirchheimt@48.64,9.44;kirchheimt;88.1;95.3;93.8;37;0;7;titulaire;36;RETENUE;
France;fr_sncf;UIC87296004;Saint-Quentin;87.9;91.4;99.8;15;1;7;titulaire;36;RETENUE;
Allemagne;de_gtfsde;kaarstikeakaarst@51.22,6.63;kaarstikeakaarst;87.9;86.8;99.8;31;0;7;titulaire;36;RETENUE;
Allemagne;de_gtfsde;ennepetalgevelsbergbf@51.30,7.34;ennepetalgevelsbergbf;87.9;53.5;95.9;145;0;7;titulaire;36;RETENUE;
France;fr_sncf;UIC87545137;Étampes;87.7;93.5;100;27;1.29;7;titulaire;36;RETENUE;
Pays-Bas;nl_ovapi;buitenpost@53.26,6.14;buitenpost;87.7;97.1;99.7;183;0;7;titulaire;36;RETENUE;
Allemagne;de_gtfsde;radebeulsbfzitzschewig@51.11,13.61;radebeulsbfzitzschewig;87.7;77.2;95.6;33;0;7;titulaire;36;RETENUE;
Allemagne;de_gtfsde;parsberg@49.16,11.72;parsberg;87.7;89.3;99.5;24;0;7;titulaire;36;RETENUE;
France;fr_sncf;UIC87543009;Orléans;87.6;89.1;100;17;3.29;7;titulaire;36;RETENUE;
Allemagne;de_gtfsde;bremenvegesack@53.17,8.63;bremenvegesack;87.6;95.4;98.2;25;0;7;titulaire;36;RETENUE;
Allemagne;de_gtfsde;rodgauhainhausenbahnhof@50.04,8.87;rodgauhainhausenbahnhof;87.6;68.8;97.6;40;0;7;titulaire;36;RETENUE;
Allemagne;de_gtfsde;dlmenbahnhof@51.83,7.29;dlmenbahnhof;87.6;61.3;92.5;50;0;7;titulaire;36;RETENUE;
Allemagne;de_gtfsde;vienenburgbahnhof@51.96,10.56;vienenburgbahnhof;87.4;88.9;99.4;30;0;7;titulaire;35;RETENUE;
Allemagne;de_gtfsde;bremerhavenhbf@53.53,8.60;bremerhavenhbf;87.4;84;91.8;34;0;7;titulaire;35;RETENUE;
Allemagne;de_gtfsde;jterbogbahnhof@52.00,13.05;jterbogbahnhof;87.4;87.1;95.6;40;0;7;titulaire;35;RETENUE;
Allemagne;de_gtfsde;neussnorfbf@51.16,6.73;neussnorfbf;87.4;54.9;96.1;48;0;7;titulaire;35;RETENUE;
Allemagne;de_gtfsde;kaarstmitteholzbttgen@51.22,6.62;kaarstmitteholzbttgen;87.4;86.4;96.4;29;0;7;titulaire;35;RETENUE;
Pays-Bas;nl_ovapi;goes@51.50,3.89;goes;87.3;93.1;99.2;167;0;7;titulaire;35;RETENUE;
Allemagne;de_gtfsde;lhneremarqueplatzbhf@52.20,8.71;lhneremarqueplatzbhf;87.1;79;91.3;75;0;7;titulaire;35;RETENUE;
Australie;au_translink_seq;wynnumstation@-27.44,153.17;wynnumstation;87.1;89.7;97.9;217;0;7;titulaire;35;RETENUE;
France;fr_sncf;UIC87725689;Mâcon;87;85.9;100;18;0.29;7;titulaire;35;RETENUE;
Pays-Bas;nl_ovapi;wehl@51.96,6.21;wehl;87;96.1;99.8;174;0;7;titulaire;35;RETENUE;
Allemagne;de_gtfsde;rotenburgwmme@53.11,9.39;rotenburgwmme;87;75.5;96.1;52;0;7;titulaire;35;RETENUE;
Allemagne;de_gtfsde;kriftelbahnhof@50.08,8.48;kriftelbahnhof;87;68.6;93.7;35;0;7;titulaire;35;RETENUE;
Allemagne;de_gtfsde;badschandaunationalparkbahnhof@50.92,14.14;badschandaunationalparkbahnhof;87;81.3;98.1;38;0;7;titulaire;35;RETENUE;
Etats-Unis;us_mta_mnr;scarsdale@40.99,-73.81;scarsdale;86.9;95.2;99.7;27;0;7;titulaire;35;RETENUE;
Allemagne;de_gtfsde;saarburgbahnhof@49.61,6.56;saarburgbahnhof;86.7;80.6;97;38;0;7;titulaire;35;RETENUE;
Allemagne;de_gtfsde;ravensburgbahnhof@47.78,9.61;ravensburgbahnhof;86.7;73.3;95.7;33;0;7;titulaire;35;RETENUE;
Etats-Unis;us_mta_mnr;hartsdale@41.01,-73.80;hartsdale;86.7;95.4;99.7;28;0;7;titulaire;35;RETENUE;
Pays-Bas;nl_ovapi;zuidbroek@53.16,6.87;zuidbroek;86.6;97.5;88.5;131;0;7;titulaire;35;RETENUE;
Allemagne;de_gtfsde;neukieritzsch@51.15,12.41;neukieritzsch;86.6;89.3;96.3;35;0;7;titulaire;35;RETENUE;
Allemagne;de_gtfsde;bammentalbahnhof@49.36,8.78;bammentalbahnhof;86.6;86.8;95.1;20;0;7;titulaire;35;RETENUE;
Pays-Bas;nl_ovapi;veenendaaldeklomp@52.05,5.57;veenendaaldeklomp;86.4;93.4;100;164;0;7;titulaire;35;RETENUE;
Allemagne;de_gtfsde;smahlow@52.36,13.41;smahlow;86.4;96.2;81.8;22;0;7;titulaire;35;RETENUE;
Allemagne;de_gtfsde;aying@47.97,11.77;aying;86.4;95.4;97.1;20;0;7;titulaire;35;RETENUE;
Allemagne;de_gtfsde;langerwehe@50.82,6.35;langerwehe;86.4;83.5;91.9;52;0;7;titulaire;35;RETENUE;
Etats-Unis;us_mta_mnr;stratford@41.19,-73.13;stratford;86.4;94.7;99.2;21;0;7;titulaire;35;RETENUE;
Allemagne;de_gtfsde;breisachbahnhof@48.03,7.59;breisachbahnhof;86.3;93.5;93.9;22;0;7;titulaire;35;RETENUE;
Allemagne;de_gtfsde;clbebahnhof@50.85,8.79;clbebahnhof;86.3;82.8;90.7;44;0;7;titulaire;35;RETENUE;
Allemagne;de_gtfsde;ubstadtort@49.16,8.63;ubstadtort;86.3;90.4;97.9;263;0;7;titulaire;35;RETENUE;
Allemagne;de_gtfsde;merzigsaar@49.44,6.63;merzigsaar;86.3;81.8;95.9;43;0;7;titulaire;35;RETENUE;
Etats-Unis;us_mta_lirr;portwashington@40.83,-73.69;portwashington;86.3;92.5;100;254;0;7;titulaire;35;RETENUE;
Allemagne;de_gtfsde;daxlandenkarldelislestrae@49.00,8.34;daxlandenkarldelislestrae;86.1;89.4;85.8;245;0;7;titulaire;35;RETENUE;
Allemagne;de_gtfsde;kaarstkaarsterbahnhof@51.22,6.61;kaarstkaarsterbahnhof;86.1;85.9;96;28;0;7;titulaire;35;RETENUE;
Allemagne;de_gtfsde;herrsching@48.00,11.17;herrsching;86;95;98.9;21;0;7;titulaire;35;RETENUE;
Allemagne;de_gtfsde;durlachkillisfeldstrae@49.00,8.46;durlachkillisfeldstrae;86;93.2;87.6;221;0;7;titulaire;35;RETENUE;
Allemagne;de_gtfsde;hebertshausen@48.29,11.45;hebertshausen;85.9;91.8;95.2;21;0;7;titulaire;35;RETENUE;
Allemagne;de_gtfsde;gochsheimbaden@49.11,8.74;gochsheimbaden;85.7;90.3;99.2;218;0;7;titulaire;35;RETENUE;
Allemagne;de_gtfsde;heideholst@54.19,9.10;heideholst;85.7;93.3;97.9;29;0;7;titulaire;35;RETENUE;
Allemagne;de_gtfsde;oberurseltaunusbahnhof@50.20,8.59;oberurseltaunusbahnhof;85.7;91;98.8;22;0;7;titulaire;35;RETENUE;
Allemagne;de_gtfsde;dietzenbachbahnhof@50.01,8.79;dietzenbachbahnhof;85.7;79;97.6;24;0;7;titulaire;35;RETENUE;
Allemagne;de_gtfsde;appenweierbahnhof@48.54,7.97;appenweierbahnhof;85.7;84;91;53;0;7;titulaire;35;RETENUE;
Etats-Unis;us_mta_mnr;mtvernonwest@40.91,-73.85;mtvernonwest;85.7;96.5;98.8;24;0;7;titulaire;35;RETENUE;
Australie;au_translink_seq;nundahstation@-27.40,153.06;nundahstation;85.7;92.5;97.2;226;0;7;titulaire;35;RETENUE;
Australie;au_translink_seq;wynnumcentralstation@-27.45,153.17;wynnumcentralstation;85.7;92.2;96;216;0;7;titulaire;35;RETENUE;
Irlande;ie_nta;tarastreet@53.35,-6.25;tarastreet;85.6;91.2;89.4;17;0;7;titulaire;35;RETENUE;
Allemagne;de_gtfsde;radebeulsbfktzschenbroda@51.11,13.63;radebeulsbfktzschenbroda;85.6;79.5;98.4;32;0;7;titulaire;35;RETENUE;
Allemagne;de_gtfsde;frankfurtmainzeilsheimbahnhof@50.09,8.51;frankfurtmainzeilsheimbahnhof;85.6;68.4;93.7;36;0;7;titulaire;35;RETENUE;
Allemagne;de_gtfsde;hemsbachbahnhof@49.59,8.65;hemsbachbahnhof;85.6;81.3;95.4;41;0;7;titulaire;35;RETENUE;
Allemagne;de_gtfsde;gerasd@50.87,12.08;gerasd;85.6;82;87.4;47;0;7;titulaire;35;RETENUE;
Allemagne;de_gtfsde;chamoberpf@49.22,12.66;chamoberpf;85.6;63.4;93.4;32;0;7;titulaire;35;RETENUE;
Pays-Bas;nl_ovapi;gorinchem@51.83,4.97;gorinchem;85.4;97.8;96.9;103;0;7;titulaire;35;RETENUE;
Allemagne;de_gtfsde;daxlandenthomasmannstrae@49.00,8.34;daxlandenthomasmannstrae;85.4;90.5;80.4;233;0;7;titulaire;35;RETENUE;
Allemagne;de_gtfsde;klnstammheimsbahn@50.99,7.00;klnstammheimsbahn;85.4;81.9;94.9;28;0;7;titulaire;35;RETENUE;
Allemagne;de_gtfsde;karlsruheeckenerstrae@49.01,8.35;karlsruheeckenerstrae;85.4;91;89.9;255;0;7;titulaire;35;RETENUE;
Allemagne;de_gtfsde;kirnbahnhof@49.79,7.46;kirnbahnhof;85.4;64.7;99.5;53;0;7;titulaire;35;RETENUE;
Allemagne;de_gtfsde;drensteinfurtbahnhof@51.80,7.73;drensteinfurtbahnhof;85.4;42.5;96;109;0;7;titulaire;35;RETENUE;
Allemagne;de_gtfsde;speyerhbfzob@49.32,8.43;speyerhbfzob;85.4;75.4;96.6;38;0;7;titulaire;35;RETENUE;
France;fr_sncf;UIC87773200;Sète;85.3;83.6;99.5;19;0.86;7;titulaire;35;RETENUE;
Allemagne;de_gtfsde;rottendorf@49.79,10.03;rottendorf;85.3;92;95.8;30;0;7;titulaire;35;RETENUE;
Allemagne;de_gtfsde;ubstadtsalzbrunnenstrae@49.16,8.63;ubstadtsalzbrunnenstrae;85.3;89.9;99;274;0;7;titulaire;35;RETENUE;
Etats-Unis;us_mta_mnr;riverside@41.03,-73.59;riverside;85.3;93.1;100;20;0;7;titulaire;35;RETENUE;
Pays-Bas;nl_ovapi;wijhe@52.39,6.14;wijhe;85.1;93.1;98.8;196;0;7;titulaire;35;RETENUE;
Allemagne;de_gtfsde;unterwisheim@49.15,8.67;unterwisheim;85.1;90.9;97.9;256;0;7;titulaire;35;RETENUE;
Pays-Bas;nl_ovapi;middelburg@51.50,3.62;middelburg;85;93.3;97.9;163;0;7;titulaire;34;RETENUE;
Allemagne;de_gtfsde;schwetzingenbahnhof@49.38,8.58;schwetzingenbahnhof;85;92.6;95.8;20;0;7;titulaire;34;RETENUE;
Allemagne;de_gtfsde;bruchsalstegwiesen@49.14,8.60;bruchsalstegwiesen;85;90.3;96.9;239;0;7;titulaire;34;RETENUE;
Allemagne;de_gtfsde;langwied@48.16,11.43;langwied;85;88.1;97.1;20;0;7;titulaire;34;RETENUE;
France;fr_sncf;UIC87751750;Aubagne;84.9;95.3;100;7;1.29;7;titulaire;34;RETENUE;
Allemagne;de_gtfsde;rodgaujgesheimbahnhof@50.03,8.88;rodgaujgesheimbahnhof;84.9;63.8;92.7;39;0;7;titulaire;34;RETENUE;
France;fr_sncf;UIC87747402;Grenoble Universités - Gières;84.7;88;100;16;1.14;7;titulaire;34;RETENUE;
Pays-Bas;nl_ovapi;maarssen@52.14,5.03;maarssen;84.7;97.8;98.3;106;0;7;titulaire;34;RETENUE;
Allemagne;de_gtfsde;alfterwitterschlickbf@50.69,7.03;alfterwitterschlickbf;84.7;97.3;96;13;0;7;titulaire;34;RETENUE;
Allemagne;de_gtfsde;stettenamheuchelb@49.14,9.01;stettenamheuchelb;84.7;79.4;96.4;231;0;7;titulaire;34;RETENUE;
Allemagne;de_gtfsde;unterwisheimmlutherstr@49.15,8.66;unterwisheimmlutherstr;84.6;91.7;99;267;0;7;titulaire;34;RETENUE;
Allemagne;de_gtfsde;brettenschulzentrum@49.03,8.72;brettenschulzentrum;84.6;75.5;99.5;299;0;7;titulaire;34;RETENUE;
Allemagne;de_gtfsde;neusssds@51.19,6.69;neusssds;84.4;55.7;95.8;45;0;7;titulaire;34;RETENUE;
Allemagne;de_gtfsde;riesabusbfbahnhof@51.31,13.29;riesabusbfbahnhof;84.4;76.3;96.1;43;0;7;titulaire;34;RETENUE;
Etats-Unis;us_mta_mnr;fairfield@41.14,-73.26;fairfield;84.4;93.7;98;20;0;7;titulaire;34;RETENUE;
Etats-Unis;us_mta_mnr;pelham@40.91,-73.81;pelham;84.4;94.6;98.3;18;0;7;titulaire;34;RETENUE;
Allemagne;de_gtfsde;rhrmoos@48.33,11.45;rhrmoos;84.3;91.9;98.3;19;0;7;titulaire;34;RETENUE;
Etats-Unis;us_mta_mnr;larchmont@40.93,-73.76;larchmont;84.3;92.9;99;22;0;7;titulaire;34;RETENUE;
Allemagne;de_gtfsde;weddelbahnhof@52.27,10.63;weddelbahnhof;84.1;79.1;94.5;32;0;7;titulaire;34;RETENUE;
Allemagne;de_gtfsde;winsenluhe@53.35,10.21;winsenluhe;84.1;74;98.2;52;0;7;titulaire;34;RETENUE;
Pays-Bas;nl_ovapi;doetinchem@51.96,6.30;doetinchem;84;96.6;97.4;162;0;7;titulaire;34;RETENUE;
Etats-Unis;us_mta_mnr;mamaroneck@40.95,-73.74;mamaroneck;84;93.7;98.7;22;0;7;titulaire;34;RETENUE;
Allemagne;de_gtfsde;windeckausiegbf@50.77,7.66;windeckausiegbf;83.9;85.2;98;38;0;7;titulaire;34;RETENUE;
Allemagne;de_gtfsde;hochstadtmarktzeuln@50.15,11.17;hochstadtmarktzeuln;83.9;91.3;92;23;0;7;titulaire;34;RETENUE;
Etats-Unis;us_mta_lirr;auburndale@40.76,-73.79;auburndale;83.9;97.8;98.7;243;0;7;titulaire;34;RETENUE;
Etats-Unis;us_mta_lirr;rosedale@40.67,-73.74;rosedale;83.9;94.7;98.7;253;0;7;titulaire;34;RETENUE;
Allemagne;de_gtfsde;eppsteinbahnhof@50.14,8.39;eppsteinbahnhof;83.7;68.6;96.9;37;0;7;titulaire;34;RETENUE;
Allemagne;de_gtfsde;gotha@50.94,10.71;gotha;83.7;72.7;97.5;59;0;7;titulaire;34;RETENUE;
Allemagne;de_gtfsde;neustadtaischbahnhof@49.58,10.59;neustadtaischbahnhof;83.7;91.8;95.8;35;0;7;titulaire;34;RETENUE;
Allemagne;de_gtfsde;bergischgladbachs@50.99,7.12;bergischgladbachs;83.7;77;98;38;0;7;titulaire;34;RETENUE;
Etats-Unis;us_mta_mnr;coscob@41.03,-73.60;coscob;83.7;92.5;97.2;21;0;7;titulaire;34;RETENUE;
Allemagne;de_gtfsde;bingenstadtbahnhof@49.97,7.90;bingenstadtbahnhof;83.6;56.2;94.2;46;0;7;titulaire;34;RETENUE;
Etats-Unis;us_mta_mnr;harrison@40.97,-73.71;harrison;83.6;93.3;96.2;21;0;7;titulaire;34;RETENUE;
Allemagne;de_gtfsde;altenerding@48.29,11.90;altenerding;83.4;88.9;97.8;21;0;7;titulaire;34;RETENUE;
France;fr_sncf;UIC87721282;Saint-Germain-au-Mont-d'Or;83.3;88;99.8;13;0.57;7;titulaire;34;RETENUE;
France;fr_sncf;UIC87743716;Ambérieu-en-Bugey;83.3;87.7;99.8;14;0.86;7;titulaire;34;RETENUE;
Allemagne;de_gtfsde;durlachsteiermrkerstrae@48.99,8.46;durlachsteiermrkerstrae;83.3;93.1;90.4;188;0;7;titulaire;34;RETENUE;
Allemagne;de_gtfsde;immendingenbahnhof@47.94,8.73;immendingenbahnhof;83.3;66.4;93;69;0;7;titulaire;34;RETENUE;
Allemagne;de_gtfsde;brettenkupferhlde@49.04,8.72;brettenkupferhlde;83.3;77.5;99;294;0;7;titulaire;34;RETENUE;
Allemagne;de_gtfsde;eilenburg@51.45,12.64;eilenburg;83.3;83.4;97;52;0;7;titulaire;34;RETENUE;
Allemagne;de_gtfsde;langenaubahnhof@48.49,10.13;langenaubahnhof;83.1;56.9;96.7;50;0;7;titulaire;34;RETENUE;
Allemagne;de_gtfsde;ispringenbahnhof@48.91,8.67;ispringenbahnhof;83.1;85.2;95.9;223;0;7;titulaire;34;RETENUE;
Allemagne;de_gtfsde;wrthaltebahnmeisterei@49.05,8.27;wrthaltebahnmeisterei;83.1;91.8;96.5;198;0;7;titulaire;34;RETENUE;
Allemagne;de_gtfsde;augsburgmorellstrae@48.36,10.89;augsburgmorellstrae;83.1;94.3;92.1;19;0;7;titulaire;34;RETENUE;
Pays-Bas;nl_ovapi;doetinchemdehuet@51.96,6.26;doetinchemdehuet;83;97.1;99.5;180;0;7;titulaire;34;RETENUE;
Allemagne;de_gtfsde;badksen@51.13,11.72;badksen;83;84.3;87.1;80;0;7;titulaire;34;RETENUE;
Etats-Unis;us_mta_mnr;oldgreenwich@41.03,-73.57;oldgreenwich;83;93.6;99.5;20;0;7;titulaire;34;RETENUE;
Allemagne;de_gtfsde;geilenkirchen@50.96,6.12;geilenkirchen;82.9;75.9;95.6;77;0;7;titulaire;34;RETENUE;
Allemagne;de_gtfsde;durlachellmendingerstrae@48.99,8.46;durlachellmendingerstrae;82.9;92.4;87.2;226;0;7;titulaire;34;RETENUE;
Allemagne;de_gtfsde;kthen@51.75,11.99;kthen;82.9;77.1;97.5;36;0;7;titulaire;34;RETENUE;
Allemagne;de_gtfsde;durlachzndhtle@48.98,8.46;durlachzndhtle;82.9;92.4;87.3;214;0;7;titulaire;34;RETENUE;
Allemagne;de_gtfsde;salzburghbf@47.81,13.05;salzburghbf;82.7;89.8;94.9;43;0;7;titulaire;34;RETENUE;
France;fr_sncf;UIC87345025;Lens;82.6;93.1;99.8;15;0.57;7;titulaire;34;RETENUE;
Allemagne;de_gtfsde;wrthrhbienwaldhalle@49.05,8.26;wrthrhbienwaldhalle;82.6;92;96.3;188;0;7;titulaire;34;RETENUE;
Etats-Unis;us_mta_mnr;milford@41.22,-73.06;milford;82.6;95.7;99.7;18;0;7;titulaire;34;RETENUE;
Etats-Unis;us_mta_lirr;laurelton@40.67,-73.75;laurelton;82.6;93.6;98.8;272;0;7;titulaire;34;RETENUE;
Australie;au_translink_seq;morningsidestation@-27.47,153.07;morningsidestation;82.6;95;96.8;138;0;7;titulaire;34;RETENUE;
France;fr_sncf;UIC87756478;Carnoles;82.4;75.9;99.7;14;0.43;7;titulaire;33;RETENUE;
Allemagne;de_gtfsde;dresdensbftrachau@51.09,13.70;dresdensbftrachau;82.4;74.5;96.8;34;0;7;titulaire;33;RETENUE;
Etats-Unis;us_mta_mnr;bronxville@40.94,-73.84;bronxville;82.4;95.8;99.1;19;0;7;titulaire;33;RETENUE;
Etats-Unis;us_mta_lirr;plandome@40.81,-73.70;plandome;82.4;95.8;99.3;268;0;7;titulaire;33;RETENUE;
Allemagne;de_gtfsde;itzehoe@53.92,9.51;itzehoe;82.3;90.8;97.8;29;0;7;titulaire;33;RETENUE;
Allemagne;de_gtfsde;eichenberg@51.37,9.92;eichenberg;82.3;94.8;91;36;0;7;titulaire;33;RETENUE;
Allemagne;de_gtfsde;rodgauweiskirchenbahnhof@50.05,8.88;rodgauweiskirchenbahnhof;82.3;67;93.8;41;0;7;titulaire;33;RETENUE;
Allemagne;de_gtfsde;horstmarpreuenbahnhof@51.59,7.54;horstmarpreuenbahnhof;82.3;66.5;99;133;0;7;titulaire;33;RETENUE;
Allemagne;de_gtfsde;dortmundwischlingens@51.52,7.41;dortmundwischlingens;82.3;91;91.6;24;0;7;titulaire;33;RETENUE;
Allemagne;de_gtfsde;laupheimwestbahnhof@48.23,9.85;laupheimwestbahnhof;82.3;68.6;94.7;41;0;7;titulaire;33;RETENUE;
Etats-Unis;us_mta_mnr;fleetwood@40.93,-73.84;fleetwood;82.3;96.2;99.3;20;0;7;titulaire;33;RETENUE;
Allemagne;de_gtfsde;gemmingen@49.15,8.98;gemmingen;82.1;78.6;95.8;212;0;7;titulaire;33;RETENUE;
Etats-Unis;us_mta_lirr;manhasset@40.80,-73.70;manhasset;82.1;97.7;100;241;0;7;titulaire;33;RETENUE;
Allemagne;de_gtfsde;bruchsalschlossgarten@49.13,8.59;bruchsalschlossgarten;82;89;95;222;0;7;titulaire;33;RETENUE;
Allemagne;de_gtfsde;laufadpegnitzbahnhoflinksderpegnitz@49.51,11.29;laufadpegnitzbahnhoflinksderpegnitz;82;88;92.3;20;0;7;titulaire;33;RETENUE;
Allemagne;de_gtfsde;malching@48.22,11.22;malching;82;96;93.2;20;0;7;titulaire;33;RETENUE;
Allemagne;de_gtfsde;hofheimamtaunuslorsbachbahnhof@50.11,8.42;hofheimamtaunuslorsbachbahnhof;82;68.6;96.3;35;0;7;titulaire;33;RETENUE;
Allemagne;de_gtfsde;kaarstkaarstersee@51.23,6.59;kaarstkaarstersee;82;83.3;98.8;27;0;7;titulaire;33;RETENUE;
Pays-Bas;nl_ovapi;bunnik@52.06,5.20;bunnik;81.7;97;99.8;152;0;7;titulaire;33;RETENUE;
Allemagne;de_gtfsde;werderhavelbahnhof@52.39,12.93;werderhavelbahnhof;81.6;90.2;98.3;28;0;7;titulaire;33;RETENUE;
Etats-Unis;us_mta_mnr;fairfieldblackrock@41.16,-73.23;fairfieldblackrock;81.6;94.4;97.4;20;0;7;titulaire;33;RETENUE;
Allemagne;de_gtfsde;ahrensburg@53.67,10.24;ahrensburg;81.4;91.4;93.6;24;0;7;titulaire;33;RETENUE;
Allemagne;de_gtfsde;biberachbahnhof@48.34,8.03;biberachbahnhof;81.4;91.2;95.8;47;0;7;titulaire;33;RETENUE;
Allemagne;de_gtfsde;wrthbrgerpark@49.05,8.25;wrthbrgerpark;81.3;91.2;96.4;177;0;7;titulaire;33;RETENUE;
France;fr_sncf;UIC87756460;Roquebrune-Cap-Martin;81.1;76.4;99;13;0.43;7;titulaire;33;RETENUE;
Allemagne;de_gtfsde;trkismhle@49.58,7.11;trkismhle;81.1;76.6;99;42;0;7;titulaire;33;RETENUE;
Allemagne;de_gtfsde;duisburgbuchholzbf@51.38,6.78;duisburgbuchholzbf;81.1;70.2;94.8;36;0;7;titulaire;33;RETENUE;
Allemagne;de_gtfsde;bahnbrcken@49.12,8.76;bahnbrcken;81.1;92.4;97.6;202;0;7;titulaire;33;RETENUE;
Allemagne;de_gtfsde;monsheimbahnhof@49.63,8.21;monsheimbahnhof;81.1;73.1;97.3;45;0;7;titulaire;33;RETENUE;
Allemagne;de_gtfsde;mnchberg@50.19,11.79;mnchberg;81.1;96.3;99.6;11;0;7;titulaire;33;RETENUE;
Allemagne;de_gtfsde;heusenstammbahnhof@50.06,8.80;heusenstammbahnhof;81;73.7;95.9;24;0;7;titulaire;33;RETENUE;
Allemagne;de_gtfsde;durlachschlesierstraewest@48.99,8.45;durlachschlesierstraewest;81;91.4;83.8;201;0;7;titulaire;33;RETENUE;
Allemagne;de_gtfsde;wllstadtniederwllstadtbahnhof@50.28,8.77;wllstadtniederwllstadtbahnhof;81;88.7;99;24;0;7;titulaire;33;RETENUE;
France;fr_sncf;UIC87725002;Chalon-sur-Saône;80.9;87.8;100;14;1.14;7;titulaire;33;RETENUE;
Allemagne;de_gtfsde;leinefelde@51.39,10.33;leinefelde;80.9;84.5;93.6;40;0;7;titulaire;33;RETENUE;
Etats-Unis;us_mta_mnr;crestwood@40.96,-73.82;crestwood;80.9;95.1;99.8;22;0;7;titulaire;33;RETENUE;
France;fr_sncf;UIC87545525;Dourdan;80.7;93.1;97.6;19;2.43;7;titulaire;33;RETENUE;
Allemagne;de_gtfsde;karbenokarbenbahnhof@50.25,8.75;karbenokarbenbahnhof;80.7;86.4;96.6;23;0;7;titulaire;33;RETENUE;
Allemagne;de_gtfsde;gladbeckzweckelbf@51.59,6.98;gladbeckzweckelbf;80.7;87.8;97.8;28;0;7;titulaire;33;RETENUE;
Allemagne;de_gtfsde;rheinbachbf@50.63,6.95;rheinbachbf;80.6;97.2;95.6;11;0;7;titulaire;33;RETENUE;
Etats-Unis;us_mta_mnr;tuckahoe@40.95,-73.83;tuckahoe;80.6;95.9;99.6;20;0;7;titulaire;33;RETENUE;
Pays-Bas;nl_ovapi;zuidhorn@53.25,6.41;zuidhorn;80.4;97;99.5;148;0;7;titulaire;33;RETENUE;
Allemagne;de_gtfsde;badhersfeld@50.87,9.72;badhersfeld;80.4;75.1;94.9;38;0;7;titulaire;33;RETENUE;
Etats-Unis;us_mta_lirr;elmontubsarena@40.72,-73.73;elmontubsarena;80.4;89;99.5;279;0;7;titulaire;33;RETENUE;
France;fr_sncf;UIC87276691;Compiègne;80.3;93.2;100;12;1;7;titulaire;33;RETENUE;
Allemagne;de_gtfsde;meckenbeurenbahnhof@47.70,9.56;meckenbeurenbahnhof;80.3;73.3;96.2;35;0;7;titulaire;33;RETENUE;
Allemagne;de_gtfsde;dellers@51.20,6.85;dellers;80.3;69.9;94.5;31;0;7;titulaire;33;RETENUE;
Etats-Unis;us_mta_lirr;locustmanor@40.68,-73.77;locustmanor;80.3;94.5;99.1;239;0;7;titulaire;33;RETENUE;
Allemagne;de_gtfsde;delitzschuntbf@51.53,12.35;delitzschuntbf;80.1;91.6;96.2;24;0;7;titulaire;33;RETENUE;
Allemagne;de_gtfsde;pforzheimmaihlden@48.89,8.68;pforzheimmaihlden;80;88.8;91.4;164;0;7;titulaire;32;RETENUE;
Allemagne;de_gtfsde;otterfing@47.91,11.68;otterfing;80;95.4;89;20;0;7;titulaire;32;RETENUE;
Allemagne;de_gtfsde;bachpalenbergbahnhofbus@50.92,6.10;bachpalenbergbahnhofbus;80;74.8;94;71;0;7;titulaire;32;RETENUE;
Allemagne;de_gtfsde;halletrotha@51.52,11.96;halletrotha;79.9;80.9;97.9;38;0;7;titulaire;32;RETENUE;
Allemagne;de_gtfsde;mnsterhiltrupbahnhof@51.90,7.65;mnsterhiltrupbahnhof;79.9;45.1;94.9;113;0;7;titulaire;32;RETENUE;
France;fr_sncf;UIC87673004;Bayonne;79.7;86;99.5;19;2.86;7;titulaire;32;RETENUE;
Allemagne;de_gtfsde;wrthbadepark@49.06,8.24;wrthbadepark;79.7;91.6;98.4;176;0;7;titulaire;32;RETENUE;
Allemagne;de_gtfsde;steinachbrothenburgodt@49.45,10.27;steinachbrothenburgodt;79.7;93.9;93.8;20;0;7;titulaire;32;RETENUE;
Allemagne;de_gtfsde;magdeburgsdost@52.07,11.67;magdeburgsdost;79.6;74.1;89.8;37;0;7;titulaire;32;RETENUE;
Allemagne;de_gtfsde;nienburgweser@52.65,9.22;nienburgweser;79.4;77.9;96.2;57;0;7;titulaire;32;RETENUE;
Allemagne;de_gtfsde;lnenzobhbf@51.62,7.53;lnenzobhbf;79.4;72.3;98.8;110;0;7;titulaire;32;RETENUE;
Pays-Bas;nl_ovapi;schagen@52.79,4.81;schagen;79.3;94.6;100;164;0;7;titulaire;32;RETENUE;
Allemagne;de_gtfsde;badsobernheimbahnhof@49.78,7.65;badsobernheimbahnhof;79.3;64;98.4;59;0;7;titulaire;32;RETENUE;
Allemagne;de_gtfsde;heidesheimbahnhof@50.00,8.11;heidesheimbahnhof;79.3;73.9;99.3;56;0;7;titulaire;32;RETENUE;
France;fr_sncf;UIC87394007;Chartres;79.1;92.2;100;13;1.14;7;titulaire;32;RETENUE;
Allemagne;de_gtfsde;sulzfeldbaden@49.11,8.85;sulzfeldbaden;79.1;73.5;97.9;213;0;7;titulaire;32;RETENUE;
Etats-Unis;us_mta_mnr;dobbsferry@41.01,-73.88;dobbsferry;79.1;93;99.8;23;0;7;titulaire;32;RETENUE;
Allemagne;de_gtfsde;dresdensbfpieschen@51.08,13.73;dresdensbfpieschen;79;75.4;97.4;33;0;7;titulaire;32;RETENUE;
Allemagne;de_gtfsde;englschalking@48.16,11.65;englschalking;79;95.1;96.7;19;0;7;titulaire;32;RETENUE;
Allemagne;de_gtfsde;menzingenbaden@49.14,8.78;menzingenbaden;79;90.4;96.8;198;0;7;titulaire;32;RETENUE;
Allemagne;de_gtfsde;hattersheimmainbahnhof@50.07,8.49;hattersheimmainbahnhof;79;64.7;97;34;0;7;titulaire;32;RETENUE;
Allemagne;de_gtfsde;wrthbadallee@49.06,8.25;wrthbadallee;78.9;92;98.9;178;0;7;titulaire;32;RETENUE;
Allemagne;de_gtfsde;neukirchenbsulzbachrosenberg@49.52,11.62;neukirchenbsulzbachrosenberg;78.7;56.4;96.2;34;0;7;titulaire;32;RETENUE;
Allemagne;de_gtfsde;bhlbaden@48.70,8.13;bhlbaden;78.7;81.3;95.5;135;0;7;titulaire;32;RETENUE;
Etats-Unis;us_mta_mnr;hastingsonhudson@40.99,-73.88;hastingsonhudson;78.7;92.9;99.1;21;0;7;titulaire;32;RETENUE;
Allemagne;de_gtfsde;buchenau@48.16,11.23;buchenau;78.6;92.4;90.5;19;0;7;titulaire;32;RETENUE;
Allemagne;de_gtfsde;zaisenhausen@49.10,8.82;zaisenhausen;78.4;75.6;97.2;226;0;7;titulaire;32;RETENUE;
Allemagne;de_gtfsde;langenselboldbahnhof@50.16,9.06;langenselboldbahnhof;78.4;62.3;98.7;54;0;7;titulaire;32;RETENUE;
Allemagne;de_gtfsde;willsbach@49.14,9.36;willsbach;78.4;83.1;95;257;0;7;titulaire;32;RETENUE;
Etats-Unis;us_mta_mnr;irvington@41.04,-73.87;irvington;78.4;93.4;99.6;20;0;7;titulaire;32;RETENUE;
Pays-Bas;nl_ovapi;tielpassewaaij@51.87,5.39;tielpassewaaij;78.3;97.1;100;99;0;7;titulaire;32;RETENUE;
Allemagne;de_gtfsde;dortmundwickedewest@51.53,7.61;dortmundwickedewest;78.3;96.2;91.9;18;0;7;titulaire;32;RETENUE;
France;fr_sncf;UIC87476606;Vannes;78.1;88.1;99.8;19;0.29;7;titulaire;32;RETENUE;
Allemagne;de_gtfsde;gensingenhorrweilerbahnhof@49.90,7.94;gensingenhorrweilerbahnhof;78.1;51.2;99.3;43;0;7;titulaire;32;RETENUE;
Allemagne;de_gtfsde;schwaigernwrttost@49.14,9.07;schwaigernwrttost;78.1;85.9;94.5;255;0;7;titulaire;32;RETENUE;
Allemagne;de_gtfsde;rotal@49.40,10.90;rotal;78.1;95.2;95.1;20;0;7;titulaire;32;RETENUE;
Allemagne;de_gtfsde;nordhausen@51.49,10.79;nordhausen;78.1;88.7;91.8;33;0;7;titulaire;32;RETENUE;
Etats-Unis;us_mta_mnr;darien@41.08,-73.47;darien;78.1;89.6;99.8;21;0;7;titulaire;32;RETENUE;
Allemagne;de_gtfsde;kaarstbttgens@51.20,6.61;kaarstbttgens;78;83.2;94;29;0;7;titulaire;32;RETENUE;
Allemagne;de_gtfsde;saulheimbahnhof@49.87,8.15;saulheimbahnhof;78;50.4;99.3;43;0;7;titulaire;32;RETENUE;
Allemagne;de_gtfsde;glshausenindustrie@49.05,8.74;glshausenindustrie;78;78.8;97;286;0;7;titulaire;32;RETENUE;
Allemagne;de_gtfsde;nufringen@48.62,8.89;nufringen;78;95.6;97.7;18;0;7;titulaire;32;RETENUE;
Allemagne;de_gtfsde;velbertlangenbergbahnhof@51.35,7.12;velbertlangenbergbahnhof;78;70.1;96.3;39;0;7;titulaire;32;RETENUE;
Allemagne;de_gtfsde;neusrnewitzsbahnhof@51.15,13.55;neusrnewitzsbahnhof;77.9;78.9;99.3;28;0;7;titulaire;32;RETENUE;
Allemagne;de_gtfsde;brilonwaldbahnhof@51.35,8.58;brilonwaldbahnhof;77.9;95.6;97.1;16;0;7;titulaire;32;RETENUE;
Australie;au_translink_seq;wynnumnorthstation@-27.44,153.16;wynnumnorthstation;77.9;94.7;92.4;190;0;7;titulaire;32;RETENUE;
Allemagne;de_gtfsde;eppsteinniederjosbachbahnhof@50.15,8.35;eppsteinniederjosbachbahnhof;77.7;70.8;93.6;36;0;7;titulaire;32;RETENUE;
Allemagne;de_gtfsde;lumundenheimbahnhof@49.46,8.42;lumundenheimbahnhof;77.7;85.8;95.3;29;0;7;titulaire;32;RETENUE;
Allemagne;de_gtfsde;wrthrhrathaus@49.05,8.25;wrthrhrathaus;77.6;92.3;97.3;170;0;7;titulaire;32;RETENUE;
Allemagne;de_gtfsde;krefelduerdingenbf@51.36,6.65;krefelduerdingenbf;77.6;59.5;91.9;66;0;7;titulaire;32;RETENUE;
France;fr_sncf;UIC87611244;Montauban Ville Bourbon;77.4;83.9;99.6;21;3;7;titulaire;31;RETENUE;
Irlande;ie_nta;dunlaoghairemallin@53.29,-6.13;dunlaoghairemallin;77.4;87.6;85.8;21;0;7;titulaire;31;RETENUE;
Allemagne;de_gtfsde;sarstedt@52.23,9.84;sarstedt;77.4;82.1;96.8;31;0;7;titulaire;31;RETENUE;
Allemagne;de_gtfsde;brettenwannenweg@49.03,8.71;brettenwannenweg;77.4;76.4;98.9;274;0;7;titulaire;31;RETENUE;
Allemagne;de_gtfsde;staudernheimbahnhof@49.78,7.69;staudernheimbahnhof;77.3;62.7;99.3;61;0;7;titulaire;31;RETENUE;
Allemagne;de_gtfsde;schwerinhauptbahnhof@53.63,11.41;schwerinhauptbahnhof;77.3;92.1;96.8;26;0;7;titulaire;31;RETENUE;
Allemagne;de_gtfsde;solingenschabergbf@51.16,7.13;solingenschabergbf;77.3;85.4;99.3;28;0;7;titulaire;31;RETENUE;
Etats-Unis;us_mta_mnr;marblehill@40.87,-73.91;marblehill;77.3;91.9;99.4;22;0;7;titulaire;31;RETENUE;
Allemagne;de_gtfsde;kahlmain@50.08,9.01;kahlmain;77.1;78.3;94.1;43;0;7;titulaire;31;RETENUE;
Australie;au_translink_seq;coorparoostation@-27.49,153.06;coorparoostation;77.1;94.4;98.2;163;0;7;titulaire;31;RETENUE;
Irlande;ie_nta;howthjunctionanddonaghmede@53.39,-6.16;howthjunctionanddonaghmede;77;95.5;91.5;17;0;7;titulaire;31;RETENUE;
Allemagne;de_gtfsde;badkleinenbahnhof@53.77,11.47;badkleinenbahnhof;77;92.4;97.6;22;0;7;titulaire;31;RETENUE;
Allemagne;de_gtfsde;klngremberghovenkairportbusinesspark@50.91,7.05;klngremberghovenkairportbusinesspark;77;78.5;92.1;29;0;7;titulaire;31;RETENUE;
Allemagne;de_gtfsde;darmstadtarheilgenbahnhof@49.91,8.65;darmstadtarheilgenbahnhof;77;88.9;95.4;25;0;7;titulaire;31;RETENUE;
Allemagne;de_gtfsde;dietzenbachsteinbergbahnhof@50.03,8.79;dietzenbachsteinbergbahnhof;77;76.4;87.8;24;0;7;titulaire;31;RETENUE;
Allemagne;de_gtfsde;lurheingnheimbahnhof@49.45,8.41;lurheingnheimbahnhof;77;86.3;96.6;29;0;7;titulaire;31;RETENUE;
France;fr_sncf;UIC87276113;Chantilly - Gouvieux;76.9;88.7;99.6;21;1.71;7;titulaire;31;RETENUE;
Allemagne;de_gtfsde;schnebeckbadsalzelmen@52.00,11.72;schnebeckbadsalzelmen;76.9;76.4;97.3;26;0;7;titulaire;31;RETENUE;
France;fr_sncf;UIC87751602;L'Estaque;76.7;94;100;10;0.71;7;titulaire;31;RETENUE;
Allemagne;de_gtfsde;inningen@48.31,10.87;inningen;76.7;93.7;88.2;18;0;7;titulaire;31;RETENUE;
Allemagne;de_gtfsde;wetzlardutenhofenbahnhof@50.56,8.60;wetzlardutenhofenbahnhof;76.7;85.7;93.1;32;0;7;titulaire;31;RETENUE;
Allemagne;de_gtfsde;friedberghessenbruchenbrckenbahnhof@50.30,8.79;friedberghessenbruchenbrckenbahnhof;76.7;88.1;98.2;22;0;7;titulaire;31;RETENUE;
France;fr_sncf;UIC87747329;Moirans;76.6;86.6;99.6;21;1.71;7;titulaire;31;RETENUE;
Allemagne;de_gtfsde;badschnbornsd@49.20,8.64;badschnbornsd;76.6;81.2;98.5;31;0;7;titulaire;31;RETENUE;
Allemagne;de_gtfsde;lampertheimbahnhof@49.60,8.48;lampertheimbahnhof;76.6;84.9;96.9;27;0;7;titulaire;31;RETENUE;
Allemagne;de_gtfsde;aschersleben@51.76,11.47;aschersleben;76.6;70.5;95.5;36;0;7;titulaire;31;RETENUE;
France;fr_sncf;UIC87747287;Voiron;76.4;90.7;99.6;15;1.43;7;titulaire;31;RETENUE;
Allemagne;de_gtfsde;bestwigbahnhof@51.36,8.40;bestwigbahnhof;76.4;85.8;95.4;22;0;7;titulaire;31;RETENUE;
Allemagne;de_gtfsde;niederolmbahnhof@49.91,8.20;niederolmbahnhof;76.4;46.2;98.5;48;0;7;titulaire;31;RETENUE;
Allemagne;de_gtfsde;allerheiligen@51.14,6.76;allerheiligen;76.4;58.3;94.2;46;0;7;titulaire;31;RETENUE;
Allemagne;de_gtfsde;gdbahnhof@48.80,9.79;gdbahnhof;76.4;58.5;95;47;0;7;titulaire;31;RETENUE;
Etats-Unis;us_mta_mnr;westport@41.12,-73.37;westport;76.4;86.9;95.4;24;0;7;titulaire;31;RETENUE;
Etats-Unis;us_mta_lirr;merillonavenue@40.74,-73.66;merillonavenue;76.4;89.5;99.4;282;0;7;titulaire;31;RETENUE;
Allemagne;de_gtfsde;dortmundmllerbrcke@51.51,7.45;dortmundmllerbrcke;76.3;96.4;97.8;18;0;7;titulaire;31;RETENUE;
Allemagne;de_gtfsde;merseburghbf@51.36,11.99;merseburghbf;76.3;91;94;38;0;7;titulaire;31;RETENUE;
Etats-Unis;us_mta_mnr;westhaven@41.27,-72.96;westhaven;76.3;95.5;98.7;20;0;7;titulaire;31;RETENUE;
Allemagne;de_gtfsde;schweinfurtstadt@50.05,10.24;schweinfurtstadt;76.1;92.1;92.4;20;0;7;titulaire;31;RETENUE;
Allemagne;de_gtfsde;miltenberg@49.71,9.25;miltenberg;76.1;95.3;97.6;18;0;7;titulaire;31;RETENUE;
Allemagne;de_gtfsde;jestettenbahnhof@47.65,8.57;jestettenbahnhof;76.1;96.2;99.6;74;0;7;titulaire;31;RETENUE;
Allemagne;de_gtfsde;drrnhaar@47.99,11.73;drrnhaar;76.1;94;98.7;16;0;7;titulaire;31;RETENUE;
Allemagne;de_gtfsde;meiensbftriebischtal@51.15,13.46;meiensbftriebischtal;76.1;80.9;96.9;25;0;7;titulaire;31;RETENUE;
Allemagne;de_gtfsde;rotmalschbahnhof@49.24,8.65;rotmalschbahnhof;76.1;80.1;96.9;34;0;7;titulaire;31;RETENUE;
Allemagne;de_gtfsde;haangruiten@51.22,7.01;haangruiten;76.1;76.7;83;121;0;7;titulaire;31;RETENUE;
Etats-Unis;us_mta_mnr;chappaqua@41.16,-73.77;chappaqua;76.1;88.4;99.6;43;0;7;titulaire;31;RETENUE;
Allemagne;de_gtfsde;bauerbachbaden@49.07,8.75;bauerbachbaden;76;78;98;260;0;7;titulaire;31;RETENUE;
Allemagne;de_gtfsde;hllriegelskreuth@48.04,11.51;hllriegelskreuth;76;92.3;96;18;0;7;titulaire;31;RETENUE;
Allemagne;de_gtfsde;egelsbachbahnhof@49.97,8.65;egelsbachbahnhof;76;89.1;99.8;22;0;7;titulaire;31;RETENUE;
Allemagne;de_gtfsde;dflughafenterminals@51.28,6.77;dflughafenterminals;76;65.2;97.8;42;0;7;titulaire;31;RETENUE;
Allemagne;de_gtfsde;bchenbchen@53.48,10.62;bchenbchen;76;77.1;97.3;34;0;7;titulaire;31;RETENUE;
Allemagne;de_gtfsde;jhlingenwest@49.03,8.57;jhlingenwest;76;77.1;98.9;304;0;7;titulaire;31;RETENUE;
Allemagne;de_gtfsde;gennweiler@49.37,7.05;gennweiler;75.9;90.6;96.4;17;0;7;titulaire;31;RETENUE;
Allemagne;de_gtfsde;vlklingen@49.25,6.85;vlklingen;75.9;79.5;91.6;43;0;7;titulaire;31;RETENUE;
Allemagne;de_gtfsde;dresdensbfbischofsplatz@51.07,13.75;dresdensbfbischofsplatz;75.9;76.1;93.3;34;0;7;titulaire;31;RETENUE;
Allemagne;de_gtfsde;schngeising@48.15,11.19;schngeising;75.9;93.2;99.4;20;0;7;titulaire;31;RETENUE;
Allemagne;de_gtfsde;flrsheimmainbahnhof@50.02,8.43;flrsheimmainbahnhof;75.9;61.4;96.7;34;0;7;titulaire;31;RETENUE;
France;fr_sncf;UIC87713545;Beaune;75.7;87.5;100;15;0.43;7;titulaire;31;RETENUE;
Allemagne;de_gtfsde;dortmundasselnmitte@51.53,7.58;dortmundasselnmitte;75.7;96.4;98.5;17;0;7;titulaire;31;RETENUE;
Allemagne;de_gtfsde;saarlouishbf@49.33,6.75;saarlouishbf;75.7;81.7;92.2;37;0;7;titulaire;31;RETENUE;
France;fr_sncf;UIC87673202;Dax;75.6;81.7;99.8;17;1.43;7;titulaire;31;RETENUE;
Norvege;no_entur;heggedalstasjon@59.79,10.43;heggedalstasjon;75.6;83;100;212;0;7;titulaire;31;RETENUE;
Allemagne;de_gtfsde;essenkupferdreh@51.39,7.08;essenkupferdreh;75.6;67.9;93.1;38;0;7;titulaire;31;RETENUE;
Allemagne;de_gtfsde;beratzhausen@49.09,11.81;beratzhausen;75.6;89.8;99.4;25;0;7;titulaire;31;RETENUE;
Norvege;no_entur;rykenstasjon@59.75,10.39;rykenstasjon;75.4;83.3;99.8;200;0;7;titulaire;31;RETENUE;
Allemagne;de_gtfsde;neuhausenrheinfall@47.68,8.62;neuhausenrheinfall;75.4;94.9;99.8;67;0;7;titulaire;31;RETENUE;
Allemagne;de_gtfsde;pleinfeld@49.11,10.98;pleinfeld;75.4;79;94.6;41;0;7;titulaire;31;RETENUE;
Allemagne;de_gtfsde;wrrstadtbahnhof@49.85,8.11;wrrstadtbahnhof;75.4;53.2;97.2;42;0;7;titulaire;31;RETENUE;
France;fr_sncf;UIC87583005;Angoulême;75.3;88.8;99.4;16;0.29;7;titulaire;31;RETENUE;
Allemagne;de_gtfsde;weinsbergwest@49.15,9.27;weinsbergwest;75.3;83.1;96.2;258;0;7;titulaire;31;RETENUE;
Allemagne;de_gtfsde;radebeulsbfweintraube@51.10,13.66;radebeulsbfweintraube;75.3;75.7;93.3;36;0;7;titulaire;31;RETENUE;
Allemagne;de_gtfsde;neckarsulm@49.19,9.22;neckarsulm;75.3;94.7;95.8;85;0;7;titulaire;31;RETENUE;
France;fr_sncf;UIC87543017;Les Aubrais;75.1;85.6;99.8;16;2.14;7;titulaire;31;RETENUE;
Allemagne;de_gtfsde;kleinsteinbach@48.97,8.55;kleinsteinbach;75.1;79.1;97.8;260;0;7;titulaire;31;RETENUE;
Allemagne;de_gtfsde;dormagennievenheimbf@51.12,6.78;dormagennievenheimbf;75.1;57.8;91.8;51;0;7;titulaire;31;RETENUE;
Allemagne;de_gtfsde;neubrckebahnhof@49.61,7.17;neubrckebahnhof;75.1;76.2;99.6;41;0;7;titulaire;31;RETENUE;
France;fr_sncf;UIC87784009;Perpignan;75;88;99.6;17;1;7;titulaire;30;RETENUE;
Allemagne;de_gtfsde;horneburg@53.51,9.58;horneburg;75;83.4;97.2;27;0;7;titulaire;30;RETENUE;
Allemagne;de_gtfsde;neukloster@53.48,9.64;neukloster;75;85.1;95.6;26;0;7;titulaire;30;RETENUE;
Allemagne;de_gtfsde;trossingenbahnhof@48.09,8.59;trossingenbahnhof;75;88;96.3;46;0;7;titulaire;30;RETENUE;
Allemagne;de_gtfsde;hochheimmainbahnhof@50.00,8.35;hochheimmainbahnhof;75;60.2;95.5;34;0;7;titulaire;30;RETENUE;
Allemagne;de_gtfsde;reichenbachf@48.71,9.46;reichenbachf;75;88.8;98.7;25;0;7;titulaire;30;RETENUE;
Allemagne;de_gtfsde;oberweselbahnhof@50.10,7.73;oberweselbahnhof;75;63.4;96.9;55;0;7;titulaire;30;RETENUE;
Allemagne;de_gtfsde;riedstadtwolfskehlenbahnhof@49.85,8.49;riedstadtwolfskehlenbahnhof;74.9;89.1;98.9;23;0;7;titulaire;30;RETENUE;
Allemagne;de_gtfsde;illingensaar@49.38,7.05;illingensaar;74.9;91.2;96.1;15;0;7;titulaire;30;RETENUE;
Allemagne;de_gtfsde;dortmunddernebf@51.57,7.53;dortmunddernebf;74.9;65.8;95.8;124;0;7;titulaire;30;RETENUE;
Allemagne;de_gtfsde;etzelwang@49.53,11.59;etzelwang;74.9;57.6;97.9;33;0;7;titulaire;30;RETENUE;
Allemagne;de_gtfsde;remagenoberwinterbf@50.61,7.21;remagenoberwinterbf;74.7;57.6;96.5;79;0;7;titulaire;30;RETENUE;
Allemagne;de_gtfsde;halberstadthbf@51.90,11.07;halberstadthbf;74.7;71.5;97.2;42;0;7;titulaire;30;RETENUE;
Allemagne;de_gtfsde;achimbbremenzug@53.02,9.03;achimbbremenzug;74.7;78.6;97.4;48;0;7;titulaire;30;RETENUE;
Australie;au_translink_seq;morayfieldstation@-27.11,152.95;morayfieldstation;74.7;86.2;98.7;224;0;7;titulaire;30;RETENUE;
Pays-Bas;nl_ovapi;geleenoost@50.97,5.84;geleenoost;74.6;97.9;100;135;0;7;titulaire;30;RETENUE;
Allemagne;de_gtfsde;stettfeldweiher@49.18,8.64;stettfeldweiher;74.6;80.8;98.1;31;0;7;titulaire;30;RETENUE;
Allemagne;de_gtfsde;eislingenf@48.70,9.70;eislingenf;74.6;88.7;96.3;26;0;7;titulaire;30;RETENUE;
Allemagne;de_gtfsde;ochenbruck@49.36,11.25;ochenbruck;74.6;95.8;97.9;17;0;7;titulaire;30;RETENUE;
Allemagne;de_gtfsde;elsterwerdabahnhof@51.46,13.52;elsterwerdabahnhof;74.6;91.2;96.1;28;0;7;titulaire;30;RETENUE;
France;fr_sncf;UIC87295600;Aulnoye-Aymeries;74.4;83.9;99.4;20;1.43;7;titulaire;30;RETENUE;
Pays-Bas;nl_ovapi;winterswijk@51.97,6.72;winterswijk;74.4;95;100;122;0;7;titulaire;30;RETENUE;
Allemagne;de_gtfsde;lbbenbahnhof@51.94,13.88;lbbenbahnhof;74.4;83.1;90.3;34;0;7;titulaire;30;RETENUE;
Allemagne;de_gtfsde;werdaubahnhof@50.73,12.37;werdaubahnhof;74.4;72.9;97;44;0;7;titulaire;30;RETENUE;
Allemagne;de_gtfsde;darmstadtwixhausenbahnhof@49.93,8.65;darmstadtwixhausenbahnhof;74.4;87.1;97.9;23;0;7;titulaire;30;RETENUE;
Australie;au_translink_seq;narangbastation@-27.20,152.96;narangbastation;74.4;84.8;97.9;250;0;7;titulaire;30;RETENUE;
Australie;au_translink_seq;normanparkstation@-27.48,153.06;normanparkstation;74.4;96.2;99.2;157;0;7;titulaire;30;RETENUE;
Allemagne;de_gtfsde;sen@48.68,9.76;sen;74.3;88.8;97.6;25;0;7;titulaire;30;RETENUE;
Allemagne;de_gtfsde;flensburg@54.77,9.44;flensburg;74.3;94.2;98.5;32;0;7;titulaire;30;RETENUE;
Allemagne;de_gtfsde;ubstadtweiher@49.17,8.62;ubstadtweiher;74.3;80.2;96.5;29;0;7;titulaire;30;RETENUE;
Allemagne;de_gtfsde;augsburgmesse@48.34,10.89;augsburgmesse;74.3;93.5;86.7;18;0;7;titulaire;30;RETENUE;
Allemagne;de_gtfsde;hattersheimmaineddersheimbahnhof@50.04,8.46;hattersheimmaineddersheimbahnhof;74.3;56.7;96.1;33;0;7;titulaire;30;RETENUE;
France;fr_sncf;UIC87576207;Bourges;74.1;91.7;99.6;16;1.43;7;titulaire;30;RETENUE;
Allemagne;de_gtfsde;bondorf@48.52,8.83;bondorf;74.1;73;95.8;100;0;7;titulaire;30;RETENUE;
Allemagne;de_gtfsde;hannoverbahnhofbismarckstr@52.36,9.77;hannoverbahnhofbismarckstr;74.1;68;86.2;40;0;7;titulaire;30;RETENUE;
Australie;au_translink_seq;dakabinstation@-27.23,152.98;dakabinstation;74.1;85.7;99.8;250;0;7;titulaire;30;RETENUE;
Australie;au_translink_seq;burpengarystation@-27.16,152.96;burpengarystation;74.1;88.1;97;233;0;7;titulaire;30;RETENUE;
Irlande;ie_nta;blackrock@53.30,-6.18;blackrock;74;90.3;85.6;21;0;7;titulaire;30;RETENUE;
Allemagne;de_gtfsde;bilfingenbahnhof@48.95,8.62;bilfingenbahnhof;74;80.9;98.3;255;0;7;titulaire;30;RETENUE;
Etats-Unis;us_mta_mnr;woodlawn@40.90,-73.86;woodlawn;74;96.1;98.5;17;0;7;titulaire;30;RETENUE;
Australie;au_translink_seq;murarriestation@-27.46,153.10;murarriestation;74;93.8;98.5;180;0;7;titulaire;30;RETENUE;
France;fr_sncf;UIC87595009;Périgueux;73.9;89.7;99.8;11;1.71;7;titulaire;30;RETENUE;
France;fr_sncf;UIC87478404;Laval;73.7;92.1;100;13;0.14;7;titulaire;30;RETENUE;
Pays-Bas;nl_ovapi;zaltbommel@51.81,5.26;zaltbommel;73.7;95.9;99;99;0;7;titulaire;30;RETENUE;
Allemagne;de_gtfsde;mnsterhaltepzentrumnord@51.98,7.64;mnsterhaltepzentrumnord;73.7;82.6;89.3;73;0;7;titulaire;30;RETENUE;
Norvege;no_entur;eidsvollverkstasjon@60.29,11.17;eidsvollverkstasjon;73.6;76.1;100;258;0;7;titulaire;30;RETENUE;
Allemagne;de_gtfsde;neuhausench@47.68,8.62;neuhausench;73.6;97.9;99.8;54;0;7;titulaire;30;RETENUE;
Allemagne;de_gtfsde;hagenvorhallebf@51.39,7.43;hagenvorhallebf;73.6;86.4;98.3;21;0;7;titulaire;30;RETENUE;
Allemagne;de_gtfsde;petersaurachnord@49.32,10.74;petersaurachnord;73.6;97.1;98.5;18;0;7;titulaire;30;RETENUE;
Allemagne;de_gtfsde;faurndau@48.71,9.62;faurndau;73.6;90.5;97.9;22;0;7;titulaire;30;RETENUE;
Allemagne;de_gtfsde;erzhausenbahnhof@49.95,8.65;erzhausenbahnhof;73.6;87.2;96.4;25;0;7;titulaire;30;RETENUE;
Allemagne;de_gtfsde;szringelheimbahnhof@52.04,10.31;szringelheimbahnhof;73.6;92;96.1;27;0;7;titulaire;30;RETENUE;
Allemagne;de_gtfsde;grtringen@48.64,8.91;grtringen;73.6;93.4;95.5;17;0;7;titulaire;30;RETENUE;
Allemagne;de_gtfsde;boppardhauptbahnhof@50.23,7.59;boppardhauptbahnhof;73.4;58.2;95.5;59;0;7;titulaire;30;RETENUE;
Allemagne;de_gtfsde;albigbahnhof@49.77,8.12;albigbahnhof;73.4;44.9;96.6;43;0;7;titulaire;30;RETENUE;
Allemagne;de_gtfsde;velbertnevigesmarktbahnhof@51.31,7.09;velbertnevigesmarktbahnhof;73.4;72.2;95.5;41;0;7;titulaire;30;RETENUE;
Allemagne;de_gtfsde;kronbergtaunusbahnhof@50.18,8.52;kronbergtaunusbahnhof;73.4;92.8;99.6;22;0;7;titulaire;30;RETENUE;
Allemagne;de_gtfsde;anwanden@49.41,10.93;anwanden;73.4;97.3;98.7;16;0;7;titulaire;30;RETENUE;
Etats-Unis;us_mta_mnr;goldensbridge@41.29,-73.68;goldensbridge;73.4;88.5;99.4;31;0;7;titulaire;30;RETENUE;
Australie;au_translink_seq;hemmantstation@-27.45,153.13;hemmantstation;73.4;93.2;94.5;162;0;7;titulaire;30;RETENUE;
Irlande;ie_nta;seapoint@53.30,-6.17;seapoint;73.3;90.3;88.8;20;0;7;titulaire;30;RETENUE;
Allemagne;de_gtfsde;hechingenbfzob@48.36,8.97;hechingenbfzob;73.3;69.6;91.1;46;0;7;titulaire;30;RETENUE;
Allemagne;de_gtfsde;sdollern@53.55,9.56;sdollern;73.3;80.7;98.8;29;0;7;titulaire;30;RETENUE;
Allemagne;de_gtfsde;ersingenbahnhof@48.93,8.64;ersingenbahnhof;73.3;81.1;97.2;232;0;7;titulaire;30;RETENUE;
Allemagne;de_gtfsde;ebersbachf@48.72,9.53;ebersbachf;73.3;89.3;95.5;26;0;7;titulaire;30;RETENUE;
Allemagne;de_gtfsde;gingenf@48.66,9.79;gingenf;73.3;88.5;98.7;28;0;7;titulaire;30;RETENUE;
Etats-Unis;us_mta_mnr;williamsbridge@40.88,-73.87;williamsbridge;73.3;96.1;100;17;0;7;titulaire;30;RETENUE;
France;fr_sncf;UIC87439554;Vitrolles Aéroport Marseille P;73.1;93;100;13;0.14;7;titulaire;30;RETENUE;
France;fr_sncf;UIC87722587;Vienne;73.1;88.1;100;19;0.71;7;titulaire;30;RETENUE;
Allemagne;de_gtfsde;magstadt@48.74,8.97;magstadt;73.1;97.7;99.2;14;0;7;titulaire;30;RETENUE;
Allemagne;de_gtfsde;kronbergtaunussd@50.17,8.53;kronbergtaunussd;73.1;91.4;99.4;21;0;7;titulaire;30;RETENUE;
Allemagne;de_gtfsde;bonngronauuncampusbf@50.71,7.12;bonngronauuncampusbf;73.1;54.5;92.8;62;0;7;titulaire;30;RETENUE;
Allemagne;de_gtfsde;wedel@53.58,9.70;wedel;73;93.9;99.8;16;0;7;titulaire;30;RETENUE;
Allemagne;de_gtfsde;vierkirchenesterhofen@48.36,11.44;vierkirchenesterhofen;73;88.5;92.1;20;0;7;titulaire;30;RETENUE;
Allemagne;de_gtfsde;wssingen@49.02,8.60;wssingen;73;76.1;97.3;293;0;7;titulaire;30;RETENUE;
Pays-Bas;nl_ovapi;capelleschollevaar@51.95,4.58;capelleschollevaar;72.9;92.4;99.8;164;0;7;titulaire;30;RETENUE;
Pays-Bas;nl_ovapi;gilzerijen@51.58,4.92;gilzerijen;72.9;95.1;99.8;122;0;7;titulaire;30;RETENUE;
Allemagne;de_gtfsde;korschenbroichbf@51.20,6.51;korschenbroichbf;72.9;79.8;95.5;28;0;7;titulaire;30;RETENUE;
Allemagne;de_gtfsde;niederlinxweiler@49.43,7.16;niederlinxweiler;72.9;84.3;98.3;25;0;7;titulaire;30;RETENUE;
Allemagne;de_gtfsde;dresdenflughafen@51.12,13.77;dresdenflughafen;72.9;96.9;99.6;20;0;7;titulaire;30;RETENUE;
Allemagne;de_gtfsde;schweinfurtmitte@50.04,10.23;schweinfurtmitte;72.9;92.4;91.6;21;0;7;titulaire;30;RETENUE;
Allemagne;de_gtfsde;klnholweidesbahn@50.98,7.04;klnholweidesbahn;72.9;70;92.9;37;0;7;titulaire;30;RETENUE;
Allemagne;de_gtfsde;freiburglittenweilerbahnhof@47.98,7.90;freiburglittenweilerbahnhof;72.9;96.9;99.2;15;0;7;titulaire;30;RETENUE;
Pays-Bas;nl_ovapi;olst@52.34,6.11;olst;72.7;91.6;99.6;192;0;7;titulaire;30;RETENUE;
Allemagne;de_gtfsde;solingenvogelpark@51.17,6.99;solingenvogelpark;72.7;65.6;96.4;31;0;7;titulaire;30;RETENUE;
Allemagne;de_gtfsde;dortmundkrne@51.51,7.51;dortmundkrne;72.7;95.7;88.4;19;0;7;titulaire;30;RETENUE;
Allemagne;de_gtfsde;frankfurtmainsindlingenbahnhof@50.09,8.51;frankfurtmainsindlingenbahnhof;72.7;63.9;95;36;0;7;titulaire;30;RETENUE;
Allemagne;de_gtfsde;drrenbchig@49.02,8.65;drrenbchig;72.7;76.2;99.4;275;0;7;titulaire;30;RETENUE;
France;fr_sncf;UIC87485003;La Rochelle;72.6;88.4;100;19;1.29;7;titulaire;30;RETENUE;
France;fr_sncf;UIC87319012;Aix-en-Provence TGV;72.6;70.9;100;21;0.43;7;titulaire;30;RETENUE;
Allemagne;de_gtfsde;immenstadt@47.56,10.21;immenstadt;72.6;81.1;98.4;27;0;7;titulaire;30;RETENUE;
Allemagne;de_gtfsde;northeim@51.70,9.99;northeim;72.6;89.8;94.6;33;0;7;titulaire;30;RETENUE;
Allemagne;de_gtfsde;klngremberghovensteinstrsbahn@50.90,7.06;klngremberghovensteinstrsbahn;72.6;78.3;95.7;28;0;7;titulaire;30;RETENUE;
Pays-Bas;nl_ovapi;gronauwestf@52.22,7.02;gronauwestf;72.4;97.8;100;14;0;7;titulaire;29;RETENUE;
Pays-Bas;nl_ovapi;nieuwerkerkadijssel@51.97,4.62;nieuwerkerkadijssel;72.4;93.1;99.2;149;0;7;titulaire;29;RETENUE;
Allemagne;de_gtfsde;grimmenthalbushaltestelle@50.53,10.46;grimmenthalbushaltestelle;72.4;97.6;96.8;13;0;7;titulaire;29;RETENUE;
Allemagne;de_gtfsde;hattingenmitte@51.40,7.18;hattingenmitte;72.4;90.3;99.6;23;0;7;titulaire;29;RETENUE;
Allemagne;de_gtfsde;knigsbachbahnhof@48.96,8.61;knigsbachbahnhof;72.4;80.7;97.9;252;0;7;titulaire;29;RETENUE;
France;fr_sncf;UIC87734053;Riom - Châtel-Guyon;72.3;92.1;99.8;13;1.29;7;titulaire;29;RETENUE;
Allemagne;de_gtfsde;kileggbahnhof@47.79,9.88;kileggbahnhof;72.3;77.9;93.9;28;0;7;titulaire;29;RETENUE;
Allemagne;de_gtfsde;gifhornbahnhofsd@52.46,10.55;gifhornbahnhofsd;72.3;79.4;97.1;31;0;7;titulaire;29;RETENUE;
Pays-Bas;nl_ovapi;annapaulowna@52.87,4.81;annapaulowna;72.1;96.4;99.2;118;0;7;titulaire;29;RETENUE;
Allemagne;de_gtfsde;agathenburg@53.56,9.53;agathenburg;72.1;81.8;97.7;28;0;7;titulaire;29;RETENUE;
Allemagne;de_gtfsde;berghausenhummelberg@49.01,8.53;berghausenhummelberg;72.1;81.2;99.6;276;0;7;titulaire;29;RETENUE;
Allemagne;de_gtfsde;mrfeldenwalldorfmrfeldenbahnhof@49.98,8.57;mrfeldenwalldorfmrfeldenbahnhof;72.1;86.9;92.7;23;0;7;titulaire;29;RETENUE;
Allemagne;de_gtfsde;massenbahnhof@51.54,7.64;massenbahnhof;72.1;96.8;84.7;17;0;7;titulaire;29;RETENUE;
Allemagne;de_gtfsde;geislingenwest@48.63,9.82;geislingenwest;72.1;89.3;97.9;26;0;7;titulaire;29;RETENUE;
Etats-Unis;us_mta_mnr;spuytenduyvil@40.88,-73.92;spuytenduyvil;72.1;92.3;99;21;0;7;titulaire;29;RETENUE;
Etats-Unis;us_mta_mnr;riverdale@40.90,-73.91;riverdale;72.1;91.5;98.6;22;0;7;titulaire;29;RETENUE;
Allemagne;de_gtfsde;meiningen@50.57,10.42;meiningen;72;96.8;87.7;13;0;7;titulaire;29;RETENUE;
Allemagne;de_gtfsde;botfeldhausenbf@51.62,6.97;botfeldhausenbf;72;85.3;92.6;30;0;7;titulaire;29;RETENUE;
France;fr_sncf;UIC87317263;Calais Ville;71.9;88.3;100;16;0.29;7;titulaire;29;RETENUE;
France;fr_sncf;UIC87171926;Champagne-Ardenne TGV;71.9;92;100;11;0.14;7;titulaire;29;RETENUE;
Allemagne;de_gtfsde;flehingen@49.08,8.78;flehingen;71.9;76.5;98.6;267;0;7;titulaire;29;RETENUE;
Allemagne;de_gtfsde;osnabrckaltstadt@52.28,8.05;osnabrckaltstadt;71.9;82.1;93;50;0;7;titulaire;29;RETENUE;
Allemagne;de_gtfsde;sllingenkapellenstrae@48.98,8.55;sllingenkapellenstrae;71.9;79.3;97.7;263;0;7;titulaire;29;RETENUE;
Allemagne;de_gtfsde;brumbahnhof@52.06,10.57;brumbahnhof;71.9;92.2;99.8;19;0;7;titulaire;29;RETENUE;
Etats-Unis;us_mta_lirr;carleplace@40.75,-73.60;carleplace;71.9;90.1;98.4;283;0;7;titulaire;29;RETENUE;
France;fr_sncf;UIC87118190;Nogent-sur-Seine;71.7;92.6;99.8;11;0.57;7;titulaire;29;RETENUE;
Irlande;ie_nta;dalkey@53.28,-6.10;dalkey;71.7;84.7;87.6;23;0;7;titulaire;29;RETENUE;
Pays-Bas;nl_ovapi;rotterdamnoord@51.94,4.48;rotterdamnoord;71.7;93.2;93.8;138;0;7;titulaire;29;RETENUE;
Allemagne;de_gtfsde;markkleeberggrostdteln@51.26,12.38;markkleeberggrostdteln;71.7;91.4;97.9;25;0;7;titulaire;29;RETENUE;
France;fr_sncf;UIC87723395;La Verpillière;71.6;92.8;99.8;14;1.71;7;titulaire;29;RETENUE;
Pays-Bas;nl_ovapi;rillandbath@51.42,4.16;rillandbath;71.6;93.4;99.8;163;0;7;titulaire;29;RETENUE;
Allemagne;de_gtfsde;dortmundkrnewest@51.51,7.50;dortmundkrnewest;71.6;96.2;88.2;20;0;7;titulaire;29;RETENUE;
Allemagne;de_gtfsde;gnitz@50.89,12.43;gnitz;71.6;85.2;94.5;41;0;7;titulaire;29;RETENUE;
Allemagne;de_gtfsde;wchtersbachbahnhof@50.25,9.30;wchtersbachbahnhof;71.6;58.7;96.7;51;0;7;titulaire;29;RETENUE;
Irlande;ie_nta;salthillandmonkstown@53.30,-6.15;salthillandmonkstown;71.4;89.2;86.2;20;0;7;titulaire;29;RETENUE;
Pays-Bas;nl_ovapi;kruiningenyerseke@51.47,4.04;kruiningenyerseke;71.4;92.6;98.6;144;0;7;titulaire;29;RETENUE;
Allemagne;de_gtfsde;preetz@54.23,10.28;preetz;71.4;91.8;94.7;30;0;7;titulaire;29;RETENUE;
Allemagne;de_gtfsde;bremerhavenlehe@53.57,8.60;bremerhavenlehe;71.4;79;96.9;32;0;7;titulaire;29;RETENUE;
Allemagne;de_gtfsde;illertissenbahnhof@48.22,10.10;illertissenbahnhof;71.4;74;96.5;41;0;7;titulaire;29;RETENUE;
Pays-Bas;nl_ovapi;denhelderzuid@52.93,4.76;denhelderzuid;71.3;95.6;99.8;116;0;7;titulaire;29;RETENUE;
Allemagne;de_gtfsde;weidenoberpf@49.67,12.15;weidenoberpf;71.3;87;95.2;36;0;7;titulaire;29;RETENUE;
Allemagne;de_gtfsde;dieburgbahnhof@49.90,8.84;dieburgbahnhof;71.3;90.4;91.6;22;0;7;titulaire;29;RETENUE;
Allemagne;de_gtfsde;brettenrinklingen@49.04,8.67;brettenrinklingen;71.3;80.2;98.8;266;0;7;titulaire;29;RETENUE;
Finlande;fi_digitraffic;HY;;71.1;98;92.6;150;0;7;titulaire;29;RETENUE;
Allemagne;de_gtfsde;eschweilerwest@50.82,6.25;eschweilerwest;71.1;85.9;99.2;18;0;7;titulaire;29;RETENUE;
Allemagne;de_gtfsde;burgthann@49.34,11.31;burgthann;71.1;92.4;98;19;0;7;titulaire;29;RETENUE;
Allemagne;de_gtfsde;kuchen@48.64,9.80;kuchen;71.1;89.6;96.3;24;0;7;titulaire;29;RETENUE;
Allemagne;de_gtfsde;burgkunstadt@50.14,11.24;burgkunstadt;71.1;90;97.1;20;0;7;titulaire;29;RETENUE;
France;fr_sncf;UIC85000109;Basel SBB;71;94.4;100;8;0.14;7;titulaire;29;RETENUE;
France;fr_sncf;UIC87586008;Agen;71;86.3;99.6;17;3.43;7;titulaire;29;RETENUE;
Pays-Bas;nl_ovapi;kampenzuid@52.53,5.91;kampenzuid;71;97;98;98;0;7;titulaire;29;RETENUE;
Pays-Bas;nl_ovapi;krabbendijke@51.43,4.12;krabbendijke;71;92.2;100;170;0;7;titulaire;29;RETENUE;
Allemagne;de_gtfsde;ruhlandbahnhof@51.46,13.87;ruhlandbahnhof;71;94.6;95.2;22;0;7;titulaire;29;RETENUE;
Allemagne;de_gtfsde;badbreisigbf@50.50,7.30;badbreisigbf;71;55.1;97.5;86;0;7;titulaire;29;RETENUE;
Allemagne;de_gtfsde;garmischpartenkirchen@47.49,11.10;garmischpartenkirchen;71;68.2;97.1;29;0;7;titulaire;29;RETENUE;
Allemagne;de_gtfsde;titiseebahnhof@47.90,8.16;titiseebahnhof;71;96.6;92.4;16;0;7;titulaire;29;RETENUE;
Allemagne;de_gtfsde;badstaffelstein@50.11,10.99;badstaffelstein;71;87.7;94;21;0;7;titulaire;29;RETENUE;
Etats-Unis;us_mta_mnr;tremont@40.85,-73.90;tremont;71;96.2;99;15;0;7;titulaire;29;RETENUE;
Etats-Unis;us_mta_mnr;mtkisco@41.21,-73.73;mtkisco;71;85.5;98.2;42;0;7;titulaire;29;RETENUE;
Norvege;no_entur;gullhellastasjon@59.81,10.44;gullhellastasjon;70.9;79.4;100;261;0;7;titulaire;29;RETENUE;
Norvege;no_entur;bondivannstasjon@59.82,10.43;bondivannstasjon;70.9;81.3;100;234;0;7;titulaire;29;RETENUE;
Irlande;ie_nta;sandymount@53.33,-6.22;sandymount;70.9;92.1;86.7;18;0;7;titulaire;29;RETENUE;
Irlande;ie_nta;glenageary@53.28,-6.12;glenageary;70.9;83.9;86.7;21;0;7;titulaire;29;RETENUE;
Allemagne;de_gtfsde;sinzigbf@50.55,7.26;sinzigbf;70.9;54.8;92.9;85;0;7;titulaire;29;RETENUE;
Allemagne;de_gtfsde;grafrath@48.13,11.15;grafrath;70.9;97;98.6;18;0;7;titulaire;29;RETENUE;
Allemagne;de_gtfsde;torgau@51.56,12.99;torgau;70.9;80;95;53;0;7;titulaire;29;RETENUE;
Allemagne;de_gtfsde;schifferstadtsdbahnhof@49.37,8.38;schifferstadtsdbahnhof;70.9;80.2;97.1;33;0;7;titulaire;29;RETENUE;
France;fr_sncf;UIC87672006;Pau;70.7;85.5;99.2;14;1.43;7;titulaire;29;RETENUE;
Allemagne;de_gtfsde;jgersfreude@49.27,7.01;jgersfreude;70.7;86.5;95.7;23;0;7;titulaire;29;RETENUE;
Allemagne;de_gtfsde;goldberg@48.70,9.02;goldberg;70.7;95.4;91.3;12;0;7;titulaire;29;RETENUE;
Allemagne;de_gtfsde;bergischgladbachduckteraths@50.98,7.10;bergischgladbachduckteraths;70.7;71.7;95.2;32;0;7;titulaire;29;RETENUE;
Allemagne;de_gtfsde;erfurtbischleben@50.94,10.99;erfurtbischleben;70.7;83.4;85.8;46;0;7;titulaire;29;RETENUE;
Allemagne;de_gtfsde;meckenheimbf@50.63,7.01;meckenheimbf;70.7;97.6;88.4;12;0;7;titulaire;29;RETENUE;
France;fr_sncf;UIC87721332;Villefranche-sur-Saône;70.6;88.9;99.6;12;0.43;7;titulaire;29;RETENUE;
Norvege;no_entur;spikkestadstasjon@59.74,10.34;spikkestadstasjon;70.6;88.7;99.6;169;0;7;titulaire;29;RETENUE;
Pays-Bas;nl_ovapi;heemskerk@52.49,4.69;heemskerk;70.6;98;99.6;130;0;7;titulaire;29;RETENUE;
Allemagne;de_gtfsde;ersingenwest@48.93,8.63;ersingenwest;70.6;79.4;98.4;251;0;7;titulaire;29;RETENUE;
Allemagne;de_gtfsde;meiensbahnhofaltstadt@51.16,13.47;meiensbahnhofaltstadt;70.6;80.4;91.3;24;0;7;titulaire;29;RETENUE;
Allemagne;de_gtfsde;kirchzartenbahnhof@47.97,7.96;kirchzartenbahnhof;70.6;96.6;97.4;16;0;7;titulaire;29;RETENUE;
Allemagne;de_gtfsde;dortmundkurlbf@51.56,7.58;dortmundkurlbf;70.6;66.4;96.5;108;0;7;titulaire;29;RETENUE;
Irlande;ie_nta;clontarfroad@53.36,-6.23;clontarfroad;70.4;93.3;87.4;14;0;7;titulaire;29;RETENUE;
Allemagne;de_gtfsde;unterasbach@49.42,10.99;unterasbach;70.4;97;97.8;15;0;7;titulaire;29;RETENUE;
Allemagne;de_gtfsde;grnstadtbahnhof@49.56,8.17;grnstadtbahnhof;70.4;90.5;93.9;21;0;7;titulaire;29;RETENUE;
Allemagne;de_gtfsde;trebgast@50.07,11.55;trebgast;70.4;93.5;98.2;19;0;7;titulaire;29;RETENUE;
Allemagne;de_gtfsde;mainznordbahnhofwmertz@50.02,8.25;mainznordbahnhofwmertz;70.4;78.3;96.7;33;0;7;titulaire;29;RETENUE;
Australie;au_translink_seq;lindumstation@-27.44,153.15;lindumstation;70.4;95.9;93;190;0;7;titulaire;29;RETENUE;
Pays-Bas;nl_ovapi;tilburgreeshof@51.57,4.99;tilburgreeshof;70.3;94.9;99.2;121;0;7;titulaire;29;RETENUE;
Allemagne;de_gtfsde;eutinbahn@54.14,10.61;eutinbahn;70.3;91.1;95.2;22;0;7;titulaire;29;RETENUE;
Allemagne;de_gtfsde;heilsbronn@49.35,10.79;heilsbronn;70.3;95.5;94.6;19;0;7;titulaire;29;RETENUE;
Allemagne;de_gtfsde;leingartenost@49.14,9.13;leingartenost;70.3;84.1;97.2;253;0;7;titulaire;29;RETENUE;
Allemagne;de_gtfsde;dedinghausenbahnhof@51.67,8.40;dedinghausenbahnhof;70.3;53.9;99;59;0;7;titulaire;29;RETENUE;
Allemagne;de_gtfsde;schladenbahnhof@52.02,10.55;schladenbahnhof;70.3;94.3;99.6;19;0;7;titulaire;29;RETENUE;
Allemagne;de_gtfsde;heiligensteinbahnhof@49.29,8.39;heiligensteinbahnhof;70.3;79.9;97.8;36;0;7;titulaire;29;RETENUE;
Allemagne;de_gtfsde;speyernordwest@49.33,8.42;speyernordwest;70.3;78;96.5;37;0;7;titulaire;29;RETENUE;
Allemagne;de_gtfsde;ehningen@48.66,8.94;ehningen;70.3;94.5;99;14;0;7;titulaire;29;RETENUE;
Allemagne;de_gtfsde;aubing@48.16,11.41;aubing;70.3;95.5;86.8;18;0;7;titulaire;29;RETENUE;
Australie;au_translink_seq;northboondallstation@-27.34,153.06;northboondallstation;70.3;94.7;99;130;0;7;titulaire;29;RETENUE;
Irlande;ie_nta;dublinpearse@53.34,-6.25;dublinpearse;70.1;90.6;83.6;20;0;7;titulaire;29;RETENUE;
Irlande;ie_nta;harmonstown@53.38,-6.19;harmonstown;70.1;96.7;88.2;15;0;7;titulaire;29;RETENUE;
Allemagne;de_gtfsde;freibergn@48.93,9.20;freibergn;70.1;96.7;96.8;16;0;7;titulaire;29;RETENUE;
Allemagne;de_gtfsde;berghausenpfalzbahnhof@49.29,8.41;berghausenpfalzbahnhof;70.1;78;97.8;37;0;7;titulaire;29;RETENUE;
France;fr_sncf;UIC87182139;Saint-Louis;70;96.3;100;7;0.29;7;titulaire;28;RETENUE;
France;fr_sncf;UIC87342006;Béthune;70;92.4;99.6;15;0.57;7;titulaire;28;RETENUE;
Allemagne;de_gtfsde;finningerstrae@48.39,10.03;finningerstrae;70;85.7;96.3;29;0;7;titulaire;28;RETENUE;
Allemagne;de_gtfsde;hohensteinernstthalbahnhof@50.80,12.71;hohensteinernstthalbahnhof;70;93.3;99.2;21;0;7;titulaire;28;RETENUE;
Allemagne;de_gtfsde;kreuzlingenbernrain@47.64,9.16;kreuzlingenbernrain;70;98;100;57;0;7;titulaire;28;RETENUE;
Allemagne;de_gtfsde;prienamchiemsee@47.86,12.35;prienamchiemsee;70;77.3;95.7;56;0;7;titulaire;28;RETENUE;
Allemagne;de_gtfsde;untertrkheim@48.78,9.25;untertrkheim;70;95.9;92.8;16;0;7;titulaire;28;RETENUE;
Allemagne;de_gtfsde;wabernbzkassel@51.10,9.36;wabernbzkassel;70;78.6;95.7;45;0;7;titulaire;28;RETENUE;
Allemagne;de_gtfsde;sinsheimhauptbahnhof@49.25,8.88;sinsheimhauptbahnhof;70;88.8;94.2;20;0;7;titulaire;28;RETENUE;
Irlande;ie_nta;raheny@53.38,-6.18;raheny;69.9;96.3;87.8;14;0;7;titulaire;28;RETENUE;
Pays-Bas;nl_ovapi;santpoortzuid@52.42,4.63;santpoortzuid;69.9;96.9;99.8;125;0;7;titulaire;28;RETENUE;
Allemagne;de_gtfsde;leipzigmockauerstrae@51.37,12.41;leipzigmockauerstrae;69.9;80.2;99;43;0;7;titulaire;28;RETENUE;
Allemagne;de_gtfsde;knigsteinbahnhof@50.92,14.08;knigsteinbahnhof;69.9;78.5;96.1;33;0;7;titulaire;28;RETENUE;
Allemagne;de_gtfsde;altenburg@51.00,12.44;altenburg;69.9;83.6;96.4;39;0;7;titulaire;28;RETENUE;
Allemagne;de_gtfsde;kreiensen@51.85,9.97;kreiensen;69.9;89;97.2;29;0;7;titulaire;28;RETENUE;
Etats-Unis;us_mta_mnr;botanicalgarden@40.87,-73.88;botanicalgarden;69.9;95.7;99;18;0;7;titulaire;28;RETENUE;
Australie;au_translink_seq;gaythornestation@-27.42,152.98;gaythornestation;69.9;89;98;148;0;7;titulaire;28;RETENUE;
Pays-Bas;nl_ovapi;driehuis@52.44,4.64;driehuis;69.7;97.5;97.8;119;0;7;titulaire;28;RETENUE;
Pays-Bas;nl_ovapi;santpoortnoord@52.43,4.63;santpoortnoord;69.7;97.1;97.6;122;0;7;titulaire;28;RETENUE;
Allemagne;de_gtfsde;dortmundkirchdernebf@51.55,7.51;dortmundkirchdernebf;69.7;66.6;94.4;83;0;7;titulaire;28;RETENUE;
Allemagne;de_gtfsde;duisburgschlenkbf@51.40,6.77;duisburgschlenkbf;69.7;66.4;88.7;35;0;7;titulaire;28;RETENUE;
Allemagne;de_gtfsde;dietzenbachmittebahnhof@50.02,8.79;dietzenbachmittebahnhof;69.7;75;94.9;25;0;7;titulaire;28;RETENUE;
Allemagne;de_gtfsde;kapellenwevelinghovenbf@51.13,6.62;kapellenwevelinghovenbf;69.7;89.5;99.4;27;0;7;titulaire;28;RETENUE;
Allemagne;de_gtfsde;bremenmahndorf@53.04,8.94;bremenmahndorf;69.7;77.9;96.8;44;0;7;titulaire;28;RETENUE;
Allemagne;de_gtfsde;neustadthohenacker@48.86,9.32;neustadthohenacker;69.7;96.1;97.2;17;0;7;titulaire;28;RETENUE;
Allemagne;de_gtfsde;nidderauheldenbergennidderaubahnhof@50.23,8.88;nidderauheldenbergennidderaubahnhof;69.7;92.4;96.4;21;0;7;titulaire;28;RETENUE;
France;fr_sncf;UIC87781278;Agde;69.6;83.2;99.6;16;0.29;7;titulaire;28;RETENUE;
Irlande;ie_nta;booterstown@53.31,-6.19;booterstown;69.6;89.9;84.7;21;0;7;titulaire;28;RETENUE;
Allemagne;de_gtfsde;radebergbahnhof@51.11,13.91;radebergbahnhof;69.6;95.9;91.9;17;0;7;titulaire;28;RETENUE;
Allemagne;de_gtfsde;salach@48.69,9.74;salach;69.6;89.7;98.6;26;0;7;titulaire;28;RETENUE;
Allemagne;de_gtfsde;nrnbergstein@49.43,11.02;nrnbergstein;69.6;96.5;93.8;15;0;7;titulaire;28;RETENUE;
Allemagne;de_gtfsde;hergatz@47.65,9.83;hergatz;69.6;68.2;97;33;0;7;titulaire;28;RETENUE;
Allemagne;de_gtfsde;kirchenlaibach@49.87,11.78;kirchenlaibach;69.6;85.8;98.6;29;0;7;titulaire;28;RETENUE;
Allemagne;de_gtfsde;welverbahnhof@51.62,7.95;welverbahnhof;69.6;56.9;98.8;65;0;7;titulaire;28;RETENUE;
Etats-Unis;us_mta_mnr;wakefield@40.91,-73.86;wakefield;69.6;97.1;98.6;16;0;7;titulaire;28;RETENUE;
Australie;au_translink_seq;nudgeestation@-27.37,153.08;nudgeestation;69.6;94.7;98.2;147;0;7;titulaire;28;RETENUE;
Allemagne;de_gtfsde;neuisenburgzeppelinheimbahnhof@50.04,8.61;neuisenburgzeppelinheimbahnhof;69.4;90.5;96;23;0;7;titulaire;28;RETENUE;
Allemagne;de_gtfsde;trkenfeld@48.10,11.08;trkenfeld;69.4;96.7;95.3;16;0;7;titulaire;28;RETENUE;
Allemagne;de_gtfsde;badlangensalza@51.10,10.64;badlangensalza;69.4;85.2;96;33;0;7;titulaire;28;RETENUE;
Allemagne;de_gtfsde;kleinenbroichbf@51.20,6.55;kleinenbroichbf;69.4;78.8;92.9;29;0;7;titulaire;28;RETENUE;
Allemagne;de_gtfsde;badsassendorfbahnhof@51.59,8.16;badsassendorfbahnhof;69.4;50.6;98.6;68;0;7;titulaire;28;RETENUE;
Allemagne;de_gtfsde;ehringhausenbahnhof@51.66,8.45;ehringhausenbahnhof;69.4;55.8;99;61;0;7;titulaire;28;RETENUE;
Allemagne;de_gtfsde;plling@49.29,11.41;plling;69.4;94.4;97;15;0;7;titulaire;28;RETENUE;
Allemagne;de_gtfsde;merzenich@50.84,6.52;merzenich;69.4;70.6;94.7;27;0;7;titulaire;28;RETENUE;
Etats-Unis;us_mta_mnr;crotonfalls@41.35,-73.66;crotonfalls;69.4;85.6;99.6;32;0;7;titulaire;28;RETENUE;
Australie;au_translink_seq;oxfordparkstation@-27.40,152.97;oxfordparkstation;69.4;91.6;93.1;160;0;7;titulaire;28;RETENUE;
Pays-Bas;nl_ovapi;kapellebiezelinge@51.48,3.96;kapellebiezelinge;69.3;93.4;99.8;158;0;7;titulaire;28;RETENUE;
Pays-Bas;nl_ovapi;ravenstein@51.79,5.64;ravenstein;69.3;95.9;100;147;0;7;titulaire;28;RETENUE;
Allemagne;de_gtfsde;oberlinxweiler@49.45,7.15;oberlinxweiler;69.3;84.5;96.4;26;0;7;titulaire;28;RETENUE;
Allemagne;de_gtfsde;schkeuditz@51.40,12.22;schkeuditz;69.3;97.7;98.2;11;0;7;titulaire;28;RETENUE;
Allemagne;de_gtfsde;friedrichsthalsaarmitte@49.33,7.09;friedrichsthalsaarmitte;69.3;85.2;99.4;25;0;7;titulaire;28;RETENUE;
Allemagne;de_gtfsde;friedrichsthalsaar@49.32,7.09;friedrichsthalsaar;69.3;84.7;96.6;24;0;7;titulaire;28;RETENUE;
Allemagne;de_gtfsde;iserlletmathebf@51.36,7.62;iserlletmathebf;69.3;86.2;96.2;34;0;7;titulaire;28;RETENUE;
Etats-Unis;us_mta_mnr;scarborough@41.14,-73.87;scarborough;69.3;92;99.6;22;0;7;titulaire;28;RETENUE;
Irlande;ie_nta;killester@53.37,-6.20;killester;69.1;96.5;86.7;14;0;7;titulaire;28;RETENUE;
Pays-Bas;nl_ovapi;osswest@51.76,5.51;osswest;69.1;95.5;99.2;159;0;7;titulaire;28;RETENUE;
Allemagne;de_gtfsde;westtnnenbahnhof@51.65,7.86;westtnnenbahnhof;69.1;56.6;98.2;63;0;7;titulaire;28;RETENUE;
France;fr_sncf;UIC87726802;Roanne;69;88;99.8;15;0.71;7;titulaire;28;RETENUE;
France;fr_sncf;UIC87746305;La Roche-sur-Foron;69;94;100;8;0.57;7;titulaire;28;RETENUE;
Allemagne;de_gtfsde;nrnbergschweinau@49.43,11.05;nrnbergschweinau;69;97.1;96.2;16;0;7;titulaire;28;RETENUE;
Allemagne;de_gtfsde;elzebahnhof@52.12,9.75;elzebahnhof;69;78.5;98.8;46;0;7;titulaire;28;RETENUE;
Allemagne;de_gtfsde;rheinbachrmerkanalbf@50.63,6.97;rheinbachrmerkanalbf;69;97.5;94.2;13;0;7;titulaire;28;RETENUE;
Irlande;ie_nta;shankill@53.24,-6.12;shankill;68.9;84.2;84.1;21;0;7;titulaire;28;RETENUE;
Allemagne;de_gtfsde;veltenbahnhof@52.69,13.17;veltenbahnhof;68.9;95;96.6;18;0;7;titulaire;28;RETENUE;
Allemagne;de_gtfsde;mindelheim@48.04,10.50;mindelheim;68.9;85.1;95.1;29;0;7;titulaire;28;RETENUE;
Allemagne;de_gtfsde;methlerbahnhof@51.57,7.61;methlerbahnhof;68.9;66.8;96.4;107;0;7;titulaire;28;RETENUE;
Allemagne;de_gtfsde;neugilching@48.10,11.29;neugilching;68.9;91.1;90.9;22;0;7;titulaire;28;RETENUE;
Australie;au_translink_seq;pimpamastation@-27.82,153.30;pimpamastation;68.9;91.7;99.6;131;0;7;titulaire;28;RETENUE;
Pays-Bas;nl_ovapi;bloemendaal@52.40,4.63;bloemendaal;68.7;97.1;98.4;134;0;7;titulaire;28;RETENUE;
Allemagne;de_gtfsde;mettingen@48.75,9.28;mettingen;68.7;95.8;94.9;17;0;7;titulaire;28;RETENUE;
Allemagne;de_gtfsde;bietigheimbaden@48.91,8.26;bietigheimbaden;68.7;79.2;94.7;275;0;7;titulaire;28;RETENUE;
Etats-Unis;us_mta_mnr;purdys@41.33,-73.66;purdys;68.7;86.3;99.6;30;0;7;titulaire;28;RETENUE;
France;fr_sncf;UIC87713578;Chagny;68.6;89.2;100;14;1.14;7;titulaire;28;RETENUE;
Allemagne;de_gtfsde;tling@48.21,12.59;tling;68.6;95;95.4;16;0;7;titulaire;28;RETENUE;
Allemagne;de_gtfsde;asperg@48.91,9.15;asperg;68.6;97.9;96;13;0;7;titulaire;28;RETENUE;
Allemagne;de_gtfsde;koblenzbahnhofstadtmittelhrcenter@50.36,7.59;koblenzbahnhofstadtmittelhrcenter;68.6;62.1;89.1;80;0;7;titulaire;28;RETENUE;
France;fr_sncf;UIC87474098;Quimper;68.4;91.4;99.8;14;0.14;7;titulaire;28;RETENUE;
Allemagne;de_gtfsde;mimberg@49.35,11.27;mimberg;68.4;92.7;90.7;18;0;7;titulaire;28;RETENUE;
Allemagne;de_gtfsde;bedburgbf@50.99,6.57;bedburgbf;68.4;91;97.8;22;0;7;titulaire;28;RETENUE;
Allemagne;de_gtfsde;bndebahnhofzob@52.20,8.57;bndebahnhofzob;68.4;89.4;96.6;63;0;7;titulaire;28;RETENUE;
France;fr_sncf;UIC87491001;Saintes;68.3;89.7;99.2;17;0.29;7;titulaire;28;RETENUE;
Pays-Bas;nl_ovapi;dronten@52.53,5.72;dronten;68.3;96;100;107;0;7;titulaire;28;RETENUE;
Pays-Bas;nl_ovapi;rosmalen@51.72,5.37;rosmalen;68.3;95.2;100;141;0;7;titulaire;28;RETENUE;
Allemagne;de_gtfsde;frthunterfrberg@49.47,10.96;frthunterfrberg;68.3;92.7;96.4;24;0;7;titulaire;28;RETENUE;
Allemagne;de_gtfsde;leipziggohlis@51.36,12.37;leipziggohlis;68.3;95.2;99.6;18;0;7;titulaire;28;RETENUE;
Allemagne;de_gtfsde;hudeoldb@53.11,8.46;hudeoldb;68.3;82.4;91.6;38;0;7;titulaire;28;RETENUE;
Allemagne;de_gtfsde;delmenhorst@53.05,8.63;delmenhorst;68.3;82.4;92.5;40;0;7;titulaire;28;RETENUE;
Allemagne;de_gtfsde;angermndebahnhof@53.02,14.00;angermndebahnhof;68.3;90.8;96.6;35;0;7;titulaire;28;RETENUE;
Australie;au_translink_seq;hopeislandstation@-27.88,153.33;hopeislandstation;68.3;94.1;99;136;0;7;titulaire;28;RETENUE;
Allemagne;de_gtfsde;zssowbahnhof@53.97,13.55;zssowbahnhof;68.1;84.3;88.7;37;0;7;titulaire;28;RETENUE;
Allemagne;de_gtfsde;erding@48.30,11.91;erding;68.1;90.8;92.6;22;0;7;titulaire;28;RETENUE;
Allemagne;de_gtfsde;grorohrheimbahnhof@49.71,8.48;grorohrheimbahnhof;68.1;80.9;97.3;32;0;7;titulaire;28;RETENUE;
Etats-Unis;us_mta_mnr;katonah@41.26,-73.68;katonah;68.1;86.6;98.1;37;0;7;titulaire;28;RETENUE;
Etats-Unis;us_mta_mnr;pleasantville@41.14,-73.79;pleasantville;68.1;88.3;99.2;44;0;7;titulaire;28;RETENUE;
France;fr_sncf;UIC87343103;Saint-Amand-les-Eaux;68;90.5;100;15;1.14;7;titulaire;28;RETENUE;
Allemagne;de_gtfsde;borgelnbahnhof@51.60,8.03;borgelnbahnhof;68;54.2;98.3;64;0;7;titulaire;28;RETENUE;
Allemagne;de_gtfsde;kulmbach@50.11,11.45;kulmbach;68;89.3;96.2;19;0;7;titulaire;28;RETENUE;
Irlande;ie_nta;woodbrook@53.22,-6.11;woodbrook;67.9;85.3;83;21;0;7;titulaire;28;RETENUE;
Pays-Bas;nl_ovapi;arnemuiden@51.50,3.67;arnemuiden;67.9;92.8;99;146;0;7;titulaire;28;RETENUE;
Allemagne;de_gtfsde;obervogelgesangbahnhof@50.95,13.99;obervogelgesangbahnhof;67.9;78.3;99.4;36;0;7;titulaire;28;RETENUE;
Allemagne;de_gtfsde;doknappschaftskrankenhaus@51.52,7.54;doknappschaftskrankenhaus;67.9;96;94.1;21;0;7;titulaire;28;RETENUE;
Allemagne;de_gtfsde;luoggersheimbahnhof@49.49,8.38;luoggersheimbahnhof;67.9;82.7;96.2;27;0;7;titulaire;28;RETENUE;
Allemagne;de_gtfsde;landsweilerreden@49.35,7.12;landsweilerreden;67.9;83.2;97.1;25;0;7;titulaire;28;RETENUE;
Etats-Unis;us_mta_mnr;philipsemanor@41.09,-73.87;philipsemanor;67.9;90.1;97.5;22;0;7;titulaire;28;RETENUE;
France;fr_sncf;UIC87757641;Golfe Juan Vallauris;67.7;90.1;99.8;14;0;7;titulaire;28;RETENUE;
France;fr_sncf;UIC87756304;Villeneuve-Loubet-Plage;67.7;90.3;99.8;12;0;7;titulaire;28;RETENUE;
Pays-Bas;nl_ovapi;leidenlammenschans@52.15,4.49;leidenlammenschans;67.7;96.4;99.4;87;0;7;titulaire;28;RETENUE;
Allemagne;de_gtfsde;rathenowbahnhof@52.60,12.35;rathenowbahnhof;67.7;91.1;96;32;0;7;titulaire;28;RETENUE;
Allemagne;de_gtfsde;stralsundhauptbahnhof@54.31,13.08;stralsundhauptbahnhof;67.7;85.9;97.7;32;0;7;titulaire;28;RETENUE;
Allemagne;de_gtfsde;pulheimbf@51.00,6.80;pulheimbf;67.7;80;97.9;30;0;7;titulaire;28;RETENUE;
Allemagne;de_gtfsde;heitersheimbahnhof@47.88,7.65;heitersheimbahnhof;67.7;89.2;95;29;0;7;titulaire;28;RETENUE;
Allemagne;de_gtfsde;feuchtost@49.38,11.22;feuchtost;67.7;93.2;93.7;18;0;7;titulaire;28;RETENUE;
Allemagne;de_gtfsde;kirchlengernbahnhofzob@52.20,8.64;kirchlengernbahnhofzob;67.7;90.3;95.6;64;0;7;titulaire;28;RETENUE;
Etats-Unis;us_mta_mnr;melrose@40.83,-73.92;melrose;67.7;95.1;99.6;17;0;7;titulaire;28;RETENUE;
Allemagne;de_gtfsde;beutelsbach@48.81,9.39;beutelsbach;67.6;92.2;93.3;14;0;7;titulaire;28;RETENUE;
Allemagne;de_gtfsde;syke@52.92,8.81;syke;67.6;75.5;98.3;30;0;7;titulaire;28;RETENUE;
Etats-Unis;us_mta_mnr;brewster@41.39,-73.62;brewster;67.6;85.4;99.8;33;0;7;titulaire;28;RETENUE;
Australie;au_translink_seq;newmarketstation@-27.43,153.01;newmarketstation;67.6;95.8;98.5;152;0;7;titulaire;28;RETENUE;
Allemagne;de_gtfsde;bonnduisdorfhelmholtzstr@50.72,7.05;bonnduisdorfhelmholtzstr;67.4;97;89.2;11;0;7;titulaire;27;RETENUE;
Allemagne;de_gtfsde;raunheimbahnhof@50.01,8.45;raunheimbahnhof;67.4;69.3;97.5;30;0;7;titulaire;27;RETENUE;
Pays-Bas;nl_ovapi;purmerendoverwhere@52.51,4.97;purmerendoverwhere;67.3;97.7;99.4;140;0;7;titulaire;27;RETENUE;
Pays-Bas;nl_ovapi;ettenleur@51.58,4.64;ettenleur;67.3;96.2;100;105;0;7;titulaire;27;RETENUE;
Allemagne;de_gtfsde;mrschamhang@48.96,8.29;mrschamhang;67.3;89;83.7;152;0;7;titulaire;27;RETENUE;
Allemagne;de_gtfsde;raitersaich@49.37,10.84;raitersaich;67.3;95.5;92.2;18;0;7;titulaire;27;RETENUE;
Allemagne;de_gtfsde;weinsbergellhofengewerbegebiet@49.15,9.31;weinsbergellhofengewerbegebiet;67.3;80;96.3;261;0;7;titulaire;27;RETENUE;
Allemagne;de_gtfsde;renningensd@48.76,8.93;renningensd;67.3;97.2;95.3;16;0;7;titulaire;27;RETENUE;
Allemagne;de_gtfsde;bobenheimbahnhof@49.59,8.35;bobenheimbahnhof;67.3;86.8;96.7;27;0;7;titulaire;27;RETENUE;
Australie;au_translink_seq;cannonhillstation@-27.47,153.09;cannonhillstation;67.3;94.9;99.2;191;0;7;titulaire;27;RETENUE;
Australie;au_translink_seq;riverviewstation@-27.60,152.85;riverviewstation;67.3;92.6;98.7;182;0;7;titulaire;27;RETENUE;
Allemagne;de_gtfsde;uhingen@48.71,9.58;uhingen;67.1;89.6;98.5;25;0;7;titulaire;27;RETENUE;
France;fr_sncf;UIC87116582;Château-Thierry;67;90.6;98.3;29;0.14;7;titulaire;27;RETENUE;
Irlande;ie_nta;killiney@53.26,-6.11;killiney;67;81.7;81.8;23;0;7;titulaire;27;RETENUE;
Pays-Bas;nl_ovapi;hoogeveen@52.73,6.47;hoogeveen;67;97.9;97.7;109;0;7;titulaire;27;RETENUE;
Allemagne;de_gtfsde;sulzbachsaar@49.30,7.05;sulzbachsaar;67;86.4;97.9;24;0;7;titulaire;27;RETENUE;
Allemagne;de_gtfsde;leingartenwest@49.15,9.11;leingartenwest;67;85.3;95.1;232;0;7;titulaire;27;RETENUE;
Allemagne;de_gtfsde;grevenbahnhof@52.09,7.60;grevenbahnhof;67;57.4;94.7;143;0;7;titulaire;27;RETENUE;
Allemagne;de_gtfsde;obertrkheim@48.76,9.27;obertrkheim;67;95.3;97.7;19;0;7;titulaire;27;RETENUE;
Allemagne;de_gtfsde;wasserburginnbahnhof@48.06,12.19;wasserburginnbahnhof;66.9;92.9;97.1;21;0;7;titulaire;27;RETENUE;
Allemagne;de_gtfsde;malmsheim@48.77,8.91;malmsheim;66.9;96.4;95.1;18;0;7;titulaire;27;RETENUE;
Allemagne;de_gtfsde;endersbach@48.81,9.37;endersbach;66.9;93.6;96.5;12;0;7;titulaire;27;RETENUE;
Allemagne;de_gtfsde;knigsbornbahnhof@51.55,7.69;knigsbornbahnhof;66.9;96.6;90.3;16;0;7;titulaire;27;RETENUE;
France;fr_sncf;UIC87683268;Laroche - Migennes;66.7;86.5;99.4;11;0;7;titulaire;27;RETENUE;
Allemagne;de_gtfsde;hockenheimbahnhof@49.32,8.54;hockenheimbahnhof;66.7;89.7;96.1;19;0;7;titulaire;27;RETENUE;
Allemagne;de_gtfsde;sauerlach@47.97,11.65;sauerlach;66.7;96.1;90;19;0;7;titulaire;27;RETENUE;
Allemagne;de_gtfsde;wiebelskirchen@49.37,7.18;wiebelskirchen;66.7;85.9;99.4;26;0;7;titulaire;27;RETENUE;
Allemagne;de_gtfsde;klndellbrcksbahn@50.98,7.07;klndellbrcksbahn;66.7;69.6;90.5;37;0;7;titulaire;27;RETENUE;
Allemagne;de_gtfsde;elsterwerdabiehlabahnhof@51.47,13.52;elsterwerdabiehlabahnhof;66.7;94.6;98.5;22;0;7;titulaire;27;RETENUE;
France;fr_sncf;UIC87118000;Troyes;66.6;93.1;100;10;0;7;titulaire;27;RETENUE;
France;fr_sncf;UIC87748350;Talence-Médoquine;66.6;93.6;100;9;1.57;7;titulaire;27;RETENUE;
Allemagne;de_gtfsde;glauburgstockheimglauburgstockheimbahnhof@50.33,9.01;glauburgstockheimglauburgstockheimbahnhof;66.6;95.5;92.6;19;0;7;titulaire;27;RETENUE;
Allemagne;de_gtfsde;cottbussandow@51.76,14.35;cottbussandow;66.6;95.1;98.3;18;0;7;titulaire;27;RETENUE;
Allemagne;de_gtfsde;wismarbahnhof@53.90,11.47;wismarbahnhof;66.6;91;97.3;18;0;7;titulaire;27;RETENUE;
Allemagne;de_gtfsde;zschortau@51.48,12.36;zschortau;66.6;89.7;97.5;24;0;7;titulaire;27;RETENUE;
Allemagne;de_gtfsde;regenstauf@49.12,12.13;regenstauf;66.6;84.3;96.7;32;0;7;titulaire;27;RETENUE;
Allemagne;de_gtfsde;hulb@48.68,8.98;hulb;66.6;96.6;93.2;10;0;7;titulaire;27;RETENUE;
Allemagne;de_gtfsde;tigheim@48.89,8.24;tigheim;66.4;80;97.7;267;0;7;titulaire;27;RETENUE;
Allemagne;de_gtfsde;heilbronnhansrieerstrae@49.16,9.22;heilbronnhansrieerstrae;66.4;97.6;97.9;176;0;7;titulaire;27;RETENUE;
Allemagne;de_gtfsde;erkrathmillraths@51.22,6.97;erkrathmillraths;66.4;83.9;91.7;24;0;7;titulaire;27;RETENUE;
France;fr_sncf;UIC87286583;Orchies;66.3;91.2;99.6;14;1.14;7;titulaire;27;RETENUE;
Norvege;no_entur;vestbystasjon@59.60,10.75;vestbystasjon;66.3;95;100;154;0;7;titulaire;27;RETENUE;
Norvege;no_entur;sstasjon@59.66,10.79;sstasjon;66.3;95.3;100;143;0;7;titulaire;27;RETENUE;
Allemagne;de_gtfsde;tangerhtte@52.43,11.81;tangerhtte;66.3;65.7;92.8;25;0;7;titulaire;27;RETENUE;
Allemagne;de_gtfsde;bremenburgbahn@53.16,8.70;bremenburgbahn;66.3;77.4;94.9;31;0;7;titulaire;27;RETENUE;
Allemagne;de_gtfsde;bildstock@49.34,7.09;bildstock;66.3;84.1;99.4;23;0;7;titulaire;27;RETENUE;
Allemagne;de_gtfsde;heilbronntechnschulzentrum@49.15,9.22;heilbronntechnschulzentrum;66.3;97.6;98.7;152;0;7;titulaire;27;RETENUE;
Australie;au_translink_seq;mangohillstation@-27.25,153.03;mangohillstation;66.3;91.6;97.9;166;0;7;titulaire;27;RETENUE;
France;fr_sncf;UIC87703975;Nîmes Pont du Gard;66.1;86;100;18;0.29;7;titulaire;27;RETENUE;
Irlande;ie_nta;sandycoveandglasthule@53.29,-6.13;sandycoveandglasthule;66.1;85.1;80.8;20;0;7;titulaire;27;RETENUE;
Pays-Bas;nl_ovapi;vlissingensouburg@51.46,3.60;vlissingensouburg;66.1;93.7;99.8;134;0;7;titulaire;27;RETENUE;
Allemagne;de_gtfsde;oftersheimbahnhof@49.37,8.58;oftersheimbahnhof;66.1;89.8;95.1;18;0;7;titulaire;27;RETENUE;
Allemagne;de_gtfsde;essenbergeborbeckbf@51.48,6.98;essenbergeborbeckbf;66.1;93.5;93.2;46;0;7;titulaire;27;RETENUE;
Allemagne;de_gtfsde;tostedt@53.27,9.73;tostedt;66.1;70.8;96.7;50;0;7;titulaire;27;RETENUE;
Allemagne;de_gtfsde;biessenhofen@47.83,10.64;biessenhofen;66.1;80.1;93.9;32;0;7;titulaire;27;RETENUE;
Allemagne;de_gtfsde;sulzbachsaaraltenwald@49.31,7.08;sulzbachsaaraltenwald;66.1;85.5;98.5;23;0;7;titulaire;27;RETENUE;
Allemagne;de_gtfsde;espenaumnchehofbahnhof@51.39,9.46;espenaumnchehofbahnhof;66.1;79.9;99.8;24;0;7;titulaire;27;RETENUE;
Australie;au_translink_seq;bundambastation@-27.61,152.80;bundambastation;66.1;94.4;97.7;133;0;7;titulaire;27;RETENUE;
Australie;au_translink_seq;burandastation@-27.50,153.04;burandastation;66.1;93.3;99.6;191;0;7;titulaire;27;RETENUE;
France;fr_sncf;UIC87481838;Savenay;66;89;100;18;2.57;7;titulaire;27;RETENUE;
Allemagne;de_gtfsde;gunzenhausen@49.12,10.76;gunzenhausen;66;80.3;96.3;25;0;7;titulaire;27;RETENUE;
Allemagne;de_gtfsde;markkleeberggaschwitz@51.25,12.38;markkleeberggaschwitz;66;93.1;96.9;23;0;7;titulaire;27;RETENUE;
Allemagne;de_gtfsde;darmstadteberstadtbahnhof@49.81,8.63;darmstadteberstadtbahnhof;66;89.4;96.5;27;0;7;titulaire;27;RETENUE;
Allemagne;de_gtfsde;kurortrathenbahnhof@50.96,14.08;kurortrathenbahnhof;65.9;76.4;97.5;34;0;7;titulaire;27;RETENUE;
Allemagne;de_gtfsde;erkelenz@51.08,6.32;erkelenz;65.9;69.4;94.1;67;0;7;titulaire;27;RETENUE;
Allemagne;de_gtfsde;sachsenbansbach@49.29,10.66;sachsenbansbach;65.9;94.6;95.4;25;0;7;titulaire;27;RETENUE;
Allemagne;de_gtfsde;essenberruhrbf@51.43,7.07;essenberruhrbf;65.9;73.5;93.3;35;0;7;titulaire;27;RETENUE;
France;fr_sncf;UIC87755447;Les Arcs - Draguignan;65.7;82.6;99.8;15;1;7;titulaire;27;RETENUE;
Irlande;ie_nta;corkkent@51.90,-8.46;corkkent;65.7;85.9;88.3;28;0;7;titulaire;27;RETENUE;
Allemagne;de_gtfsde;grogeraudornheimbahnhof@49.88,8.49;grogeraudornheimbahnhof;65.7;85;94.8;23;0;7;titulaire;27;RETENUE;
Allemagne;de_gtfsde;dudweiler@49.28,7.03;dudweiler;65.7;85.4;99.6;23;0;7;titulaire;27;RETENUE;
Allemagne;de_gtfsde;essendellwigbf@51.49,6.92;essendellwigbf;65.7;92.4;96.8;39;0;7;titulaire;27;RETENUE;
Allemagne;de_gtfsde;haslachbahnhof@48.28,8.09;haslachbahnhof;65.7;76.3;90.4;59;0;7;titulaire;27;RETENUE;
Allemagne;de_gtfsde;sondernheimbahnhof@49.20,8.36;sondernheimbahnhof;65.7;89.6;97.7;148;0;7;titulaire;27;RETENUE;
Allemagne;de_gtfsde;eutingenimgubahnhof@48.48,8.78;eutingenimgubahnhof;65.7;87.4;97;104;0;7;titulaire;27;RETENUE;
Allemagne;de_gtfsde;bacharachbahnhof@50.06,7.77;bacharachbahnhof;65.7;67;96.2;59;0;7;titulaire;27;RETENUE;
Pays-Bas;nl_ovapi;haren@53.18,6.62;haren;65.6;96.5;98.1;119;0;7;titulaire;27;RETENUE;
Pays-Bas;nl_ovapi;putten@52.27,5.58;putten;65.6;96.3;96.4;124;0;7;titulaire;27;RETENUE;
Allemagne;de_gtfsde;frthburgfarrnbach@49.49,10.92;frthburgfarrnbach;65.6;90.6;94.3;30;0;7;titulaire;27;RETENUE;
Allemagne;de_gtfsde;zeitz@51.06,12.13;zeitz;65.6;84.5;84.8;39;0;7;titulaire;27;RETENUE;
Allemagne;de_gtfsde;durmersheim@48.93,8.27;durmersheim;65.6;77.8;97.9;261;0;7;titulaire;27;RETENUE;
France;fr_sncf;UIC87476200;Auray;65.4;86.9;99.3;18;0.43;7;titulaire;27;RETENUE;
Pays-Bas;nl_ovapi;bodegraven@52.08,4.75;bodegraven;65.4;95.9;100;85;0;7;titulaire;27;RETENUE;
Allemagne;de_gtfsde;hannoverbahnhofnordstadt@52.39,9.72;hannoverbahnhofnordstadt;65.4;65.9;85.3;39;0;7;titulaire;27;RETENUE;
Allemagne;de_gtfsde;durmersheimnord@48.94,8.28;durmersheimnord;65.4;78.6;98.9;258;0;7;titulaire;27;RETENUE;
Allemagne;de_gtfsde;ebersdorfbcoburg@50.22,11.06;ebersdorfbcoburg;65.4;89.7;96.4;30;0;7;titulaire;27;RETENUE;
Allemagne;de_gtfsde;heilbronnkauflandsbahn@49.17,9.22;heilbronnkauflandsbahn;65.4;97.8;96;146;0;7;titulaire;27;RETENUE;
Etats-Unis;us_mta_mnr;hawthorne@41.11,-73.80;hawthorne;65.4;88;98.3;38;0;7;titulaire;27;RETENUE;
Australie;au_translink_seq;wacolstation@-27.59,152.92;wacolstation;65.4;91.3;99.1;164;0;7;titulaire;27;RETENUE;
Pays-Bas;nl_ovapi;hurdegaryp@53.22,5.93;hurdegaryp;65.3;95.2;99.8;155;0;7;titulaire;27;RETENUE;
Allemagne;de_gtfsde;magdeburgsketindustriepark@52.10,11.64;magdeburgsketindustriepark;65.3;77.5;94.8;24;0;7;titulaire;27;RETENUE;
France;fr_sncf;UIC87615286;Carcassonne;65.1;80.5;99.6;22;5.57;7;titulaire;27;RETENUE;
Irlande;ie_nta;kilbarrack@53.39,-6.16;kilbarrack;65.1;93.4;87.7;15;0;7;titulaire;27;RETENUE;
Allemagne;de_gtfsde;zielitzort@52.29,11.68;zielitzort;65.1;60.7;96.2;26;0;7;titulaire;27;RETENUE;
Allemagne;de_gtfsde;maxhttehaidhof@49.20,12.11;maxhttehaidhof;65.1;84.2;95.2;32;0;7;titulaire;27;RETENUE;
Allemagne;de_gtfsde;bonnendenichnordbf@50.74,7.06;bonnendenichnordbf;65.1;97.6;83.2;10;0;7;titulaire;27;RETENUE;
Allemagne;de_gtfsde;reichenbachbahnhof@50.63,12.29;reichenbachbahnhof;65.1;76.1;97.4;31;0;7;titulaire;27;RETENUE;
Allemagne;de_gtfsde;freiburgwiehrebahnhof@47.98,7.85;freiburgwiehrebahnhof;65.1;96.9;95.4;15;0;7;titulaire;27;RETENUE;
Allemagne;de_gtfsde;hohenthurm@51.51,12.10;hohenthurm;65.1;92.1;92.1;21;0;7;titulaire;27;RETENUE;
Australie;au_translink_seq;gailesstation@-27.60,152.92;gailesstation;65.1;93.6;99.3;173;0;7;titulaire;27;RETENUE;
Australie;au_translink_seq;caboolturestation@-27.08,152.95;caboolturestation;65.1;88.8;98.5;193;0;7;titulaire;27;RETENUE;
France;fr_sncf;UIC87751784;La Ciotat-Ceyreste;65;93.6;100;8;0.43;7;titulaire;26;RETENUE;
Allemagne;de_gtfsde;reichelsheimwetteraubeienheimbahnhof@50.36,8.82;reichelsheimwetteraubeienheimbahnhof;65;87.7;92.1;25;0;7;titulaire;26;RETENUE;
Allemagne;de_gtfsde;lobstdt@51.14,12.45;lobstdt;65;94.3;96.4;19;0;7;titulaire;26;RETENUE;
France;fr_sncf;UIC87757690;Biot;64.9;86.8;100;16;0;7;titulaire;26;RETENUE;
Norvege;no_entur;brakeryastasjon@59.74,10.23;brakeryastasjon;64.9;73.1;100;259;0;7;titulaire;26;RETENUE;
Norvege;no_entur;lierstasjon@59.76,10.29;lierstasjon;64.9;73.6;100;256;0;7;titulaire;26;RETENUE;
Allemagne;de_gtfsde;dresdensbahnhofgrenzstrae@51.13,13.78;dresdensbahnhofgrenzstrae;64.9;95.8;95;19;0;7;titulaire;26;RETENUE;
Allemagne;de_gtfsde;eichstttbahnhof@48.87,11.16;eichstttbahnhof;64.9;85.9;95;30;0;7;titulaire;26;RETENUE;
Allemagne;de_gtfsde;karthausbahnhof@49.71,6.60;karthausbahnhof;64.9;92.3;91.2;24;0;7;titulaire;26;RETENUE;
Allemagne;de_gtfsde;dortmundbrackel@51.52,7.55;dortmundbrackel;64.9;96.3;89.7;15;0;7;titulaire;26;RETENUE;
Australie;au_translink_seq;richlandsstation@-27.60,152.95;richlandsstation;64.9;94.3;99.8;146;0;7;titulaire;26;RETENUE;
Australie;au_translink_seq;helensvalestation@-27.93,153.34;helensvalestation;64.9;94.3;99.8;136;0;7;titulaire;26;RETENUE;
France;fr_sncf;UIC87755231;Ollioules - Sanary-sur-Mer;64.7;93.8;100;7;0.43;7;titulaire;26;RETENUE;
Pays-Bas;nl_ovapi;beilen@52.85,6.52;beilen;64.7;96.5;100;118;0;7;titulaire;26;RETENUE;
Allemagne;de_gtfsde;gesekebahnhof@51.64,8.51;gesekebahnhof;64.7;52.1;95.8;66;0;7;titulaire;26;RETENUE;
Allemagne;de_gtfsde;ludwigsfeldebirkengrundbhf@52.32,13.27;ludwigsfeldebirkengrundbhf;64.7;82.3;97;28;0;7;titulaire;26;RETENUE;
Australie;au_translink_seq;dinmorestation@-27.60,152.83;dinmorestation;64.7;93.8;98.7;157;0;7;titulaire;26;RETENUE;
France;fr_sncf;UIC87763003;Gap;64.6;88.9;99.6;13;0.14;7;titulaire;26;RETENUE;
France;fr_sncf;UIC87756338;Cros de Cagnes;64.6;87.8;99.8;14;0;7;titulaire;26;RETENUE;
Norvege;no_entur;kambostasjon@59.48,10.69;kambostasjon;64.6;94.5;100;140;0;7;titulaire;26;RETENUE;
Norvege;no_entur;sonsveienstasjon@59.52,10.73;sonsveienstasjon;64.6;93.6;100;148;0;7;titulaire;26;RETENUE;
Pays-Bas;nl_ovapi;winschoten@53.14,7.03;winschoten;64.6;97.8;96.6;106;0;7;titulaire;26;RETENUE;
Allemagne;de_gtfsde;schnebecksd@52.01,11.74;schnebecksd;64.6;73.5;98;24;0;7;titulaire;26;RETENUE;
Allemagne;de_gtfsde;bonnduisdorfbf@50.72,7.04;bonnduisdorfbf;64.6;96.2;86.1;12;0;7;titulaire;26;RETENUE;
Allemagne;de_gtfsde;hofgeismarbahnhof@51.50,9.40;hofgeismarbahnhof;64.6;72.6;99.6;37;0;7;titulaire;26;RETENUE;
Allemagne;de_gtfsde;marlsinsenbf@51.67,7.17;marlsinsenbf;64.6;58;89.2;43;0;7;titulaire;26;RETENUE;
Allemagne;de_gtfsde;oberasbach@49.42,10.96;oberasbach;64.6;96.7;93.8;16;0;7;titulaire;26;RETENUE;
Australie;au_translink_seq;redbankstation@-27.60,152.87;redbankstation;64.6;93.8;97;170;0;7;titulaire;26;RETENUE;
France;fr_sncf;UIC87481192;Ancenis;64.4;90;99.8;17;1.14;7;titulaire;26;RETENUE;
Allemagne;de_gtfsde;hckelhovenbaalbahnhofbus@51.03,6.27;hckelhovenbaalbahnhofbus;64.4;69.8;94.9;87;0;7;titulaire;26;RETENUE;
Allemagne;de_gtfsde;wlfrathaprathbf@51.27,7.07;wlfrathaprathbf;64.4;71.2;94.9;43;0;7;titulaire;26;RETENUE;
Allemagne;de_gtfsde;sonnebergthringenhbf@50.36,11.17;sonnebergthringenhbf;64.4;96.2;94.2;14;0;7;titulaire;26;RETENUE;
Allemagne;de_gtfsde;pln@54.16,10.42;pln;64.4;90.2;95.1;24;0;7;titulaire;26;RETENUE;
Allemagne;de_gtfsde;bornheimsechtembf@50.80,6.96;bornheimsechtembf;64.4;57.9;96.2;108;0;7;titulaire;26;RETENUE;
Australie;au_translink_seq;ebbwvalestation@-27.60,152.82;ebbwvalestation;64.4;94.5;98.9;147;0;7;titulaire;26;RETENUE;
Pays-Bas;nl_ovapi;zaandamkogerveld@52.46,4.82;zaandamkogerveld;64.3;97.6;100;135;0;7;titulaire;26;RETENUE;
Allemagne;de_gtfsde;gufelden@48.56,8.85;gufelden;64.3;70.9;98.5;30;0;7;titulaire;26;RETENUE;
Allemagne;de_gtfsde;rodgauniederrodenbahnhof@50.00,8.87;rodgauniederrodenbahnhof;64.3;56.2;90.2;39;0;7;titulaire;26;RETENUE;
Allemagne;de_gtfsde;rolauelbe@51.88,12.24;rolauelbe;64.3;96.9;95.5;18;0;7;titulaire;26;RETENUE;
Allemagne;de_gtfsde;bellheimbahnhof@49.19,8.29;bellheimbahnhof;64.3;87.6;97.6;156;0;7;titulaire;26;RETENUE;
Australie;au_translink_seq;goodnastation@-27.61,152.90;goodnastation;64.3;92.2;99.1;172;0;7;titulaire;26;RETENUE;
France;fr_sncf;UIC87742262;Toulon Sainte-Musse;64.1;91.3;100;12;1;7;titulaire;26;RETENUE;
France;fr_sncf;UIC87755306;La Garde;64.1;92.2;100;11;1;7;titulaire;26;RETENUE;
Pays-Bas;nl_ovapi;horstsevenum@51.43,6.04;horstsevenum;64.1;92.2;98.9;138;0;7;titulaire;26;RETENUE;
Allemagne;de_gtfsde;essenzollvereinnordbf@51.49,7.05;essenzollvereinnordbf;64.1;93.5;97;29;0;7;titulaire;26;RETENUE;
Allemagne;de_gtfsde;badmalentegremsmhlenbahnhof@54.17,10.55;badmalentegremsmhlenbahnhof;64.1;88.4;93;25;0;7;titulaire;26;RETENUE;
Allemagne;de_gtfsde;weisenbach@48.73,8.36;weisenbach;64.1;70.8;99.3;201;0;7;titulaire;26;RETENUE;
Allemagne;de_gtfsde;slzbachschule@49.14,9.35;slzbachschule;64.1;81.7;95.7;254;0;7;titulaire;26;RETENUE;
Allemagne;de_gtfsde;forchheimbkarlsruhe@48.96,8.34;forchheimbkarlsruhe;64.1;82;98.2;203;0;7;titulaire;26;RETENUE;
Australie;au_translink_seq;sunshinestation@-27.38,153.06;sunshinestation;64.1;90.6;98.2;190;0;7;titulaire;26;RETENUE;
France;fr_sncf;UIC87141150;Lunéville;64;92.6;100;11;0.29;7;titulaire;26;RETENUE;
Allemagne;de_gtfsde;aschebergholst@54.15,10.34;aschebergholst;64;90.6;93.1;24;0;7;titulaire;26;RETENUE;
Allemagne;de_gtfsde;erlangenbruck@49.57,11.00;erlangenbruck;64;94.6;97;19;0;7;titulaire;26;RETENUE;
Allemagne;de_gtfsde;essenhorst@51.43,7.10;essenhorst;64;84.4;94.3;24;0;7;titulaire;26;RETENUE;
Allemagne;de_gtfsde;heddesheimhirschbergbfdb@49.51,8.63;heddesheimhirschbergbfdb;64;84.2;92.8;32;0;7;titulaire;26;RETENUE;
Etats-Unis;us_mta_mnr;ardsleyonhudson@41.03,-73.88;ardsleyonhudson;64;93.5;99.6;19;0;7;titulaire;26;RETENUE;
Australie;au_translink_seq;mangohilleaststation@-27.23,153.04;mangohilleaststation;64;90.2;98.9;184;0;7;titulaire;26;RETENUE;
Allemagne;de_gtfsde;meiensbahnhof@51.16,13.48;meiensbahnhof;63.9;79;95.9;28;0;7;titulaire;26;RETENUE;
Allemagne;de_gtfsde;marbachn@48.94,9.26;marbachn;63.9;96.9;96.1;16;0;7;titulaire;26;RETENUE;
Allemagne;de_gtfsde;essenholthausenbf@51.42,7.07;essenholthausenbf;63.7;72.9;96.1;40;0;7;titulaire;26;RETENUE;
Allemagne;de_gtfsde;twistringen@52.79,8.64;twistringen;63.7;82.5;99.1;29;0;7;titulaire;26;RETENUE;
Allemagne;de_gtfsde;schelklingenbahnhof@48.37,9.74;schelklingenbahnhof;63.7;56.1;93.3;50;0;7;titulaire;26;RETENUE;
Allemagne;de_gtfsde;slzbach@49.15,9.34;slzbach;63.7;80;91.6;254;0;7;titulaire;26;RETENUE;
Allemagne;de_gtfsde;badnauheimbahnhof@50.37,8.75;badnauheimbahnhof;63.7;72.9;95.1;49;0;7;titulaire;26;RETENUE;
France;fr_sncf;UIC83045013;VENTIMIGLIA;63.6;65.2;99.6;18;0.29;7;titulaire;26;RETENUE;
Allemagne;de_gtfsde;vach@49.52,10.99;vach;63.6;94.8;98.5;19;0;7;titulaire;26;RETENUE;
Allemagne;de_gtfsde;leipzigheiterblick@51.37,12.46;leipzigheiterblick;63.6;82.5;97.8;40;0;7;titulaire;26;RETENUE;
Allemagne;de_gtfsde;jockgrimbahnhof@49.09,8.27;jockgrimbahnhof;63.6;87.2;97.4;152;0;7;titulaire;26;RETENUE;
Allemagne;de_gtfsde;rheinzabernbahnhof@49.12,8.27;rheinzabernbahnhof;63.6;87.9;95.7;158;0;7;titulaire;26;RETENUE;
Allemagne;de_gtfsde;hoffenheimbahnhof@49.27,8.84;hoffenheimbahnhof;63.6;92.4;95.5;18;0;7;titulaire;26;RETENUE;
Allemagne;de_gtfsde;erkrathhochdahls@51.22,6.94;erkrathhochdahls;63.6;82.7;89.7;32;0;7;titulaire;26;RETENUE;
France;fr_sncf;UIC87755314;La Pauline;63.4;92.1;99.8;11;1;7;titulaire;26;RETENUE;
Allemagne;de_gtfsde;weilerr@48.80,9.50;weilerr;63.4;88.7;95.5;16;0;7;titulaire;26;RETENUE;
Allemagne;de_gtfsde;neussholzheimbf@51.16,6.66;neussholzheimbf;63.4;90.3;99.3;25;0;7;titulaire;26;RETENUE;
Australie;au_translink_seq;boovalstation@-27.61,152.79;boovalstation;63.4;93.5;99.8;155;0;7;titulaire;26;RETENUE;
Allemagne;de_gtfsde;dortmundstadthaus@51.51,7.47;dortmundstadthaus;63.3;96.4;84.2;19;0;7;titulaire;26;RETENUE;
Allemagne;de_gtfsde;bornaleipzig@51.12,12.49;bornaleipzig;63.3;94.8;95.9;22;0;7;titulaire;26;RETENUE;
Allemagne;de_gtfsde;schwetzingennordstadt@49.39,8.57;schwetzingennordstadt;63.3;90.7;97.4;18;0;7;titulaire;26;RETENUE;
Allemagne;de_gtfsde;mlheimwest@51.44,6.87;mlheimwest;63.3;87.6;92.7;27;0;7;titulaire;26;RETENUE;
France;fr_sncf;UIC87282624;Lyon Jean Macé;63.1;94.6;100;13;0.71;7;titulaire;26;RETENUE;
Pays-Bas;nl_ovapi;harderwijk@52.34,5.62;harderwijk;63.1;95.2;99.5;142;0;7;titulaire;26;RETENUE;
Allemagne;de_gtfsde;spielbergbaden@48.90,8.47;spielbergbaden;63.1;94.6;95.3;178;0;7;titulaire;26;RETENUE;
Allemagne;de_gtfsde;bornheimroisdorfbf@50.75,7.02;bornheimroisdorfbf;63.1;57.2;94.8;94;0;7;titulaire;26;RETENUE;
Australie;au_translink_seq;eastipswichstation@-27.61,152.77;eastipswichstation;63.1;95;95.7;118;0;7;titulaire;26;RETENUE;
France;fr_sncf;UIC87223263;Lille Europe;63;89.6;100;11;0.14;7;titulaire;26;RETENUE;
Allemagne;de_gtfsde;magdeburgrothensee@52.19,11.65;magdeburgrothensee;63;78.7;94.4;24;0;7;titulaire;26;RETENUE;
Allemagne;de_gtfsde;winterbach@48.80,9.48;winterbach;63;90;88.4;15;0;7;titulaire;26;RETENUE;
Allemagne;de_gtfsde;altbach@48.72,9.38;altbach;63;97.1;98.2;15;0;7;titulaire;26;RETENUE;
Allemagne;de_gtfsde;heilbadheiligenstadt@51.38,10.12;heilbadheiligenstadt;63;85.9;95.5;49;0;7;titulaire;26;RETENUE;
Allemagne;de_gtfsde;rotalwegbrcke@49.40,10.89;rotalwegbrcke;63;97.1;96.5;15;0;7;titulaire;26;RETENUE;
Allemagne;de_gtfsde;einbecksalzderhelden@51.80,9.92;einbecksalzderhelden;63;89.3;94.8;30;0;7;titulaire;26;RETENUE;
Allemagne;de_gtfsde;schkeuditzwest@51.40,12.20;schkeuditzwest;62.9;97;97.6;12;0;7;titulaire;26;RETENUE;
Allemagne;de_gtfsde;velbertnierenhofbf@51.37,7.13;velbertnierenhofbf;62.9;70.2;94.6;39;0;7;titulaire;26;RETENUE;
Allemagne;de_gtfsde;bonnlannesdorfmehlembf@50.67,7.18;bonnlannesdorfmehlembf;62.9;60;95.9;73;0;7;titulaire;26;RETENUE;
Allemagne;de_gtfsde;herzbergamharz@51.64,10.33;herzbergamharz;62.9;93.2;95.7;22;0;7;titulaire;26;RETENUE;
France;fr_sncf;UIC87756494;Menton Garavan;62.7;56.3;98.4;14;0.29;7;titulaire;26;RETENUE;
France;fr_sncf;UIC87111849;Marne-la-Vallée Chessy;62.7;78.1;99.8;17;0.43;7;titulaire;26;RETENUE;
Pays-Bas;nl_ovapi;hillegom@52.30,4.57;hillegom;62.7;96.6;99.5;130;0;7;titulaire;26;RETENUE;
Allemagne;de_gtfsde;favoritepark@48.91,9.18;favoritepark;62.7;97;93.6;15;0;7;titulaire;26;RETENUE;
Allemagne;de_gtfsde;mettlach@49.50,6.60;mettlach;62.7;75.9;95.6;40;0;7;titulaire;26;RETENUE;
Allemagne;de_gtfsde;weilburgbahnhof@50.49,8.27;weilburgbahnhof;62.7;87.9;96.7;24;0;7;titulaire;26;RETENUE;
Allemagne;de_gtfsde;gernsbach@48.77,8.34;gernsbach;62.7;74.5;99.3;188;0;7;titulaire;26;RETENUE;
Allemagne;de_gtfsde;treiskardenbf@50.18,7.30;treiskardenbf;62.7;74.7;94.6;37;0;7;titulaire;26;RETENUE;
Allemagne;de_gtfsde;salzkottenbahnhof@51.67,8.60;salzkottenbahnhof;62.6;54.6;92.8;62;0;7;titulaire;26;RETENUE;
Allemagne;de_gtfsde;sulzbachbahnhof@49.58,8.66;sulzbachbahnhof;62.6;87;90.7;30;0;7;titulaire;26;RETENUE;
Allemagne;de_gtfsde;schwentinentalraisdorf@54.28,10.24;schwentinentalraisdorf;62.6;91.8;94.6;26;0;7;titulaire;26;RETENUE;
Allemagne;de_gtfsde;bochumriemke@51.52,7.21;bochumriemke;62.6;89.3;98.6;108;0;7;titulaire;26;RETENUE;
Allemagne;de_gtfsde;schwaikheim@48.87,9.35;schwaikheim;62.6;96.8;91.3;14;0;7;titulaire;26;RETENUE;
Australie;au_translink_seq;lawntonstation@-27.28,152.98;lawntonstation;62.6;88.4;98.9;187;0;7;titulaire;26;RETENUE;
Allemagne;de_gtfsde;reichenbachbettlingen@48.92,8.48;reichenbachbettlingen;62.4;96.6;98;152;0;7;titulaire;25;RETENUE;
Allemagne;de_gtfsde;langensteinbachstbarbara@48.91,8.50;langensteinbachstbarbara;62.4;94.5;98;165;0;7;titulaire;25;RETENUE;
Allemagne;de_gtfsde;dortmundwest@51.51,7.44;dortmundwest;62.4;96.1;89.4;18;0;7;titulaire;25;RETENUE;
Allemagne;de_gtfsde;eschweilertalbahnhof@50.81,6.26;eschweilertalbahnhof;62.4;83.8;100;21;0;7;titulaire;25;RETENUE;
Allemagne;de_gtfsde;zwingenbergbahnhof@49.73,8.61;zwingenbergbahnhof;62.4;80.8;95.8;40;0;7;titulaire;25;RETENUE;
Allemagne;de_gtfsde;stettenbeinstein@48.81,9.35;stettenbeinstein;62.4;94.3;88.3;14;0;7;titulaire;25;RETENUE;
Allemagne;de_gtfsde;gengenbachbahnhof@48.40,8.01;gengenbachbahnhof;62.4;85.1;88.8;43;0;7;titulaire;25;RETENUE;
Allemagne;de_gtfsde;leipzigmiltitzerallee@51.32,12.27;leipzigmiltitzerallee;62.4;95.2;99.3;21;0;7;titulaire;25;RETENUE;
Allemagne;de_gtfsde;okerbahnhof@51.90,10.48;okerbahnhof;62.4;94.7;97.5;20;0;7;titulaire;25;RETENUE;
Etats-Unis;us_mta_mnr;bedfordhills@41.24,-73.70;bedfordhills;62.4;85.8;98.6;37;0;7;titulaire;25;RETENUE;
Pays-Bas;nl_ovapi;hardinxveldblauwezoom@51.83,4.82;hardinxveldblauwezoom;62.3;95.6;95.4;153;0;7;titulaire;25;RETENUE;
Allemagne;de_gtfsde;leipheim@48.45,10.22;leipheim;62.3;81.7;97.8;34;0;7;titulaire;25;RETENUE;
Allemagne;de_gtfsde;rlzheimbahnhof@49.16,8.29;rlzheimbahnhof;62.3;89;96;155;0;7;titulaire;25;RETENUE;
Allemagne;de_gtfsde;kanzembahnhof@49.67,6.57;kanzembahnhof;62.3;87.6;94.4;32;0;7;titulaire;25;RETENUE;
France;fr_sncf;UIC87743005;Bourg-en-Bresse;62.1;94;99.8;10;0;7;titulaire;25;RETENUE;
Pays-Bas;nl_ovapi;maarn@52.06,5.37;maarn;62.1;97.2;98;120;0;7;titulaire;25;RETENUE;
Allemagne;de_gtfsde;zinnowitz@54.08,13.90;zinnowitz;62.1;94.3;95.2;16;0;7;titulaire;25;RETENUE;
Allemagne;de_gtfsde;wittenwittenannen@51.45,7.38;wittenwittenannen;62.1;91.7;97.5;15;0;7;titulaire;25;RETENUE;
Allemagne;de_gtfsde;oberferrieden@49.33,11.33;oberferrieden;62.1;93.6;92.9;17;0;7;titulaire;25;RETENUE;
Allemagne;de_gtfsde;reinheimodwbahnhof@49.83,8.83;reinheimodwbahnhof;62;82.9;98;37;0;7;titulaire;25;RETENUE;
Allemagne;de_gtfsde;wasenweilerbahnhof@48.05,7.69;wasenweilerbahnhof;62;91.9;90.6;16;0;7;titulaire;25;RETENUE;
Allemagne;de_gtfsde;lingenfeldbahnhof@49.25,8.35;lingenfeldbahnhof;62;77.4;97.5;33;0;7;titulaire;25;RETENUE;
Allemagne;de_gtfsde;schwetzingenhirschacker@49.41,8.56;schwetzingenhirschacker;62;88.7;94.3;19;0;7;titulaire;25;RETENUE;
Allemagne;de_gtfsde;landstuhlbahnhof@49.42,7.57;landstuhlbahnhof;62;82.5;97.1;30;0;7;titulaire;25;RETENUE;
Allemagne;de_gtfsde;niebll@54.79,8.83;niebll;62;91.2;97.3;34;0;7;titulaire;25;RETENUE;
Australie;au_translink_seq;rothwellstation@-27.22,153.05;rothwellstation;62;90.8;99.8;163;0;7;titulaire;25;RETENUE;
France;fr_sncf;UIC87271494;Aéroport Charles de Gaulle 2 TGV;61.9;81.3;99.8;17;0.29;7;titulaire;25;RETENUE;
Allemagne;de_gtfsde;gaggenau@48.81,8.32;gaggenau;61.9;68.8;98;210;0;7;titulaire;25;RETENUE;
Allemagne;de_gtfsde;zrichhb@47.38,8.54;zrichhb;61.9;97.7;99.8;43;0;7;titulaire;25;RETENUE;
Allemagne;de_gtfsde;cochembahnhof@50.15,7.17;cochembahnhof;61.9;71.8;94.5;39;0;7;titulaire;25;RETENUE;
Allemagne;de_gtfsde;korbachhauptbahnhof@51.28,8.87;korbachhauptbahnhof;61.9;79.4;96.9;31;0;7;titulaire;25;RETENUE;
Allemagne;de_gtfsde;pfalzelbahnhofpfalzel@49.78,6.68;pfalzelbahnhofpfalzel;61.9;88.2;90.2;25;0;7;titulaire;25;RETENUE;
France;fr_sncf;UIC87611400;Portet Saint-Simon;61.7;92.8;99.8;13;2.29;7;titulaire;25;RETENUE;
Pays-Bas;nl_ovapi;nunspeet@52.37,5.78;nunspeet;61.7;94.7;99.5;126;0;7;titulaire;25;RETENUE;
Allemagne;de_gtfsde;rohrbachilm@48.60,11.57;rohrbachilm;61.7;69;96.2;44;0;7;titulaire;25;RETENUE;
Allemagne;de_gtfsde;langensteinbachschiehttencker@48.92,8.50;langensteinbachschiehttencker;61.7;95.8;98.2;155;0;7;titulaire;25;RETENUE;
Allemagne;de_gtfsde;langensteinbach@48.92,8.50;langensteinbach;61.7;94.7;96.4;159;0;7;titulaire;25;RETENUE;
Allemagne;de_gtfsde;stadtwehlenbahnhof@50.95,14.03;stadtwehlenbahnhof;61.7;76.4;96.2;35;0;7;titulaire;25;RETENUE;
Allemagne;de_gtfsde;kerpenbuirbf@50.86,6.57;kerpenbuirbf;61.7;72;93.9;26;0;7;titulaire;25;RETENUE;
Allemagne;de_gtfsde;neumarktstveit@48.36,12.50;neumarktstveit;61.7;91.2;95.6;20;0;7;titulaire;25;RETENUE;
Allemagne;de_gtfsde;landsbergbhallesaale@51.53,12.17;landsbergbhallesaale;61.7;91.4;93.7;23;0;7;titulaire;25;RETENUE;
Allemagne;de_gtfsde;leipzigkarlsruherstr@51.32,12.28;leipzigkarlsruherstr;61.7;94.2;97.7;21;0;7;titulaire;25;RETENUE;
Australie;au_translink_seq;strathpinestation@-27.31,152.99;strathpinestation;61.7;84.5;97.1;211;0;7;titulaire;25;RETENUE;
Allemagne;de_gtfsde;reichenbachkurpark@48.92,8.47;reichenbachkurpark;61.6;96.1;93.9;157;0;7;titulaire;25;RETENUE;
Allemagne;de_gtfsde;seligenstadtbahnhof@50.04,8.97;seligenstadtbahnhof;61.6;85.6;94.9;27;0;7;titulaire;25;RETENUE;
Allemagne;de_gtfsde;gerazwtzen@50.85,12.08;gerazwtzen;61.6;85.6;88.7;36;0;7;titulaire;25;RETENUE;
Allemagne;de_gtfsde;eschweilernothberg@50.81,6.29;eschweilernothberg;61.4;86.3;96.2;19;0;7;titulaire;25;RETENUE;
Allemagne;de_gtfsde;bochumhamme@51.49,7.20;bochumhamme;61.4;85.1;97.7;69;0;7;titulaire;25;RETENUE;
Allemagne;de_gtfsde;kleinberghofen@48.35,11.28;kleinberghofen;61.4;91.4;99.8;15;0;7;titulaire;25;RETENUE;
Australie;au_translink_seq;murrumbadownsstation@-27.25,153.01;murrumbadownsstation;61.4;90;97.9;177;0;7;titulaire;25;RETENUE;
Pays-Bas;nl_ovapi;voorhout@52.22,4.48;voorhout;61.3;96.5;99.8;116;0;7;titulaire;25;RETENUE;
Allemagne;de_gtfsde;frttstdt@50.93,10.57;frttstdt;61.3;84.1;93.1;48;0;7;titulaire;25;RETENUE;
Allemagne;de_gtfsde;leipzigthekla@51.37,12.43;leipzigthekla;61.3;80;95.8;41;0;7;titulaire;25;RETENUE;
Allemagne;de_gtfsde;haigerbahnhof@50.74,8.22;haigerbahnhof;61.3;89;94.5;28;0;7;titulaire;25;RETENUE;
Allemagne;de_gtfsde;hofgeismarhmmebahnhof@51.54,9.40;hofgeismarhmmebahnhof;61.3;76.2;99.3;23;0;7;titulaire;25;RETENUE;
Allemagne;de_gtfsde;marheinaubahnhof@49.42,8.53;marheinaubahnhof;61.3;90.9;96.4;17;0;7;titulaire;25;RETENUE;
Allemagne;de_gtfsde;gundelfingenbrsgbahnhof@48.04,7.87;gundelfingenbrsgbahnhof;61.3;89.3;94.5;35;0;7;titulaire;25;RETENUE;
Allemagne;de_gtfsde;grodeuben@51.23,12.38;grodeuben;61.3;92.5;96;21;0;7;titulaire;25;RETENUE;
Allemagne;de_gtfsde;hringencappel@49.20,9.53;hringencappel;61.3;83.9;95.8;180;0;7;titulaire;25;RETENUE;
Pays-Bas;nl_ovapi;ermelo@52.30,5.61;ermelo;61.1;95.8;98.6;142;0;7;titulaire;25;RETENUE;
Pays-Bas;nl_ovapi;bredaprinsenbeek@51.61,4.72;bredaprinsenbeek;61.1;97.2;99.5;102;0;7;titulaire;25;RETENUE;
Allemagne;de_gtfsde;machernsachs@51.36,12.63;machernsachs;61.1;83.9;96.8;36;0;7;titulaire;25;RETENUE;
Allemagne;de_gtfsde;thalfingenbahnhof@48.43,10.05;thalfingenbahnhof;61.1;55.6;90.7;53;0;7;titulaire;25;RETENUE;
Allemagne;de_gtfsde;bickenbachbahnhof@49.76,8.60;bickenbachbahnhof;61.1;77.1;96.4;38;0;7;titulaire;25;RETENUE;
Allemagne;de_gtfsde;waghuselbahnhof@49.25,8.51;waghuselbahnhof;61.1;90.7;96.8;19;0;7;titulaire;25;RETENUE;
Australie;au_translink_seq;enoggerastation@-27.42,152.99;enoggerastation;61.1;93.2;99.3;142;0;7;titulaire;25;RETENUE;
Allemagne;de_gtfsde;neubeckumbahnhof@51.80,8.02;neubeckumbahnhof;61;77.3;99.1;82;0;7;titulaire;25;RETENUE;
Allemagne;de_gtfsde;ittersbachrathaus@48.87,8.51;ittersbachrathaus;61;91.3;97.3;164;0;7;titulaire;25;RETENUE;
Allemagne;de_gtfsde;grebensteinbahnhof@51.45,9.42;grebensteinbahnhof;61;69.1;99.3;22;0;7;titulaire;25;RETENUE;
Allemagne;de_gtfsde;warburgbahnhof@51.49,9.16;warburgbahnhof;61;65.3;97.5;86;0;7;titulaire;25;RETENUE;
Allemagne;de_gtfsde;wuppertalronsdorfbf@51.23,7.21;wuppertalronsdorfbf;61;85.9;99.8;26;0;7;titulaire;25;RETENUE;
Etats-Unis;us_mta_mnr;beacon@41.50,-73.98;beacon;61;93.2;98.4;19;0;7;titulaire;25;RETENUE;
Allemagne;de_gtfsde;chemnitzhbfbahnhofstr@50.84,12.93;chemnitzhbfbahnhofstr;60.9;97.7;95.1;79;0;7;titulaire;25;RETENUE;
Allemagne;de_gtfsde;gauting@48.07,11.38;gauting;60.9;85.9;95.1;18;0;7;titulaire;25;RETENUE;
Allemagne;de_gtfsde;dangermunds@51.33,6.78;dangermunds;60.9;62;93.6;37;0;7;titulaire;25;RETENUE;
Allemagne;de_gtfsde;neuluheimbahnhof@49.29,8.53;neuluheimbahnhof;60.9;89.9;98.4;18;0;7;titulaire;25;RETENUE;
Allemagne;de_gtfsde;schwerinmitte@53.63,11.41;schwerinmitte;60.9;89.7;94.2;25;0;7;titulaire;25;RETENUE;
Allemagne;de_gtfsde;brieselangbahnhof@52.58,13.00;brieselangbahnhof;60.9;92.7;96.6;24;0;7;titulaire;25;RETENUE;
Allemagne;de_gtfsde;nellmersbach@48.90,9.42;nellmersbach;60.9;96.7;91.8;12;0;7;titulaire;25;RETENUE;
Allemagne;de_gtfsde;hennefblankenbergbf@50.77,7.35;hennefblankenbergbf;60.9;80.5;97;26;0;7;titulaire;25;RETENUE;
Allemagne;de_gtfsde;scheppach@49.16,9.43;scheppach;60.9;79.6;94.5;255;0;7;titulaire;25;RETENUE;
Allemagne;de_gtfsde;mengenbahnhof@48.05,9.34;mengenbahnhof;60.9;52.8;96.2;41;0;7;titulaire;25;RETENUE;
Allemagne;de_gtfsde;leverkusenopladenbf@51.07,7.01;leverkusenopladenbf;60.9;47.7;95.9;160;0;7;titulaire;25;RETENUE;
Australie;au_translink_seq;geebungstation@-27.37,153.05;geebungstation;60.9;88.5;99.3;187;0;7;titulaire;25;RETENUE;
France;fr_sncf;UIC87726828;Le Coteau;60.7;93.2;100;11;0.57;7;titulaire;25;RETENUE;
Allemagne;de_gtfsde;laudenbachbahnhof@49.61,8.64;laudenbachbahnhof;60.7;87.1;90.4;32;0;7;titulaire;25;RETENUE;
Allemagne;de_gtfsde;schwerinsd@53.58,11.38;schwerinsd;60.7;89.6;97;25;0;7;titulaire;25;RETENUE;
Allemagne;de_gtfsde;reutlingenhauptbahnhof@48.50,9.21;reutlingenhauptbahnhof;60.7;94.4;98.8;23;0;7;titulaire;25;RETENUE;
Allemagne;de_gtfsde;kenzingenbahnhof@48.19,7.76;kenzingenbahnhof;60.7;83.3;95.5;25;0;7;titulaire;25;RETENUE;
Allemagne;de_gtfsde;herxheimabbahnhof@49.51,8.19;herxheimabbahnhof;60.7;89.6;94.7;19;0;7;titulaire;25;RETENUE;
Allemagne;de_gtfsde;wilhelmshavenhbf@53.52,8.11;wilhelmshavenhbf;60.7;97.2;99.8;14;0;7;titulaire;25;RETENUE;
France;fr_sncf;UIC87694307;Montchanin;60.6;93.6;99.5;12;1.71;7;titulaire;25;RETENUE;
Pays-Bas;nl_ovapi;dewestereen@53.25,6.04;dewestereen;60.6;95.5;99.8;159;0;7;titulaire;25;RETENUE;
Allemagne;de_gtfsde;holthusenbschwerinbahnhof@53.56,11.37;holthusenbschwerinbahnhof;60.6;89.6;98.8;21;0;7;titulaire;25;RETENUE;
Allemagne;de_gtfsde;maintalostbahnhof@50.14,8.84;maintalostbahnhof;60.6;79.5;86.7;33;0;7;titulaire;25;RETENUE;
Allemagne;de_gtfsde;triersdbahnhof@49.74,6.64;triersdbahnhof;60.6;89.6;85.7;28;0;7;titulaire;25;RETENUE;
Allemagne;de_gtfsde;maubach@48.93,9.42;maubach;60.6;97.4;91.4;13;0;7;titulaire;25;RETENUE;
Allemagne;de_gtfsde;badneuenahrahrweilerbadneuenahrbf@50.55,7.14;badneuenahrahrweilerbadneuenahrbf;60.6;96.5;97.9;15;0;7;titulaire;25;RETENUE;
Australie;au_translink_seq;baldhillsstation@-27.32,153.01;baldhillsstation;60.6;88.2;96.6;198;0;7;titulaire;25;RETENUE;
France;fr_sncf;UIC87313049;Longueau;60.4;90.5;100;13;1;7;titulaire;25;RETENUE;
Irlande;ie_nta;dublinheuston@53.35,-6.29;dublinheuston;60.4;93.6;89.4;24;0;7;titulaire;25;RETENUE;
Allemagne;de_gtfsde;nersingenbahnhof@48.43,10.12;nersingenbahnhof;60.4;82.3;96.8;30;0;7;titulaire;25;RETENUE;
Allemagne;de_gtfsde;krefeldforsthausbf@51.30,6.50;krefeldforsthausbf;60.4;66.2;96.4;58;0;7;titulaire;25;RETENUE;
Allemagne;de_gtfsde;herbolzheimbrsgbahnhof@48.22,7.77;herbolzheimbrsgbahnhof;60.4;85.6;90;22;0;7;titulaire;25;RETENUE;
Allemagne;de_gtfsde;hofneuhof@50.32,11.90;hofneuhof;60.4;90.5;99.8;16;0;7;titulaire;25;RETENUE;
France;fr_sncf;UIC87721357;Belleville sur Sâone;60.3;85.8;100;16;0.29;7;titulaire;25;RETENUE;
Allemagne;de_gtfsde;ldbrggebahnhof@51.21,7.57;ldbrggebahnhof;60.3;81.8;98.1;32;0;7;titulaire;25;RETENUE;
Allemagne;de_gtfsde;herbornbahnhof@50.68,8.31;herbornbahnhof;60.3;81.3;93.6;36;0;7;titulaire;25;RETENUE;
Allemagne;de_gtfsde;karlstadtmain@49.96,9.77;karlstadtmain;60.1;83.1;95;33;0;7;titulaire;25;RETENUE;
Allemagne;de_gtfsde;stolbergaltstadtbus@50.77,6.23;stolbergaltstadtbus;60.1;96.9;99.1;12;0;7;titulaire;25;RETENUE;
Allemagne;de_gtfsde;roth@49.24,11.08;roth;60.1;85.3;94;38;0;7;titulaire;25;RETENUE;
Pays-Bas;nl_ovapi;tharde@52.41,5.89;tharde;60;95;100;107;0;7;titulaire;24;RETENUE;
Allemagne;de_gtfsde;freilassinghofham@47.83,12.97;freilassinghofham;60;96.9;99.1;14;0;7;titulaire;24;RETENUE;
Allemagne;de_gtfsde;hainburghainstadtbahnhof@50.08,8.94;hainburghainstadtbahnhof;60;86;98.1;28;0;7;titulaire;24;RETENUE;
Allemagne;de_gtfsde;lottstettenbfsbb@47.63,8.57;lottstettenbfsbb;60;95.7;100;61;0;7;titulaire;24;RETENUE;
Allemagne;de_gtfsde;rottenburgbahnhof@48.47,8.94;rottenburgbahnhof;60;84;95.5;27;0;7;titulaire;24;RETENUE;
Allemagne;de_gtfsde;darmstadtsdbahnhof@49.85,8.64;darmstadtsdbahnhof;60;89.5;92.1;25;0;7;titulaire;24;RETENUE;
Etats-Unis;us_mta_mnr;valhalla@41.07,-73.77;valhalla;60;88.6;97.4;34;0;7;titulaire;24;RETENUE;
Pays-Bas;nl_ovapi;hoogkarspel@52.69,5.18;hoogkarspel;59.9;95.9;99.8;94;0;7;titulaire;24;RETENUE;
Allemagne;de_gtfsde;alfterimpekovens@50.71,7.02;alfterimpekovens;59.9;96.7;87.7;12;0;7;titulaire;24;RETENUE;
Allemagne;de_gtfsde;burgstdtbahnhof@50.92,12.81;burgstdtbahnhof;59.9;96.4;95.9;41;0;7;titulaire;24;RETENUE;
Allemagne;de_gtfsde;ahlenbahnhof@51.76,7.89;ahlenbahnhof;59.9;76.4;94.2;72;0;7;titulaire;24;RETENUE;
Australie;au_translink_seq;zillmerestation@-27.36,153.04;zillmerestation;59.9;84.2;98.1;181;0;7;titulaire;24;RETENUE;
Finlande;fi_digitraffic;JP;;59.7;95.5;97.2;150;0;7;titulaire;24;RETENUE;
Pays-Bas;nl_ovapi;nieuwamsterdam@52.72,6.85;nieuwamsterdam;59.7;97.6;98.8;117;0;7;titulaire;24;RETENUE;
Pays-Bas;nl_ovapi;nijkerk@52.22,5.49;nijkerk;59.7;95.7;99.1;116;0;7;titulaire;24;RETENUE;
Allemagne;de_gtfsde;ittersbachindustrie@48.88,8.51;ittersbachindustrie;59.7;95;98.1;155;0;7;titulaire;24;RETENUE;
Allemagne;de_gtfsde;forchheimhauptstrae@48.97,8.31;forchheimhauptstrae;59.7;89.5;87.1;196;0;7;titulaire;24;RETENUE;
Allemagne;de_gtfsde;grokrotzenburgbahnhof@50.09,8.98;grokrotzenburgbahnhof;59.7;87.1;88;29;0;7;titulaire;24;RETENUE;
Allemagne;de_gtfsde;magdeburgsalbke@52.08,11.66;magdeburgsalbke;59.6;71.5;97.9;26;0;7;titulaire;24;RETENUE;
Allemagne;de_gtfsde;neckaraubahnhof@49.46,8.49;neckaraubahnhof;59.6;91.1;96.3;19;0;7;titulaire;24;RETENUE;
Allemagne;de_gtfsde;gronaubahnhof@52.21,7.02;gronaubahnhof;59.6;91.6;96.5;24;0;7;titulaire;24;RETENUE;
Allemagne;de_gtfsde;koberngondorfbf@50.30,7.46;koberngondorfbf;59.6;71.2;92.5;34;0;7;titulaire;24;RETENUE;
France;fr_sncf;UIC87751776;Cassis;59.4;93.8;100;7;0.43;7;titulaire;24;RETENUE;
Allemagne;de_gtfsde;baddrkheimbahnhof@49.46,8.17;baddrkheimbahnhof;59.4;94;98.6;19;0;7;titulaire;24;RETENUE;
Allemagne;de_gtfsde;salembahnhof@47.76,9.30;salembahnhof;59.4;34.4;93.5;43;0;7;titulaire;24;RETENUE;
Allemagne;de_gtfsde;hafurt@50.03,10.51;hafurt;59.4;89.7;94.1;24;0;7;titulaire;24;RETENUE;
Allemagne;de_gtfsde;schweichbahnhof@49.83,6.74;schweichbahnhof;59.4;68.8;96.5;37;0;7;titulaire;24;RETENUE;
Allemagne;de_gtfsde;geradstetten@48.81,9.44;geradstetten;59.4;91.1;93.1;16;0;7;titulaire;24;RETENUE;
Allemagne;de_gtfsde;wiesentalbahnhof@49.23,8.50;wiesentalbahnhof;59.4;90.4;95.2;17;0;7;titulaire;24;RETENUE;
Allemagne;de_gtfsde;zuzenhausenbahnhof@49.30,8.82;zuzenhausenbahnhof;59.4;92.5;96.7;16;0;7;titulaire;24;RETENUE;
Allemagne;de_gtfsde;felde@54.31,9.95;felde;59.4;95.2;98.6;19;0;7;titulaire;24;RETENUE;
France;fr_sncf;UIC87755215;Saint-Cyr Les Lecques - La Cadière;59.3;93.5;100;7;0.43;7;titulaire;24;RETENUE;
Finlande;fi_digitraffic;SAU;;59.3;96.9;98.8;127;0;7;titulaire;24;RETENUE;
Allemagne;de_gtfsde;ldbahnhof@51.22,7.63;ldbahnhof;59.3;89.2;99.8;25;0;7;titulaire;24;RETENUE;
Allemagne;de_gtfsde;hattingenbf@51.40,7.17;hattingenbf;59.3;84.3;96.7;20;0;7;titulaire;24;RETENUE;
Allemagne;de_gtfsde;bochumwestbf@51.48,7.21;bochumwestbf;59.3;86.5;98.3;67;0;7;titulaire;24;RETENUE;
Allemagne;de_gtfsde;bnenbahnhof@51.60,7.76;bnenbahnhof;59.3;56.4;96.7;105;0;7;titulaire;24;RETENUE;
Allemagne;de_gtfsde;pulheimstommelnbf@51.02,6.75;pulheimstommelnbf;59.3;80;93.3;27;0;7;titulaire;24;RETENUE;
Allemagne;de_gtfsde;wolfenbitterfeld@51.66,12.28;wolfenbitterfeld;59.3;93;85.4;23;0;7;titulaire;24;RETENUE;
Allemagne;de_gtfsde;neubrandenburg@53.56,13.26;neubrandenburg;59.3;70.1;95.4;36;0;7;titulaire;24;RETENUE;
Allemagne;de_gtfsde;lbbenaubahnhof@51.86,13.96;lbbenaubahnhof;59.3;79.8;97;36;0;7;titulaire;24;RETENUE;
Allemagne;de_gtfsde;seesenbahnhof@51.89,10.17;seesenbahnhof;59.3;96.9;96.5;17;0;7;titulaire;24;RETENUE;
France;fr_sncf;UIC87755264;La Seyne - Six Fours;59.1;92.5;99.8;7;0.43;7;titulaire;24;RETENUE;
France;fr_sncf;UIC87773457;Baillargues;59.1;85.7;99.8;17;0.57;7;titulaire;24;RETENUE;
Pays-Bas;nl_ovapi;emmenzuid@52.75,6.87;emmenzuid;59.1;97.8;100;104;0;7;titulaire;24;RETENUE;
Allemagne;de_gtfsde;kirchhainbahnhof@50.82,8.92;kirchhainbahnhof;59.1;74.6;95;51;0;7;titulaire;24;RETENUE;
Allemagne;de_gtfsde;emmendingenbahnhof@48.12,7.85;emmendingenbahnhof;59.1;87.2;94.1;23;0;7;titulaire;24;RETENUE;
Allemagne;de_gtfsde;kremmenbahnhof@52.75,13.04;kremmenbahnhof;59.1;93.7;96.3;18;0;7;titulaire;24;RETENUE;
Allemagne;de_gtfsde;neustadtdossebahnhof@52.85,12.45;neustadtdossebahnhof;59.1;95.2;97.6;20;0;7;titulaire;24;RETENUE;
Allemagne;de_gtfsde;remscheidlttringhausenbf@51.22,7.24;remscheidlttringhausenbf;59.1;80.7;99.3;27;0;7;titulaire;24;RETENUE;
Australie;au_translink_seq;brayparkstation@-27.30,152.99;brayparkstation;59.1;86;97.6;207;0;7;titulaire;24;RETENUE;
Pays-Bas;nl_ovapi;bovenkarspelflora@52.70,5.25;bovenkarspelflora;59;95.9;98.3;81;0;7;titulaire;24;RETENUE;
Allemagne;de_gtfsde;nordstemmenbahnhof@52.17,9.79;nordstemmenbahnhof;59;73.4;90.2;47;0;7;titulaire;24;RETENUE;
Allemagne;de_gtfsde;hchstodwbahnhof@49.80,8.99;hchstodwbahnhof;59;86.7;98.3;30;0;7;titulaire;24;RETENUE;
Allemagne;de_gtfsde;ittersbach@48.87,8.51;ittersbach;59;92;94.1;162;0;7;titulaire;24;RETENUE;
Allemagne;de_gtfsde;potsdampirschheidebhf@52.37,13.01;potsdampirschheidebhf;59;96.1;94.5;19;0;7;titulaire;24;RETENUE;
France;fr_sncf;UIC87755223;Bandol;58.9;93.7;99.8;7;0.43;7;titulaire;24;RETENUE;
Allemagne;de_gtfsde;tornesch@53.70,9.72;tornesch;58.9;95.4;96;19;0;7;titulaire;24;RETENUE;
Allemagne;de_gtfsde;emskirchen@49.56,10.71;emskirchen;58.9;85.2;96.9;33;0;7;titulaire;24;RETENUE;
Allemagne;de_gtfsde;eutingenimgunord@48.48,8.75;eutingenimgunord;58.9;84.7;93.8;108;0;7;titulaire;24;RETENUE;
Etats-Unis;us_mta_mnr;glenwood@40.95,-73.90;glenwood;58.9;93;100;23;0;7;titulaire;24;RETENUE;
France;fr_sncf;UIC87396408;Sablé-sur-Sarthe;58.7;87.1;100;15;0.29;7;titulaire;24;RETENUE;
Pays-Bas;nl_ovapi;bovenkarspelgrootebroek@52.70,5.24;bovenkarspelgrootebroek;58.7;96.4;99.8;73;0;7;titulaire;24;RETENUE;
Allemagne;de_gtfsde;bullaybf@50.05,7.13;bullaybf;58.7;70.8;97.2;37;0;7;titulaire;24;RETENUE;
Allemagne;de_gtfsde;berlinstaakenbhf@52.54,13.14;berlinstaakenbhf;58.7;84.7;89.5;27;0;7;titulaire;24;RETENUE;
Allemagne;de_gtfsde;oberesslingen@48.73,9.33;oberesslingen;58.7;95.9;97.4;18;0;7;titulaire;24;RETENUE;
Allemagne;de_gtfsde;wieren@52.89,10.66;wieren;58.7;78.8;97.4;27;0;7;titulaire;24;RETENUE;
Allemagne;de_gtfsde;wustermarkbahnhof@52.55,12.94;wustermarkbahnhof;58.7;87.3;94.9;25;0;7;titulaire;24;RETENUE;
Allemagne;de_gtfsde;wieslensdorf@49.15,9.42;wieslensdorf;58.7;79.8;91.9;246;0;7;titulaire;24;RETENUE;
Allemagne;de_gtfsde;eltersdorf@49.55,11.00;eltersdorf;58.7;94.2;97.9;20;0;7;titulaire;24;RETENUE;
Etats-Unis;us_mta_mnr;eastnorwalk@41.10,-73.40;eastnorwalk;58.7;88.3;100;21;0;7;titulaire;24;RETENUE;
Etats-Unis;us_mta_mnr;ludlow@40.92,-73.90;ludlow;58.7;93.7;99.8;22;0;7;titulaire;24;RETENUE;
France;fr_sncf;UIC87782607;Clermont la Pardieu;58.6;90.7;99.8;11;1.29;7;titulaire;24;RETENUE;
Allemagne;de_gtfsde;retzbachzellingen@49.91,9.81;retzbachzellingen;58.6;83.7;93.4;36;0;7;titulaire;24;RETENUE;
Allemagne;de_gtfsde;niederaubahnhof@51.18,13.56;niederaubahnhof;58.6;85.6;96;30;0;7;titulaire;24;RETENUE;
Allemagne;de_gtfsde;grunbach@48.81,9.42;grunbach;58.6;90.7;89.1;14;0;7;titulaire;24;RETENUE;
Allemagne;de_gtfsde;wernaun@48.69,9.41;wernaun;58.6;96.6;86.1;12;0;7;titulaire;24;RETENUE;
Pays-Bas;nl_ovapi;grijpskerk@53.26,6.31;grijpskerk;58.4;96.8;99.8;133;0;7;titulaire;24;RETENUE;
Allemagne;de_gtfsde;mnchengladblrripsbf@51.20,6.47;mnchengladblrripsbf;58.4;74.8;89.1;30;0;7;titulaire;24;RETENUE;
Allemagne;de_gtfsde;schwabmnchen@48.18,10.77;schwabmnchen;58.4;91.2;92.1;20;0;7;titulaire;24;RETENUE;
Allemagne;de_gtfsde;gerichshain@51.35,12.59;gerichshain;58.4;85.6;94.9;35;0;7;titulaire;24;RETENUE;
Allemagne;de_gtfsde;eberbachbahnhof@49.47,8.98;eberbachbahnhof;58.4;90.2;94.9;25;0;7;titulaire;24;RETENUE;
Allemagne;de_gtfsde;rommerskirchenbahnhof@51.04,6.70;rommerskirchenbahnhof;58.4;81.4;93.2;26;0;7;titulaire;24;RETENUE;
Allemagne;de_gtfsde;erkratherkraths@51.22,6.90;erkratherkraths;58.4;85.1;90.7;27;0;7;titulaire;24;RETENUE;
Etats-Unis;us_mta_mnr;southport@41.13,-73.29;southport;58.4;89.7;99.5;21;0;7;titulaire;24;RETENUE;
France;fr_sncf;UIC87615344;Saint-Sulpice;58.3;83.8;99.5;20;1.43;7;titulaire;24;RETENUE;
Allemagne;de_gtfsde;wolmirstedt@52.25,11.64;wolmirstedt;58.3;59.6;91.5;25;0;7;titulaire;24;RETENUE;
Allemagne;de_gtfsde;daxlandennussbaumweg@48.99,8.33;daxlandennussbaumweg;58.3;89.7;83.1;199;0;7;titulaire;24;RETENUE;
Allemagne;de_gtfsde;dormagenchempark@51.08,6.84;dormagenchempark;58.3;54.4;95.6;47;0;7;titulaire;24;RETENUE;
Allemagne;de_gtfsde;pasewalk@53.52,13.99;pasewalk;58.3;83.8;93.2;37;0;7;titulaire;24;RETENUE;
Allemagne;de_gtfsde;grlitzbahnhof@51.15,14.98;grlitzbahnhof;58.3;84.8;97.4;21;0;7;titulaire;24;RETENUE;
Allemagne;de_gtfsde;kollnaubahnhof@48.10,7.97;kollnaubahnhof;58.3;88.5;94.9;41;0;7;titulaire;24;RETENUE;
Allemagne;de_gtfsde;moosburg@48.47,11.93;moosburg;58.3;85;95.8;33;0;7;titulaire;24;RETENUE;
France;fr_sncf;UIC87300863;Besançon Franche-Comté TGV;58.1;84.8;100;15;0;7;titulaire;24;RETENUE;
Pays-Bas;nl_ovapi;hardinxveldgiessendam@51.83,4.84;hardinxveldgiessendam;58.1;96.6;94.2;137;0;7;titulaire;24;RETENUE;
Allemagne;de_gtfsde;fliedenbahnhof@50.42,9.58;fliedenbahnhof;58.1;73.2;96;47;0;7;titulaire;24;RETENUE;
Allemagne;de_gtfsde;sedlitzostbhf@51.55,14.06;sedlitzostbhf;58.1;95.6;99.8;14;0;7;titulaire;24;RETENUE;
Allemagne;de_gtfsde;kirchbergm@48.94,9.33;kirchbergm;58.1;96.6;96.7;14;0;7;titulaire;24;RETENUE;
Allemagne;de_gtfsde;dortmundaplerbeckbf@51.49,7.55;dortmundaplerbeckbf;58.1;87.2;97.6;36;0;7;titulaire;24;RETENUE;
Allemagne;de_gtfsde;merschbahnhof@51.76,7.74;merschbahnhof;58.1;52.8;97.8;60;0;7;titulaire;24;RETENUE;
Allemagne;de_gtfsde;leipziglindenau@51.33,12.32;leipziglindenau;58.1;94.8;97.8;21;0;7;titulaire;24;RETENUE;
France;fr_sncf;UIC87773408;Lunel;58;86.7;99;17;0.57;7;titulaire;24;RETENUE;
France;fr_sncf;UIC87753251;Rognac;58;95.8;100;9;0.29;7;titulaire;24;RETENUE;
Allemagne;de_gtfsde;britzbahnhof@52.87,13.82;britzbahnhof;58;89.9;93.8;41;0;7;titulaire;24;RETENUE;
Allemagne;de_gtfsde;halleammendorf@51.42,11.99;halleammendorf;58;94.3;97.6;36;0;7;titulaire;24;RETENUE;
Allemagne;de_gtfsde;maichingennord@48.73,8.98;maichingennord;58;97.8;88.1;14;0;7;titulaire;24;RETENUE;
France;fr_sncf;UIC87193003;Forbach;57.9;93.6;100;11;1.43;7;titulaire;24;RETENUE;
Allemagne;de_gtfsde;magdeburgherrenkrug@52.15,11.68;magdeburgherrenkrug;57.9;78;93.5;25;0;7;titulaire;24;RETENUE;
Allemagne;de_gtfsde;munderkingenbahnhof@48.24,9.65;munderkingenbahnhof;57.9;42.2;95.5;41;0;7;titulaire;24;RETENUE;
Allemagne;de_gtfsde;wrselenmerzbrck@50.82,6.19;wrselenmerzbrck;57.9;95.8;100;15;0;7;titulaire;24;RETENUE;
Allemagne;de_gtfsde;gottenheimbahnhof@48.05,7.73;gottenheimbahnhof;57.9;91.1;94.4;18;0;7;titulaire;24;RETENUE;
Allemagne;de_gtfsde;rech@50.52,7.04;rech;57.9;97.8;99;13;0;7;titulaire;24;RETENUE;
Allemagne;de_gtfsde;nrnbergsteinbhl@49.44,11.07;nrnbergsteinbhl;57.9;94.3;97.1;18;0;7;titulaire;24;RETENUE;
Allemagne;de_gtfsde;kreuztalbf@50.96,7.99;kreuztalbf;57.9;85.2;96.2;27;0;7;titulaire;24;RETENUE;
Australie;au_translink_seq;bindhastation@-27.38,153.07;bindhastation;57.9;92.3;99;158;0;7;titulaire;24;RETENUE;
Pays-Bas;nl_ovapi;enkhuizen@52.70,5.29;enkhuizen;57.7;95.5;98.8;73;0;7;titulaire;24;RETENUE;
Pays-Bas;nl_ovapi;susteren@51.06,5.86;susteren;57.7;92.8;99.8;174;0;7;titulaire;24;RETENUE;
Allemagne;de_gtfsde;darmstadtostbahnhof@49.87,8.67;darmstadtostbahnhof;57.7;81.2;95.5;33;0;7;titulaire;24;RETENUE;
Allemagne;de_gtfsde;dortmundsldebf@51.50,7.59;dortmundsldebf;57.7;88.1;98.3;35;0;7;titulaire;24;RETENUE;
Allemagne;de_gtfsde;krefeldhohenbudbergchempark@51.37,6.66;krefeldhohenbudbergchempark;57.7;67.1;96.9;66;0;7;titulaire;24;RETENUE;
Allemagne;de_gtfsde;dortmundmartensd@51.51,7.39;dortmundmartensd;57.7;97.8;90.8;12;0;7;titulaire;24;RETENUE;
Etats-Unis;us_mta_lirr;farrockaway@40.61,-73.75;farrockaway;57.7;95.3;100;225;0;7;titulaire;24;RETENUE;
France;fr_sncf;UIC87574004;Blois - Chambord;57.6;88.1;99.3;16;3;7;titulaire;24;RETENUE;
Pays-Bas;nl_ovapi;wezep@52.45,6.00;wezep;57.6;96;100;73;0;7;titulaire;24;RETENUE;
Allemagne;de_gtfsde;schallstadtbahnhof@47.96,7.75;schallstadtbahnhof;57.6;91.1;94.2;27;0;7;titulaire;24;RETENUE;
Allemagne;de_gtfsde;jenawest@50.92,11.58;jenawest;57.6;79.9;88.4;32;0;7;titulaire;24;RETENUE;
Allemagne;de_gtfsde;eschweilerstjris@50.83,6.20;eschweilerstjris;57.6;93.8;99.8;15;0;7;titulaire;24;RETENUE;
Allemagne;de_gtfsde;forbachschwarzwald@48.68,8.36;forbachschwarzwald;57.4;71.9;95.3;202;0;7;titulaire;23;RETENUE;
Allemagne;de_gtfsde;landsberg@48.05,10.87;landsberg;57.4;97.8;88;9;0;7;titulaire;23;RETENUE;
Allemagne;de_gtfsde;wittlichhauptbahnhof@49.97,6.94;wittlichhauptbahnhof;57.4;69.2;94.4;37;0;7;titulaire;23;RETENUE;
Allemagne;de_gtfsde;stolbergrheinlhbfgl44@50.79,6.22;stolbergrheinlhbfgl44;57.4;95;99;13;0;7;titulaire;23;RETENUE;
Allemagne;de_gtfsde;dettingenmain@50.04,9.04;dettingenmain;57.4;77.4;91.8;42;0;7;titulaire;23;RETENUE;
Allemagne;de_gtfsde;treysa@50.91,9.19;treysa;57.4;72.4;95;50;0;7;titulaire;23;RETENUE;
Allemagne;de_gtfsde;alsdorfpoststrae@50.86,6.20;alsdorfpoststrae;57.4;94;99.8;15;0;7;titulaire;23;RETENUE;
Allemagne;de_gtfsde;alsdorfkellersberg@50.87,6.17;alsdorfkellersberg;57.4;95.3;99.8;14;0;7;titulaire;23;RETENUE;
Allemagne;de_gtfsde;hxottbergen@51.71,9.31;hxottbergen;57.4;72.1;96.9;27;0;7;titulaire;23;RETENUE;
Allemagne;de_gtfsde;weisenheimsbahnhof@49.51,8.25;weisenheimsbahnhof;57.4;85.6;97.6;18;0;7;titulaire;23;RETENUE;
Etats-Unis;us_mta_mnr;universityheights@40.86,-73.91;universityheights;57.4;94.3;99.8;19;0;7;titulaire;23;RETENUE;
France;fr_sncf;UIC87286179;Bailleul;57.3;88;100;16;0;7;titulaire;23;RETENUE;
Pays-Bas;nl_ovapi;leeuwardencamminghaburen@53.20,5.84;leeuwardencamminghaburen;57.3;92.5;92.8;148;0;7;titulaire;23;RETENUE;
Allemagne;de_gtfsde;biederitz@52.15,11.72;biederitz;57.3;77.3;96.2;24;0;7;titulaire;23;RETENUE;
Allemagne;de_gtfsde;stolbergrathausbus@50.77,6.23;stolbergrathausbus;57.3;97.5;98.3;13;0;7;titulaire;23;RETENUE;
Allemagne;de_gtfsde;poppenhausen@50.10,10.14;poppenhausen;57.3;93;87.9;15;0;7;titulaire;23;RETENUE;
Allemagne;de_gtfsde;kiebingenbhf@48.48,8.97;kiebingenbhf;57.3;84;92.4;27;0;7;titulaire;23;RETENUE;
Allemagne;de_gtfsde;alsdorfmariadorf@50.86,6.19;alsdorfmariadorf;57.3;94.3;99.3;13;0;7;titulaire;23;RETENUE;
Allemagne;de_gtfsde;wachenheimwstrbahnhof@49.44,8.19;wachenheimwstrbahnhof;57.3;93.8;95.7;19;0;7;titulaire;23;RETENUE;
Etats-Unis;us_mta_mnr;norotonheights@41.07,-73.50;norotonheights;57.3;90;97.6;21;0;7;titulaire;23;RETENUE;
Etats-Unis;us_mta_mnr;greensfarms@41.12,-73.32;greensfarms;57.3;89.5;99.3;22;0;7;titulaire;23;RETENUE;
Etats-Unis;us_mta_lirr;centreavenue@40.65,-73.66;centreavenue;57.3;93.5;99.5;210;0;7;titulaire;23;RETENUE;
Etats-Unis;us_mta_lirr;longbeach@40.59,-73.66;longbeach;57.3;93.8;100;201;0;7;titulaire;23;RETENUE;
Allemagne;de_gtfsde;stolbergmhlenerbf@50.77,6.22;stolbergmhlenerbf;57.1;97;98.8;12;0;7;titulaire;23;RETENUE;
France;fr_sncf;UIC87757757;Le Bosquet;57;90.5;99.8;9;0;7;titulaire;23;RETENUE;
Allemagne;de_gtfsde;velbertrosenhgelbahnhof@51.30,7.10;velbertrosenhgelbahnhof;57;74.7;94.8;39;0;7;titulaire;23;RETENUE;
Allemagne;de_gtfsde;siegenweidenaubf@50.90,8.03;siegenweidenaubf;57;84.2;92.1;27;0;7;titulaire;23;RETENUE;
Allemagne;de_gtfsde;leiling@51.19,11.91;leiling;57;90.2;87.5;44;0;7;titulaire;23;RETENUE;
Allemagne;de_gtfsde;ellhofen@49.15,9.32;ellhofen;57;78.7;96.8;233;0;7;titulaire;23;RETENUE;
Etats-Unis;us_mta_mnr;morrisheights@40.85,-73.92;morrisheights;57;94.2;98.8;17;0;7;titulaire;23;RETENUE;
France;fr_sncf;UIC87281006;Dunkerque;56.9;87.7;100;13;0.29;7;titulaire;23;RETENUE;
France;fr_sncf;UIC87286146;Armentières;56.9;89.4;99.3;12;0;7;titulaire;23;RETENUE;
Allemagne;de_gtfsde;beckingensaar@49.39,6.69;beckingensaar;56.9;85.4;92.3;34;0;7;titulaire;23;RETENUE;
Allemagne;de_gtfsde;bottropboybf@51.54,6.97;bottropboybf;56.9;72.1;96.1;32;0;7;titulaire;23;RETENUE;
France;fr_sncf;UIC87684001;Montargis;56.7;79.1;98.5;32;0.57;7;titulaire;23;RETENUE;
Pays-Bas;nl_ovapi;gaanderen@51.93,6.35;gaanderen;56.7;95.5;100;147;0;7;titulaire;23;RETENUE;
Allemagne;de_gtfsde;batzenhuslebahnhof@48.09,7.94;batzenhuslebahnhof;56.7;89.4;96.4;42;0;7;titulaire;23;RETENUE;
Allemagne;de_gtfsde;krefeldlinnbf@51.34,6.63;krefeldlinnbf;56.7;66;93.6;60;0;7;titulaire;23;RETENUE;
Etats-Unis;us_mta_mnr;greystone@40.97,-73.89;greystone;56.7;92.9;99;19;0;7;titulaire;23;RETENUE;
Etats-Unis;us_mta_lirr;woodmere@40.63,-73.71;woodmere;56.7;88.2;100;247;0;7;titulaire;23;RETENUE;
France;fr_sncf;UIC87192468;Pagny-sur-Moselle;56.6;95.5;100;9;0;7;titulaire;23;RETENUE;
France;fr_sncf;UIC87401323;Mouans-Sartoux;56.6;90.9;100;8;0;7;titulaire;23;RETENUE;
Allemagne;de_gtfsde;dortmundkruckel@51.46,7.41;dortmundkruckel;56.6;90.9;90.6;17;0;7;titulaire;23;RETENUE;
Allemagne;de_gtfsde;deidesheimbahnhof@49.41,8.19;deidesheimbahnhof;56.6;93.9;96.4;21;0;7;titulaire;23;RETENUE;
Etats-Unis;us_mta_lirr;oceanside@40.63,-73.65;oceanside;56.6;93.7;99.2;206;0;7;titulaire;23;RETENUE;
Etats-Unis;us_mta_lirr;cedarhurst@40.62,-73.73;cedarhurst;56.6;89.4;99.2;215;0;7;titulaire;23;RETENUE;
Australie;au_translink_seq;windsorstation@-27.43,153.03;windsorstation;56.6;94.4;95.7;145;0;7;titulaire;23;RETENUE;
Pays-Bas;nl_ovapi;almeloderiet@52.34,6.67;almeloderiet;56.4;96.7;99.7;114;0;7;titulaire;23;RETENUE;
Pays-Bas;nl_ovapi;raalte@52.39,6.28;raalte;56.4;97.5;99;83;0;7;titulaire;23;RETENUE;
Pays-Bas;nl_ovapi;terborg@51.92,6.36;terborg;56.4;95.2;100;135;0;7;titulaire;23;RETENUE;
Allemagne;de_gtfsde;schnerlindebarbahnhof@52.65,13.43;schnerlindebarbahnhof;56.4;97;80.1;52;0;7;titulaire;23;RETENUE;
Allemagne;de_gtfsde;stolbergrheinlhbfgl27@50.79,6.22;stolbergrheinlhbfgl27;56.4;96.5;100;12;0;7;titulaire;23;RETENUE;
Allemagne;de_gtfsde;resdbf@51.56,7.20;resdbf;56.4;61.8;92.5;38;0;7;titulaire;23;RETENUE;
Allemagne;de_gtfsde;butzbachbahnhof@50.43,8.67;butzbachbahnhof;56.4;69.6;92.9;47;0;7;titulaire;23;RETENUE;
Australie;au_translink_seq;carseldinestation@-27.35,153.03;carseldinestation;56.4;86.3;99;168;0;7;titulaire;23;RETENUE;
Allemagne;de_gtfsde;groenhaincottbuserbahnhof@51.29,13.52;groenhaincottbuserbahnhof;56.3;94.2;94;19;0;7;titulaire;23;RETENUE;
Allemagne;de_gtfsde;essendellwigostbf@51.49,6.93;essendellwigostbf;56.3;73.9;95.9;30;0;7;titulaire;23;RETENUE;
Allemagne;de_gtfsde;hntwangenwil@47.58,8.51;hntwangenwil;56.3;96.2;100;56;0;7;titulaire;23;RETENUE;
Allemagne;de_gtfsde;hanaugroauheimbahnhof@50.11,8.94;hanaugroauheimbahnhof;56.3;86.5;89.1;32;0;7;titulaire;23;RETENUE;
Etats-Unis;us_mta_mnr;peekskill@41.29,-73.93;peekskill;56.3;92.1;99;19;0;7;titulaire;23;RETENUE;
Etats-Unis;us_mta_lirr;hewlett@40.64,-73.71;hewlett;56.3;90.1;98.5;209;0;7;titulaire;23;RETENUE;
France;fr_sncf;UIC87757732;Ranguin;56.1;91.6;100;7;0;7;titulaire;23;RETENUE;
Pays-Bas;nl_ovapi;echt@51.10,5.88;echt;56.1;92.1;100;164;0;7;titulaire;23;RETENUE;
Allemagne;de_gtfsde;langwedelkrverden@52.98,9.20;langwedelkrverden;56.1;85.8;96.3;28;0;7;titulaire;23;RETENUE;
Allemagne;de_gtfsde;philippsburgbahnhof@49.23,8.45;philippsburgbahnhof;56.1;79.6;98.5;26;0;7;titulaire;23;RETENUE;
Allemagne;de_gtfsde;berlingenbusbahnhof@47.77,9.16;berlingenbusbahnhof;56.1;37.7;94.5;47;0;7;titulaire;23;RETENUE;
Allemagne;de_gtfsde;leipzigangercrottendorf@51.33,12.42;leipzigangercrottendorf;56.1;85.2;91.4;38;0;7;titulaire;23;RETENUE;
Allemagne;de_gtfsde;friedrichshhafenbahnhof@47.65,9.48;friedrichshhafenbahnhof;56.1;74.6;96.8;31;0;7;titulaire;23;RETENUE;
France;fr_sncf;UIC87757740;La Frayère;56;91.6;100;7;0;7;titulaire;23;RETENUE;
Allemagne;de_gtfsde;dortmundbarop@51.48,7.43;dortmundbarop;56;92.1;96.6;17;0;7;titulaire;23;RETENUE;
Allemagne;de_gtfsde;plauethringen@50.78,10.91;plauethringen;56;94.6;89.3;16;0;7;titulaire;23;RETENUE;
Allemagne;de_gtfsde;hofheimbahnhof@49.66,8.41;hofheimbahnhof;56;91.8;92.9;18;0;7;titulaire;23;RETENUE;
Allemagne;de_gtfsde;weetzenbahnhof@52.30,9.64;weetzenbahnhof;56;60.7;88.7;43;0;7;titulaire;23;RETENUE;
Allemagne;de_gtfsde;hugstettenbahnhof@48.05,7.78;hugstettenbahnhof;56;91.8;98;17;0;7;titulaire;23;RETENUE;
Allemagne;de_gtfsde;kevelaerbahnhof@51.58,6.25;kevelaerbahnhof;56;65.8;96.8;51;0;7;titulaire;23;RETENUE;
Allemagne;de_gtfsde;hringenwest@49.20,9.49;hringenwest;56;80.4;94.9;209;0;7;titulaire;23;RETENUE;
Etats-Unis;us_mta_lirr;lawrence@40.62,-73.74;lawrence;56;87.2;98.2;214;0;7;titulaire;23;RETENUE;
Etats-Unis;us_mta_lirr;hempstead@40.71,-73.63;hempstead;56;95.2;100;203;0;7;titulaire;23;RETENUE;
Pays-Bas;nl_ovapi;tegelen@51.34,6.14;tegelen;55.9;96.7;98.5;136;0;7;titulaire;23;RETENUE;
Allemagne;de_gtfsde;badkissingen@50.19,10.08;badkissingen;55.9;94.4;95.1;17;0;7;titulaire;23;RETENUE;
Allemagne;de_gtfsde;bennewitz@51.36,12.71;bennewitz;55.9;80.6;96.5;33;0;7;titulaire;23;RETENUE;
Allemagne;de_gtfsde;grbers@51.43,12.12;grbers;55.9;97.4;88.3;13;0;7;titulaire;23;RETENUE;
Allemagne;de_gtfsde;elstalbahnhof@52.55,13.00;elstalbahnhof;55.9;84.1;94.9;23;0;7;titulaire;23;RETENUE;
Allemagne;de_gtfsde;badreichenhall@47.73,12.88;badreichenhall;55.9;95.7;98.2;17;0;7;titulaire;23;RETENUE;
Allemagne;de_gtfsde;kronach@50.24,11.32;kronach;55.9;96.2;98.5;17;0;7;titulaire;23;RETENUE;
Allemagne;de_gtfsde;hochdorfbahnhof@48.48,8.72;hochdorfbahnhof;55.9;86.4;95.8;97;0;7;titulaire;23;RETENUE;
Australie;au_translink_seq;alderleystation@-27.42,153.00;alderleystation;55.9;93.4;97.8;131;0;7;titulaire;23;RETENUE;
France;fr_sncf;UIC87761718;Saint-Marcellin;55.7;85.6;100;16;1.71;7;titulaire;23;RETENUE;
France;fr_sncf;UIC87757526;Saint-Raphaël Valescure;55.7;79.7;99.7;18;0.14;7;titulaire;23;RETENUE;
Pays-Bas;nl_ovapi;nijverdal@52.37,6.47;nijverdal;55.7;97.9;99.5;80;0;7;titulaire;23;RETENUE;
Allemagne;de_gtfsde;schnebeckfrohse@52.03,11.71;schnebeckfrohse;55.7;71.5;98.2;26;0;7;titulaire;23;RETENUE;
Allemagne;de_gtfsde;maintalwestbahnhof@50.14,8.80;maintalwestbahnhof;55.7;79.2;94.2;31;0;7;titulaire;23;RETENUE;
Allemagne;de_gtfsde;schwabhausen@48.30,11.36;schwabhausen;55.7;92.8;95.8;15;0;7;titulaire;23;RETENUE;
Allemagne;de_gtfsde;bleibachbahnhof@48.12,8.01;bleibachbahnhof;55.7;89.2;98.5;38;0;7;titulaire;23;RETENUE;
Allemagne;de_gtfsde;bedburghaubahnhof@51.76,6.17;bedburghaubahnhof;55.7;60.3;97.5;47;0;7;titulaire;23;RETENUE;
France;fr_sncf;UIC87751404;Aix-en-Provence;55.6;92.3;99.5;16;2.71;7;titulaire;23;RETENUE;
France;fr_sncf;UIC87721001;Lyon Vaise;55.6;93.1;100;13;0.43;7;titulaire;23;RETENUE;
Allemagne;de_gtfsde;brechenniederbrechenbahnhof@50.36,8.16;brechenniederbrechenbahnhof;55.6;76.9;95.1;33;0;7;titulaire;23;RETENUE;
Allemagne;de_gtfsde;stolbergschneidmhlebus@50.79,6.22;stolbergschneidmhlebus;55.6;96.7;97.7;12;0;7;titulaire;23;RETENUE;
Allemagne;de_gtfsde;piding@47.76,12.91;piding;55.6;97.2;100;15;0;7;titulaire;23;RETENUE;
Allemagne;de_gtfsde;luckenwaldebahnhof@52.09,13.16;luckenwaldebahnhof;55.6;79.2;94.2;33;0;7;titulaire;23;RETENUE;
Allemagne;de_gtfsde;saarbrckenburbach@49.24,6.96;saarbrckenburbach;55.6;85.3;89.2;36;0;7;titulaire;23;RETENUE;
Allemagne;de_gtfsde;benningenn@48.94,9.24;benningenn;55.6;95.6;85.7;15;0;7;titulaire;23;RETENUE;
Allemagne;de_gtfsde;leipzigalleecenter@51.32,12.29;leipzigalleecenter;55.6;93.8;91.7;21;0;7;titulaire;23;RETENUE;
Etats-Unis;us_mta_mnr;southeast@41.41,-73.62;southeast;55.6;91.3;99.2;23;0;7;titulaire;23;RETENUE;
Australie;au_translink_seq;internationalairportstation@-27.40,153.11;internationalairportstation;55.6;89.5;98;153;0;7;titulaire;23;RETENUE;
Australie;au_translink_seq;keperrastation@-27.41,152.96;keperrastation;55.6;86.4;99;178;0;7;titulaire;23;RETENUE;
France;fr_sncf;UIC87773556;Frontignan;55.4;88.1;100;14;0.57;7;titulaire;23;RETENUE;
Pays-Bas;nl_ovapi;antwerpenberchem@51.20,4.43;antwerpenberchem;55.4;92.3;100;52;0;7;titulaire;23;RETENUE;
Allemagne;de_gtfsde;pfaffenhofenilm@48.52,11.51;pfaffenhofenilm;55.4;72.2;94.4;44;0;7;titulaire;23;RETENUE;
Allemagne;de_gtfsde;hochspeyerbahnhof@49.44,7.90;hochspeyerbahnhof;55.4;80.4;96;36;0;7;titulaire;23;RETENUE;
Allemagne;de_gtfsde;rafz@47.60,8.54;rafz;55.4;96.4;99.2;52;0;7;titulaire;23;RETENUE;
Allemagne;de_gtfsde;prisdorf@53.68,9.76;prisdorf;55.4;94.8;91.9;20;0;7;titulaire;23;RETENUE;
Allemagne;de_gtfsde;eschwege@51.19,10.04;eschwege;55.4;96.6;96;13;0;7;titulaire;23;RETENUE;
Allemagne;de_gtfsde;wolkramshausen@51.44,10.75;wolkramshausen;55.4;83.5;94.9;35;0;7;titulaire;23;RETENUE;
Allemagne;de_gtfsde;weimarniederwalgernbahnhof@50.74,8.71;weimarniederwalgernbahnhof;55.4;78.1;95.6;52;0;7;titulaire;23;RETENUE;
Allemagne;de_gtfsde;nordbggebahnhof@51.62,7.74;nordbggebahnhof;55.4;70.9;98.2;73;0;7;titulaire;23;RETENUE;
Allemagne;de_gtfsde;bockumhvelbahnhof@51.70,7.77;bockumhvelbahnhof;55.4;54.9;95.8;53;0;7;titulaire;23;RETENUE;
Allemagne;de_gtfsde;dortmundscharnhorstbf@51.54,7.54;dortmundscharnhorstbf;55.4;66.5;95.8;79;0;7;titulaire;23;RETENUE;
France;fr_sncf;UIC87473207;Guingamp;55.3;93.3;99.5;7;0;7;titulaire;23;RETENUE;
France;fr_sncf;UIC87471300;Redon;55.3;85.8;99.5;19;0.43;7;titulaire;23;RETENUE;
Allemagne;de_gtfsde;gsten@51.79,11.60;gsten;55.3;78.3;86.4;28;0;7;titulaire;23;RETENUE;
Allemagne;de_gtfsde;frankfurtmainmainkurbahnhof@50.13,8.77;frankfurtmainmainkurbahnhof;55.3;77.3;90;30;0;7;titulaire;23;RETENUE;
Allemagne;de_gtfsde;pirmasensnord@49.26,7.60;pirmasensnord;55.3;76.7;98.5;26;0;7;titulaire;23;RETENUE;
Allemagne;de_gtfsde;kempenbahnhof@51.37,6.42;kempenbahnhof;55.3;58.1;98;47;0;7;titulaire;23;RETENUE;
Allemagne;de_gtfsde;finkenkrugbahnhof@52.57,13.05;finkenkrugbahnhof;55.3;91.2;93.9;24;0;7;titulaire;23;RETENUE;
Allemagne;de_gtfsde;weiterstadtbahnhof@49.91,8.58;weiterstadtbahnhof;55.3;87.3;95.6;23;0;7;titulaire;23;RETENUE;
Allemagne;de_gtfsde;glattfelden@47.55,8.52;glattfelden;55.3;95.3;100;55;0;7;titulaire;23;RETENUE;
Allemagne;de_gtfsde;waldkirchbrsgbahnhof@48.10,7.96;waldkirchbrsgbahnhof;55.3;87.1;88;47;0;7;titulaire;23;RETENUE;
Allemagne;de_gtfsde;gutachbrsgbahnhof@48.11,7.99;gutachbrsgbahnhof;55.3;87.9;84.1;43;0;7;titulaire;23;RETENUE;
Allemagne;de_gtfsde;skscharmedebahnhof@51.71,8.65;skscharmedebahnhof;55.3;48.1;97.2;55;0;7;titulaire;23;RETENUE;
Allemagne;de_gtfsde;dorstenhervestdorstenbf@51.67,6.97;dorstenhervestdorstenbf;55.3;88.9;96.3;24;0;7;titulaire;23;RETENUE;
Allemagne;de_gtfsde;erdweg@48.33,11.30;erdweg;55.3;94.8;97.5;14;0;7;titulaire;23;RETENUE;
Allemagne;de_gtfsde;mellendorfbahnhof@52.55,9.74;mellendorfbahnhof;55.3;72.4;92.8;28;0;7;titulaire;23;RETENUE;
Allemagne;de_gtfsde;erbachbahnhof@48.33,9.89;erbachbahnhof;55.3;72.9;99.2;34;0;7;titulaire;23;RETENUE;
Etats-Unis;us_mta_lirr;eastrockaway@40.64,-73.66;eastrockaway;55.3;93.3;99.7;230;0;7;titulaire;23;RETENUE;
Australie;au_translink_seq;grovelystation@-27.40,152.96;grovelystation;55.3;86;97.5;189;0;7;titulaire;23;RETENUE;
Australie;au_translink_seq;virginiastation@-27.38,153.06;virginiastation;55.3;88.4;98.7;166;0;7;titulaire;23;RETENUE;
Pays-Bas;nl_ovapi;ommen@52.51,6.42;ommen;55.1;97.9;99.7;122;0;7;titulaire;23;RETENUE;
Allemagne;de_gtfsde;frthklinikum@49.48,10.97;frthklinikum;55.1;92;96;18;0;7;titulaire;23;RETENUE;
Allemagne;de_gtfsde;badneuenahrahrweilerahrweilermarktbahnhof@50.54,7.09;badneuenahrahrweilerahrweilermarktbahnhof;55.1;96.9;98.7;16;0;7;titulaire;23;RETENUE;
Allemagne;de_gtfsde;bttelbornkleingeraubahnhof@49.92,8.52;bttelbornkleingeraubahnhof;55.1;88.9;92.1;24;0;7;titulaire;23;RETENUE;
France;fr_sncf;UIC87757724;Grasse;55;93.2;99.7;6;0;7;titulaire;22;RETENUE;
Allemagne;de_gtfsde;kerkenaldekerkbahnhof@51.44,6.41;kerkenaldekerkbahnhof;55;60.5;99.5;53;0;7;titulaire;22;RETENUE;
Allemagne;de_gtfsde;ahrensburggartenholz@53.69,10.25;ahrensburggartenholz;55;92.5;95.3;22;0;7;titulaire;22;RETENUE;
Allemagne;de_gtfsde;siegengeisweidbf@50.92,8.01;siegengeisweidbf;55;84.2;91.4;27;0;7;titulaire;22;RETENUE;
Allemagne;de_gtfsde;wiltingensaarbahnhof@49.66,6.59;wiltingensaarbahnhof;55;87.5;92.5;29;0;7;titulaire;22;RETENUE;
France;fr_sncf;UIC87174003;Châlons-en-Champagne;54.9;87;100;23;0.71;7;titulaire;22;RETENUE;
France;fr_sncf;UIC87746511;Reignier;54.9;95.3;99.7;6;0;7;titulaire;22;RETENUE;
Pays-Bas;nl_ovapi;oldenzaal@52.31,6.93;oldenzaal;54.9;96.9;99;90;0;7;titulaire;22;RETENUE;
Allemagne;de_gtfsde;neumnstersdakn@54.06,9.98;neumnstersdakn;54.9;90.4;92.8;22;0;7;titulaire;22;RETENUE;
Allemagne;de_gtfsde;pfrontensteinach@47.57,10.57;pfrontensteinach;54.9;89.8;97.2;21;0;7;titulaire;22;RETENUE;
Etats-Unis;us_mta_lirr;islandpark@40.60,-73.65;islandpark;54.9;91.7;100;203;0;7;titulaire;22;RETENUE;
Etats-Unis;us_mta_lirr;inwood@40.61,-73.74;inwood;54.9;90.4;97.2;213;0;7;titulaire;22;RETENUE;
France;fr_sncf;UIC87486019;La Roche-sur-Yon;54.7;89.3;100;16;0;7;titulaire;22;RETENUE;
Pays-Bas;nl_ovapi;soestzuid@52.17,5.30;soestzuid;54.7;97.4;99.5;103;0;7;titulaire;22;RETENUE;
Allemagne;de_gtfsde;niddabahnhof@50.41,9.00;niddabahnhof;54.7;85.6;96;18;0;7;titulaire;22;RETENUE;
Allemagne;de_gtfsde;anrath@51.29,6.45;anrath;54.7;70;97.2;63;0;7;titulaire;22;RETENUE;
Allemagne;de_gtfsde;plattling@48.78,12.86;plattling;54.7;96.1;98.7;16;0;7;titulaire;22;RETENUE;
Allemagne;de_gtfsde;ensdorfsaar@49.30,6.78;ensdorfsaar;54.7;86.2;93.6;32;0;7;titulaire;22;RETENUE;
Allemagne;de_gtfsde;leutkirchbahnhof@47.83,10.02;leutkirchbahnhof;54.7;73.4;97.5;28;0;7;titulaire;22;RETENUE;
Allemagne;de_gtfsde;grubamforst@50.23,11.03;grubamforst;54.7;93.7;96;25;0;7;titulaire;22;RETENUE;
Allemagne;de_gtfsde;mestadtwalds@51.25,6.99;mestadtwalds;54.7;93.2;98;30;0;7;titulaire;22;RETENUE;
Etats-Unis;us_mta_mnr;coldspring@41.42,-73.96;coldspring;54.7;91.9;100;17;0;7;titulaire;22;RETENUE;
Etats-Unis;us_mta_lirr;gibson@40.65,-73.70;gibson;54.7;88.8;99.5;214;0;7;titulaire;22;RETENUE;
Australie;au_translink_seq;kallangurstation@-27.26,153.00;kallangurstation;54.7;89.6;93.6;161;0;7;titulaire;22;RETENUE;
France;fr_sncf;UIC87487603;Saumur;54.6;82.7;99.2;25;2.14;7;titulaire;22;RETENUE;
Allemagne;de_gtfsde;chemnitzbernsbachplatz@50.82,12.93;chemnitzbernsbachplatz;54.6;97.9;97.7;46;0;7;titulaire;22;RETENUE;
Allemagne;de_gtfsde;kerkennieukerkbahnhof@51.46,6.38;kerkennieukerkbahnhof;54.6;59.9;97.7;48;0;7;titulaire;22;RETENUE;
Allemagne;de_gtfsde;wrzburgsd@49.79,9.94;wrzburgsd;54.6;95.5;93.2;17;0;7;titulaire;22;RETENUE;
Allemagne;de_gtfsde;liblarerftstadtbf@50.81,6.83;liblarerftstadtbf;54.6;79.8;96;51;0;7;titulaire;22;RETENUE;
Allemagne;de_gtfsde;diedorfschwab@48.36,10.78;diedorfschwab;54.6;90.1;94.8;24;0;7;titulaire;22;RETENUE;
Allemagne;de_gtfsde;brachbachbf@50.82,7.94;brachbachbf;54.6;82.5;96.7;36;0;7;titulaire;22;RETENUE;
Pays-Bas;nl_ovapi;emmen@52.79,6.90;emmen;54.4;97.9;99.7;86;0;7;titulaire;22;RETENUE;
Allemagne;de_gtfsde;baddrkheimtrift@49.47,8.19;baddrkheimtrift;54.4;93.7;91.1;16;0;7;titulaire;22;RETENUE;
Allemagne;de_gtfsde;mgglingenbahnhof@48.82,9.96;mgglingenbahnhof;54.4;64;94.8;39;0;7;titulaire;22;RETENUE;
Allemagne;de_gtfsde;buchholzbrsgbahnhof@48.08,7.92;buchholzbrsgbahnhof;54.4;90;87.8;38;0;7;titulaire;22;RETENUE;
Allemagne;de_gtfsde;ergenzingenbahnhof@48.49,8.81;ergenzingenbahnhof;54.4;83.5;93.6;95;0;7;titulaire;22;RETENUE;
Allemagne;de_gtfsde;undorf@49.03,11.94;undorf;54.4;95.3;99.2;16;0;7;titulaire;22;RETENUE;
Australie;au_translink_seq;yeerongpillystation@-27.53,153.01;yeerongpillystation;54.4;94;99.5;123;0;7;titulaire;22;RETENUE;
Allemagne;de_gtfsde;arnsbergbahnhof@51.41,8.07;arnsbergbahnhof;54.3;83.4;92.7;21;0;7;titulaire;22;RETENUE;
Allemagne;de_gtfsde;schleswig@54.50,9.54;schleswig;54.3;90.3;93.8;29;0;7;titulaire;22;RETENUE;
Allemagne;de_gtfsde;badrotenfelsweinbrennerstr@48.81,8.31;badrotenfelsweinbrennerstr;54.3;67.4;98.2;218;0;7;titulaire;22;RETENUE;
Allemagne;de_gtfsde;essengerschede@51.48,6.94;essengerschede;54.3;75.5;94.1;30;0;7;titulaire;22;RETENUE;
Allemagne;de_gtfsde;neuhauspegnitz@49.63,11.55;neuhauspegnitz;54.3;96.3;92;17;0;7;titulaire;22;RETENUE;
Allemagne;de_gtfsde;neus@48.39,10.83;neus;54.3;90.5;94.8;22;0;7;titulaire;22;RETENUE;
Etats-Unis;us_mta_mnr;rowayton@41.08,-73.45;rowayton;54.3;89.2;97.9;21;0;7;titulaire;22;RETENUE;
Australie;au_translink_seq;holmviewstation@-27.71,153.19;holmviewstation;54.3;95;98.4;88;0;7;titulaire;22;RETENUE;
France;fr_sncf;UIC87296442;Tergnier;54.1;89.4;100;15;1;7;titulaire;22;RETENUE;
Allemagne;de_gtfsde;oberramstadtbahnhof@49.83,8.74;oberramstadtbahnhof;54.1;78.9;98.4;33;0;7;titulaire;22;RETENUE;
Allemagne;de_gtfsde;halochbahnhof@49.37,8.25;halochbahnhof;54.1;83.4;95.2;42;0;7;titulaire;22;RETENUE;
Allemagne;de_gtfsde;rmlang@47.45,8.53;rmlang;54.1;97.6;100;43;0;7;titulaire;22;RETENUE;
Pays-Bas;nl_ovapi;varsseveld@51.94,6.46;varsseveld;54;95;100;150;0;7;titulaire;22;RETENUE;
Allemagne;de_gtfsde;hstenbahnhof@51.44,7.97;hstenbahnhof;54;87.6;95.9;17;0;7;titulaire;22;RETENUE;
Allemagne;de_gtfsde;blankenloch@49.07,8.46;blankenloch;54;89.4;96.7;19;0;7;titulaire;22;RETENUE;
Allemagne;de_gtfsde;friedrichstalbaden@49.10,8.47;friedrichstalbaden;54;88.6;95.2;18;0;7;titulaire;22;RETENUE;
Allemagne;de_gtfsde;frauenalbschielberg@48.84,8.44;frauenalbschielberg;54;95;95.7;135;0;7;titulaire;22;RETENUE;
Allemagne;de_gtfsde;weezebahnhof@51.62,6.20;weezebahnhof;54;62.7;98.7;47;0;7;titulaire;22;RETENUE;
Allemagne;de_gtfsde;hildesheimostbahnhof@52.15,9.96;hildesheimostbahnhof;54;92.9;86.7;24;0;7;titulaire;22;RETENUE;
Allemagne;de_gtfsde;lorchbahnhof@48.80,9.70;lorchbahnhof;54;60.8;93.1;43;0;7;titulaire;22;RETENUE;
Allemagne;de_gtfsde;gessertshausen@48.33,10.73;gessertshausen;54;91.5;94;21;0;7;titulaire;22;RETENUE;
Pays-Bas;nl_ovapi;helmondbrandevoort@51.46,5.61;helmondbrandevoort;53.9;97.1;99;118;0;7;titulaire;22;RETENUE;
Allemagne;de_gtfsde;wrist@53.93,9.75;wrist;53.9;86.7;95;32;0;7;titulaire;22;RETENUE;
Allemagne;de_gtfsde;bhliggelheimbahnhof@49.38,8.30;bhliggelheimbahnhof;53.9;84.4;95.7;30;0;7;titulaire;22;RETENUE;
Allemagne;de_gtfsde;gochbahnhof@51.68,6.16;gochbahnhof;53.9;61.8;96.4;55;0;7;titulaire;22;RETENUE;
Allemagne;de_gtfsde;dreieichsprendlingenbahnhof@50.02,8.69;dreieichsprendlingenbahnhof;53.9;94.2;97.7;16;0;7;titulaire;22;RETENUE;
Allemagne;de_gtfsde;lnernbahnhof@51.54,7.76;lnernbahnhof;53.9;88.6;99.2;22;0;7;titulaire;22;RETENUE;
Allemagne;de_gtfsde;engenbahnhof@47.86,8.77;engenbahnhof;53.9;61;97.7;41;0;7;titulaire;22;RETENUE;
Allemagne;de_gtfsde;mubachbahnhof@49.37,8.17;mubachbahnhof;53.9;95.2;93.1;19;0;7;titulaire;22;RETENUE;
Allemagne;de_gtfsde;gaggenaumercedesbenzwerk@48.80,8.33;gaggenaumercedesbenzwerk;53.7;66.8;97.9;207;0;7;titulaire;22;RETENUE;
Allemagne;de_gtfsde;emsdettenbahnhof@52.18,7.53;emsdettenbahnhof;53.7;60.4;93.1;79;0;7;titulaire;22;RETENUE;
Allemagne;de_gtfsde;dreieichgtzenhainbahnhof@49.99,8.73;dreieichgtzenhainbahnhof;53.7;93.9;97.9;17;0;7;titulaire;22;RETENUE;
Allemagne;de_gtfsde;rinkerodebahnhof@51.85,7.69;rinkerodebahnhof;53.7;52.7;97.4;65;0;7;titulaire;22;RETENUE;
Allemagne;de_gtfsde;murrhardt@48.98,9.58;murrhardt;53.7;73.9;95.2;26;0;7;titulaire;22;RETENUE;
Etats-Unis;us_mta_mnr;newhamburg@41.59,-73.95;newhamburg;53.7;90.2;99.7;20;0;7;titulaire;22;RETENUE;
France;fr_sncf;UIC87732008;Vichy;53.6;89.1;100;12;1;7;titulaire;22;RETENUE;
Allemagne;de_gtfsde;geldernbahnhof@51.51,6.32;geldernbahnhof;53.6;64;97.9;47;0;7;titulaire;22;RETENUE;
Allemagne;de_gtfsde;ottenau@48.79,8.34;ottenau;53.6;66.7;97.2;209;0;7;titulaire;22;RETENUE;
Allemagne;de_gtfsde;badknigbahnhof@49.74,9.00;badknigbahnhof;53.6;86.4;98.9;33;0;7;titulaire;22;RETENUE;
Allemagne;de_gtfsde;leipzigessenerstrae@51.38,12.40;leipzigessenerstrae;53.6;92.5;90.1;22;0;7;titulaire;22;RETENUE;
Allemagne;de_gtfsde;sachsenheim@48.96,9.06;sachsenheim;53.6;90.4;95.2;32;0;7;titulaire;22;RETENUE;
Allemagne;de_gtfsde;glattbrugg@47.43,8.56;glattbrugg;53.6;97.3;99.7;43;0;7;titulaire;22;RETENUE;
Allemagne;de_gtfsde;erdmannhausen@48.95,9.30;erdmannhausen;53.6;95.7;87.6;17;0;7;titulaire;22;RETENUE;
Allemagne;de_gtfsde;ehingenbahnhof@48.29,9.72;ehingenbahnhof;53.6;48;91.2;43;0;7;titulaire;22;RETENUE;
Allemagne;de_gtfsde;hemmerdebahnhof@51.55,7.80;hemmerdebahnhof;53.6;88.5;99.5;24;0;7;titulaire;22;RETENUE;
Allemagne;de_gtfsde;baddoberanbahnhof@54.10,11.90;baddoberanbahnhof;53.6;88;95.4;60;0;7;titulaire;22;RETENUE;
Allemagne;de_gtfsde;hornbergbahnhof@48.21,8.23;hornbergbahnhof;53.6;73.6;98.4;37;0;7;titulaire;22;RETENUE;
Etats-Unis;us_mta_mnr;garrison@41.38,-73.95;garrison;53.6;93.9;99.5;18;0;7;titulaire;22;RETENUE;
France;fr_sncf;UIC87313510;Beauvais;53.4;90.6;99.7;12;0.71;7;titulaire;22;RETENUE;
France;fr_sncf;UIC87476002;Lorient;53.4;86.1;100;15;0.29;7;titulaire;22;RETENUE;
France;fr_sncf;UIC87751826;Saint-Antoine;53.4;91.2;99.7;16;3;7;titulaire;22;RETENUE;
Allemagne;de_gtfsde;stegidienbahnhof@50.79,12.62;stegidienbahnhof;53.4;96.5;93.7;21;0;7;titulaire;22;RETENUE;
Allemagne;de_gtfsde;luisenthalsaar@49.25,6.90;luisenthalsaar;53.4;86.4;91.9;31;0;7;titulaire;22;RETENUE;
Allemagne;de_gtfsde;badneuenahrahrweilerahrweilerbf@50.55,7.11;badneuenahrahrweilerahrweilerbf;53.4;96.3;94;15;0;7;titulaire;22;RETENUE;
Allemagne;de_gtfsde;owschlag@54.39,9.59;owschlag;53.4;88.5;96.4;28;0;7;titulaire;22;RETENUE;
Allemagne;de_gtfsde;lorchwaldhausenbahnhof@48.79,9.64;lorchwaldhausenbahnhof;53.4;60.4;86.2;40;0;7;titulaire;22;RETENUE;
Allemagne;de_gtfsde;berlinalbrechtshofbhf@52.55,13.13;berlinalbrechtshofbhf;53.3;92.5;91.2;26;0;7;titulaire;22;RETENUE;
Allemagne;de_gtfsde;kuppenheim@48.83,8.26;kuppenheim;53.3;62.2;97.9;205;0;7;titulaire;22;RETENUE;
Allemagne;de_gtfsde;fischweier@48.89,8.45;fischweier;53.3;96;98.4;140;0;7;titulaire;22;RETENUE;
Allemagne;de_gtfsde;gieenoswaldsgarten@50.59,8.67;gieenoswaldsgarten;53.3;82.6;95.9;40;0;7;titulaire;22;RETENUE;
Allemagne;de_gtfsde;kleinostheim@50.00,9.07;kleinostheim;53.3;78;89.9;39;0;7;titulaire;22;RETENUE;
Allemagne;de_gtfsde;leipziggrnauerallee@51.32,12.30;leipziggrnauerallee;53.3;93.3;91.9;21;0;7;titulaire;22;RETENUE;
Etats-Unis;us_mta_mnr;cortlandt@41.25,-73.92;cortlandt;53.3;89.3;98.9;19;0;7;titulaire;22;RETENUE;
France;fr_sncf;UIC87751438;Simiane;53.1;92.7;100;13;3;7;titulaire;22;RETENUE;
Pays-Bas;nl_ovapi;dalfsen@52.50,6.26;dalfsen;53.1;97.8;100;110;0;7;titulaire;22;RETENUE;
Allemagne;de_gtfsde;ihringenbahnhof@48.04,7.65;ihringenbahnhof;53.1;89;93;21;0;7;titulaire;22;RETENUE;
Allemagne;de_gtfsde;zrichoerlikon@47.41,8.54;zrichoerlikon;53.1;97.3;100;35;0;7;titulaire;22;RETENUE;
Allemagne;de_gtfsde;urbach@48.80,9.57;urbach;53.1;62.9;89.4;40;0;7;titulaire;22;RETENUE;
Allemagne;de_gtfsde;oberglattzh@47.47,8.51;oberglattzh;53.1;97.3;100;46;0;7;titulaire;22;RETENUE;
Etats-Unis;us_mta_lirr;nassauboulevard@40.72,-73.66;nassauboulevard;53.1;96.5;95.6;187;0;7;titulaire;22;RETENUE;
Australie;au_translink_seq;coomerastation@-27.85,153.32;coomerastation;53.1;92.7;98.2;131;0;7;titulaire;22;RETENUE;
France;fr_sncf;UIC87144006;Épinal;53;90;99.7;14;1;7;titulaire;22;RETENUE;
France;fr_sncf;UIC87751420;Gardanne;53;92.7;100;13;3.14;7;titulaire;22;RETENUE;
Pays-Bas;nl_ovapi;borne@52.30,6.75;borne;53;97.6;99.5;96;0;7;titulaire;22;RETENUE;
Pays-Bas;nl_ovapi;arnhempresikhaaf@51.99,5.94;arnhempresikhaaf;53;97.6;100;98;0;7;titulaire;22;RETENUE;
Allemagne;de_gtfsde;schwalbachtaunuslimesbahnhof@50.15,8.53;schwalbachtaunuslimesbahnhof;53;85.2;100;18;0;7;titulaire;22;RETENUE;
Allemagne;de_gtfsde;baunatalguntershausen@51.23,9.47;baunatalguntershausen;53;81.7;93.9;31;0;7;titulaire;22;RETENUE;
Allemagne;de_gtfsde;badneuenahrahrweilerheimersheimlohrsdorfbf@50.55,7.19;badneuenahrahrweilerheimersheimlohrsdorfbf;53;96.5;94.4;16;0;7;titulaire;22;RETENUE;
Allemagne;de_gtfsde;neckarpark@48.79,9.24;neckarpark;53;94.3;91.4;19;0;7;titulaire;22;RETENUE;
Allemagne;de_gtfsde;niederglattzh@47.49,8.50;niederglattzh;53;97;99.7;44;0;7;titulaire;22;RETENUE;
Allemagne;de_gtfsde;rommelshausen@48.82,9.32;rommelshausen;53;93.5;91.2;13;0;7;titulaire;22;RETENUE;
Etats-Unis;us_mta_lirr;stewartmanor@40.72,-73.68;stewartmanor;53;95.4;98.7;191;0;7;titulaire;22;RETENUE;
Pays-Bas;nl_ovapi;swalmen@51.24,6.03;swalmen;52.9;97.3;99.7;134;0;7;titulaire;22;RETENUE;
Allemagne;de_gtfsde;hnfeldbahnhof@50.67,9.76;hnfeldbahnhof;52.9;73.5;97.4;38;0;7;titulaire;22;RETENUE;
Allemagne;de_gtfsde;brckbahnhof@52.19,12.76;brckbahnhof;52.9;97.3;94.9;13;0;7;titulaire;22;RETENUE;
Allemagne;de_gtfsde;burbachmitte@49.24,6.94;burbachmitte;52.9;84.9;89.2;36;0;7;titulaire;22;RETENUE;
Allemagne;de_gtfsde;auimmurgtal@48.72,8.36;auimmurgtal;52.9;68.1;98.1;197;0;7;titulaire;22;RETENUE;
Allemagne;de_gtfsde;bochumdahlhausen@51.43,7.14;bochumdahlhausen;52.9;85.1;93.4;23;0;7;titulaire;22;RETENUE;
Allemagne;de_gtfsde;zell@48.72,9.36;zell;52.9;95.1;85.6;18;0;7;titulaire;22;RETENUE;
Allemagne;de_gtfsde;niederroth@48.32,11.39;niederroth;52.9;95.7;94.6;15;0;7;titulaire;22;RETENUE;
Allemagne;de_gtfsde;hrden@48.78,8.35;hrden;52.9;71.6;97.1;193;0;7;titulaire;22;RETENUE;
Allemagne;de_gtfsde;nordendorf@48.59,10.84;nordendorf;52.9;84.9;95.4;35;0;7;titulaire;22;RETENUE;
France;fr_sncf;UIC87611038;Muret;52.7;91.9;100;11;1;7;titulaire;22;RETENUE;
Pays-Bas;nl_ovapi;soest@52.17,5.31;soest;52.7;97.8;97.1;80;0;7;titulaire;22;RETENUE;
Pays-Bas;nl_ovapi;arkel@51.87,4.99;arkel;52.7;97.3;100;79;0;7;titulaire;22;RETENUE;
Allemagne;de_gtfsde;erlangenpaulgossenstrae@49.58,11.00;erlangenpaulgossenstrae;52.7;95.7;96.1;19;0;7;titulaire;22;RETENUE;
Allemagne;de_gtfsde;soltau@52.98,9.83;soltau;52.7;72.4;97.6;35;0;7;titulaire;22;RETENUE;
Allemagne;de_gtfsde;gernsbachmitte@48.76,8.34;gernsbachmitte;52.7;68.6;97.6;204;0;7;titulaire;22;RETENUE;
France;fr_sncf;UIC87276469;Persan - Beaumont;52.6;94.6;100;17;0.57;7;titulaire;22;RETENUE;
Norvege;no_entur;nittedalstasjon@60.06,10.86;nittedalstasjon;52.6;94.6;100;169;0;7;titulaire;22;RETENUE;
Norvege;no_entur;kjelssstasjon@59.97,10.78;kjelssstasjon;52.6;92.4;100;146;0;7;titulaire;22;RETENUE;
Norvege;no_entur;nydalenstasjon@59.95,10.77;nydalenstasjon;52.6;90.2;100;155;0;7;titulaire;22;RETENUE;
Norvege;no_entur;grefsenstasjon@59.94,10.78;grefsenstasjon;52.6;94.3;100;171;0;7;titulaire;22;RETENUE;
Pays-Bas;nl_ovapi;wolvega@52.88,6.00;wolvega;52.6;96.7;99.2;102;0;7;titulaire;22;RETENUE;
Allemagne;de_gtfsde;mrschnarzissenstrae@48.97,8.30;mrschnarzissenstrae;52.6;84.5;83.3;184;0;7;titulaire;22;RETENUE;
Allemagne;de_gtfsde;badherrenalb@48.80,8.44;badherrenalb;52.6;92.4;93.2;125;0;7;titulaire;22;RETENUE;
Allemagne;de_gtfsde;zrichhardbrcke@47.39,8.52;zrichhardbrcke;52.6;97;99.7;43;0;7;titulaire;22;RETENUE;
Allemagne;de_gtfsde;wiesbadenauringenmedenbachbahnhof@50.11,8.33;wiesbadenauringenmedenbachbahnhof;52.6;95.4;97.6;14;0;7;titulaire;22;RETENUE;
Allemagne;de_gtfsde;lwenbergmarkbahnhof@52.90,13.19;lwenbergmarkbahnhof;52.6;72.8;95.1;47;0;7;titulaire;22;RETENUE;
Allemagne;de_gtfsde;marxzell@48.86,8.45;marxzell;52.6;95.4;96.8;142;0;7;titulaire;22;RETENUE;
Allemagne;de_gtfsde;wuppertalhahnenfurthdssel@51.25,7.06;wuppertalhahnenfurthdssel;52.6;94.8;94.1;29;0;7;titulaire;22;RETENUE;
Allemagne;de_gtfsde;schwalbachtaunusnord@50.16,8.53;schwalbachtaunusnord;52.4;84.7;96.8;17;0;7;titulaire;21;RETENUE;
Allemagne;de_gtfsde;marburgsdbahnhof@50.79,8.76;marburgsdbahnhof;52.4;80.4;92;46;0;7;titulaire;21;RETENUE;
Allemagne;de_gtfsde;hagsfeldbahnhof@49.03,8.45;hagsfeldbahnhof;52.4;89.9;95.8;19;0;7;titulaire;21;RETENUE;
Allemagne;de_gtfsde;forchheimhallenbad@48.98,8.32;forchheimhallenbad;52.4;85.6;81.4;191;0;7;titulaire;21;RETENUE;
Allemagne;de_gtfsde;iserldechenhhlehtpdb@51.37,7.64;iserldechenhhlehtpdb;52.4;84.2;93.1;29;0;7;titulaire;21;RETENUE;
Allemagne;de_gtfsde;schodenockfenbahnhof@49.64,6.58;schodenockfenbahnhof;52.4;88.3;94.8;26;0;7;titulaire;21;RETENUE;
Allemagne;de_gtfsde;kaltenkirchendodenhof@53.84,9.94;kaltenkirchendodenhof;52.4;87.7;91.8;18;0;7;titulaire;21;RETENUE;
Allemagne;de_gtfsde;halledessauerbrcke@51.50,11.98;halledessauerbrcke;52.4;84.5;95.1;29;0;7;titulaire;21;RETENUE;
Australie;au_translink_seq;ormeaustation@-27.80,153.28;ormeaustation;52.4;90.5;97.9;141;0;7;titulaire;21;RETENUE;
Pays-Bas;nl_ovapi;maarheeze@51.30,5.63;maarheeze;52.3;96.2;98.7;110;0;7;titulaire;21;RETENUE;
Pays-Bas;nl_ovapi;reuver@51.28,6.08;reuver;52.3;97;100;119;0;7;titulaire;21;RETENUE;
Allemagne;de_gtfsde;hannoverbahnhoflindenfischerhof@52.35,9.72;hannoverbahnhoflindenfischerhof;52.3;60.9;89.5;40;0;7;titulaire;21;RETENUE;
Allemagne;de_gtfsde;badherrenalbkullenmhle@48.81,8.44;badherrenalbkullenmhle;52.3;92.9;96.3;127;0;7;titulaire;21;RETENUE;
Allemagne;de_gtfsde;burgstallm@48.93,9.37;burgstallm;52.3;97;91.5;14;0;7;titulaire;21;RETENUE;
Allemagne;de_gtfsde;etterzhausen@49.03,11.98;etterzhausen;52.3;94.5;100;19;0;7;titulaire;21;RETENUE;
Allemagne;de_gtfsde;malschkrkarlsruhe@48.89,8.32;malschkrkarlsruhe;52.3;85.2;94.6;56;0;7;titulaire;21;RETENUE;
Allemagne;de_gtfsde;nauheimbahnhof@49.94,8.45;nauheimbahnhof;52.3;88.3;96.1;25;0;7;titulaire;21;RETENUE;
Allemagne;de_gtfsde;murnau@47.68,11.19;murnau;52.3;55.2;95.3;31;0;7;titulaire;21;RETENUE;
Allemagne;de_gtfsde;langenbrand@48.70,8.36;langenbrand;52.1;71.2;97.3;194;0;7;titulaire;21;RETENUE;
Allemagne;de_gtfsde;deuerling@49.04,11.91;deuerling;52.1;94.5;99.7;17;0;7;titulaire;21;RETENUE;
Etats-Unis;us_mta_lirr;gardencity@40.72,-73.64;gardencity;52.1;96.7;99.7;196;0;7;titulaire;21;RETENUE;
Etats-Unis;us_mta_lirr;countrylifepress@40.72,-73.63;countrylifepress;52.1;96.2;99.5;178;0;7;titulaire;21;RETENUE;
Pays-Bas;nl_ovapi;obdam@52.68,4.91;obdam;52;97.5;100;89;0;7;titulaire;21;RETENUE;
Pays-Bas;nl_ovapi;beesd@51.90,5.20;beesd;52;97;99.7;114;0;7;titulaire;21;RETENUE;
Pays-Bas;nl_ovapi;leerdam@51.89,5.09;leerdam;52;96.2;98.1;90;0;7;titulaire;21;RETENUE;
Allemagne;de_gtfsde;postbauerheng@49.31,11.36;postbauerheng;52;92.6;95.8;17;0;7;titulaire;21;RETENUE;
Allemagne;de_gtfsde;erpolzheimbahnhof@49.49,8.21;erpolzheimbahnhof;52;92.9;91.5;17;0;7;titulaire;21;RETENUE;
Allemagne;de_gtfsde;wiesbadenerbenheimbahnhof@50.05,8.30;wiesbadenerbenheimbahnhof;52;95.9;98.1;14;0;7;titulaire;21;RETENUE;
Norvege;no_entur;porsgrunnstasjon@59.14,9.66;porsgrunnstasjon;51.9;84.3;98.6;203;0;7;titulaire;21;RETENUE;
Allemagne;de_gtfsde;muggensturm@48.88,8.27;muggensturm;51.9;84.6;91.2;58;0;7;titulaire;21;RETENUE;
Allemagne;de_gtfsde;dallgowdberitzbahnhof@52.54,13.06;dallgowdberitzbahnhof;51.9;82.4;88.8;24;0;7;titulaire;21;RETENUE;
Allemagne;de_gtfsde;wickedebahnhof@51.49,7.87;wickedebahnhof;51.9;91.5;91.7;16;0;7;titulaire;21;RETENUE;
Allemagne;de_gtfsde;plderhausen@48.80,9.60;plderhausen;51.9;62;84.8;40;0;7;titulaire;21;RETENUE;
Allemagne;de_gtfsde;brementurnerstrae@53.19,8.55;brementurnerstrae;51.9;93.7;98.9;15;0;7;titulaire;21;RETENUE;
Allemagne;de_gtfsde;rdermarkurberachbahnhof@49.98,8.80;rdermarkurberachbahnhof;51.9;93.9;96.3;18;0;7;titulaire;21;RETENUE;
Allemagne;de_gtfsde;wernshausen@50.72,10.35;wernshausen;51.9;92.3;84.6;13;0;7;titulaire;21;RETENUE;
Allemagne;de_gtfsde;heilbronnindustrieplsbahn@49.16,9.22;heilbronnindustrieplsbahn;51.9;97.8;98.9;118;0;7;titulaire;21;RETENUE;
France;fr_sncf;UIC87686667;Paris Bercy Bourg. Pays d'Auv.;51.7;92.3;100;13;1.29;7;titulaire;21;RETENUE;
Allemagne;de_gtfsde;langebrckbahnhof@51.13,13.84;langebrckbahnhof;51.7;96.7;92.8;13;0;7;titulaire;21;RETENUE;
Allemagne;de_gtfsde;lollarbahnhof@50.65,8.70;lollarbahnhof;51.7;78.2;95;50;0;7;titulaire;21;RETENUE;
Allemagne;de_gtfsde;laaber@49.07,11.88;laaber;51.7;94.8;99.7;18;0;7;titulaire;21;RETENUE;
Allemagne;de_gtfsde;klingenbergmain@49.78,9.18;klingenbergmain;51.7;92.8;92.8;18;0;7;titulaire;21;RETENUE;
France;fr_sncf;UIC87393702;Massy TGV;51.6;83.4;99.7;15;0.29;7;titulaire;21;RETENUE;
Pays-Bas;nl_ovapi;heeze@51.39,5.57;heeze;51.6;96.4;98.6;113;0;7;titulaire;21;RETENUE;
Allemagne;de_gtfsde;westbevernvadrupbahnhof@52.03,7.74;westbevernvadrupbahnhof;51.6;74.5;96.5;62;0;7;titulaire;21;RETENUE;
Allemagne;de_gtfsde;freiburgmesseuniversitt@48.01,7.83;freiburgmesseuniversitt;51.6;91.1;98.1;20;0;7;titulaire;21;RETENUE;
Allemagne;de_gtfsde;hfingenmitte@47.93,8.49;hfingenmitte;51.6;84.8;94.8;37;0;7;titulaire;21;RETENUE;
Allemagne;de_gtfsde;mittweidabahnhof@50.99,12.96;mittweidabahnhof;51.6;87.5;96.3;37;0;7;titulaire;21;RETENUE;
Allemagne;de_gtfsde;holstentherme@53.84,9.95;holstentherme;51.6;84.5;87.4;18;0;7;titulaire;21;RETENUE;
Allemagne;de_gtfsde;glauchauschnbrnchen@50.82,12.50;glauchauschnbrnchen;51.4;95.3;93.8;28;0;7;titulaire;21;RETENUE;
Allemagne;de_gtfsde;bordesholm@54.17,10.04;bordesholm;51.4;82.5;91.6;41;0;7;titulaire;21;RETENUE;
Allemagne;de_gtfsde;badsodentaunusbahnhof@50.14,8.50;badsodentaunusbahnhof;51.4;85.3;99.4;17;0;7;titulaire;21;RETENUE;
Allemagne;de_gtfsde;hennefimsiegbogens@50.77,7.31;hennefimsiegbogens;51.4;77.2;94.5;27;0;7;titulaire;21;RETENUE;
Allemagne;de_gtfsde;helmstadtbahnhof@49.32,8.97;helmstadtbahnhof;51.4;96.1;97.8;15;0;7;titulaire;21;RETENUE;
Allemagne;de_gtfsde;mhlackerrsslesweg@48.96,8.86;mhlackerrsslesweg;51.4;85.8;87.6;30;0;7;titulaire;21;RETENUE;
Allemagne;de_gtfsde;werlbahnhof@51.56,7.91;werlbahnhof;51.3;89.7;99.2;25;0;7;titulaire;21;RETENUE;
Allemagne;de_gtfsde;hanauwilhelmsbadbahnhof@50.14,8.88;hanauwilhelmsbadbahnhof;51.3;78.3;91.1;30;0;7;titulaire;21;RETENUE;
Allemagne;de_gtfsde;hanauwestbahnhof@50.13,8.91;hanauwestbahnhof;51.3;78.3;87.6;32;0;7;titulaire;21;RETENUE;
Allemagne;de_gtfsde;diezbf@50.37,8.02;diezbf;51.3;87.7;94;29;0;7;titulaire;21;RETENUE;
Allemagne;de_gtfsde;niederheimbachbahnhof@50.04,7.81;niederheimbachbahnhof;51.3;68.8;93.2;47;0;7;titulaire;21;RETENUE;
Allemagne;de_gtfsde;zirndorf@49.44,10.96;zirndorf;51.3;69.9;97;27;0;7;titulaire;21;RETENUE;
Allemagne;de_gtfsde;lbstorfbahnhof@53.73,11.41;lbstorfbahnhof;51.3;95;99.7;14;0;7;titulaire;21;RETENUE;
Allemagne;de_gtfsde;kirchensiegkirchenbf@50.81,7.88;kirchensiegkirchenbf;51.3;78.8;90.4;34;0;7;titulaire;21;RETENUE;
Allemagne;de_gtfsde;rastattbeinle@48.85,8.23;rastattbeinle;51.1;63.4;97.5;198;0;7;titulaire;21;RETENUE;
Allemagne;de_gtfsde;badrotenfelsbahnhofrotherma@48.82,8.30;badrotenfelsbahnhofrotherma;51.1;65.9;97.8;205;0;7;titulaire;21;RETENUE;
Allemagne;de_gtfsde;obertsrot@48.75,8.35;obertsrot;51.1;67.6;96.5;197;0;7;titulaire;21;RETENUE;
Allemagne;de_gtfsde;etzenrot@48.91,8.46;etzenrot;51.1;95;95;128;0;7;titulaire;21;RETENUE;
Allemagne;de_gtfsde;schwaanbahnhof@53.94,12.12;schwaanbahnhof;51.1;89.4;94.5;24;0;7;titulaire;21;RETENUE;
Allemagne;de_gtfsde;grogeraubahnhof@49.92,8.49;grogeraubahnhof;51.1;88;91.6;26;0;7;titulaire;21;RETENUE;
Allemagne;de_gtfsde;gmund@47.75,11.73;gmund;51.1;89.1;95.2;25;0;7;titulaire;21;RETENUE;
Australie;au_translink_seq;sandgatestation@-27.32,153.07;sandgatestation;51.1;94.7;99.2;93;0;7;titulaire;21;RETENUE;
Australie;au_translink_seq;bethaniastation@-27.69,153.16;bethaniastation;51.1;93.9;99.2;101;0;7;titulaire;21;RETENUE;
France;fr_sncf;UIC87394130;Maintenon;51;95;100;9;0.14;7;titulaire;21;RETENUE;
Allemagne;de_gtfsde;duisburgrheinhausenostbf@51.40,6.72;duisburgrheinhausenostbf;51;71.7;89.9;47;0;7;titulaire;21;RETENUE;
Allemagne;de_gtfsde;groumstadtmittebahnhof@49.86,8.92;groumstadtmittebahnhof;51;92.4;97.5;21;0;7;titulaire;21;RETENUE;
Allemagne;de_gtfsde;sulzbachm@49.00,9.50;sulzbachm;51;68.9;99.2;28;0;7;titulaire;21;RETENUE;
Allemagne;de_gtfsde;lahnsteinniederlahnsteinbahnhof@50.32,7.60;lahnsteinniederlahnsteinbahnhof;51;82.6;96.2;29;0;7;titulaire;21;RETENUE;
France;fr_sncf;UIC87394114;Épernon;50.9;95.5;99.4;9;0.14;7;titulaire;21;RETENUE;
Allemagne;de_gtfsde;sulzbachtaunusnordbahnhof@50.14,8.52;sulzbachtaunusnordbahnhof;50.9;87.1;99.7;18;0;7;titulaire;21;RETENUE;
Allemagne;de_gtfsde;bademshauptbahnhof@50.33,7.73;bademshauptbahnhof;50.9;81.2;95.7;33;0;7;titulaire;21;RETENUE;
Allemagne;de_gtfsde;duobermeiderichbf@51.47,6.82;duobermeiderichbf;50.9;77;98.3;30;0;7;titulaire;21;RETENUE;
Allemagne;de_gtfsde;garchingalz@48.13,12.57;garchingalz;50.9;95.2;97.5;14;0;7;titulaire;21;RETENUE;
Allemagne;de_gtfsde;jbekbahnhof@54.56,9.41;jbekbahnhof;50.9;91.3;92;26;0;7;titulaire;21;RETENUE;
Allemagne;de_gtfsde;schemmerbergbahnhof@48.19,9.83;schemmerbergbahnhof;50.9;67.1;93.7;31;0;7;titulaire;21;RETENUE;
Etats-Unis;us_mta_lirr;hollis@40.71,-73.77;hollis;50.9;90.7;100;221;0;7;titulaire;21;RETENUE;
France;fr_sncf;UIC87171553;Épernay;50.7;91.8;100;13;0;7;titulaire;21;RETENUE;
Allemagne;de_gtfsde;seegefeldbahnhof@52.55,13.11;seegefeldbahnhof;50.7;94.1;84.9;20;0;7;titulaire;21;RETENUE;
Allemagne;de_gtfsde;badrotenfelsschloss@48.82,8.30;badrotenfelsschloss;50.7;65.1;97.5;202;0;7;titulaire;21;RETENUE;
Allemagne;de_gtfsde;bremenneustadt@53.08,8.79;bremenneustadt;50.7;83.4;97.3;27;0;7;titulaire;21;RETENUE;
Allemagne;de_gtfsde;fremersdorf@49.41,6.65;fremersdorf;50.7;85.9;92.9;30;0;7;titulaire;21;RETENUE;
Allemagne;de_gtfsde;moersbahnhof@51.45,6.64;moersbahnhof;50.7;69;89.2;38;0;7;titulaire;21;RETENUE;
Allemagne;de_gtfsde;stederdorfwrestedt@52.91,10.59;stederdorfwrestedt;50.7;82.5;96.2;27;0;7;titulaire;21;RETENUE;
Allemagne;de_gtfsde;kandelbahnhof@49.08,8.20;kandelbahnhof;50.7;93;93.7;18;0;7;titulaire;21;RETENUE;
France;fr_sncf;UIC87683243;Joigny;50.6;85.3;99.7;11;0;7;titulaire;21;RETENUE;
France;fr_sncf;UIC87775114;Vergèze - Codognan;50.6;84.5;100;17;0.43;7;titulaire;21;RETENUE;
France;fr_sncf;UIC87295006;Maubeuge;50.6;90.4;99.7;14;0.57;7;titulaire;21;RETENUE;
France;fr_sncf;UIC87271528;Mitry - Claye;50.6;95.8;99.7;16;0;7;titulaire;21;RETENUE;
Norvege;no_entur;skienstasjon@59.22,9.60;skienstasjon;50.6;88.4;93.7;151;0;7;titulaire;21;RETENUE;
Allemagne;de_gtfsde;eschelbronnbahnhof@49.32,8.87;eschelbronnbahnhof;50.6;91.5;95.2;17;0;7;titulaire;21;RETENUE;
Allemagne;de_gtfsde;obernburgelsenfeld@49.84,9.15;obernburgelsenfeld;50.6;90.4;96.2;18;0;7;titulaire;21;RETENUE;
Allemagne;de_gtfsde;stahringenbahnhof@47.79,8.98;stahringenbahnhof;50.6;96.3;95.7;12;0;7;titulaire;21;RETENUE;
Allemagne;de_gtfsde;badneuenahrahrweilerwalporzheimbf@50.53,7.08;badneuenahrahrweilerwalporzheimbf;50.6;96.9;88.1;16;0;7;titulaire;21;RETENUE;
Allemagne;de_gtfsde;dernaubf@50.53,7.05;dernaubf;50.6;96.6;94.1;16;0;7;titulaire;21;RETENUE;
Allemagne;de_gtfsde;essenborbecksdbahnhof@51.46,6.95;essenborbecksdbahnhof;50.6;74.6;87.8;30;0;7;titulaire;21;RETENUE;
Allemagne;de_gtfsde;schiffweiler@49.36,7.13;schiffweiler;50.6;89.3;99.2;18;0;7;titulaire;21;RETENUE;
Allemagne;de_gtfsde;salzbergenbahnhof@52.32,7.35;salzbergenbahnhof;50.6;79.7;96.7;47;0;7;titulaire;21;RETENUE;
Allemagne;de_gtfsde;renchenbahnhof@48.59,8.01;renchenbahnhof;50.6;77.7;94.1;36;0;7;titulaire;21;RETENUE;
France;fr_sncf;UIC87765206;Sorgues - Châteauneuf-du-Pape;50.4;93.5;100;13;0.29;7;titulaire;21;RETENUE;
France;fr_sncf;UIC87722678;Le Péage-de-Roussillon;50.4;82.2;100;22;0.57;7;titulaire;21;RETENUE;
Allemagne;de_gtfsde;witzenhausennord@51.35,9.86;witzenhausennord;50.4;90.1;85.5;27;0;7;titulaire;21;RETENUE;
Allemagne;de_gtfsde;mausheim@49.12,11.77;mausheim;50.4;96;99.4;18;0;7;titulaire;21;RETENUE;
Allemagne;de_gtfsde;eschenlohe@47.60,11.19;eschenlohe;50.4;44.5;97.5;29;0;7;titulaire;21;RETENUE;
Allemagne;de_gtfsde;pnitzleipzig@51.41,12.51;pnitzleipzig;50.4;79.3;96.4;36;0;7;titulaire;21;RETENUE;
Allemagne;de_gtfsde;leverkusenmanfortbf@51.03,7.02;leverkusenmanfortbf;50.4;67.1;85.5;160;0;7;titulaire;21;RETENUE;
Allemagne;de_gtfsde;erlenbachmain@49.80,9.15;erlenbachmain;50.4;92.1;93.9;18;0;7;titulaire;21;RETENUE;
Australie;au_translink_seq;banyostation@-27.37,153.08;banyostation;50.4;92.9;99.7;145;0;7;titulaire;21;RETENUE;
Allemagne;de_gtfsde;grokugel@51.42,12.17;grokugel;50.3;96.3;87.1;13;0;7;titulaire;21;RETENUE;
Allemagne;de_gtfsde;seddinpmbahnhof@52.29,12.98;seddinpmbahnhof;50.3;97.4;92.1;15;0;7;titulaire;21;RETENUE;
Allemagne;de_gtfsde;cadolzburg@49.46,10.86;cadolzburg;50.3;67.9;99.2;27;0;7;titulaire;21;RETENUE;
Allemagne;de_gtfsde;calbesaaleost@51.92,11.81;calbesaaleost;50.3;84.4;92.4;32;0;7;titulaire;21;RETENUE;
Allemagne;de_gtfsde;schwarzenbachsaale@50.22,11.94;schwarzenbachsaale;50.3;94.3;98.3;13;0;7;titulaire;21;RETENUE;
Etats-Unis;us_mta_mnr;talmadgehill@41.12,-73.50;talmadgehill;50.3;96.6;100;16;0;7;titulaire;21;RETENUE;
France;fr_sncf;UIC87683003;Sens;50.1;86;99.2;10;0;7;titulaire;21;RETENUE;
France;fr_sncf;UIC87696328;Moulins sur Allier;50.1;86.9;99.7;16;1.14;7;titulaire;21;RETENUE;
Allemagne;de_gtfsde;mindenkaiserstrae@52.29,8.93;mindenkaiserstrae;50.1;77.8;81.1;62;0;7;titulaire;21;RETENUE;
Allemagne;de_gtfsde;marktindersdorf@48.35,11.38;marktindersdorf;50.1;95.4;93.6;16;0;7;titulaire;21;RETENUE;
Allemagne;de_gtfsde;ebensfeld@50.07,10.95;ebensfeld;50.1;89.2;96.7;20;0;7;titulaire;21;RETENUE;
Allemagne;de_gtfsde;dortmundaplerbecksdbf@51.48,7.55;dortmundaplerbecksdbf;50.1;91.2;92.4;19;0;7;titulaire;21;RETENUE;
Allemagne;de_gtfsde;mertingenbahnhof@48.66,10.82;mertingenbahnhof;50.1;86.6;89.8;35;0;7;titulaire;21;RETENUE;
Australie;au_translink_seq;boondallstation@-27.35,153.07;boondallstation;50.1;92.3;99.4;141;0;7;titulaire;21;RETENUE;
Australie;au_translink_seq;springfieldstation@-27.66,152.92;springfieldstation;50.1;97.2;100;104;0;7;titulaire;21;RETENUE;
France;fr_sncf;UIC87747493;Pontcharra sur Bréda;50;85.1;100;17;0.29;7;titulaire;20;RETENUE;
France;fr_sncf;UIC87582668;Arcachon;50;93.7;100;7;0.29;7;titulaire;20;RETENUE;
Pays-Bas;nl_ovapi;geldrop@51.42,5.55;geldrop;50;97.1;99.7;121;0;7;titulaire;20;RETENUE;
Allemagne;de_gtfsde;heilbronntrappenseesbahn@49.14,9.25;heilbronntrappenseesbahn;50;82;93.8;199;0;7;titulaire;20;RETENUE;
Allemagne;de_gtfsde;darmstadtkranichsteinbahnhof@49.90,8.68;darmstadtkranichsteinbahnhof;50;88.6;97;23;0;7;titulaire;20;RETENUE;
Allemagne;de_gtfsde;nrtenhardenberg@51.63,9.93;nrtenhardenberg;50;82.3;94.3;35;0;7;titulaire;20;RETENUE;
Allemagne;de_gtfsde;kahlathringen@50.81,11.59;kahlathringen;50;96.9;83.7;49;0;7;titulaire;20;RETENUE;
Allemagne;de_gtfsde;hidschweichelnbahnhof@52.16,8.67;hidschweichelnbahnhof;50;86.6;99.4;73;0;7;titulaire;20;RETENUE;
France;fr_sncf;UIC87296012;Laon;49.9;92.6;100;11;0.43;7;rotation;27;RETENUE;
Irlande;ie_nta;clonsilla@53.38,-6.42;clonsilla;49.9;88;90.6;19;0;7;rotation;27;RETENUE;
Allemagne;de_gtfsde;selterstaunusniederseltersbahnhof@50.33,8.23;selterstaunusniederseltersbahnhof;49.9;79.4;97.8;29;0;7;rotation;27;RETENUE;
Allemagne;de_gtfsde;fronhausenbahnhof@50.71,8.70;fronhausenbahnhof;49.9;77.9;94.3;45;0;7;rotation;27;RETENUE;
Allemagne;de_gtfsde;bischweierbaden@48.83,8.28;bischweierbaden;49.9;60.5;97.5;208;0;7;rotation;27;RETENUE;
Allemagne;de_gtfsde;brehna@51.55,12.22;brehna;49.9;90;91.6;22;0;7;rotation;27;RETENUE;
Allemagne;de_gtfsde;alteveste@49.45,10.97;alteveste;49.9;75.6;94.8;26;0;7;rotation;27;RETENUE;
Australie;au_translink_seq;duttonparkstation@-27.50,153.03;duttonparkstation;49.9;93.4;99.1;127;0;7;rotation;27;RETENUE;
France;fr_sncf;UIC87144014;Saint-Dié-des-Vosges;49.7;95.4;100;7;0;7;rotation;27;RETENUE;
France;fr_sncf;UIC87444208;Mézidon - Canon;49.7;91.7;99.7;12;0;7;rotation;27;RETENUE;
Allemagne;de_gtfsde;neidensteinbahnhof@49.32,8.89;neidensteinbahnhof;49.7;92;96.7;18;0;7;rotation;27;RETENUE;
Allemagne;de_gtfsde;langenhagenflughafen@52.46,9.70;langenhagenflughafen;49.7;81;97.5;33;0;7;rotation;27;RETENUE;
Allemagne;de_gtfsde;roitzschbitterf@51.57,12.26;roitzschbitterf;49.7;90.2;89.9;23;0;7;rotation;27;RETENUE;
Allemagne;de_gtfsde;birkenaubahnhof@49.56,8.71;birkenaubahnhof;49.7;83;95.6;22;0;7;rotation;27;RETENUE;
Allemagne;de_gtfsde;oberau@47.56,11.14;oberau;49.6;42.9;96.9;28;0;7;rotation;27;RETENUE;
Allemagne;de_gtfsde;wemmetsweilerrathaus@49.37,7.09;wemmetsweilerrathaus;49.6;89;98.3;20;0;7;rotation;27;RETENUE;
Allemagne;de_gtfsde;rockenhausenbahnhof@49.63,7.82;rockenhausenbahnhof;49.6;82.1;96.1;28;0;7;rotation;27;RETENUE;
Pays-Bas;nl_ovapi;enschedekennispark@52.24,6.84;enschedekennispark;49.4;97.4;92.3;95;0;7;rotation;27;RETENUE;
Allemagne;de_gtfsde;badbevensen@53.08,10.57;badbevensen;49.4;77.5;96.9;43;0;7;rotation;27;RETENUE;
Allemagne;de_gtfsde;grokorbetha@51.27,12.02;grokorbetha;49.4;88.4;81.6;42;0;7;rotation;27;RETENUE;
Allemagne;de_gtfsde;iserlkalthofbf@51.42,7.67;iserlkalthofbf;49.4;89.3;99.1;19;0;7;rotation;27;RETENUE;
Allemagne;de_gtfsde;illingenbahnhof@48.96,8.92;illingenbahnhof;49.4;87.9;94;28;0;7;rotation;27;RETENUE;
France;fr_sncf;UIC87313080;Saint-Roch;49.3;91.6;100;8;0.29;7;rotation;27;RETENUE;
France;fr_sncf;UIC87753285;Pas des Lanciers;49.3;95.7;100;8;0.14;7;rotation;27;RETENUE;
Irlande;ie_nta;drumcondra@53.36,-6.26;drumcondra;49.3;95.4;91;20;0;7;rotation;27;RETENUE;
Allemagne;de_gtfsde;baitzbahnhof@52.16,12.68;baitzbahnhof;49.3;98;94.8;13;0;7;rotation;27;RETENUE;
Allemagne;de_gtfsde;arnbach@48.34,11.34;arnbach;49.3;93.6;93.2;15;0;7;rotation;27;RETENUE;
Allemagne;de_gtfsde;lollarodenhausenfriedelhausenbf@50.67,8.71;lollarodenhausenfriedelhausenbf;49.3;79.1;90.8;45;0;7;rotation;27;RETENUE;
Allemagne;de_gtfsde;ohlstadt@47.63,11.22;ohlstadt;49.3;49.3;97.7;29;0;7;rotation;27;RETENUE;
Allemagne;de_gtfsde;gemmingenwest@49.15,8.98;gemmingenwest;49.3;82.3;97.7;194;0;7;rotation;27;RETENUE;
Allemagne;de_gtfsde;bernburghbf@51.80,11.75;bernburghbf;49.3;78.6;97.2;30;0;7;rotation;27;RETENUE;
Allemagne;de_gtfsde;kirchheimwstrbahnhof@49.54,8.18;kirchheimwstrbahnhof;49.3;88.7;93.5;19;0;7;rotation;27;RETENUE;
Allemagne;de_gtfsde;dachaustadt@48.27,11.44;dachaustadt;49.3;87.8;94.3;16;0;7;rotation;27;RETENUE;
Allemagne;de_gtfsde;schnabahnhof@50.88,14.23;schnabahnhof;49.3;85.8;98;28;0;7;rotation;27;RETENUE;
Allemagne;de_gtfsde;tegernsee@47.71,11.76;tegernsee;49.1;93;93;16;0;7;rotation;27;RETENUE;
Allemagne;de_gtfsde;messelbahnhof@49.92,8.75;messelbahnhof;49.1;87.8;96.9;29;0;7;rotation;27;RETENUE;
Allemagne;de_gtfsde;oeldebahnhof@51.83,8.14;oeldebahnhof;49.1;81.7;96.1;53;0;7;rotation;27;RETENUE;
Allemagne;de_gtfsde;sersheim@48.96,9.02;sersheim;49.1;89.2;94.5;31;0;7;rotation;27;RETENUE;
Allemagne;de_gtfsde;wunstorf@52.42,9.45;wunstorf;49.1;65.1;98.6;46;0;7;rotation;27;RETENUE;
Allemagne;de_gtfsde;gaildorfwest@49.00,9.75;gaildorfwest;49.1;79.7;97.7;26;0;7;rotation;27;RETENUE;
France;fr_sncf;UIC87317065;Étaples - Le Touquet;49;86.6;100;17;0.14;7;rotation;27;RETENUE;
Allemagne;de_gtfsde;untersteinachbstadtsteinach@50.13,11.53;untersteinachbstadtsteinach;49;93.9;97.4;19;0;7;rotation;27;RETENUE;
Allemagne;de_gtfsde;doberlugkirchhainbahnhof@51.62,13.56;doberlugkirchhainbahnhof;49;85.1;93.5;31;0;7;rotation;27;RETENUE;
Allemagne;de_gtfsde;rudolstadtthringen@50.72,11.34;rudolstadtthringen;49;94.8;98.3;31;0;7;rotation;27;RETENUE;
Allemagne;de_gtfsde;ostbevernbahnhof@52.07,7.81;ostbevernbahnhof;49;76.7;95;94;0;7;rotation;27;RETENUE;
Allemagne;de_gtfsde;melsungenbartenwetzerbrcke@51.13,9.55;melsungenbartenwetzerbrcke;49;83.7;95.5;28;0;7;rotation;27;RETENUE;
Allemagne;de_gtfsde;hannmndenbahnhof@51.41,9.66;hannmndenbahnhof;49;90.4;92.7;22;0;7;rotation;27;RETENUE;
Allemagne;de_gtfsde;oppenweiler@48.98,9.46;oppenweiler;49;85.4;99.1;24;0;7;rotation;27;RETENUE;
Allemagne;de_gtfsde;finsterwald@47.75,11.73;finsterwald;49;89.5;94;23;0;7;rotation;27;RETENUE;
France;fr_sncf;UIC87753202;Saint-Chamas;48.9;95.9;99.7;7;0.29;7;rotation;27;RETENUE;
France;fr_sncf;UIC87611665;Castelnau-d'Estrétefonds;48.9;93;99.7;13;0.29;7;rotation;27;RETENUE;
Pays-Bas;nl_ovapi;brummen@52.09,6.15;brummen;48.9;95.9;99.7;67;0;7;rotation;27;RETENUE;
Allemagne;de_gtfsde;landsbergschule@48.05,10.87;landsbergschule;48.9;98;82.8;9;0;7;rotation;27;RETENUE;
Allemagne;de_gtfsde;budenheimbahnhof@50.03,8.17;budenheimbahnhof;48.9;72.8;94.7;40;0;7;rotation;27;RETENUE;
Allemagne;de_gtfsde;heidenheimbahnhof@48.68,10.16;heidenheimbahnhof;48.9;92.1;94.7;26;0;7;rotation;27;RETENUE;
Allemagne;de_gtfsde;knnern@51.67,11.78;knnern;48.9;65.8;96.3;41;0;7;rotation;27;RETENUE;
Allemagne;de_gtfsde;brandtropicalislandsbhf@52.03,13.72;brandtropicalislandsbhf;48.9;76.3;88.6;33;0;7;rotation;27;RETENUE;
Etats-Unis;us_mta_lirr;queensvillage@40.72,-73.74;queensvillage;48.9;91.5;100;219;0;7;rotation;27;RETENUE;
France;fr_sncf;UIC87116517;La Ferté-sous-Jouarre;48.7;91.2;100;24;0.14;7;rotation;26;RETENUE;
Allemagne;de_gtfsde;idsteinbahnhof@50.22,8.26;idsteinbahnhof;48.7;83.6;86.8;31;0;7;rotation;26;RETENUE;
Allemagne;de_gtfsde;ellwangenbahnhof@48.96,10.13;ellwangenbahnhof;48.7;56.3;95.8;41;0;7;rotation;26;RETENUE;
Allemagne;de_gtfsde;winnweilerbahnhof@49.57,7.86;winnweilerbahnhof;48.7;85.6;96.9;27;0;7;rotation;26;RETENUE;
Allemagne;de_gtfsde;enzbergbahnhof@48.93,8.80;enzbergbahnhof;48.7;89.4;93.2;24;0;7;rotation;26;RETENUE;
Australie;au_translink_seq;coopersplainsstation@-27.57,153.04;coopersplainsstation;48.7;92.4;99.7;101;0;7;rotation;26;RETENUE;
Allemagne;de_gtfsde;meschedebahnhof@51.35,8.28;meschedebahnhof;48.6;80.9;92.9;20;0;7;rotation;26;RETENUE;
Allemagne;de_gtfsde;hagenhohenlimburgbf@51.35,7.57;hagenhohenlimburgbf;48.6;84.1;97.4;37;0;7;rotation;26;RETENUE;
Allemagne;de_gtfsde;stockachbahnhof@47.85,9.01;stockachbahnhof;48.6;96.2;96.6;14;0;7;rotation;26;RETENUE;
France;fr_sncf;UIC87684126;Nemours - Saint-Pierre;48.4;73.2;99.1;32;0.43;7;rotation;26;RETENUE;
France;fr_sncf;UIC87723494;Saint-André-le-Gaz;48.4;91.4;99.7;12;0.29;7;rotation;26;RETENUE;
Allemagne;de_gtfsde;heidelsheim@49.10,8.65;heidelsheim;48.4;97.3;99.4;14;0;7;rotation;26;RETENUE;
Australie;au_translink_seq;sunnybankstation@-27.58,153.05;sunnybankstation;48.4;92.9;98.8;109;0;7;rotation;26;RETENUE;
France;fr_sncf;UIC87761163;Tain-l'Hermitage - Tournon;48.3;82.2;100;20;0.57;7;rotation;26;RETENUE;
Allemagne;de_gtfsde;seubersdorf@49.17,11.63;seubersdorf;48.3;95.3;99.4;16;0;7;rotation;26;RETENUE;
Allemagne;de_gtfsde;eppingenwest@49.13,8.91;eppingenwest;48.3;75.4;96.3;192;0;7;rotation;26;RETENUE;
Allemagne;de_gtfsde;gondelsheimbaden@49.06,8.66;gondelsheimbaden;48.3;97.9;99.7;13;0;7;rotation;26;RETENUE;
Allemagne;de_gtfsde;badlausick@51.14,12.65;badlausick;48.1;95;95.5;22;0;7;rotation;26;RETENUE;
Allemagne;de_gtfsde;bremenfarge@53.21,8.52;bremenfarge;48.1;95.5;98;13;0;7;rotation;26;RETENUE;
Allemagne;de_gtfsde;hilpertsau@48.74,8.35;hilpertsau;48.1;65.6;97.1;189;0;7;rotation;26;RETENUE;
Allemagne;de_gtfsde;altenbach@51.36,12.68;altenbach;48.1;79.8;87.5;32;0;7;rotation;26;RETENUE;
Allemagne;de_gtfsde;bachern@48.28,11.38;bachern;48.1;94.4;95.2;15;0;7;rotation;26;RETENUE;
Allemagne;de_gtfsde;melsungenschwarzenberg@51.15,9.56;melsungenschwarzenberg;48.1;84;96.8;26;0;7;rotation;26;RETENUE;
Allemagne;de_gtfsde;freiburgklinikumbahnhof@48.01,7.84;freiburgklinikumbahnhof;48.1;90.2;86.6;18;0;7;rotation;26;RETENUE;
Allemagne;de_gtfsde;hinterzartenbahnhof@47.91,8.11;hinterzartenbahnhof;48.1;97.6;95.7;11;0;7;rotation;26;RETENUE;
France;fr_sncf;UIC87673400;Biarritz;48;86;100;19;1.43;7;rotation;26;RETENUE;
France;fr_sncf;UIC87761759;Tullins Fures;48;84.8;100;18;1.71;7;rotation;26;RETENUE;
Pays-Bas;nl_ovapi;velp@52.00,5.98;velp;48;97.6;98.8;89;0;7;rotation;26;RETENUE;
Allemagne;de_gtfsde;bruchsalschlachthof@49.12,8.61;bruchsalschlachthof;48;97.3;99.4;14;0;7;rotation;26;RETENUE;
Allemagne;de_gtfsde;westerlandsyltzobbahnhof@54.91,8.31;westerlandsyltzobbahnhof;48;81;93.3;33;0;7;rotation;26;RETENUE;
Allemagne;de_gtfsde;heidelsheimnord@49.11,8.65;heidelsheimnord;48;97.3;99.4;13;0;7;rotation;26;RETENUE;
Allemagne;de_gtfsde;helmsheim@49.09,8.65;helmsheim;48;97.9;99.4;13;0;7;rotation;26;RETENUE;
Allemagne;de_gtfsde;ehrwaldzugspitzbahn@47.41,10.91;ehrwaldzugspitzbahn;48;68.8;98;23;0;7;rotation;26;RETENUE;
Australie;au_translink_seq;rockleastation@-27.54,153.01;rockleastation;48;96.7;98.8;105;0;7;rotation;26;RETENUE;
France;fr_sncf;UIC87271593;Crépy-en-Valois;47.9;96.1;99.7;11;0.29;7;rotation;26;RETENUE;
Allemagne;de_gtfsde;hirschhornbahnhof@49.44,8.90;hirschhornbahnhof;47.9;89.3;98.2;28;0;7;rotation;26;RETENUE;
Allemagne;de_gtfsde;weilerswistbf@50.75,6.85;weilerswistbf;47.9;81.5;95.2;48;0;7;rotation;26;RETENUE;
Allemagne;de_gtfsde;westnnenbahnhof@51.56,7.96;westnnenbahnhof;47.9;89;93.6;22;0;7;rotation;26;RETENUE;
Allemagne;de_gtfsde;neustadtschwarzwbahnhof@47.91,8.21;neustadtschwarzwbahnhof;47.9;93.7;98;16;0;7;rotation;26;RETENUE;
Etats-Unis;us_mta_lirr;stalbans@40.69,-73.77;stalbans;47.9;91.9;100;169;0;7;rotation;26;RETENUE;
Australie;au_translink_seq;edenslandingstation@-27.70,153.17;edenslandingstation;47.9;86.9;99.1;132;0;7;rotation;26;RETENUE;
Australie;au_translink_seq;wilstonstation@-27.44,153.02;wilstonstation;47.9;93.7;97.1;127;0;7;rotation;26;RETENUE;
Allemagne;de_gtfsde;diedelsheim@49.04,8.67;diedelsheim;47.7;97.6;99.1;12;0;7;rotation;26;RETENUE;
Allemagne;de_gtfsde;waibstadtbahnhof@49.30,8.92;waibstadtbahnhof;47.7;93.4;93.3;15;0;7;rotation;26;RETENUE;
Allemagne;de_gtfsde;bischheimgersdorfbahnhof@51.23,14.05;bischheimgersdorfbahnhof;47.7;96.7;97.9;13;0;7;rotation;26;RETENUE;
Allemagne;de_gtfsde;wilhelmshorstbahnhof@52.33,13.07;wilhelmshorstbahnhof;47.7;96.4;91.8;13;0;7;rotation;26;RETENUE;
Allemagne;de_gtfsde;billerbeckbahnhof@51.98,7.30;billerbeckbahnhof;47.7;76.9;99.1;20;0;7;rotation;26;RETENUE;
Allemagne;de_gtfsde;boussaar@49.28,6.79;boussaar;47.7;85;85.6;32;0;7;rotation;26;RETENUE;
Allemagne;de_gtfsde;rheinzabernaltermerstrae@49.11,8.27;rheinzabernaltermerstrae;47.7;87.7;97.4;160;0;7;rotation;26;RETENUE;
Allemagne;de_gtfsde;reiskirchenbahnhof@50.60,8.83;reiskirchenbahnhof;47.7;93.1;99.1;17;0;7;rotation;26;RETENUE;
Allemagne;de_gtfsde;lambsheimbahnhof@49.51,8.28;lambsheimbahnhof;47.7;82.9;91.3;18;0;7;rotation;26;RETENUE;
Norvege;no_entur;hokksundstasjon@59.77,9.91;hokksundstasjon;47.6;79.3;99.4;183;0;7;rotation;26;RETENUE;
Allemagne;de_gtfsde;stadtallendorfbahnhof@50.83,9.01;stadtallendorfbahnhof;47.6;73;96;48;0;7;rotation;26;RETENUE;
Allemagne;de_gtfsde;batzhausen@49.19,11.59;batzhausen;47.6;95.5;100;16;0;7;rotation;26;RETENUE;
Allemagne;de_gtfsde;idsteinwrsdorfbahnhof@50.24,8.25;idsteinwrsdorfbahnhof;47.6;85.6;94.1;27;0;7;rotation;26;RETENUE;
Allemagne;de_gtfsde;lehndorfaltenburg@50.94,12.43;lehndorfaltenburg;47.6;84.4;96;40;0;7;rotation;26;RETENUE;
Allemagne;de_gtfsde;bruchhausenbettlingen@48.92,8.37;bruchhausenbettlingen;47.6;88;94.3;56;0;7;rotation;26;RETENUE;
France;fr_sncf;UIC87753657;Arles;47.4;87;100;15;0.57;7;rotation;26;RETENUE;
France;fr_sncf;UIC87677005;Hendaye;47.4;88;100;15;1.43;7;rotation;26;RETENUE;
Pays-Bas;nl_ovapi;helmondbrouwhuis@51.47,5.70;helmondbrouwhuis;47.4;97.9;99.4;106;0;7;rotation;26;RETENUE;
Allemagne;de_gtfsde;dreieichweibelfeldbahnhof@50.01,8.70;dreieichweibelfeldbahnhof;47.4;94.6;95.4;15;0;7;rotation;26;RETENUE;
Allemagne;de_gtfsde;karlsruheknielingen@49.03,8.34;karlsruheknielingen;47.4;89.8;99.1;52;0;7;rotation;26;RETENUE;
Allemagne;de_gtfsde;karlsdorfbahnhof@49.14,8.55;karlsdorfbahnhof;47.4;92.8;97.9;16;0;7;rotation;26;RETENUE;
Australie;au_translink_seq;mitcheltonstation@-27.41,152.98;mitcheltonstation;47.4;88;92.5;154;0;7;rotation;26;RETENUE;
Pays-Bas;nl_ovapi;beekelsloo@50.95,5.79;beekelsloo;47.3;97;99.4;73;0;7;rotation;26;RETENUE;
Pays-Bas;nl_ovapi;rheden@52.01,6.03;rheden;47.3;97.6;97.9;73;0;7;rotation;26;RETENUE;
Allemagne;de_gtfsde;gausbach@48.69,8.36;gausbach;47.3;68.3;91.9;191;0;7;rotation;26;RETENUE;
Allemagne;de_gtfsde;limburglahnlindenholzhausenbahnhof@50.38,8.13;limburglahnlindenholzhausenbahnhof;47.3;80.7;94.6;31;0;7;rotation;26;RETENUE;
Allemagne;de_gtfsde;amberg@49.45,11.86;amberg;47.3;76.7;99.1;35;0;7;rotation;26;RETENUE;
Allemagne;de_gtfsde;aglasterhausenbahnhof@49.35,8.99;aglasterhausenbahnhof;47.3;97.3;95.1;14;0;7;rotation;26;RETENUE;
Allemagne;de_gtfsde;slzenbrckenbushaltestelle@50.89,10.89;slzenbrckenbushaltestelle;47.3;90.6;93;17;0;7;rotation;26;RETENUE;
Allemagne;de_gtfsde;schkopau@51.39,11.99;schkopau;47.3;94.6;89.5;41;0;7;rotation;26;RETENUE;
Allemagne;de_gtfsde;grorhrsdorfbahnhof@51.15,14.02;grorhrsdorfbahnhof;47.3;96.4;96.2;14;0;7;rotation;26;RETENUE;
Allemagne;de_gtfsde;altomnster@48.39,11.25;altomnster;47.3;84;98.2;19;0;7;rotation;26;RETENUE;
Allemagne;de_gtfsde;moosrain@47.77,11.72;moosrain;47.3;88.5;95.9;23;0;7;rotation;26;RETENUE;
France;fr_sncf;UIC87313072;Albert;47.1;89.4;99.4;16;0.43;7;rotation;26;RETENUE;
France;fr_sncf;UIC87677120;Saint-Jean-de-Luz - Ciboure;47.1;88.2;99.7;18;1.43;7;rotation;26;RETENUE;
Pays-Bas;nl_ovapi;eygelshovenmarkt@50.90,6.06;eygelshovenmarkt;47.1;96.7;100;95;0;7;rotation;26;RETENUE;
Allemagne;de_gtfsde;stgoarbahnhof@50.15,7.71;stgoarbahnhof;47.1;58.8;98.8;46;0;7;rotation;26;RETENUE;
Allemagne;de_gtfsde;fnlwentalbahnhof@47.66,9.50;fnlwentalbahnhof;47.1;85.8;99.7;20;0;7;rotation;26;RETENUE;
Allemagne;de_gtfsde;giengenbrenzbahnhof@48.62,10.24;giengenbrenzbahnhof;47.1;65.8;95.7;31;0;7;rotation;26;RETENUE;
Allemagne;de_gtfsde;potsdammedienstadtbabelsbergbhf@52.38,13.12;potsdammedienstadtbabelsbergbhf;47.1;96.1;88.9;16;0;7;rotation;26;RETENUE;
Allemagne;de_gtfsde;scharbeutz@54.02,10.75;scharbeutz;47.1;94.5;99.4;16;0;7;rotation;26;RETENUE;
Allemagne;de_gtfsde;huglfing@47.78,11.14;huglfing;47.1;50.9;91.7;29;0;7;rotation;26;RETENUE;
Allemagne;de_gtfsde;donautalhaltepunktbahn@48.37,9.94;donautalhaltepunktbahn;47.1;72.7;98.2;30;0;7;rotation;26;RETENUE;
Etats-Unis;us_mta_lirr;bayshore@40.72,-73.25;bayshore;47.1;85.5;100;195;0;7;rotation;26;RETENUE;
Allemagne;de_gtfsde;dinkelscherben@48.34,10.59;dinkelscherben;47;90;94;24;0;7;rotation;26;RETENUE;
Allemagne;de_gtfsde;gebuernordbf@51.59,7.05;gebuernordbf;47;68.7;94.3;30;0;7;rotation;26;RETENUE;
Allemagne;de_gtfsde;bruchsalsportzentrum@49.14,8.59;bruchsalsportzentrum;47;91.2;96.5;16;0;7;rotation;26;RETENUE;
Allemagne;de_gtfsde;deiningoberpf@49.20,11.52;deiningoberpf;47;96.4;99.4;17;0;7;rotation;26;RETENUE;
Allemagne;de_gtfsde;orlamnde@50.78,11.55;orlamnde;47;95.4;86.1;32;0;7;rotation;26;RETENUE;
Allemagne;de_gtfsde;gieenlicherstrae@50.58,8.70;gieenlicherstrae;47;94.2;95.4;16;0;7;rotation;26;RETENUE;
Allemagne;de_gtfsde;bbingenbahnhof@48.82,9.91;bbingenbahnhof;47;55.9;84.6;38;0;7;rotation;26;RETENUE;
Allemagne;de_gtfsde;uffingastaffelsee@47.72,11.16;uffingastaffelsee;47;48.9;96.8;33;0;7;rotation;26;RETENUE;
Allemagne;de_gtfsde;haffkrug@54.05,10.74;haffkrug;47;96;99.7;15;0;7;rotation;26;RETENUE;
Allemagne;de_gtfsde;bienenbttel@53.14,10.48;bienenbttel;47;74.5;97.9;44;0;7;rotation;26;RETENUE;
Norvege;no_entur;myrdalstasjon@60.74,7.12;myrdalstasjon;46.9;87.8;100;117;0;7;rotation;25;RETENUE;
Allemagne;de_gtfsde;farchant@47.53,11.11;farchant;46.9;50.3;97.6;27;0;7;rotation;25;RETENUE;
Allemagne;de_gtfsde;zapfendorf@50.02,10.93;zapfendorf;46.9;87.5;94.8;21;0;7;rotation;25;RETENUE;
Allemagne;de_gtfsde;trechtingshausenbahnhof@50.01,7.85;trechtingshausenbahnhof;46.9;64;93.4;53;0;7;rotation;25;RETENUE;
Allemagne;de_gtfsde;buseckgroenbuseckbahnhof@50.61,8.78;buseckgroenbuseckbahnhof;46.9;94.2;97.9;16;0;7;rotation;25;RETENUE;
Allemagne;de_gtfsde;nassaulahnbf@50.31,7.80;nassaulahnbf;46.9;82.3;96.2;30;0;7;rotation;25;RETENUE;
Allemagne;de_gtfsde;westheimschwab@48.39,10.82;westheimschwab;46.9;91.8;93.7;20;0;7;rotation;25;RETENUE;
Allemagne;de_gtfsde;hallesteintorbrcke@51.49,11.99;hallesteintorbrcke;46.9;81.1;94.8;32;0;7;rotation;25;RETENUE;
Allemagne;de_gtfsde;brechenoberbrechenbahnhof@50.35,8.19;brechenoberbrechenbahnhof;46.7;78.9;93.2;31;0;7;rotation;25;RETENUE;
Allemagne;de_gtfsde;besigheim@49.00,9.14;besigheim;46.7;92.4;96.2;20;0;7;rotation;25;RETENUE;
Allemagne;de_gtfsde;bruchsalammantel@49.14,8.56;bruchsalammantel;46.7;93;97.9;16;0;7;rotation;25;RETENUE;
Allemagne;de_gtfsde;ebingenbahnhof@48.21,9.03;ebingenbahnhof;46.7;63.9;92.9;43;0;7;rotation;25;RETENUE;
Allemagne;de_gtfsde;warthausenbahnhof@48.13,9.80;warthausenbahnhof;46.7;60.6;92.4;30;0;7;rotation;25;RETENUE;
France;fr_sncf;UIC87671008;Tarbes;46.6;83.4;100;14;0.29;7;rotation;25;RETENUE;
Pays-Bas;nl_ovapi;helmondthout@51.47,5.63;helmondthout;46.6;97.5;85.1;104;0;7;rotation;25;RETENUE;
Allemagne;de_gtfsde;mnsterhessenaltheimbahnhof@49.92,8.89;mnsterhessenaltheimbahnhof;46.6;87.1;96.7;22;0;7;rotation;25;RETENUE;
Allemagne;de_gtfsde;neckarelzbahnhof@49.35,9.11;neckarelzbahnhof;46.6;90.8;97.3;24;0;7;rotation;25;RETENUE;
Allemagne;de_gtfsde;neunkirchenamsand@49.52,11.32;neunkirchenamsand;46.6;89.6;94.8;26;0;7;rotation;25;RETENUE;
Allemagne;de_gtfsde;bassum@52.85,8.74;bassum;46.6;81;93.4;25;0;7;rotation;25;RETENUE;
Allemagne;de_gtfsde;flomersheimbahnhof@49.51,8.33;flomersheimbahnhof;46.6;82.5;87.6;19;0;7;rotation;25;RETENUE;
Etats-Unis;us_mta_lirr;sayville@40.74,-73.09;sayville;46.6;85.3;100;198;0;7;rotation;25;RETENUE;
France;fr_sncf;UIC87761106;Saint-Rambert-d'Albon;46.4;81.8;100;19;0.57;7;rotation;25;RETENUE;
Allemagne;de_gtfsde;greppin@51.65,12.30;greppin;46.4;94.2;97;18;0;7;rotation;25;RETENUE;
Allemagne;de_gtfsde;bremenaumund@53.19,8.62;bremenaumund;46.4;89.8;94.5;16;0;7;rotation;25;RETENUE;
France;fr_sncf;UIC87761650;Romans - Bourg-de-Péage;46.3;84.6;100;16;1.43;7;rotation;25;RETENUE;
Allemagne;de_gtfsde;boppardbadsalzigbf@50.21,7.64;boppardbadsalzigbf;46.3;62.7;91.8;40;0;7;rotation;25;RETENUE;
Allemagne;de_gtfsde;badteinachneubulachbahnhof@48.68,8.73;badteinachneubulachbahnhof;46.3;87.3;98.8;22;0;7;rotation;25;RETENUE;
Allemagne;de_gtfsde;emmerkebahnhof@52.16,9.87;emmerkebahnhof;46.3;76.5;92.8;41;0;7;rotation;25;RETENUE;
Allemagne;de_gtfsde;kirchweyheweyhe@52.98,8.85;kirchweyheweyhe;46.3;69.4;93.1;25;0;7;rotation;25;RETENUE;
Allemagne;de_gtfsde;zirndorfkneippallee@49.45,10.95;zirndorfkneippallee;46.3;68.2;91;27;0;7;rotation;25;RETENUE;
Allemagne;de_gtfsde;kfering@48.93,12.21;kfering;46.3;88.6;98.8;23;0;7;rotation;25;RETENUE;
Etats-Unis;us_mta_lirr;patchogue@40.76,-73.02;patchogue;46.3;83.3;99.1;187;0;7;rotation;25;RETENUE;
France;fr_sncf;UIC87582643;La Teste;46.1;95;100;6;0.29;7;rotation;25;RETENUE;
France;fr_sncf;UIC87582445;Marcheprime;46.1;95;100;8;0.29;7;rotation;25;RETENUE;
Pays-Bas;nl_ovapi;bunde@50.90,5.74;bunde;46.1;97.5;99.7;75;0;7;rotation;25;RETENUE;
Allemagne;de_gtfsde;kitzingen@49.73,10.16;kitzingen;46.1;91;97.9;27;0;7;rotation;25;RETENUE;
Allemagne;de_gtfsde;haste@52.38,9.39;haste;46.1;83;95.8;29;0;7;rotation;25;RETENUE;
Allemagne;de_gtfsde;rudolstadtschwarza@50.69,11.33;rudolstadtschwarza;46.1;95.7;95.3;39;0;7;rotation;25;RETENUE;
Allemagne;de_gtfsde;stadtroda@50.87,11.72;stadtroda;46.1;77.7;95.6;32;0;7;rotation;25;RETENUE;
Allemagne;de_gtfsde;drflesesbach@50.28,11.00;drflesesbach;46.1;91;95.6;27;0;7;rotation;25;RETENUE;
Allemagne;de_gtfsde;obertraubling@48.97,12.17;obertraubling;46.1;87.9;99.7;21;0;7;rotation;25;RETENUE;
France;fr_sncf;UIC87317586;Boulogne sur Mer;46;89.1;100;17;0;7;rotation;25;RETENUE;
France;fr_sncf;UIC87746149;Rumilly;46;86;100;15;0.57;7;rotation;25;RETENUE;
Allemagne;de_gtfsde;pfeddersheimbahnhof@49.63,8.28;pfeddersheimbahnhof;46;63;96.1;41;0;7;rotation;25;RETENUE;
Allemagne;de_gtfsde;kleinwinternheimbahnhof@49.94,8.21;kleinwinternheimbahnhof;46;41;97;44;0;7;rotation;25;RETENUE;
Allemagne;de_gtfsde;duisburgmeiderichbf@51.47,6.78;duisburgmeiderichbf;46;74.2;99.1;32;0;7;rotation;25;RETENUE;
Allemagne;de_gtfsde;mainaschaff@49.98,9.09;mainaschaff;46;91.6;96.1;19;0;7;rotation;25;RETENUE;
Allemagne;de_gtfsde;ettlingenwest@48.95,8.39;ettlingenwest;46;88.8;90.4;56;0;7;rotation;25;RETENUE;
Allemagne;de_gtfsde;furthimwald@49.31,12.84;furthimwald;46;52.5;93.3;25;0;7;rotation;25;RETENUE;
France;fr_sncf;UIC87582619;Gujan-Mestras;45.9;95;100;6;0.29;7;rotation;25;RETENUE;
Allemagne;de_gtfsde;friedberghessendorheimbahnhof@50.35,8.79;friedberghessendorheimbahnhof;45.9;84.4;86.3;26;0;7;rotation;25;RETENUE;
Allemagne;de_gtfsde;hochfeldsdbfrheinpark@51.41,6.75;hochfeldsdbfrheinpark;45.9;72.6;87.2;45;0;7;rotation;25;RETENUE;
Allemagne;de_gtfsde;niederbobritzschbahnhof@50.90,13.44;niederbobritzschbahnhof;45.9;97.8;96.4;11;0;7;rotation;25;RETENUE;
Allemagne;de_gtfsde;aschaffenburgsd@49.97,9.15;aschaffenburgsd;45.9;96;96.4;15;0;7;rotation;25;RETENUE;
Allemagne;de_gtfsde;pritzwalkbahnhof@53.15,12.18;pritzwalkbahnhof;45.9;97.2;97.9;13;0;7;rotation;25;RETENUE;
Allemagne;de_gtfsde;himmelreichbahnhof@47.96,7.99;himmelreichbahnhof;45.9;97.2;98.8;13;0;7;rotation;25;RETENUE;
Allemagne;de_gtfsde;nrtingen@48.63,9.34;nrtingen;45.9;86;92.8;54;0;7;rotation;25;RETENUE;
Allemagne;de_gtfsde;rimbachbahnhof@49.63,8.76;rimbachbahnhof;45.9;79.8;94.1;19;0;7;rotation;25;RETENUE;
Allemagne;de_gtfsde;wissenbf@50.78,7.74;wissenbf;45.9;82.9;96.7;33;0;7;rotation;25;RETENUE;
Allemagne;de_gtfsde;beucha@51.32,12.57;beucha;45.7;97.2;100;14;0;7;rotation;25;RETENUE;
Allemagne;de_gtfsde;sulzbachrosenberg@49.50,11.74;sulzbachrosenberg;45.7;78.1;97.9;32;0;7;rotation;25;RETENUE;
Allemagne;de_gtfsde;wiesbadenigstadtbahnhof@50.08,8.33;wiesbadenigstadtbahnhof;45.7;95;93.8;14;0;7;rotation;25;RETENUE;
Allemagne;de_gtfsde;lutumbahnhof@51.98,7.23;lutumbahnhof;45.7;80.6;99.4;23;0;7;rotation;25;RETENUE;
Allemagne;de_gtfsde;remagenrolandseckbf@50.63,7.21;remagenrolandseckbf;45.7;54.7;98.8;42;0;7;rotation;25;RETENUE;
Allemagne;de_gtfsde;haarhausen@50.87,10.91;haarhausen;45.7;91.6;84.7;17;0;7;rotation;25;RETENUE;
Allemagne;de_gtfsde;oberkochenbahnhof@48.78,10.11;oberkochenbahnhof;45.7;92.5;88.6;21;0;7;rotation;25;RETENUE;
Allemagne;de_gtfsde;frthbahnhof@49.65,8.78;frthbahnhof;45.7;91.6;95.2;16;0;7;rotation;25;RETENUE;
Allemagne;de_gtfsde;nordheimwrtt@49.11,9.15;nordheimwrtt;45.7;91.3;97.9;20;0;7;rotation;25;RETENUE;
Allemagne;de_gtfsde;meckelfeld@53.42,10.03;meckelfeld;45.7;70;97;44;0;7;rotation;25;RETENUE;
France;fr_sncf;UIC87673103;Morcenx;45.6;87.8;100;13;0.57;7;rotation;25;RETENUE;
France;fr_sncf;UIC87722652;Saint-Clair - Les Roches;45.6;84.6;98.8;21;0.57;7;rotation;25;RETENUE;
France;fr_sncf;UIC87582403;Gazinet - Cestas;45.6;95.3;100;7;0.29;7;rotation;25;RETENUE;
France;fr_sncf;UIC87582601;Le Teich;45.6;95;100;6;0.29;7;rotation;25;RETENUE;
France;fr_sncf;UIC87725895;Échirolles;45.6;94;100;11;0.86;7;rotation;25;RETENUE;
Pays-Bas;nl_ovapi;veenendaalcentrum@52.02,5.55;veenendaalcentrum;45.6;96.2;99.7;77;0;7;rotation;25;RETENUE;
Allemagne;de_gtfsde;gtavenwbhfbahnhof@51.94,8.44;gtavenwbhfbahnhof;45.6;77.1;98.5;55;0;7;rotation;25;RETENUE;
Allemagne;de_gtfsde;weiherhof@49.46,10.93;weiherhof;45.6;66.5;95.5;26;0;7;rotation;25;RETENUE;
Allemagne;de_gtfsde;mockrehna@51.51,12.82;mockrehna;45.6;76.8;88.4;48;0;7;rotation;25;RETENUE;
Allemagne;de_gtfsde;hagelstadt@48.90,12.21;hagelstadt;45.6;86.2;98.2;25;0;7;rotation;25;RETENUE;
Allemagne;de_gtfsde;baddriburgbahnhof@51.73,9.03;baddriburgbahnhof;45.6;66.8;95.5;26;0;7;rotation;25;RETENUE;
France;fr_sncf;UIC87582635;La Hume;45.4;95.3;100;6;0.29;7;rotation;25;RETENUE;
Allemagne;de_gtfsde;lenggries@47.68,11.57;lenggries;45.4;93.1;95.5;17;0;7;rotation;25;RETENUE;
Allemagne;de_gtfsde;badwildbadbhf@48.76,8.55;badwildbadbhf;45.4;89.3;93.8;129;0;7;rotation;25;RETENUE;
Allemagne;de_gtfsde;friedrichshbodenseeairport@47.67,9.52;friedrichshbodenseeairport;45.4;87.1;98.8;19;0;7;rotation;25;RETENUE;
Allemagne;de_gtfsde;swinoujsciecentrum@53.91,14.23;swinoujsciecentrum;45.4;94.7;98.1;11;0;7;rotation;25;RETENUE;
Allemagne;de_gtfsde;ravensburgweienaubahnhof@47.77,9.59;ravensburgweienaubahnhof;45.4;85.8;97.5;17;0;7;rotation;25;RETENUE;
Allemagne;de_gtfsde;rhensbf@50.28,7.62;rhensbf;45.4;58.8;97.8;45;0;7;rotation;25;RETENUE;
Allemagne;de_gtfsde;mhlhausenthringen@51.21,10.47;mhlhausenthringen;45.4;74.8;96.7;33;0;7;rotation;25;RETENUE;
Allemagne;de_gtfsde;havixbeckbahnhof@51.97,7.41;havixbeckbahnhof;45.4;75.5;99.7;25;0;7;rotation;25;RETENUE;
Allemagne;de_gtfsde;bruckmhl@47.88,11.92;bruckmhl;45.4;77;96.7;29;0;7;rotation;25;RETENUE;
Allemagne;de_gtfsde;badbellingenbahnhof@47.73,7.56;badbellingenbahnhof;45.3;90.2;96.6;25;0;7;rotation;25;RETENUE;
Allemagne;de_gtfsde;hfenbahnhof@48.80,8.58;hfenbahnhof;45.3;85.5;98.8;181;0;7;rotation;25;RETENUE;
Allemagne;de_gtfsde;bargteheide@53.73,10.27;bargteheide;45.3;92.7;89;18;0;7;rotation;25;RETENUE;
Allemagne;de_gtfsde;badtlz@47.76,11.57;badtlz;45.3;92.4;97.5;17;0;7;rotation;25;RETENUE;
France;fr_sncf;UIC87761130;Saint-Vallier sur Rhône;45.1;82.9;100;18;0.57;7;rotation;25;RETENUE;
France;fr_sncf;UIC87721431;L'Arbresle;45.1;91.8;98.4;10;0.14;7;rotation;25;RETENUE;
France;fr_sncf;UIC87581793;Pessac-Alouette;45.1;96.2;100;7;0.29;7;rotation;25;RETENUE;
Pays-Bas;nl_ovapi;veenendaalwest@52.03,5.53;veenendaalwest;45.1;97.2;98.8;86;0;7;rotation;25;RETENUE;
Allemagne;de_gtfsde;duisburgmeiderichostbf@51.47,6.80;duisburgmeiderichostbf;45.1;75.6;90;30;0;7;rotation;25;RETENUE;
Allemagne;de_gtfsde;eitorfbf@50.77,7.45;eitorfbf;45.1;81.3;97.8;28;0;7;rotation;25;RETENUE;
Allemagne;de_gtfsde;darmstadttulichtwiesebahnhof@49.86,8.69;darmstadttulichtwiesebahnhof;45.1;76.6;98.8;32;0;7;rotation;25;RETENUE;
France;fr_sncf;UIC87485144;Rochefort;45;87.6;100;15;0.86;7;rotation;24;RETENUE;
Allemagne;de_gtfsde;mosbachwestbahnhof@49.35,9.13;mosbachwestbahnhof;45;90.8;96;19;0;7;rotation;24;RETENUE;
Allemagne;de_gtfsde;badcambergbahnhof@50.30,8.26;badcambergbahnhof;45;79.7;87.7;35;0;7;rotation;24;RETENUE;
Allemagne;de_gtfsde;groheringen@51.11,11.66;groheringen;45;76.5;85.8;53;0;7;rotation;24;RETENUE;
Allemagne;de_gtfsde;pwhausbergeportabahnhof@52.24,8.92;pwhausbergeportabahnhof;45;78.4;92.6;68;0;7;rotation;24;RETENUE;
Norvege;no_entur;vossstasjon@60.63,6.41;vossstasjon;44.9;93.6;100;111;0;7;rotation;24;RETENUE;
Norvege;no_entur;sandefjordstasjon@59.14,10.22;sandefjordstasjon;44.9;87.6;100;163;0;7;rotation;24;RETENUE;
Pays-Bas;nl_ovapi;rhenen@51.96,5.58;rhenen;44.9;96.2;100;68;0;7;rotation;24;RETENUE;
Allemagne;de_gtfsde;badliebenzellbahnhof@48.77,8.73;badliebenzellbahnhof;44.9;83.8;98.4;22;0;7;rotation;24;RETENUE;
Allemagne;de_gtfsde;meckenbeurenkehlenbahnhof@47.68,9.55;meckenbeurenkehlenbahnhof;44.9;86.9;99.4;19;0;7;rotation;24;RETENUE;
Allemagne;de_gtfsde;hfennord@48.81,8.58;hfennord;44.9;85.7;97.8;181;0;7;rotation;24;RETENUE;
Allemagne;de_gtfsde;bobstadtbahnhof@49.66,8.45;bobstadtbahnhof;44.9;84.1;95.2;24;0;7;rotation;24;RETENUE;
Allemagne;de_gtfsde;lengerichwestfbahnhof@52.18,7.88;lengerichwestfbahnhof;44.9;74.2;96.3;51;0;7;rotation;24;RETENUE;
Norvege;no_entur;tnsbergstasjon@59.27,10.41;tnsbergstasjon;44.7;85.3;99.7;161;0;7;rotation;24;RETENUE;
Irlande;ie_nta;droghedamacbride@53.71,-6.34;droghedamacbride;44.7;80.5;81.7;24;0;7;rotation;24;RETENUE;
Pays-Bas;nl_ovapi;heino@52.43,6.22;heino;44.7;97.4;100;76;0;7;rotation;24;RETENUE;
Allemagne;de_gtfsde;waldhofbahnhof@49.53,8.48;waldhofbahnhof;44.7;86.3;95.7;21;0;7;rotation;24;RETENUE;
Allemagne;de_gtfsde;schliersee@47.74,11.86;schliersee;44.7;96.8;97.5;15;0;7;rotation;24;RETENUE;
Allemagne;de_gtfsde;babenhausenhergershausenbahnhof@49.94,8.92;babenhausenhergershausenbahnhof;44.7;86.9;93.2;22;0;7;rotation;24;RETENUE;
Allemagne;de_gtfsde;stockstadtmain@49.98,9.06;stockstadtmain;44.7;88.8;91;21;0;7;rotation;24;RETENUE;
Allemagne;de_gtfsde;ravensburgoberzellbahnhof@47.75,9.57;ravensburgoberzellbahnhof;44.7;85.9;98.1;18;0;7;rotation;24;RETENUE;
Allemagne;de_gtfsde;schnmnzachbahnhof@48.60,8.37;schnmnzachbahnhof;44.7;63.6;94.6;196;0;7;rotation;24;RETENUE;
Allemagne;de_gtfsde;rackwitzleipzig@51.44,12.38;rackwitzleipzig;44.7;93.3;87.9;19;0;7;rotation;24;RETENUE;
Allemagne;de_gtfsde;edlekronebahnhof@50.95,13.58;edlekronebahnhof;44.7;97.1;98.1;14;0;7;rotation;24;RETENUE;
France;fr_sncf;UIC87582775;Langon;44.6;91;100;10;0.71;7;rotation;24;RETENUE;
France;fr_sncf;UIC87582742;Cérons;44.6;90.7;100;12;0.71;7;rotation;24;RETENUE;
France;fr_sncf;UIC87721423;Lozanne;44.6;88.1;99.7;10;0.14;7;rotation;24;RETENUE;
Allemagne;de_gtfsde;hamburgrahlstedt@53.60,10.15;hamburgrahlstedt;44.6;92;81.5;18;0;7;rotation;24;RETENUE;
Allemagne;de_gtfsde;bhlenwerke@51.18,12.38;bhlenwerke;44.6;87.2;85.7;27;0;7;rotation;24;RETENUE;
Allemagne;de_gtfsde;coesfeldschulzentrum@51.95,7.17;coesfeldschulzentrum;44.6;80.1;96;22;0;7;rotation;24;RETENUE;
Allemagne;de_gtfsde;hilbersdorfbfmuldenhtten@50.91,13.39;hilbersdorfbfmuldenhtten;44.6;96.8;97.5;14;0;7;rotation;24;RETENUE;
Allemagne;de_gtfsde;neuenbrgsd@48.84,8.60;neuenbrgsd;44.6;84.6;98.1;165;0;7;rotation;24;RETENUE;
Allemagne;de_gtfsde;finnentropbf@51.17,7.96;finnentropbf;44.6;94.6;98.7;17;0;7;rotation;24;RETENUE;
Allemagne;de_gtfsde;apolda@51.03,11.53;apolda;44.6;74.4;87.6;40;0;7;rotation;24;RETENUE;
Allemagne;de_gtfsde;ergstebahnhof@51.42,7.58;ergstebahnhof;44.6;87.8;94.5;19;0;7;rotation;24;RETENUE;
Allemagne;de_gtfsde;hessentalbahnhof@49.10,9.77;hessentalbahnhof;44.6;90.7;99.4;22;0;7;rotation;24;RETENUE;
Allemagne;de_gtfsde;mnsterroxelbahnhof@51.95,7.53;mnsterroxelbahnhof;44.6;78.5;100;19;0;7;rotation;24;RETENUE;
Allemagne;de_gtfsde;mnstermecklenbeckbahnhof@51.92,7.58;mnstermecklenbeckbahnhof;44.6;79.8;100;20;0;7;rotation;24;RETENUE;
Allemagne;de_gtfsde;nrnbergrothenburgerstrae@49.45,11.06;nrnbergrothenburgerstrae;44.6;94.2;97.2;18;0;7;rotation;24;RETENUE;
Allemagne;de_gtfsde;egersdorf@49.46,10.89;egersdorf;44.6;67.9;97.8;28;0;7;rotation;24;RETENUE;
Allemagne;de_gtfsde;hallezoo@51.50,11.97;hallezoo;44.6;81.7;87.9;29;0;7;rotation;24;RETENUE;
France;fr_sncf;UIC87734202;Issoire;44.4;85.2;100;13;1.14;7;rotation;24;RETENUE;
France;fr_sncf;UIC87485300;Niort;44.4;92.9;100;10;0.43;7;rotation;24;RETENUE;
Pays-Bas;nl_ovapi;ruurlo@52.08,6.45;ruurlo;44.4;92.9;97.5;140;0;7;rotation;24;RETENUE;
Allemagne;de_gtfsde;weimarniederweimarbahnhof@50.76,8.73;weimarniederweimarbahnhof;44.4;76.5;89.1;43;0;7;rotation;24;RETENUE;
Allemagne;de_gtfsde;badsodensalmnsterbahnhof@50.28,9.37;badsodensalmnsterbahnhof;44.4;53.4;96;45;0;7;rotation;24;RETENUE;
Allemagne;de_gtfsde;kamenzbahnhof@51.27,14.09;kamenzbahnhof;44.4;96.5;96.9;14;0;7;rotation;24;RETENUE;
Allemagne;de_gtfsde;trossingenstadtbahnhof@48.07,8.63;trossingenstadtbahnhof;44.4;83;86.6;36;0;7;rotation;24;RETENUE;
Allemagne;de_gtfsde;mssingenbahnhof@48.40,9.05;mssingenbahnhof;44.4;60.1;85.2;49;0;7;rotation;24;RETENUE;
Allemagne;de_gtfsde;lambrechtbahnhof@49.37,8.07;lambrechtbahnhof;44.4;81.4;96.9;32;0;7;rotation;24;RETENUE;
Allemagne;de_gtfsde;beilrode@51.57,13.06;beilrode;44.4;81.7;92.8;31;0;7;rotation;24;RETENUE;
Allemagne;de_gtfsde;frthdambach@49.46,10.97;frthdambach;44.4;74.3;92.6;28;0;7;rotation;24;RETENUE;
Allemagne;de_gtfsde;neuenbrgbahnhof@48.85,8.60;neuenbrgbahnhof;44.4;84.9;97.5;158;0;7;rotation;24;RETENUE;
Allemagne;de_gtfsde;neustadthessenbahnhof@50.85,9.12;neustadthessenbahnhof;44.4;72;94.2;46;0;7;rotation;24;RETENUE;
France;fr_sncf;UIC87745646;Thonon-les-Bains;44.3;96.1;99.7;7;0.14;7;rotation;24;RETENUE;
France;fr_sncf;UIC87582700;Beautiran;44.3;90.6;99.7;10;0.71;7;rotation;24;RETENUE;
Allemagne;de_gtfsde;berlbhftherme@47.77,9.15;berlbhftherme;44.3;43.9;94.2;40;0;7;rotation;24;RETENUE;
Allemagne;de_gtfsde;neckarhausenbneckarsteinach@49.42,8.88;neckarhausenbneckarsteinach;44.3;87.1;94.5;24;0;7;rotation;24;RETENUE;
Allemagne;de_gtfsde;calmbachbahnhof@48.78,8.57;calmbachbahnhof;44.3;87.7;97.5;148;0;7;rotation;24;RETENUE;
Allemagne;de_gtfsde;buchbrunnmainstockheim@49.76,10.15;buchbrunnmainstockheim;44.3;88.7;97.2;30;0;7;rotation;24;RETENUE;
Allemagne;de_gtfsde;rottenbachbknigseebahnhof@50.69,11.17;rottenbachbknigseebahnhof;44.3;95.2;93.9;16;0;7;rotation;24;RETENUE;
Allemagne;de_gtfsde;stelle@53.39,10.11;stelle;44.3;70.3;95.7;39;0;7;rotation;24;RETENUE;
Etats-Unis;us_mta_lirr;greatriver@40.74,-73.17;greatriver;44.3;85.8;98.4;179;0;7;rotation;24;RETENUE;
France;fr_sncf;UIC87345520;Cambrai;44.1;91.3;99.4;14;0.29;7;rotation;24;RETENUE;
Allemagne;de_gtfsde;mhlstetten@49.15,11.01;mhlstetten;44.1;74.4;92.5;39;0;7;rotation;24;RETENUE;
Allemagne;de_gtfsde;weida@50.79,12.06;weida;44.1;77.3;89;40;0;7;rotation;24;RETENUE;
Allemagne;de_gtfsde;rotenbachbahnhof@48.83,8.58;rotenbachbahnhof;44.1;86.1;97.2;164;0;7;rotation;24;RETENUE;
Allemagne;de_gtfsde;ellingenbay@49.07,10.96;ellingenbay;44.1;76.4;96.3;36;0;7;rotation;24;RETENUE;
Allemagne;de_gtfsde;spaybf@50.26,7.65;spaybf;44.1;57.9;97.8;46;0;7;rotation;24;RETENUE;
Allemagne;de_gtfsde;guxhagen@51.20,9.48;guxhagen;44.1;73.5;96.6;30;0;7;rotation;24;RETENUE;
Allemagne;de_gtfsde;eggmhl@48.84,12.18;eggmhl;44.1;86.4;99.4;24;0;7;rotation;24;RETENUE;
France;fr_sncf;UIC87698274;Ecully Arrêt TCL Demi-Lune Vauboin;44;82.8;100;6;0;7;rotation;24;RETENUE;
Allemagne;de_gtfsde;ellental@48.96,9.12;ellental;44;86.4;89;32;0;7;rotation;24;RETENUE;
Allemagne;de_gtfsde;birkenfeldbahnhof@48.87,8.65;birkenfeldbahnhof;44;83.1;95.7;157;0;7;rotation;24;RETENUE;
Allemagne;de_gtfsde;bsensellbahnhof@51.91,7.49;bsensellbahnhof;44;56.2;97.5;41;0;7;rotation;24;RETENUE;
Allemagne;de_gtfsde;neuenbrgfreibad@48.84,8.59;neuenbrgfreibad;44;85.4;97.5;167;0;7;rotation;24;RETENUE;
Allemagne;de_gtfsde;jenitzanh@51.68,12.28;jenitzanh;44;91.9;95.4;18;0;7;rotation;24;RETENUE;
Allemagne;de_gtfsde;meitingen@48.55,10.85;meitingen;44;84.1;93.9;32;0;7;rotation;24;RETENUE;
France;fr_sncf;UIC87317362;Abbeville;43.9;92.5;100;11;0.29;7;rotation;24;RETENUE;
France;fr_sncf;UIC87721472;Tarare;43.9;87.9;99.4;10;0.14;7;rotation;24;RETENUE;
Allemagne;de_gtfsde;boppardhirzenachbf@50.18,7.65;boppardhirzenachbf;43.9;62.5;97.2;40;0;7;rotation;24;RETENUE;
Allemagne;de_gtfsde;niersteinbahnhof@49.87,8.34;niersteinbahnhof;43.9;85;99;25;0;7;rotation;24;RETENUE;
Allemagne;de_gtfsde;brtzingensandweg@48.89,8.66;brtzingensandweg;43.9;89.3;97.2;139;0;7;rotation;24;RETENUE;
Allemagne;de_gtfsde;klingenbergbahnhof@50.93,13.50;klingenbergbahnhof;43.9;97.4;97.2;10;0;7;rotation;24;RETENUE;
Allemagne;de_gtfsde;haltingenbahnhof@47.61,7.61;haltingenbahnhof;43.9;92.2;97.5;22;0;7;rotation;24;RETENUE;
Allemagne;de_gtfsde;malschsd@48.89,8.32;malschsd;43.9;83.1;91.6;48;0;7;rotation;24;RETENUE;
Allemagne;de_gtfsde;muggensturmbadesee@48.88,8.29;muggensturmbadesee;43.9;84;91.6;43;0;7;rotation;24;RETENUE;
Allemagne;de_gtfsde;erndtebrckbf@50.99,8.26;erndtebrckbf;43.9;77.9;92.5;28;0;7;rotation;24;RETENUE;
Allemagne;de_gtfsde;morsumsyltost@54.87,8.43;morsumsyltost;43.9;65.8;98.4;34;0;7;rotation;24;RETENUE;
Allemagne;de_gtfsde;durumelnbf@51.40,6.67;durumelnbf;43.9;87.9;99.4;21;0;7;rotation;24;RETENUE;
Etats-Unis;us_mta_mnr;newhaven@41.30,-72.93;newhaven;43.9;97.1;100;14;0;7;rotation;24;RETENUE;
France;fr_sncf;UIC87611095;Boussens;43.7;90.8;100;14;0.71;7;rotation;24;RETENUE;
Norvege;no_entur;stokkestasjon@59.22,10.30;stokkestasjon;43.7;87.3;100;152;0;7;rotation;24;RETENUE;
Irlande;ie_nta;clongriffin@53.40,-6.15;clongriffin;43.7;96.1;91.9;17;0;7;rotation;24;RETENUE;
Allemagne;de_gtfsde;brohlltzingbrohlbf@50.48,7.33;brohlltzingbrohlbf;43.7;57.2;99;46;0;7;rotation;24;RETENUE;
Allemagne;de_gtfsde;lauffenn@49.08,9.15;lauffenn;43.7;91.8;94.2;19;0;7;rotation;24;RETENUE;
Allemagne;de_gtfsde;erfurtnord@51.00,11.03;erfurtnord;43.7;93.8;96.2;19;0;7;rotation;24;RETENUE;
Allemagne;de_gtfsde;osterburkenbahnhof@49.43,9.42;osterburkenbahnhof;43.7;93.1;99;23;0;7;rotation;24;RETENUE;
Allemagne;de_gtfsde;rostockthierfelderstrae@54.08,12.10;rostockthierfelderstrae;43.7;91.8;99;15;0;7;rotation;24;RETENUE;
Allemagne;de_gtfsde;schlchternbahnhof@50.34,9.51;schlchternbahnhof;43.7;54.9;98.1;45;0;7;rotation;24;RETENUE;
Allemagne;de_gtfsde;neuenbrgeyachbrcke@48.82,8.58;neuenbrgeyachbrcke;43.7;86.3;99;165;0;7;rotation;24;RETENUE;
Allemagne;de_gtfsde;weienthurmbahnhof@50.42,7.45;weienthurmbahnhof;43.7;54.6;98.7;48;0;7;rotation;24;RETENUE;
Allemagne;de_gtfsde;affaltrach@49.14,9.38;affaltrach;43.7;78.8;89.5;188;0;7;rotation;24;RETENUE;
Allemagne;de_gtfsde;eschenaubheilbronn@49.14,9.40;eschenaubheilbronn;43.7;79.4;96.2;189;0;7;rotation;24;RETENUE;
Allemagne;de_gtfsde;dettelbachbahnhof@49.79,10.09;dettelbachbahnhof;43.7;88.2;92.4;29;0;7;rotation;24;RETENUE;
Allemagne;de_gtfsde;appelhlsenbahnhof@51.89,7.43;appelhlsenbahnhof;43.7;55.2;98.4;46;0;7;rotation;24;RETENUE;
Allemagne;de_gtfsde;rotenburgadfulda@51.00,9.73;rotenburgadfulda;43.7;73.2;93;30;0;7;rotation;24;RETENUE;
Allemagne;de_gtfsde;eilenburgost@51.46,12.67;eilenburgost;43.7;76.5;90.8;48;0;7;rotation;24;RETENUE;
France;fr_sncf;UIC87672253;Orthez;43.6;82.6;100;14;0.43;7;rotation;24;RETENUE;
Norvege;no_entur;larvikstasjon@59.05,10.03;larvikstasjon;43.6;86.6;100;165;0;7;rotation;24;RETENUE;
Allemagne;de_gtfsde;bremerhavenwulsdorf@53.51,8.61;bremerhavenwulsdorf;43.6;84.3;91;26;0;7;rotation;24;RETENUE;
Allemagne;de_gtfsde;pulsnitzbahnhof@51.19,14.01;pulsnitzbahnhof;43.6;95.7;96.2;15;0;7;rotation;24;RETENUE;
Allemagne;de_gtfsde;gommern@52.07,11.84;gommern;43.6;84.6;94.7;22;0;7;rotation;24;RETENUE;
Allemagne;de_gtfsde;agatharied@47.77,11.82;agatharied;43.6;93.4;95.9;16;0;7;rotation;24;RETENUE;
Allemagne;de_gtfsde;regensburgburgweinting@48.99,12.15;regensburgburgweinting;43.6;91.8;99;21;0;7;rotation;24;RETENUE;
Allemagne;de_gtfsde;friedlandkrgttingen@51.42,9.91;friedlandkrgttingen;43.6;92.1;88.2;16;0;7;rotation;24;RETENUE;
France;fr_sncf;UIC87192237;Rémilly;43.4;93.4;100;11;1.29;7;rotation;24;RETENUE;
Irlande;ie_nta;broombridge@53.37,-6.30;broombridge;43.4;96.1;89.4;17;0;7;rotation;24;RETENUE;
Allemagne;de_gtfsde;lichtentannebahnhof@50.70,12.42;lichtentannebahnhof;43.4;66.1;93.3;32;0;7;rotation;24;RETENUE;
Allemagne;de_gtfsde;crimmitschaubahnhof@50.81,12.39;crimmitschaubahnhof;43.4;78.6;94.7;36;0;7;rotation;24;RETENUE;
Allemagne;de_gtfsde;brtzingenwohnlichstraebus@48.88,8.65;brtzingenwohnlichstraebus;43.4;87.2;97.4;160;0;7;rotation;24;RETENUE;
Allemagne;de_gtfsde;efringenkirchenbahnhof@47.66,7.56;efringenkirchenbahnhof;43.4;92.1;96.5;21;0;7;rotation;24;RETENUE;
Allemagne;de_gtfsde;baiersbronnbahnhof@48.50,8.37;baiersbronnbahnhof;43.4;77.3;95.3;155;0;7;rotation;24;RETENUE;
Allemagne;de_gtfsde;hallewohnstadtnord@51.52,11.96;hallewohnstadtnord;43.4;81.9;98.1;30;0;7;rotation;24;RETENUE;
Pays-Bas;nl_ovapi;aalten@51.92,6.58;aalten;43.3;96.4;100;116;0;7;rotation;24;RETENUE;
Allemagne;de_gtfsde;pirmasenshauptbahnhof@49.21,7.60;pirmasenshauptbahnhof;43.3;79.2;95.9;24;0;7;rotation;24;RETENUE;
Allemagne;de_gtfsde;badsulza@51.09,11.63;badsulza;43.3;75.2;92.7;58;0;7;rotation;24;RETENUE;
Allemagne;de_gtfsde;metzingenbahnhof@48.54,9.29;metzingenbahnhof;43.3;94.7;95.3;20;0;7;rotation;24;RETENUE;
Allemagne;de_gtfsde;badoeynhausenbfzob@52.21,8.80;badoeynhausenbfzob;43.3;77.6;91.8;61;0;7;rotation;24;RETENUE;
Allemagne;de_gtfsde;klanxbll@54.86,8.68;klanxbll;43.3;74.6;99.3;33;0;7;rotation;24;RETENUE;
Allemagne;de_gtfsde;mckeflensungenmckebahnhof@50.62,9.03;mckeflensungenmckebahnhof;43.3;96.4;99.7;14;0;7;rotation;24;RETENUE;
Etats-Unis;us_mta_lirr;islip@40.74,-73.21;islip;43.3;85.8;100;179;0;7;rotation;24;RETENUE;
France;fr_sncf;UIC87682450;Champagne-sur-Seine;43.1;92.7;100;19;1.29;7;rotation;24;RETENUE;
France;fr_sncf;UIC87721266;Albigny - Neuville;43.1;93;100;9;0.14;7;rotation;24;RETENUE;
Allemagne;de_gtfsde;mainzmarienborn@49.96,8.22;mainzmarienborn;43.1;35.8;98.7;40;0;7;rotation;24;RETENUE;
Allemagne;de_gtfsde;otzberglengfeldbahnhof@49.84,8.90;otzberglengfeldbahnhof;43.1;75.2;96.5;32;0;7;rotation;24;RETENUE;
Allemagne;de_gtfsde;rlzheimfreizeitzentrum@49.15,8.28;rlzheimfreizeitzentrum;43.1;91.4;94.4;151;0;7;rotation;24;RETENUE;
Allemagne;de_gtfsde;kps@50.20,11.27;kps;43.1;95.4;96.5;11;0;7;rotation;24;RETENUE;
Etats-Unis;us_mta_lirr;oakdale@40.74,-73.13;oakdale;43.1;83.4;100;176;0;7;rotation;24;RETENUE;
France;fr_sncf;UIC87481705;Saint-Nazaire;43;83.4;99.7;17;0.57;7;rotation;23;RETENUE;
Allemagne;de_gtfsde;frankensteinbahnhof@49.44,7.97;frankensteinbahnhof;43;83.1;95.6;32;0;7;rotation;23;RETENUE;
Allemagne;de_gtfsde;mlheimkrlichbf@50.40,7.51;mlheimkrlichbf;43;57.1;95.3;47;0;7;rotation;23;RETENUE;
Allemagne;de_gtfsde;beelitzheilstttenbahnhof@52.26,12.93;beelitzheilstttenbahnhof;43;96.7;89.3;14;0;7;rotation;23;RETENUE;
Allemagne;de_gtfsde;hamminkelnmehrhoogbf@51.74,6.52;hamminkelnmehrhoogbf;43;45.8;96.5;75;0;7;rotation;23;RETENUE;
Allemagne;de_gtfsde;hasbergen@52.24,7.95;hasbergen;43;76.4;95.3;75;0;7;rotation;23;RETENUE;
France;fr_sncf;UIC87745679;Évian-les-Bains;42.9;96;100;8;0.14;7;rotation;23;RETENUE;
France;fr_sncf;UIC87141135;Blainville - Damelevières;42.9;93;99.7;9;0.29;7;rotation;23;RETENUE;
France;fr_sncf;UIC87764001;Montélimar;42.9;78.7;100;21;0.29;7;rotation;23;RETENUE;
France;fr_sncf;UIC87745596;Bons-en-Chablais;42.9;96.3;100;6;0.14;7;rotation;23;RETENUE;
France;fr_sncf;UIC87474239;Landerneau;42.9;95.7;99.7;7;0.14;7;rotation;23;RETENUE;
Allemagne;de_gtfsde;namborn@49.52,7.15;namborn;42.9;89.7;98.4;24;0;7;rotation;23;RETENUE;
Allemagne;de_gtfsde;duisburgruhrortbf@51.46,6.74;duisburgruhrortbf;42.9;76;96.2;23;0;7;rotation;23;RETENUE;
Allemagne;de_gtfsde;lindachbahnhof@49.42,9.01;lindachbahnhof;42.9;88.7;95.5;25;0;7;rotation;23;RETENUE;
Allemagne;de_gtfsde;fischbachweierbachbf@49.74,7.40;fischbachweierbachbf;42.9;79;99.7;29;0;7;rotation;23;RETENUE;
Allemagne;de_gtfsde;essenkraynordbf@51.47,7.08;essenkraynordbf;42.9;93;99.7;15;0;7;rotation;23;RETENUE;
Allemagne;de_gtfsde;krle@51.17,9.51;krle;42.9;70;97.1;35;0;7;rotation;23;RETENUE;
France;fr_sncf;UIC87478073;Dol-de-Bretagne;42.7;89.6;99.7;10;2;7;rotation;23;RETENUE;
Allemagne;de_gtfsde;ebringenfrbgbahnhof@47.96,7.77;ebringenfrbgbahnhof;42.7;91.6;95.2;19;0;7;rotation;23;RETENUE;
Allemagne;de_gtfsde;linsenhofen@48.58,9.37;linsenhofen;42.7;77.9;97.4;111;0;7;rotation;23;RETENUE;
Allemagne;de_gtfsde;kirnsulzbachbahnhof@49.76,7.44;kirnsulzbachbahnhof;42.7;76.3;98.7;27;0;7;rotation;23;RETENUE;
Allemagne;de_gtfsde;petersroda@51.57,12.29;petersroda;42.7;91;90.9;21;0;7;rotation;23;RETENUE;
Allemagne;de_gtfsde;schliengenbahnhof@47.76,7.57;schliengenbahnhof;42.6;90.9;95.8;23;0;7;rotation;23;RETENUE;
Allemagne;de_gtfsde;montabaurbf@50.44,7.83;montabaurbf;42.6;80.5;98.7;39;0;7;rotation;23;RETENUE;
Allemagne;de_gtfsde;calmbachsd@48.77,8.57;calmbachsd;42.6;87.6;98;126;0;7;rotation;23;RETENUE;
Allemagne;de_gtfsde;mosbachbahnhof@49.35,9.14;mosbachbahnhof;42.6;91.3;94.6;19;0;7;rotation;23;RETENUE;
Allemagne;de_gtfsde;guntersblumbahnhof@49.79,8.35;guntersblumbahnhof;42.6;84.2;97.1;26;0;7;rotation;23;RETENUE;
Allemagne;de_gtfsde;bramschehase@52.41,7.97;bramschehase;42.6;73.5;90;25;0;7;rotation;23;RETENUE;
Allemagne;de_gtfsde;osthofenbahnhof@49.71,8.33;osthofenbahnhof;42.6;79.5;96.4;25;0;7;rotation;23;RETENUE;
Allemagne;de_gtfsde;ashausen@53.37,10.15;ashausen;42.6;71.5;97.1;43;0;7;rotation;23;RETENUE;
Allemagne;de_gtfsde;baalberge@51.76,11.78;baalberge;42.4;71.7;94.9;31;0;7;rotation;23;RETENUE;
Allemagne;de_gtfsde;badwildbaduhlandplatz@48.75,8.55;badwildbaduhlandplatz;42.4;89.2;98.7;117;0;7;rotation;23;RETENUE;
Allemagne;de_gtfsde;eichenzellbahnhof@50.49,9.69;eichenzellbahnhof;42.4;94.9;99;15;0;7;rotation;23;RETENUE;
Allemagne;de_gtfsde;hofeld@49.51,7.16;hofeld;42.4;88.6;97.1;25;0;7;rotation;23;RETENUE;
Allemagne;de_gtfsde;dreieichdreieichenhainbahnhof@50.00,8.71;dreieichdreieichenhainbahnhof;42.4;93.3;85.1;17;0;7;rotation;23;RETENUE;
Allemagne;de_gtfsde;osterburg@52.79,11.76;osterburg;42.4;88.9;91.7;16;0;7;rotation;23;RETENUE;
Allemagne;de_gtfsde;sanderslebenanh@51.68,11.56;sanderslebenanh;42.4;70;95.2;36;0;7;rotation;23;RETENUE;
Allemagne;de_gtfsde;zotzenbachbahnhof@49.61,8.75;zotzenbachbahnhof;42.4;80.1;92.5;17;0;7;rotation;23;RETENUE;
Allemagne;de_gtfsde;baltersweiler@49.49,7.17;baltersweiler;42.3;89.5;98;21;0;7;rotation;23;RETENUE;
Allemagne;de_gtfsde;badnenndorfbahnhof@52.34,9.38;badnenndorfbahnhof;42.3;82.8;90.5;22;0;7;rotation;23;RETENUE;
Allemagne;de_gtfsde;heufeld@47.87,11.97;heufeld;42.3;74;90.5;29;0;7;rotation;23;RETENUE;
Allemagne;de_gtfsde;reeshaldernbf@51.77,6.46;reeshaldernbf;42.3;44.9;98.3;75;0;7;rotation;23;RETENUE;
Australie;au_translink_seq;deagonstation@-27.33,153.06;deagonstation;42.3;92.9;94;121;0;7;rotation;23;RETENUE;
France;fr_sncf;UIC87574319;Onzain - Chaumont-sur-Loire;42.1;88.1;100;14;2.14;7;rotation;23;RETENUE;
Allemagne;de_gtfsde;hermsdorfklosterlausnitz@50.90,11.86;hermsdorfklosterlausnitz;42.1;76.9;89.7;31;0;7;rotation;23;RETENUE;
Allemagne;de_gtfsde;werneuchenbahnhof@52.64,13.74;werneuchenbahnhof;42.1;96.3;99;19;0;7;rotation;23;RETENUE;
Allemagne;de_gtfsde;bermatingenahausenbahnhof@47.73,9.35;bermatingenahausenbahnhof;42.1;35.3;93.9;39;0;7;rotation;23;RETENUE;
Allemagne;de_gtfsde;melsungenrhrenfurth@51.15,9.55;melsungenrhrenfurth;42.1;73.2;93.7;33;0;7;rotation;23;RETENUE;
Australie;au_translink_seq;woodridgestation@-27.64,153.10;woodridgestation;42.1;93.2;100;89;0;7;rotation;23;RETENUE;
France;fr_sncf;UIC87615252;Gaillac;42;79.6;100;15;1.29;7;rotation;23;RETENUE;
Allemagne;de_gtfsde;borkheidebahnhof@52.23,12.85;borkheidebahnhof;42;97.3;88;14;0;7;rotation;23;RETENUE;
Allemagne;de_gtfsde;bernried@47.86,11.28;bernried;42;62.9;99;24;0;7;rotation;23;RETENUE;
Allemagne;de_gtfsde;dreieichoffenthalbahnhof@49.98,8.75;dreieichoffenthalbahnhof;42;95.9;87;14;0;7;rotation;23;RETENUE;
Allemagne;de_gtfsde;neckarsteinachbahnhof@49.40,8.84;neckarsteinachbahnhof;42;86.7;94.8;26;0;7;rotation;23;RETENUE;
Allemagne;de_gtfsde;broistedtbahnhof@52.20,10.32;broistedtbahnhof;42;78.6;96.4;27;0;7;rotation;23;RETENUE;
Allemagne;de_gtfsde;dahlensachs@51.35,12.98;dahlensachs;42;76.2;95.1;35;0;7;rotation;23;RETENUE;
Allemagne;de_gtfsde;sinzigbadbodendorfbf@50.56,7.22;sinzigbadbodendorfbf;42;95.6;82.6;15;0;7;rotation;23;RETENUE;
Allemagne;de_gtfsde;westerham@47.90,11.83;westerham;42;71.8;93.6;28;0;7;rotation;23;RETENUE;
Allemagne;de_gtfsde;germersheimsdnolte@49.21,8.37;germersheimsdnolte;42;92.2;98.3;105;0;7;rotation;23;RETENUE;
Allemagne;de_gtfsde;glanerbrug@52.22,6.97;glanerbrug;42;95.2;98;17;0;7;rotation;23;RETENUE;
Australie;au_translink_seq;kipparingstation@-27.23,153.08;kipparingstation;42;96.6;98;40;0;7;rotation;23;RETENUE;
France;fr_sncf;UIC87611152;Montréjeau - Gourdan-Polignan;41.9;88.4;99.3;15;0.57;7;rotation;23;RETENUE;
France;fr_sncf;UIC87444299;Bernay;41.9;93.2;100;8;0;7;rotation;23;RETENUE;
France;fr_sncf;UIC87741223;Saint-Pierre-d'Albigny;41.9;89.4;99.7;13;0.29;7;rotation;23;RETENUE;
France;fr_sncf;UIC87746115;Albens;41.9;86.3;99;13;0.43;7;rotation;23;RETENUE;
Allemagne;de_gtfsde;nenzingenbahnhof@47.84,8.96;nenzingenbahnhof;41.9;95.9;94.8;11;0;7;rotation;23;RETENUE;
Allemagne;de_gtfsde;walhausensaar@49.56,7.13;walhausensaar;41.9;90.1;98.7;25;0;7;rotation;23;RETENUE;
Allemagne;de_gtfsde;badwildbadnord@48.76,8.56;badwildbadnord;41.9;88.1;95.4;115;0;7;rotation;23;RETENUE;
Allemagne;de_gtfsde;zwingenbergbdbahnhof@49.42,9.04;zwingenbergbdbahnhof;41.9;88.7;94.8;25;0;7;rotation;23;RETENUE;
Allemagne;de_gtfsde;raguhn@51.71,12.27;raguhn;41.9;89.4;92.1;19;0;7;rotation;23;RETENUE;
Allemagne;de_gtfsde;reichersbeuern@47.77,11.64;reichersbeuern;41.9;91.5;88.5;19;0;7;rotation;23;RETENUE;
Allemagne;de_gtfsde;rangsdorfbahnhof@52.29,13.43;rangsdorfbahnhof;41.9;88.7;96.7;20;0;7;rotation;23;RETENUE;
France;fr_sncf;UIC87184523;Montbéliard;41.7;92.8;100;12;1.29;7;rotation;23;RETENUE;
France;fr_sncf;UIC87141101;Varangéville - Saint-Nicolas;41.7;94.9;100;9;0.29;7;rotation;23;RETENUE;
Allemagne;de_gtfsde;wahlwiesbahnhof@47.81,8.97;wahlwiesbahnhof;41.7;96.6;90.7;13;0;7;rotation;23;RETENUE;
Allemagne;de_gtfsde;mhltalniederramstadtmhltalbahnhof@49.83,8.70;mhltalniederramstadtmhltalbahnhof;41.7;72.9;98;36;0;7;rotation;23;RETENUE;
Allemagne;de_gtfsde;uhlerbornbahnhof@50.01,8.14;uhlerbornbahnhof;41.7;68.8;98;46;0;7;rotation;23;RETENUE;
Allemagne;de_gtfsde;pulsnitzhaltepunktsd@51.18,14.01;pulsnitzhaltepunktsd;41.7;95.5;97.3;15;0;7;rotation;23;RETENUE;
Allemagne;de_gtfsde;eisenhttenstadtbahnhof@52.15,14.66;eisenhttenstadtbahnhof;41.7;93.8;95.1;20;0;7;rotation;23;RETENUE;
Allemagne;de_gtfsde;altenahrbf@50.52,6.99;altenahrbf;41.7;96.9;94.5;15;0;7;rotation;23;RETENUE;
Allemagne;de_gtfsde;btzowbahnhof@53.84,12.00;btzowbahnhof;41.7;87.3;86.4;25;0;7;rotation;23;RETENUE;
Allemagne;de_gtfsde;ottensoos@49.51,11.34;ottensoos;41.7;88;97.7;16;0;7;rotation;23;RETENUE;
Allemagne;de_gtfsde;jesewitzleipzig@51.42,12.55;jesewitzleipzig;41.7;77.1;97.3;34;0;7;rotation;23;RETENUE;
Allemagne;de_gtfsde;bisennestadtbahnhof@51.94,8.57;bisennestadtbahnhof;41.7;85.3;95.1;23;0;7;rotation;23;RETENUE;
Allemagne;de_gtfsde;gelsenkirchenrotthausen@51.49,7.09;gelsenkirchenrotthausen;41.7;79.1;96.1;17;0;7;rotation;23;RETENUE;
Allemagne;de_gtfsde;bretzfeld@49.17,9.44;bretzfeld;41.7;78.8;94.5;185;0;7;rotation;23;RETENUE;
Allemagne;de_gtfsde;kirchensiegfreusburgsiedlungbf@50.82,7.90;kirchensiegfreusburgsiedlungbf;41.7;83.2;91;31;0;7;rotation;23;RETENUE;
France;fr_sncf;UIC87574343;Amboise;41.6;86.6;100;15;2.14;7;rotation;23;RETENUE;
France;fr_sncf;UIC87184507;Héricourt;41.6;92.8;100;15;1.29;7;rotation;23;RETENUE;
Allemagne;de_gtfsde;darching@47.87,11.78;darching;41.6;94.2;93.6;15;0;7;rotation;23;RETENUE;
Allemagne;de_gtfsde;neuhofbahnhof@50.45,9.62;neuhofbahnhof;41.6;67.4;96;41;0;7;rotation;23;RETENUE;
Allemagne;de_gtfsde;lohrbahnhof@50.00,9.58;lohrbahnhof;41.6;77;96.4;34;0;7;rotation;23;RETENUE;
Allemagne;de_gtfsde;stade@53.60,9.48;stade;41.6;78.7;98.6;27;0;7;rotation;23;RETENUE;
Allemagne;de_gtfsde;sandekrfriesland@53.49,8.03;sandekrfriesland;41.6;94.8;96;20;0;7;rotation;23;RETENUE;
France;fr_sncf;UIC87584516;Coutras;41.4;93.8;100;14;0.29;7;rotation;23;RETENUE;
Allemagne;de_gtfsde;weidenthalbahnhof@49.42,7.99;weidenthalbahnhof;41.4;82.4;94.2;30;0;7;rotation;23;RETENUE;
Allemagne;de_gtfsde;reesmillingenbfhauptstrae@51.81,6.40;reesmillingenbfhauptstrae;41.4;42.8;97.6;87;0;7;rotation;23;RETENUE;
Allemagne;de_gtfsde;oppenheimbahnhof@49.86,8.36;oppenheimbahnhof;41.4;85.2;97;25;0;7;rotation;23;RETENUE;
Allemagne;de_gtfsde;leipzigknauthain@51.28,12.31;leipzigknauthain;41.4;77.2;90.6;37;0;7;rotation;23;RETENUE;
Allemagne;de_gtfsde;ibbenbrenbahnhof@52.28,7.72;ibbenbrenbahnhof;41.4;92.1;94.8;46;0;7;rotation;23;RETENUE;
Allemagne;de_gtfsde;karlsruhewestbahnhof@49.00,8.36;karlsruhewestbahnhof;41.4;90.7;93.2;50;0;7;rotation;23;RETENUE;
Allemagne;de_gtfsde;melsungen@51.13,9.55;melsungen;41.4;71.4;95.4;33;0;7;rotation;23;RETENUE;
Allemagne;de_gtfsde;badkstritz@50.93,12.03;badkstritz;41.4;75.9;91.5;37;0;7;rotation;23;RETENUE;
Allemagne;de_gtfsde;krippenbahnhof@50.91,14.16;krippenbahnhof;41.4;82.8;96.7;26;0;7;rotation;23;RETENUE;
Pays-Bas;nl_ovapi;mantgum@53.13,5.71;mantgum;41.3;97.9;100;85;0;7;rotation;23;RETENUE;
Allemagne;de_gtfsde;bingengaulsheim@49.97,7.95;bingengaulsheim;41.3;72;95.7;40;0;7;rotation;23;RETENUE;
Allemagne;de_gtfsde;schney@50.17,11.07;schney;41.3;89.6;98.3;20;0;7;rotation;23;RETENUE;
Allemagne;de_gtfsde;bellheimammhlbuckel@49.19,8.30;bellheimammhlbuckel;41.3;92.7;100;142;0;7;rotation;23;RETENUE;
Allemagne;de_gtfsde;creidlitz@50.23,10.98;creidlitz;41.3;95.8;99;15;0;7;rotation;23;RETENUE;
Allemagne;de_gtfsde;radbruch@53.32,10.29;radbruch;41.3;68.9;98;42;0;7;rotation;23;RETENUE;
Norvege;no_entur;skoppumstasjon@59.39,10.41;skoppumstasjon;41.1;78.8;100;154;0;7;rotation;22;RETENUE;
Norvege;no_entur;holmestrandstasjon@59.49,10.31;holmestrandstasjon;41.1;76.7;100;191;0;7;rotation;22;RETENUE;
Norvege;no_entur;granstasjon@60.36,10.57;granstasjon;41.1;86.5;100;182;0;7;rotation;22;RETENUE;
Norvege;no_entur;sandestasjon@59.59,10.20;sandestasjon;41.1;72.6;100;193;0;7;rotation;22;RETENUE;
Norvege;no_entur;lunnerstasjon@60.30,10.58;lunnerstasjon;41.1;88.9;100;155;0;7;rotation;22;RETENUE;
Norvege;no_entur;gruastasjon@60.26,10.66;gruastasjon;41.1;90.6;100;178;0;7;rotation;22;RETENUE;
Norvege;no_entur;harestuastasjon@60.21,10.72;harestuastasjon;41.1;87.2;100;168;0;7;rotation;22;RETENUE;
Pays-Bas;nl_ovapi;rijssen@52.31,6.52;rijssen;41.1;97.9;99.3;86;0;7;rotation;22;RETENUE;
Allemagne;de_gtfsde;kreuzaueifelstrae@50.74,6.49;kreuzaueifelstrae;41.1;97.9;91.7;9;0;7;rotation;22;RETENUE;
Allemagne;de_gtfsde;frickenhausenkelterstr@48.59,9.36;frickenhausenkelterstr;41.1;76.7;98.3;82;0;7;rotation;22;RETENUE;
Allemagne;de_gtfsde;felsberggensungen@51.13,9.44;felsberggensungen;41.1;83.3;94.1;30;0;7;rotation;22;RETENUE;
Allemagne;de_gtfsde;marke@51.74,12.26;marke;41.1;90.6;93.8;19;0;7;rotation;22;RETENUE;
Allemagne;de_gtfsde;frthwestvorstadt@49.47,10.97;frthwestvorstadt;41.1;71.2;88.9;26;0;7;rotation;22;RETENUE;
Allemagne;de_gtfsde;grnbergbahnhof@50.60,8.96;grnbergbahnhof;41.1;95.1;93.5;15;0;7;rotation;22;RETENUE;
Allemagne;de_gtfsde;moselbahnhof@50.78,12.48;moselbahnhof;41.1;95.8;92.6;11;0;7;rotation;22;RETENUE;
France;fr_sncf;UIC87295857;Le Quesnoy;41;89.9;100;15;0.43;7;rotation;22;RETENUE;
France;fr_sncf;UIC87765107;Orange;41;83.6;100;15;0.29;7;rotation;22;RETENUE;
Allemagne;de_gtfsde;oerlenbach@50.14,10.13;oerlenbach;41;94.4;87.5;14;0;7;rotation;22;RETENUE;
Allemagne;de_gtfsde;dollbergenbahnhof@52.42,10.18;dollbergenbahnhof;41;93.7;95.7;16;0;7;rotation;22;RETENUE;
Allemagne;de_gtfsde;neidenfelsbahnhof@49.39,8.05;neidenfelsbahnhof;41;81.9;95.3;33;0;7;rotation;22;RETENUE;
Allemagne;de_gtfsde;kreuzstrae@47.92,11.76;kreuzstrae;41;73.2;92.3;26;0;7;rotation;22;RETENUE;
Allemagne;de_gtfsde;gummersbachdieringhausenbf@50.99,7.54;gummersbachdieringhausenbf;41;63.8;95.3;32;0;7;rotation;22;RETENUE;
Allemagne;de_gtfsde;uhldingenmhlhofenbahnhof@47.74,9.25;uhldingenmhlhofenbahnhof;41;42.9;91.4;40;0;7;rotation;22;RETENUE;
Allemagne;de_gtfsde;allersbergrothsee@49.26,11.21;allersbergrothsee;40.9;79.4;99.7;32;0;7;rotation;22;RETENUE;
Allemagne;de_gtfsde;neckarbischofsheimnordbhf@49.31,8.94;neckarbischofsheimnordbhf;40.9;96.5;89.9;13;0;7;rotation;22;RETENUE;
Allemagne;de_gtfsde;lauchhammerbahnhof@51.47,13.74;lauchhammerbahnhof;40.9;94.8;96.9;16;0;7;rotation;22;RETENUE;
Allemagne;de_gtfsde;happurg@49.50,11.47;happurg;40.9;88.1;97.6;19;0;7;rotation;22;RETENUE;
Allemagne;de_gtfsde;nagoldstadtmittebf@48.55,8.73;nagoldstadtmittebf;40.9;85.3;94.4;23;0;7;rotation;22;RETENUE;
Allemagne;de_gtfsde;grabenneudorfnord@49.18,8.49;grabenneudorfnord;40.9;87.8;98.3;18;0;7;rotation;22;RETENUE;
Allemagne;de_gtfsde;pforzheimweienstein@48.87,8.68;pforzheimweienstein;40.9;82.9;96;21;0;7;rotation;22;RETENUE;
Allemagne;de_gtfsde;hamburgtonndorf@53.59,10.12;hamburgtonndorf;40.9;94.8;84.1;16;0;7;rotation;22;RETENUE;
France;fr_sncf;UIC87751529;L'Ariane La Trinité;40.7;87.4;100;9;1.71;7;rotation;22;RETENUE;
Norvege;no_entur;torpstasjon@59.17,10.27;torpstasjon;40.7;86.7;100;152;0;7;rotation;22;RETENUE;
Allemagne;de_gtfsde;bellenbergbahnhof@48.25,10.09;bellenbergbahnhof;40.7;78.9;97.6;29;0;7;rotation;22;RETENUE;
Allemagne;de_gtfsde;leerostfriesl@53.23,7.47;leerostfriesl;40.7;71.2;95.6;37;0;7;rotation;22;RETENUE;
Allemagne;de_gtfsde;langenlonsheimbahnhof@49.90,7.90;langenlonsheimbahnhof;40.7;95.4;95;16;0;7;rotation;22;RETENUE;
Allemagne;de_gtfsde;sipplingenbahnhof@47.80,9.10;sipplingenbahnhof;40.7;48.1;95.3;40;0;7;rotation;22;RETENUE;
Allemagne;de_gtfsde;monbachneuhausen@48.80,8.73;monbachneuhausen;40.7;81.4;94.7;22;0;7;rotation;22;RETENUE;
Allemagne;de_gtfsde;mrlenbachbahnhof@49.60,8.73;mrlenbachbahnhof;40.7;76.1;96.3;21;0;7;rotation;22;RETENUE;
Allemagne;de_gtfsde;sierksdorf@54.07,10.77;sierksdorf;40.7;93;86.4;16;0;7;rotation;22;RETENUE;
France;fr_sncf;UIC87313270;Saint-Just-en-Chaussée;40.6;89.8;100;12;0.86;7;rotation;22;RETENUE;
Norvege;no_entur;jarenstasjon@60.39,10.56;jarenstasjon;40.6;95.1;98.6;110;0;7;rotation;22;RETENUE;
Allemagne;de_gtfsde;dienheimbahnhof@49.84,8.36;dienheimbahnhof;40.6;84.9;96.6;24;0;7;rotation;22;RETENUE;
Allemagne;de_gtfsde;karlsruhemhlburg@49.01,8.35;karlsruhemhlburg;40.6;90.1;93.4;53;0;7;rotation;22;RETENUE;
Allemagne;de_gtfsde;badwildbadkurpark@48.75,8.55;badwildbadkurpark;40.6;89.1;98.6;112;0;7;rotation;22;RETENUE;
Australie;au_translink_seq;salisburystation@-27.55,153.02;salisburystation;40.6;96.5;98.3;93;0;7;rotation;22;RETENUE;
Australie;au_translink_seq;domesticairportstation@-27.38,153.12;domesticairportstation;40.6;96.1;94;100;0;7;rotation;22;RETENUE;
Australie;au_translink_seq;fairfieldstation@-27.51,153.03;fairfieldstation;40.6;94;97.3;132;0;7;rotation;22;RETENUE;
France;fr_sncf;UIC87394296;Nogent-le-Rotrou;40.4;91.2;100;14;0.29;7;rotation;22;RETENUE;
France;fr_sncf;UIC87615310;Lisle-sur-Tarn;40.4;80.6;99.3;17;1.29;7;rotation;22;RETENUE;
Allemagne;de_gtfsde;mainzwaggonfabrik@50.01,8.23;mainzwaggonfabrik;40.4;40.3;98.3;40;0;7;rotation;22;RETENUE;
Allemagne;de_gtfsde;andernachnamedybf@50.46,7.36;andernachnamedybf;40.4;54.4;90.1;46;0;7;rotation;22;RETENUE;
Allemagne;de_gtfsde;mllnlauenb@53.62,10.68;mllnlauenb;40.4;71.4;96.6;23;0;7;rotation;22;RETENUE;
Allemagne;de_gtfsde;nackenheimbahnhof@49.92,8.34;nackenheimbahnhof;40.4;83.4;95.9;23;0;7;rotation;22;RETENUE;
Allemagne;de_gtfsde;neustadtamrbenberge@52.50,9.46;neustadtamrbenberge;40.4;64.3;96.3;48;0;7;rotation;22;RETENUE;
Allemagne;de_gtfsde;koblenzltzelbf@50.37,7.59;koblenzltzelbf;40.4;62.9;91.3;42;0;7;rotation;22;RETENUE;
Allemagne;de_gtfsde;heufeldmhle@47.88,11.93;heufeldmhle;40.4;70.3;89.3;25;0;7;rotation;22;RETENUE;
Allemagne;de_gtfsde;ludwigslustbahnhof@53.33,11.49;ludwigslustbahnhof;40.4;88.7;98.6;25;0;7;rotation;22;RETENUE;
Allemagne;de_gtfsde;windeckschladernbf@50.81,7.59;windeckschladernbf;40.4;79.2;93.1;31;0;7;rotation;22;RETENUE;
Allemagne;de_gtfsde;olsbergbahnhof@51.36,8.48;olsbergbahnhof;40.4;90.8;96.6;15;0;7;rotation;22;RETENUE;
Allemagne;de_gtfsde;reisenbahnhof@49.58,8.72;reisenbahnhof;40.4;77.4;92.2;20;0;7;rotation;22;RETENUE;
Pays-Bas;nl_ovapi;lichtenvoordegroenlo@52.01,6.60;lichtenvoordegroenlo;40.3;94;100;124;0;7;rotation;22;RETENUE;
Allemagne;de_gtfsde;koserow@54.05,14.00;koserow;40.3;91.1;96.9;18;0;7;rotation;22;RETENUE;
Allemagne;de_gtfsde;arnstadtsd@50.83,10.96;arnstadtsd;40.3;94;85.2;14;0;7;rotation;22;RETENUE;
Allemagne;de_gtfsde;harsdorf@50.03,11.57;harsdorf;40.3;93.6;99.3;18;0;7;rotation;22;RETENUE;
Allemagne;de_gtfsde;neckargemndaltstadt@49.39,8.80;neckargemndaltstadt;40.3;87.6;94.3;27;0;7;rotation;22;RETENUE;
Allemagne;de_gtfsde;spaichingenbahnhof@48.07,8.74;spaichingenbahnhof;40.3;68.4;89.8;46;0;7;rotation;22;RETENUE;
Allemagne;de_gtfsde;brakelbahnhof@51.71,9.18;brakelbahnhof;40.3;68.8;94.6;24;0;7;rotation;22;RETENUE;
Allemagne;de_gtfsde;eygelshovenmarkt@50.90,6.06;eygelshovenmarkt;40.3;97.9;92.2;10;0;7;rotation;22;RETENUE;
Etats-Unis;us_mta_mnr;glenbrook@41.07,-73.52;glenbrook;40.3;95.7;100;15;0;7;rotation;22;RETENUE;
Allemagne;de_gtfsde;hausham@47.75,11.84;hausham;40.1;93.6;91.2;17;0;7;rotation;22;RETENUE;
Allemagne;de_gtfsde;wangenbahnhof@47.69,9.83;wangenbahnhof;40.1;75.4;95.3;25;0;7;rotation;22;RETENUE;
Allemagne;de_gtfsde;nordwaldebahnhof@52.08,7.46;nordwaldebahnhof;40.1;75.8;94.6;19;0;7;rotation;22;RETENUE;
Allemagne;de_gtfsde;burgmagdeburg@52.27,11.84;burgmagdeburg;40.1;76.9;96.9;27;0;7;rotation;22;RETENUE;
Allemagne;de_gtfsde;rheinzabernrappengasse@49.11,8.27;rheinzabernrappengasse;40.1;91.1;98.3;146;0;7;rotation;22;RETENUE;
Allemagne;de_gtfsde;oberhausenosterfeldsdbf@51.50,6.88;oberhausenosterfeldsdbf;40.1;48.4;98.3;53;0;7;rotation;22;RETENUE;
Allemagne;de_gtfsde;ludwigshafenbodenseebahnhof@47.82,9.05;ludwigshafenbodenseebahnhof;40.1;49.5;96.6;44;0;7;rotation;22;RETENUE;
Allemagne;de_gtfsde;doberschtz@51.49,12.75;doberschtz;40.1;71.5;85.4;48;0;7;rotation;22;RETENUE;
Allemagne;de_gtfsde;bodenfelde@51.64,9.56;bodenfelde;40.1;87.9;94;21;0;7;rotation;22;RETENUE;
Allemagne;de_gtfsde;duisburgtrompetbf@51.41,6.67;duisburgtrompetbf;40.1;83.3;95.3;23;0;7;rotation;22;RETENUE;
Allemagne;de_gtfsde;wrthzgelstr@49.05,8.26;wrthzgelstr;40.1;90;99.3;138;0;7;rotation;22;RETENUE;
Etats-Unis;us_mta_lirr;malverne@40.68,-73.67;malverne;40.1;94.3;100;177;0;7;rotation;22;RETENUE;
France;fr_sncf;UIC87590299;Nice Pont Michel;40;87.9;100;9;1.71;7;rotation;22;RETENUE;
France;fr_sncf;UIC87756767;La Trinité Victor;40;87.5;100;9;1.71;7;rotation;22;RETENUE;
Allemagne;de_gtfsde;laubenheimbahnhof@49.96,8.31;laubenheimbahnhof;40;85.4;95.6;24;0;7;rotation;22;RETENUE;
Allemagne;de_gtfsde;elzachbahnhof@48.17,8.07;elzachbahnhof;40;86.1;98.6;29;0;7;rotation;22;RETENUE;
Allemagne;de_gtfsde;westerstettenbahnhof@48.52,9.95;westerstettenbahnhof;40;91.1;96.2;20;0;7;rotation;22;RETENUE;
Allemagne;de_gtfsde;drenkuhbrcke@50.78,6.49;drenkuhbrcke;40;97.9;87.8;11;0;7;rotation;22;RETENUE;
Allemagne;de_gtfsde;mettenheimbahnhof@49.74,8.33;mettenheimbahnhof;40;81.8;95.9;27;0;7;rotation;22;RETENUE;
France;fr_sncf;UIC87755629;Hyères;39.9;93.5;100;6;0.14;7;rotation;22;RETENUE;
Allemagne;de_gtfsde;seeshaupt@47.82,11.29;seeshaupt;39.9;59.9;96.9;27;0;7;rotation;22;RETENUE;
Allemagne;de_gtfsde;quierschied@49.32,7.06;quierschied;39.9;92.8;97.6;18;0;7;rotation;22;RETENUE;
Allemagne;de_gtfsde;mainzgonsenheimbahnhof@50.00,8.21;mainzgonsenheimbahnhof;39.9;38.7;95.5;41;0;7;rotation;22;RETENUE;
Allemagne;de_gtfsde;tauberbischofsheimbahnhof@49.62,9.66;tauberbischofsheimbahnhof;39.9;91;99.6;22;0;7;rotation;22;RETENUE;
Allemagne;de_gtfsde;hirsaubahnhof@48.73,8.74;hirsaubahnhof;39.9;81.4;93.6;22;0;7;rotation;22;RETENUE;
Allemagne;de_gtfsde;frickenhausen@48.60,9.36;frickenhausen;39.9;77.4;97.6;66;0;7;rotation;22;RETENUE;
Allemagne;de_gtfsde;bennemhlen@52.58,9.73;bennemhlen;39.9;88.9;95.9;23;0;7;rotation;22;RETENUE;
Allemagne;de_gtfsde;hannoverbahnhofledeburg@52.41,9.69;hannoverbahnhofledeburg;39.9;71.7;88;27;0;7;rotation;22;RETENUE;
Allemagne;de_gtfsde;immensenarpkebahnhof@52.39,10.08;immensenarpkebahnhof;39.9;92.5;97.2;19;0;7;rotation;22;RETENUE;
Allemagne;de_gtfsde;steinauanderstraebahnhof@50.31,9.44;steinauanderstraebahnhof;39.9;52;97.2;43;0;7;rotation;22;RETENUE;
Allemagne;de_gtfsde;maschen@53.40,10.07;maschen;39.9;65.9;94.3;41;0;7;rotation;22;RETENUE;
France;fr_sncf;UIC87276329;Pont-Sainte-Maxence;39.7;90.3;99.6;9;0.57;7;rotation;22;RETENUE;
France;fr_sncf;UIC87745620;Perrignier;39.7;96.8;100;9;0.14;7;rotation;22;RETENUE;
France;fr_sncf;UIC87756775;Drap - Cantaron;39.7;87.4;100;10;1.71;7;rotation;22;RETENUE;
Allemagne;de_gtfsde;khren@51.35,12.83;khren;39.7;75.2;97.2;35;0;7;rotation;22;RETENUE;
Allemagne;de_gtfsde;markdorfbahnhof@47.72,9.39;markdorfbahnhof;39.7;38.1;88.8;41;0;7;rotation;22;RETENUE;
Allemagne;de_gtfsde;georgensgmnd@49.18,11.02;georgensgmnd;39.7;75.5;97.9;40;0;7;rotation;22;RETENUE;
Allemagne;de_gtfsde;jatznickbahnhof@53.60,13.94;jatznickbahnhof;39.7;78.4;93.9;31;0;7;rotation;22;RETENUE;
Allemagne;de_gtfsde;offenburgkreisschulzentrum@48.46,7.96;offenburgkreisschulzentrum;39.7;96;88.3;20;0;7;rotation;22;RETENUE;
Allemagne;de_gtfsde;weselfeldmarkbf@51.68,6.62;weselfeldmarkbf;39.7;49.3;98.6;61;0;7;rotation;22;RETENUE;
Allemagne;de_gtfsde;groumstadtkleinumstadtbahnhof@49.90,8.94;groumstadtkleinumstadtbahnhof;39.7;93.2;97.9;17;0;7;rotation;22;RETENUE;
Allemagne;de_gtfsde;dorfen@48.27,12.16;dorfen;39.7;60.8;96.9;31;0;7;rotation;22;RETENUE;
Allemagne;de_gtfsde;hagenwesterbauerbf@51.34,7.40;hagenwesterbauerbf;39.7;83.1;97.9;27;0;7;rotation;22;RETENUE;
France;fr_sncf;UIC87745588;Machilly;39.6;97.8;100;6;0.14;7;rotation;22;RETENUE;
Norvege;no_entur;roastasjon@60.28,10.62;roastasjon;39.6;88.8;96.2;171;0;7;rotation;22;RETENUE;
Allemagne;de_gtfsde;genthin@52.40,12.16;genthin;39.6;76.9;97.9;26;0;7;rotation;22;RETENUE;
Allemagne;de_gtfsde;norheimbahnhof@49.81,7.81;norheimbahnhof;39.6;70.4;98.9;36;0;7;rotation;22;RETENUE;
Allemagne;de_gtfsde;vilseck@49.62,11.80;vilseck;39.6;66.8;98.6;37;0;7;rotation;22;RETENUE;
Allemagne;de_gtfsde;dessausd@51.80,12.24;dessausd;39.6;90.3;97.9;19;0;7;rotation;22;RETENUE;
Allemagne;de_gtfsde;rheinsheimbahnhof@49.23,8.42;rheinsheimbahnhof;39.6;85.2;97.2;19;0;7;rotation;22;RETENUE;
Allemagne;de_gtfsde;nrtingenrodorf@48.61,9.35;nrtingenrodorf;39.6;76.9;98.6;68;0;7;rotation;22;RETENUE;
Allemagne;de_gtfsde;drenannakirmesplatzbus@50.80,6.47;drenannakirmesplatzbus;39.6;97.8;97.2;11;0;7;rotation;22;RETENUE;
Allemagne;de_gtfsde;kaulsdorfsaale@50.61,11.43;kaulsdorfsaale;39.6;95.3;91.1;18;0;7;rotation;22;RETENUE;
Allemagne;de_gtfsde;regen@48.97,13.14;regen;39.6;94.6;97.9;13;0;7;rotation;22;RETENUE;
Allemagne;de_gtfsde;oberrothenbachbahnhof@50.76,12.48;oberrothenbachbahnhof;39.6;96.4;100;11;0;7;rotation;22;RETENUE;
Allemagne;de_gtfsde;kutzenhausen@48.33,10.70;kutzenhausen;39.6;89.2;95.2;22;0;7;rotation;22;RETENUE;
Allemagne;de_gtfsde;haldensleben@52.29,11.41;haldensleben;39.6;78;93;24;0;7;rotation;22;RETENUE;
Allemagne;de_gtfsde;engelskirchenbf@50.99,7.41;engelskirchenbf;39.6;52;96.9;30;0;7;rotation;22;RETENUE;
France;fr_sncf;UIC87753681;Saint-Martin-de-Crau;39.4;90.2;100;12;0;7;rotation;22;RETENUE;
France;fr_sncf;UIC87313304;Clermont de l'Oise;39.4;90.2;100;10;0.86;7;rotation;22;RETENUE;
Allemagne;de_gtfsde;hoheneggelsenbahnhof@52.20,10.20;hoheneggelsenbahnhof;39.4;82.2;95.2;23;0;7;rotation;22;RETENUE;
Allemagne;de_gtfsde;woltwieschebahnhof@52.20,10.28;woltwieschebahnhof;39.4;81.5;93.9;21;0;7;rotation;22;RETENUE;
Allemagne;de_gtfsde;vhringenbahnhof@48.28,10.08;vhringenbahnhof;39.4;76.8;94.5;31;0;7;rotation;22;RETENUE;
Allemagne;de_gtfsde;alsheimbahnhof@49.77,8.34;alsheimbahnhof;39.4;81.9;96.2;26;0;7;rotation;22;RETENUE;
Allemagne;de_gtfsde;stendalhochschule@52.62,11.85;stendalhochschule;39.4;86.6;92;17;0;7;rotation;22;RETENUE;
Allemagne;de_gtfsde;heimenkirch@47.63,9.90;heimenkirch;39.4;63.8;99.3;26;0;7;rotation;22;RETENUE;
Allemagne;de_gtfsde;nidderaueichennidderaueichenbahnhof@50.26,8.92;nidderaueichennidderaueichenbahnhof;39.4;92.8;99.3;21;0;7;rotation;22;RETENUE;
Allemagne;de_gtfsde;enkenbachbahnhof@49.49,7.90;enkenbachbahnhof;39.4;84.4;99.3;21;0;7;rotation;22;RETENUE;
Allemagne;de_gtfsde;windeckherchenbf@50.77,7.52;windeckherchenbf;39.4;77.9;94.8;28;0;7;rotation;22;RETENUE;
Allemagne;de_gtfsde;schmilkahphirschmhle@50.89,14.23;schmilkahphirschmhle;39.4;84.8;95.8;25;0;7;rotation;22;RETENUE;
Allemagne;de_gtfsde;kasselamweinberg@51.31,9.49;kasselamweinberg;39.4;84.1;98.9;34;0;7;rotation;22;RETENUE;
Allemagne;de_gtfsde;camburgsaale@51.05,11.70;camburgsaale;39.4;92.8;89;43;0;7;rotation;22;RETENUE;
Allemagne;de_gtfsde;biwindelsbleichebahnhof@51.96,8.53;biwindelsbleichebahnhof;39.4;86.2;95.5;20;0;7;rotation;22;RETENUE;
Allemagne;de_gtfsde;rimbachschulzentrumbf@49.62,8.75;rimbachschulzentrumbf;39.4;80.1;93.9;19;0;7;rotation;22;RETENUE;
Etats-Unis;us_mta_mnr;springdale@41.09,-73.52;springdale;39.4;96;98.9;15;0;7;rotation;22;RETENUE;
France;fr_sncf;UIC87746339;Bonneville;39.3;95.3;99.6;5;0.57;7;rotation;21;RETENUE;
Norvege;no_entur;dalestasjon@60.59,5.82;dalestasjon;39.3;93.5;100;101;0;7;rotation;21;RETENUE;
Norvege;no_entur;darbustasjon@59.70,9.80;darbustasjon;39.3;81.1;100;177;0;7;rotation;21;RETENUE;
Norvege;no_entur;vestfossenstasjon@59.73,9.87;vestfossenstasjon;39.3;80;100;162;0;7;rotation;21;RETENUE;
Allemagne;de_gtfsde;kleinwallstadt@49.87,9.17;kleinwallstadt;39.3;93.8;95.2;15;0;7;rotation;21;RETENUE;
Allemagne;de_gtfsde;emmerichbahnhof@51.83,6.25;emmerichbahnhof;39.3;56;93.5;60;0;7;rotation;21;RETENUE;
Allemagne;de_gtfsde;michendorfbahnhof@52.32,13.03;michendorfbahnhof;39.3;95.6;84.6;14;0;7;rotation;21;RETENUE;
Allemagne;de_gtfsde;baarebenhausen@48.67,11.46;baarebenhausen;39.3;71.3;97.2;35;0;7;rotation;21;RETENUE;
Allemagne;de_gtfsde;heigenbrcken@50.02,9.38;heigenbrcken;39.3;74.5;96.8;30;0;7;rotation;21;RETENUE;
Allemagne;de_gtfsde;kellmnzbahnhof@48.12,10.12;kellmnzbahnhof;39.3;83.3;97.2;28;0;7;rotation;21;RETENUE;
Allemagne;de_gtfsde;weienhornbahnhof@48.31,10.15;weienhornbahnhof;39.3;93.1;98.9;13;0;7;rotation;21;RETENUE;
Allemagne;de_gtfsde;smmerda@51.17,11.13;smmerda;39.3;83.6;88.7;39;0;7;rotation;21;RETENUE;
Allemagne;de_gtfsde;wolgastbahnhof@54.04,13.77;wolgastbahnhof;39.3;92.4;98.6;15;0;7;rotation;21;RETENUE;
Allemagne;de_gtfsde;fischbachcamphausen@49.30,7.03;fischbachcamphausen;39.1;90.5;95.5;14;0;7;rotation;21;RETENUE;
Allemagne;de_gtfsde;freiburgherdernbahnhof@48.01,7.85;freiburgherdernbahnhof;39.1;90.9;93.5;30;0;7;rotation;21;RETENUE;
Allemagne;de_gtfsde;leiferdegifhornbahnhof@52.46,10.43;leiferdegifhornbahnhof;39.1;90.1;99.3;23;0;7;rotation;21;RETENUE;
Allemagne;de_gtfsde;plessabahnhof@51.47,13.62;plessabahnhof;39.1;94.2;92.3;18;0;7;rotation;21;RETENUE;
Allemagne;de_gtfsde;friedrichshafenlandratsamt@47.66,9.45;friedrichshafenlandratsamt;39.1;39.4;94.2;29;0;7;rotation;21;RETENUE;
Allemagne;de_gtfsde;martinsteinbahnhof@49.80,7.54;martinsteinbahnhof;39.1;76.6;99.6;30;0;7;rotation;21;RETENUE;
Allemagne;de_gtfsde;mainleus@50.10,11.38;mainleus;39.1;92.7;98.9;18;0;7;rotation;21;RETENUE;
Allemagne;de_gtfsde;ockenheimbahnhof@49.95,7.97;ockenheimbahnhof;39.1;66.8;97.9;36;0;7;rotation;21;RETENUE;
Etats-Unis;us_mta_lirr;westhempstead@40.70,-73.64;westhempstead;39.1;94.2;100;156;0;7;rotation;21;RETENUE;
France;fr_sncf;UIC87142000;Chaumont;39;91.9;100;12;0.43;7;rotation;21;RETENUE;
Pays-Bas;nl_ovapi;dsseldorfhbf@51.22,6.79;dsseldorfhbf;39;89;99.6;48;0;7;rotation;21;RETENUE;
Allemagne;de_gtfsde;merchweiler@49.36,7.07;merchweiler;39;91.2;93.5;15;0;7;rotation;21;RETENUE;
Allemagne;de_gtfsde;scheeel@53.17,9.50;scheeel;39;64.5;97.2;44;0;7;rotation;21;RETENUE;
Allemagne;de_gtfsde;bernburgroschwitz@51.78,11.76;bernburgroschwitz;39;69.6;96.5;31;0;7;rotation;21;RETENUE;
Allemagne;de_gtfsde;wahlitz@52.11,11.79;wahlitz;39;85;97.8;20;0;7;rotation;21;RETENUE;
Allemagne;de_gtfsde;gsenbgenthin@52.33,11.98;gsenbgenthin;39;71.8;95.1;27;0;7;rotation;21;RETENUE;
Allemagne;de_gtfsde;dedenhausenbahnhof@52.43,10.24;dedenhausenbahnhof;39;93.4;97.8;17;0;7;rotation;21;RETENUE;
Allemagne;de_gtfsde;klevebahnhof@51.79,6.15;klevebahnhof;39;54.6;84.5;41;0;7;rotation;21;RETENUE;
Allemagne;de_gtfsde;huttenheim@49.20,8.47;huttenheim;39;84.6;98.2;19;0;7;rotation;21;RETENUE;
Allemagne;de_gtfsde;unterreichenbachbahnhof@48.83,8.71;unterreichenbachbahnhof;39;83.2;91.3;22;0;7;rotation;21;RETENUE;
Allemagne;de_gtfsde;hasselrothniedermittlaubahnhof@50.18,9.11;hasselrothniedermittlaubahnhof;39;70.3;99.3;41;0;7;rotation;21;RETENUE;
Allemagne;de_gtfsde;greifswald@54.09,13.37;greifswald;39;79.9;95.1;32;0;7;rotation;21;RETENUE;
Allemagne;de_gtfsde;bardowick@53.29,10.37;bardowick;39;71.4;96.8;37;0;7;rotation;21;RETENUE;
France;fr_sncf;UIC87116137;Longueville;38.9;91.5;100;21;0.14;7;rotation;21;RETENUE;
France;fr_sncf;UIC87484337;La Possonnière;38.9;92.3;100;10;0.57;7;rotation;21;RETENUE;
France;fr_sncf;UIC87763607;Briançon;38.9;91.9;100;11;0.14;7;rotation;21;RETENUE;
France;fr_sncf;UIC87718833;Mouchard;38.9;93.8;100;9;0.29;7;rotation;21;RETENUE;
Norvege;no_entur;varingskollenstasjon@60.11,10.85;varingskollenstasjon;38.9;93;100;129;0;7;rotation;21;RETENUE;
Norvege;no_entur;nebystasjon@60.09,10.86;nebystasjon;38.9;96;100;131;0;7;rotation;21;RETENUE;
Norvege;no_entur;tyenstasjon@59.92,10.78;tyenstasjon;38.9;94.1;100;137;0;7;rotation;21;RETENUE;
Allemagne;de_gtfsde;norsingenbahnhof@47.94,7.73;norsingenbahnhof;38.9;93;93.5;21;0;7;rotation;21;RETENUE;
Allemagne;de_gtfsde;barleben@52.21,11.62;barleben;38.9;74.3;98.6;28;0;7;rotation;21;RETENUE;
Allemagne;de_gtfsde;bodenheimbahnhof@49.93,8.31;bodenheimbahnhof;38.9;83.8;95.4;25;0;7;rotation;21;RETENUE;
Allemagne;de_gtfsde;eichstedtaltm@52.67,11.85;eichstedtaltm;38.9;82.7;96.8;17;0;7;rotation;21;RETENUE;
Allemagne;de_gtfsde;fnmanzellbahnhof@47.66,9.43;fnmanzellbahnhof;38.9;41.9;96.8;34;0;7;rotation;21;RETENUE;
Allemagne;de_gtfsde;seebadheringsdorf@53.95,14.17;seebadheringsdorf;38.9;93.8;88.9;17;0;7;rotation;21;RETENUE;
Allemagne;de_gtfsde;botvonderortbf@51.50,6.91;botvonderortbf;38.9;53.3;95.8;52;0;7;rotation;21;RETENUE;
Norvege;no_entur;kongsbergstasjon@59.67,9.65;kongsbergstasjon;38.7;86.7;98.5;132;0;7;rotation;21;RETENUE;
Norvege;no_entur;fredrikstadstasjon@59.21,10.95;fredrikstadstasjon;38.7;76.8;99.3;184;0;7;rotation;21;RETENUE;
Irlande;ie_nta;ashtown@53.38,-6.33;ashtown;38.7;91.1;93.8;21;0;7;rotation;21;RETENUE;
Pays-Bas;nl_ovapi;wolfheze@52.01,5.79;wolfheze;38.7;95.6;97.5;105;0;7;rotation;21;RETENUE;
Allemagne;de_gtfsde;lentfhrden@53.88,9.89;lentfhrden;38.7;85.6;90.3;20;0;7;rotation;21;RETENUE;
Allemagne;de_gtfsde;gatersleben@51.83,11.29;gatersleben;38.7;57.6;96.8;45;0;7;rotation;21;RETENUE;
Allemagne;de_gtfsde;mgodenkirchenbf@51.14,6.45;mgodenkirchenbf;38.7;79.3;88.6;25;0;7;rotation;21;RETENUE;
Allemagne;de_gtfsde;obergries@47.71,11.56;obergries;38.7;92.6;88.9;17;0;7;rotation;21;RETENUE;
Allemagne;de_gtfsde;hannoverbahnhofvinnhorst@52.42,9.71;hannoverbahnhofvinnhorst;38.7;67.9;88.3;31;0;7;rotation;21;RETENUE;
Allemagne;de_gtfsde;gaiach@47.74,11.58;gaiach;38.7;93.4;91.2;13;0;7;rotation;21;RETENUE;
Allemagne;de_gtfsde;urspringbahnhof@48.55,9.89;urspringbahnhof;38.7;88.2;97.8;25;0;7;rotation;21;RETENUE;
Allemagne;de_gtfsde;amstettenbahnhof@48.58,9.87;amstettenbahnhof;38.7;90.8;95.8;20;0;7;rotation;21;RETENUE;
Allemagne;de_gtfsde;badabbach@48.92,11.99;badabbach;38.7;86;98.5;20;0;7;rotation;21;RETENUE;
Allemagne;de_gtfsde;alarwerdorfbahnhof@50.59,8.42;alarwerdorfbahnhof;38.7;77.1;96.8;29;0;7;rotation;21;RETENUE;
Allemagne;de_gtfsde;schneckkilianstdtenbahnhof@50.20,8.84;schneckkilianstdtenbahnhof;38.7;90;97.1;20;0;7;rotation;21;RETENUE;
Allemagne;de_gtfsde;erbachodwbahnhof@49.66,8.99;erbachodwbahnhof;38.7;89.7;99.6;21;0;7;rotation;21;RETENUE;
Allemagne;de_gtfsde;bitzfeld@49.19,9.45;bitzfeld;38.7;80.4;91.6;171;0;7;rotation;21;RETENUE;
Allemagne;de_gtfsde;eiserfeldbf@50.85,7.99;eiserfeldbf;38.7;84.5;95.1;27;0;7;rotation;21;RETENUE;
Irlande;ie_nta;coolmine@53.38,-6.39;coolmine;38.6;84.8;92.5;20;0;7;rotation;21;RETENUE;
Allemagne;de_gtfsde;keitum@54.89,8.37;keitum;38.6;69.6;91.5;32;0;7;rotation;21;RETENUE;
Allemagne;de_gtfsde;dausenau@50.33,7.76;dausenau;38.6;87;95.7;27;0;7;rotation;21;RETENUE;
Allemagne;de_gtfsde;altenstadtbahnhof@50.28,8.94;altenstadtbahnhof;38.6;93.3;93.4;18;0;7;rotation;21;RETENUE;
Allemagne;de_gtfsde;lauenbrck@53.20,9.56;lauenbrck;38.6;66.3;96.8;42;0;7;rotation;21;RETENUE;
Allemagne;de_gtfsde;hinrichssegen@47.87,11.95;hinrichssegen;38.6;72.2;85.4;27;0;7;rotation;21;RETENUE;
Allemagne;de_gtfsde;buldernbahnhof@51.86,7.37;buldernbahnhof;38.6;51.1;91.5;40;0;7;rotation;21;RETENUE;
Allemagne;de_gtfsde;altenbergebahnhof@52.05,7.48;altenbergebahnhof;38.6;80;95.1;19;0;7;rotation;21;RETENUE;
Allemagne;de_gtfsde;langenhagenpferdemarkt@52.45,9.74;langenhagenpferdemarkt;38.6;71.1;91.8;33;0;7;rotation;21;RETENUE;
France;fr_sncf;UIC87615039;Castelnaudary;38.4;82.5;99.6;14;0.57;7;rotation;21;RETENUE;
Norvege;no_entur;gulskogenstasjon@59.74,10.16;gulskogenstasjon;38.4;77.3;97.8;178;0;7;rotation;21;RETENUE;
Pays-Bas;nl_ovapi;holten@52.28,6.42;holten;38.4;97.8;100;81;0;7;rotation;21;RETENUE;
Allemagne;de_gtfsde;bindlach@49.98,11.60;bindlach;38.4;94.4;98.5;18;0;7;rotation;21;RETENUE;
Allemagne;de_gtfsde;wildbergbahnhof@48.63,8.74;wildbergbahnhof;38.4;88.1;93.1;18;0;7;rotation;21;RETENUE;
Allemagne;de_gtfsde;wasseralfbahnhof@48.86,10.10;wasseralfbahnhof;38.4;72.5;92.1;30;0;7;rotation;21;RETENUE;
Allemagne;de_gtfsde;parkentin@54.08,11.98;parkentin;38.4;86.6;94.1;16;0;7;rotation;21;RETENUE;
Allemagne;de_gtfsde;dabendorfbahnhof@52.24,13.44;dabendorfbahnhof;38.4;86.6;97.8;26;0;7;rotation;21;RETENUE;
Allemagne;de_gtfsde;bisennebahnhof@51.97,8.52;bisennebahnhof;38.4;88.5;94.7;20;0;7;rotation;21;RETENUE;
France;fr_sncf;UIC87615054;Bram;38.3;83.6;100;15;0.57;7;rotation;21;RETENUE;
Allemagne;de_gtfsde;steinpleishaltepunkt@50.71,12.39;steinpleishaltepunkt;38.3;65.7;86.7;34;0;7;rotation;21;RETENUE;
Allemagne;de_gtfsde;gtzbahnhof@52.41,12.73;gtzbahnhof;38.3;80.2;97.5;27;0;7;rotation;21;RETENUE;
Allemagne;de_gtfsde;sinnbahnhof@50.65,8.33;sinnbahnhof;38.3;79.9;94.7;29;0;7;rotation;21;RETENUE;
France;fr_sncf;UIC87485227;Surgères;38.1;92.5;100;10;0.43;7;rotation;21;RETENUE;
Norvege;no_entur;hamarstasjon@60.79,11.08;hamarstasjon;38.1;73;99.6;125;0;7;rotation;21;RETENUE;
Norvege;no_entur;hakadalstasjon@60.12,10.83;hakadalstasjon;38.1;94.8;98.2;142;0;7;rotation;21;RETENUE;
Norvege;no_entur;skarnesstasjon@60.25,11.68;skarnesstasjon;38.1;60.3;99.3;210;0;7;rotation;21;RETENUE;
Allemagne;de_gtfsde;rodenbachmkkbahnhof@50.15,9.01;rodenbachmkkbahnhof;38.1;67;96.7;41;0;7;rotation;21;RETENUE;
Allemagne;de_gtfsde;hanauwolfgangbahnhof@50.12,8.96;hanauwolfgangbahnhof;38.1;67.8;97.1;38;0;7;rotation;21;RETENUE;
Allemagne;de_gtfsde;haigersechsheldenbahnhof@50.75,8.25;haigersechsheldenbahnhof;38.1;91;92.1;22;0;7;rotation;21;RETENUE;
Allemagne;de_gtfsde;hrpolding@47.96,12.57;hrpolding;38.1;95.1;93;13;0;7;rotation;21;RETENUE;
Allemagne;de_gtfsde;laubenheimnahebahnhof@49.92,7.90;laubenheimnahebahnhof;38.1;94.8;95.4;16;0;7;rotation;21;RETENUE;
Allemagne;de_gtfsde;walheim@49.01,9.15;walheim;38.1;90.3;87.5;17;0;7;rotation;21;RETENUE;
Allemagne;de_gtfsde;bielefeldbrakebahnhof@52.07,8.61;bielefeldbrakebahnhof;38.1;86.9;86.4;57;0;7;rotation;21;RETENUE;
Allemagne;de_gtfsde;balingenbahnhofbusbf@48.28,8.85;balingenbahnhofbusbf;38.1;56.9;84.2;54;0;7;rotation;21;RETENUE;
Allemagne;de_gtfsde;groenaspe@53.98,9.97;groenaspe;38.1;88;90.5;21;0;7;rotation;21;RETENUE;
Allemagne;de_gtfsde;haspelmoor@48.22,11.10;haspelmoor;38.1;85.8;93.7;20;0;7;rotation;21;RETENUE;
Allemagne;de_gtfsde;boostedt@54.02,10.02;boostedt;38.1;88.4;94.3;19;0;7;rotation;21;RETENUE;
Allemagne;de_gtfsde;hochstettenbahnhof@49.80,7.51;hochstettenbahnhof;38.1;74.5;99.3;31;0;7;rotation;21;RETENUE;
Allemagne;de_gtfsde;wnsdorfwaldstadtbahnhof@52.17,13.47;wnsdorfwaldstadtbahnhof;38.1;88;97.8;22;0;7;rotation;21;RETENUE;
Allemagne;de_gtfsde;bremenklinikumbremennordbeckedorf@53.19,8.60;bremenklinikumbremennordbeckedorf;38.1;89.5;91.8;21;0;7;rotation;21;RETENUE;
Allemagne;de_gtfsde;zwickauplbitzerbahnhof@50.74,12.48;zwickauplbitzerbahnhof;38.1;96.6;99.3;14;0;7;rotation;21;RETENUE;
Allemagne;de_gtfsde;mnnerstadt@50.25,10.19;mnnerstadt;38.1;92.1;91.4;19;0;7;rotation;21;RETENUE;
Allemagne;de_gtfsde;michelstadtbahnhof@49.69,9.00;michelstadtbahnhof;38.1;86.9;99.3;23;0;7;rotation;21;RETENUE;
Allemagne;de_gtfsde;alarbahnhof@50.59,8.46;alarbahnhof;38.1;79.8;93.7;28;0;7;rotation;21;RETENUE;
Allemagne;de_gtfsde;timmendorferstrand@53.99,10.76;timmendorferstrand;38.1;93.6;96;16;0;7;rotation;21;RETENUE;
France;fr_sncf;UIC87471508;Vitré;38;93.6;100;9;0.29;7;rotation;21;RETENUE;
France;fr_sncf;UIC87141044;Toul;38;93.2;99.6;10;0.29;7;rotation;21;RETENUE;
Irlande;ie_nta;portmarnock@53.42,-6.15;portmarnock;38;90.6;91.4;17;0;7;rotation;21;RETENUE;
Pays-Bas;nl_ovapi;dalen@52.69,6.76;dalen;38;96.2;99.6;88;0;7;rotation;21;RETENUE;
Allemagne;de_gtfsde;lauenburgelbe@53.37,10.57;lauenburgelbe;38;64.3;95.3;28;0;7;rotation;21;RETENUE;
Allemagne;de_gtfsde;marktoberdorf@47.78,10.61;marktoberdorf;38;77.1;92.7;29;0;7;rotation;21;RETENUE;
Allemagne;de_gtfsde;gerlenhofenbahnhof@48.35,10.04;gerlenhofenbahnhof;38;87.6;91.7;23;0;7;rotation;21;RETENUE;
Allemagne;de_gtfsde;badneustadtsaale@50.33,10.23;badneustadtsaale;38;92.5;84.7;17;0;7;rotation;21;RETENUE;
Allemagne;de_gtfsde;penzberg@47.75,11.37;penzberg;38;55.6;96.7;26;0;7;rotation;21;RETENUE;
Allemagne;de_gtfsde;lispenhausen@50.99,9.77;lispenhausen;38;74.8;98.2;28;0;7;rotation;21;RETENUE;
Allemagne;de_gtfsde;zwenkaugrodalzig@51.21,12.27;zwenkaugrodalzig;38;75.6;89.3;34;0;7;rotation;21;RETENUE;
Allemagne;de_gtfsde;nudorfbahnhof@47.75,9.19;nudorfbahnhof;38;41;94.7;41;0;7;rotation;21;RETENUE;
Allemagne;de_gtfsde;riedlingenzobbahnhof@48.15,9.48;riedlingenzobbahnhof;38;36.8;98.2;40;0;7;rotation;21;RETENUE;
Etats-Unis;us_mta_lirr;lakeview@40.69,-73.65;lakeview;38;91.4;99.6;170;0;7;rotation;21;RETENUE;
France;fr_sncf;UIC87491209;Saint-Mariens - Saint-Yzan;37.9;94;100;6;0.43;7;rotation;21;RETENUE;
France;fr_sncf;UIC87725622;Tournus;37.9;85.7;100;15;0;7;rotation;21;RETENUE;
Allemagne;de_gtfsde;crossenort@50.97,11.98;crossenort;37.9;75.1;86.9;37;0;7;rotation;21;RETENUE;
Allemagne;de_gtfsde;puschendorf@49.52,10.83;puschendorf;37.9;84.9;97.4;27;0;7;rotation;21;RETENUE;
Allemagne;de_gtfsde;martinszellallgu@47.63,10.27;martinszellallgu;37.9;70.6;98.5;24;0;7;rotation;21;RETENUE;
Allemagne;de_gtfsde;mnsteralbachtenbahnhof@51.91,7.53;mnsteralbachtenbahnhof;37.9;55.5;95.3;37;0;7;rotation;21;RETENUE;
Allemagne;de_gtfsde;ludwigsaufriedlos@50.90,9.74;ludwigsaufriedlos;37.9;81.9;94.3;28;0;7;rotation;21;RETENUE;
Allemagne;de_gtfsde;miesbach@47.79,11.83;miesbach;37.9;93.6;92;19;0;7;rotation;21;RETENUE;
Allemagne;de_gtfsde;fornsbach@48.98,9.64;fornsbach;37.9;83.8;98.9;15;0;7;rotation;21;RETENUE;
Allemagne;de_gtfsde;rdental@50.29,11.03;rdental;37.9;93.6;97.1;15;0;7;rotation;21;RETENUE;
Allemagne;de_gtfsde;kehlbahnhof@48.58,7.81;kehlbahnhof;37.9;94.3;93;39;0;7;rotation;21;RETENUE;
Etats-Unis;us_mta_lirr;hempsteadgardens@40.69,-73.65;hempsteadgardens;37.9;89.1;100;161;0;7;rotation;21;RETENUE;
France;fr_sncf;UIC87612002;Labège Innopole;37.7;84.5;99.6;12;0.57;7;rotation;21;RETENUE;
France;fr_sncf;UIC87755611;La Crau;37.7;94.7;100;7;0.14;7;rotation;21;RETENUE;
Norvege;no_entur;mjndalenstasjon@59.75,10.01;mjndalenstasjon;37.7;77.7;96;183;0;7;rotation;21;RETENUE;
Pays-Bas;nl_ovapi;gramsbergen@52.61,6.68;gramsbergen;37.7;97.7;100;104;0;7;rotation;21;RETENUE;
Allemagne;de_gtfsde;strullendorf@49.85,10.96;strullendorf;37.7;95.8;99.2;14;0;7;rotation;21;RETENUE;
Allemagne;de_gtfsde;buggingenbahnhof@47.85,7.63;buggingenbahnhof;37.7;91.7;93;19;0;7;rotation;21;RETENUE;
Allemagne;de_gtfsde;eppelsheimbahnhof@49.70,8.16;eppelsheimbahnhof;37.7;43.9;95.3;41;0;7;rotation;21;RETENUE;
Allemagne;de_gtfsde;monzingenbahnhof@49.79,7.59;monzingenbahnhof;37.7;76.5;99.2;33;0;7;rotation;21;RETENUE;
Allemagne;de_gtfsde;kufstein@47.58,12.17;kufstein;37.7;89.4;98.5;22;0;7;rotation;21;RETENUE;
Allemagne;de_gtfsde;schwindegg@48.27,12.25;schwindegg;37.7;64;97.8;26;0;7;rotation;21;RETENUE;
Allemagne;de_gtfsde;rtbahnhof@48.56,8.40;rtbahnhof;37.7;66.3;98.1;188;0;7;rotation;21;RETENUE;
Allemagne;de_gtfsde;badschussenriedbahnhof@47.99,9.67;badschussenriedbahnhof;37.7;54.9;95.3;34;0;7;rotation;21;RETENUE;
France;fr_sncf;UIC87741074;Culoz;37.6;84;99.6;12;0;7;rotation;21;RETENUE;
Norvege;no_entur;stangestasjon@60.72,11.19;stangestasjon;37.6;56.7;100;202;0;7;rotation;21;RETENUE;
Norvege;no_entur;tangenstasjon@60.62,11.27;tangenstasjon;37.6;58.2;100;183;0;7;rotation;21;RETENUE;
Norvege;no_entur;sarpsborgstasjon@59.29,11.12;sarpsborgstasjon;37.6;80.6;99.2;155;0;7;rotation;21;RETENUE;
Norvege;no_entur;rdestasjon@59.35,10.87;rdestasjon;37.6;80.2;99.2;170;0;7;rotation;21;RETENUE;
Pays-Bas;nl_ovapi;zevenbergen@51.64,4.61;zevenbergen;37.6;96.6;100;76;0;7;rotation;21;RETENUE;
Allemagne;de_gtfsde;fnfischbachbahnhof@47.67,9.42;fnfischbachbahnhof;37.6;34.6;94.6;35;0;7;rotation;21;RETENUE;
Allemagne;de_gtfsde;seybothenreuth@49.89,11.71;seybothenreuth;37.6;84.8;99.6;22;0;7;rotation;21;RETENUE;
Allemagne;de_gtfsde;badenbadenhaueneberstein@48.81,8.21;badenbadenhaueneberstein;37.6;90.1;94.6;101;0;7;rotation;21;RETENUE;
Allemagne;de_gtfsde;quintbahnhof@49.83,6.70;quintbahnhof;37.6;81.7;97.4;30;0;7;rotation;21;RETENUE;
Allemagne;de_gtfsde;wstenbrandbahnhof@50.81,12.76;wstenbrandbahnhof;37.6;97.7;93.6;13;0;7;rotation;21;RETENUE;
Allemagne;de_gtfsde;chemnitzbfmitte@50.83,12.91;chemnitzbfmitte;37.6;97.3;99.6;14;0;7;rotation;21;RETENUE;
Allemagne;de_gtfsde;lebach@49.41,6.91;lebach;37.6;92;96;13;0;7;rotation;21;RETENUE;
Allemagne;de_gtfsde;goldbeckosterburg@52.72,11.86;goldbeckosterburg;37.6;82.9;95.3;17;0;7;rotation;21;RETENUE;
Allemagne;de_gtfsde;unterheckenhofen@49.21,11.06;unterheckenhofen;37.6;72.6;97.4;41;0;7;rotation;21;RETENUE;
Allemagne;de_gtfsde;kasselbahnhofoberzwehren@51.28,9.45;kasselbahnhofoberzwehren;37.6;84.8;97.4;26;0;7;rotation;21;RETENUE;
Allemagne;de_gtfsde;bettmannsge@49.00,13.19;bettmannsge;37.6;94.3;100;13;0;7;rotation;21;RETENUE;
Allemagne;de_gtfsde;gevelsberghbf@51.32,7.34;gevelsberghbf;37.6;82.9;97.4;27;0;7;rotation;21;RETENUE;
Norvege;no_entur;ryggestasjon@59.38,10.75;ryggestasjon;37.4;82.4;98.9;136;0;7;rotation;20;RETENUE;
Allemagne;de_gtfsde;hhnichenbahnhof@51.36,14.86;hhnichenbahnhof;37.4;77.9;98.1;20;0;7;rotation;20;RETENUE;
Allemagne;de_gtfsde;badbramstedtkurhaus@53.90,9.89;badbramstedtkurhaus;37.4;86.3;92.3;20;0;7;rotation;20;RETENUE;
Allemagne;de_gtfsde;aschebergbahnhof@51.78,7.60;aschebergbahnhof;37.4;53.1;96;120;0;7;rotation;20;RETENUE;
Allemagne;de_gtfsde;ingolstadtaudi@48.79,11.41;ingolstadtaudi;37.4;80.2;98.1;29;0;7;rotation;20;RETENUE;
Allemagne;de_gtfsde;badendorf@47.91,12.30;badendorf;37.4;61.5;96;41;0;7;rotation;20;RETENUE;
Allemagne;de_gtfsde;genderkingen@48.70,10.89;genderkingen;37.4;81.3;96.7;25;0;7;rotation;20;RETENUE;
Allemagne;de_gtfsde;veitshchheim@49.83,9.88;veitshchheim;37.4;93.5;96;14;0;7;rotation;20;RETENUE;
Allemagne;de_gtfsde;hchstodwhetschbachbahnhof@49.81,8.98;hchstodwhetschbachbahnhof;37.4;87.8;97.8;29;0;7;rotation;20;RETENUE;
Allemagne;de_gtfsde;badaibling@47.86,12.00;badaibling;37.4;71.8;92.3;25;0;7;rotation;20;RETENUE;
Allemagne;de_gtfsde;ohofbahnhof@52.45,10.32;ohofbahnhof;37.4;91.6;95.6;18;0;7;rotation;20;RETENUE;
Allemagne;de_gtfsde;marktbibart@49.65,10.43;marktbibart;37.4;86.3;99.2;27;0;7;rotation;20;RETENUE;
Allemagne;de_gtfsde;althegnenberg@48.24,11.06;althegnenberg;37.4;88.2;91;21;0;7;rotation;20;RETENUE;
Allemagne;de_gtfsde;hagenheubingbf@51.35,7.42;hagenheubingbf;37.4;84.7;95.3;27;0;7;rotation;20;RETENUE;
Etats-Unis;us_mta_lirr;westwood@40.67,-73.68;westwood;37.4;95;98.9;162;0;7;rotation;20;RETENUE;
Australie;au_translink_seq;trinderparkstation@-27.63,153.10;trinderparkstation;37.4;94.3;99.2;92;0;7;rotation;20;RETENUE;
France;fr_sncf;UIC87764308;Pierrelatte;37.3;80.8;98.9;16;0.29;7;rotation;20;RETENUE;
Irlande;ie_nta;parkwestandcherryorchard@53.33,-6.38;parkwestandcherryorchard;37.3;95.4;92.9;30;0;7;rotation;20;RETENUE;
Allemagne;de_gtfsde;jchenhochneukirchbf@51.10,6.47;jchenhochneukirchbf;37.3;77;90.6;23;0;7;rotation;20;RETENUE;
Allemagne;de_gtfsde;knittlingenkleinvillars@48.99,8.74;knittlingenkleinvillars;37.3;96.6;98.5;13;0;7;rotation;20;RETENUE;
Allemagne;de_gtfsde;kirchheimn@49.04,9.15;kirchheimn;37.3;91.6;90;15;0;7;rotation;20;RETENUE;
Allemagne;de_gtfsde;halternamseesythenbf@51.77,7.23;halternamseesythenbf;37.3;55.6;90.9;38;0;7;rotation;20;RETENUE;
Allemagne;de_gtfsde;erlaubahnhof@51.01,12.94;erlaubahnhof;37.3;84.3;98.5;24;0;7;rotation;20;RETENUE;
Allemagne;de_gtfsde;hagenrummenohlbf@51.28,7.53;hagenrummenohlbf;37.3;52.5;98.1;26;0;7;rotation;20;RETENUE;
Allemagne;de_gtfsde;coburgnord@50.27,10.96;coburgnord;37.3;96.2;94.9;13;0;7;rotation;20;RETENUE;
Allemagne;de_gtfsde;kodersdorfbahnhof@51.26,14.92;kodersdorfbahnhof;37.3;78.9;98.1;19;0;7;rotation;20;RETENUE;
Allemagne;de_gtfsde;grfenroda@50.76,10.83;grfenroda;37.3;93.5;96.7;14;0;7;rotation;20;RETENUE;
Allemagne;de_gtfsde;pommernmosel@50.17,7.27;pommernmosel;37.3;85.8;94.6;23;0;7;rotation;20;RETENUE;
France;fr_sncf;UIC80253914;Sarrebruck;37.1;87.7;100;10;0.43;7;rotation;20;RETENUE;
France;fr_sncf;UIC87574160;Beaugency;37.1;89.6;100;15;2.57;7;rotation;20;RETENUE;
France;fr_sncf;UIC87611723;Baziège;37.1;83.8;100;13;0.57;7;rotation;20;RETENUE;
France;fr_sncf;UIC87615013;Villefranche-de-Lauragais;37.1;84.2;99.6;14;0.57;7;rotation;20;RETENUE;
Pays-Bas;nl_ovapi;winterswijkwest@51.97,6.70;winterswijkwest;37.1;93.1;99.6;91;0;7;rotation;20;RETENUE;
Allemagne;de_gtfsde;baunatalrengershausenbahnhof@51.26,9.47;baunatalrengershausenbahnhof;37.1;80.4;98.9;24;0;7;rotation;20;RETENUE;
Allemagne;de_gtfsde;wusterwitzbahnhof@52.39,12.37;wusterwitzbahnhof;37.1;76.9;98.1;24;0;7;rotation;20;RETENUE;
Allemagne;de_gtfsde;beimerstettenbahnhof@48.48,9.98;beimerstettenbahnhof;37.1;90;96.3;19;0;7;rotation;20;RETENUE;
Allemagne;de_gtfsde;hchstodwmmlinggrumbachbahnhof@49.77,8.99;hchstodwmmlinggrumbachbahnhof;37.1;85;99.6;26;0;7;rotation;20;RETENUE;
Allemagne;de_gtfsde;lonseebahnhof@48.54,9.92;lonseebahnhof;37.1;88.8;96.3;20;0;7;rotation;20;RETENUE;
Allemagne;de_gtfsde;davensbergbahnhof@51.82,7.60;davensbergbahnhof;37.1;51.2;96.3;110;0;7;rotation;20;RETENUE;
Allemagne;de_gtfsde;neustadtbcoburg@50.33,11.12;neustadtbcoburg;37.1;93.5;93.2;14;0;7;rotation;20;RETENUE;
Allemagne;de_gtfsde;eitensheim@48.82,11.32;eitensheim;37.1;78.5;95.9;29;0;7;rotation;20;RETENUE;
Allemagne;de_gtfsde;schwarzenbergmurgbahnhof@48.60,8.38;schwarzenbergmurgbahnhof;37.1;62.7;97.7;188;0;7;rotation;20;RETENUE;
Allemagne;de_gtfsde;ehringshausenkatzenfurtbahnhof@50.62,8.34;ehringshausenkatzenfurtbahnhof;37.1;80.4;95.9;27;0;7;rotation;20;RETENUE;
Allemagne;de_gtfsde;althofbahnhof@54.09,11.92;althofbahnhof;37.1;88.5;91.5;15;0;7;rotation;20;RETENUE;
Allemagne;de_gtfsde;altenkirchenwesterwbahnhof@50.68,7.64;altenkirchenwesterwbahnhof;37.1;80.8;97;21;0;7;rotation;20;RETENUE;
Allemagne;de_gtfsde;gelnhausenhailerbahnhof@50.19,9.15;gelnhausenhailerbahnhof;37.1;68.8;97;42;0;7;rotation;20;RETENUE;
Allemagne;de_gtfsde;triefenried@48.97,13.05;triefenried;37.1;97.3;100;11;0;7;rotation;20;RETENUE;
Allemagne;de_gtfsde;lfbf@50.23,7.44;lfbf;37.1;81.9;95.9;23;0;7;rotation;20;RETENUE;
Allemagne;de_gtfsde;lahnsteinfriedrichssegenbahnhof@50.31,7.65;lahnsteinfriedrichssegenbahnhof;37.1;82.7;93.5;26;0;7;rotation;20;RETENUE;
Australie;au_translink_seq;runcornstation@-27.59,153.07;runcornstation;37.1;93.8;99.2;105;0;7;rotation;20;RETENUE;
France;fr_sncf;UIC87612010;Montaudran;37;84.9;100;13;0.57;7;rotation;20;RETENUE;
France;fr_sncf;UIC87574137;Meung-sur-Loire;37;90;100;14;2.71;7;rotation;20;RETENUE;
Pays-Bas;nl_ovapi;veendam@53.11,6.89;veendam;37;97.3;99.6;62;0;7;rotation;20;RETENUE;
Allemagne;de_gtfsde;falkensteinbahnhof@50.48,12.36;falkensteinbahnhof;37;94.6;94.2;13;0;7;rotation;20;RETENUE;
Allemagne;de_gtfsde;hittfeld@53.40,9.97;hittfeld;37;64.5;94.5;43;0;7;rotation;20;RETENUE;
Allemagne;de_gtfsde;kolbermoor@47.85,12.06;kolbermoor;37;72.6;87.8;23;0;7;rotation;20;RETENUE;
Allemagne;de_gtfsde;gelnhausenhaitzhchstbahnhof@50.21,9.23;gelnhausenhaitzhchstbahnhof;37;67.2;95.6;43;0;7;rotation;20;RETENUE;
Allemagne;de_gtfsde;wetterzeubebus@51.01,12.01;wetterzeubebus;37;73.4;89.6;36;0;7;rotation;20;RETENUE;
Allemagne;de_gtfsde;raumnzach@48.64,8.35;raumnzach;37;56.8;95.6;200;0;7;rotation;20;RETENUE;
Allemagne;de_gtfsde;stockau@49.92,11.67;stockau;37;86.9;98.1;26;0;7;rotation;20;RETENUE;
Allemagne;de_gtfsde;bremenmhlenstrae@53.19,8.57;bremenmhlenstrae;37;93.4;91.2;13;0;7;rotation;20;RETENUE;
Allemagne;de_gtfsde;aschaffenburghochschule@49.97,9.16;aschaffenburghochschule;37;96.1;99.6;14;0;7;rotation;20;RETENUE;
Allemagne;de_gtfsde;reinfeldholst@53.83,10.49;reinfeldholst;37;90.7;89;20;0;7;rotation;20;RETENUE;
Allemagne;de_gtfsde;henfenfeld@49.50,11.39;henfenfeld;37;89.6;96.3;19;0;7;rotation;20;RETENUE;
Allemagne;de_gtfsde;nohenbahnhof@49.64,7.24;nohenbahnhof;37;89.2;98.1;20;0;7;rotation;20;RETENUE;
Allemagne;de_gtfsde;saaldonau@48.90,11.93;saaldonau;37;82.2;99.2;23;0;7;rotation;20;RETENUE;
Allemagne;de_gtfsde;rdentalmitte@50.30,11.05;rdentalmitte;37;94.6;93.8;12;0;7;rotation;20;RETENUE;
Allemagne;de_gtfsde;dahlewitzbahnhof@52.33,13.42;dahlewitzbahnhof;37;90;96.6;17;0;7;rotation;20;RETENUE;
Allemagne;de_gtfsde;zempin@54.07,13.96;zempin;37;90.7;92.2;16;0;7;rotation;20;RETENUE;
Etats-Unis;us_mta_lirr;greenlawn@40.87,-73.36;greenlawn;37;84.6;98.5;148;0;7;rotation;20;RETENUE;
France;fr_sncf;UIC87491241;Saint-André-de-Cubzac;36.9;94.6;100;6;0.43;7;rotation;20;RETENUE;
Pays-Bas;nl_ovapi;vorden@52.11,6.32;vorden;36.9;95;99.6;107;0;7;rotation;20;RETENUE;
Pays-Bas;nl_ovapi;ijlst@53.01,5.62;ijlst;36.9;97.3;97.7;100;0;7;rotation;20;RETENUE;
Allemagne;de_gtfsde;bernauamchiemsee@47.82,12.38;bernauamchiemsee;36.9;60.9;96.3;39;0;7;rotation;20;RETENUE;
Allemagne;de_gtfsde;brandenburgkirchmserbhf@52.38,12.42;brandenburgkirchmserbhf;36.9;77.1;97;23;0;7;rotation;20;RETENUE;
Allemagne;de_gtfsde;klecken@53.37,9.93;klecken;36.9;65.1;93.1;40;0;7;rotation;20;RETENUE;
Allemagne;de_gtfsde;sinzingbregensburg@48.99,12.04;sinzingbregensburg;36.9;86;98.9;23;0;7;rotation;20;RETENUE;
Allemagne;de_gtfsde;ramsenthal@50.01,11.59;ramsenthal;36.9;93;99.2;18;0;7;rotation;20;RETENUE;
Allemagne;de_gtfsde;emmerichpraestbf@51.82,6.34;emmerichpraestbf;36.9;43.8;92.5;79;0;7;rotation;20;RETENUE;
Allemagne;de_gtfsde;sachsendorfcalbe@51.87,11.87;sachsendorfcalbe;36.9;81;97.4;24;0;7;rotation;20;RETENUE;
Allemagne;de_gtfsde;dietmannsried@47.81,10.29;dietmannsried;36.9;49.2;97;28;0;7;rotation;20;RETENUE;
Allemagne;de_gtfsde;laupheimzobstadtbahnhof@48.23,9.88;laupheimzobstadtbahnhof;36.9;67.1;97;30;0;7;rotation;20;RETENUE;
Allemagne;de_gtfsde;gevelsbergkipp@51.32,7.33;gevelsbergkipp;36.9;84.5;97.4;26;0;7;rotation;20;RETENUE;
Allemagne;de_gtfsde;gevelsbergknapp@51.34,7.38;gevelsbergknapp;36.9;84.1;95.9;28;0;7;rotation;20;RETENUE;
France;fr_sncf;UIC87574194;Mer;36.7;89.1;99.2;13;2.57;7;rotation;20;RETENUE;
Irlande;ie_nta;pelletstown@53.38,-6.31;pelletstown;36.7;93.8;92.8;18;0;7;rotation;20;RETENUE;
Allemagne;de_gtfsde;krlebahnhof@51.17,9.51;krlebahnhof;36.7;82.9;99.2;26;0;7;rotation;20;RETENUE;
Allemagne;de_gtfsde;essenkraysdbf@51.46,7.08;essenkraysdbf;36.7;91.1;98.1;20;0;7;rotation;20;RETENUE;
Allemagne;de_gtfsde;grnahpgrna@50.81,12.80;grnahpgrna;36.7;97.7;98.5;12;0;7;rotation;20;RETENUE;
Allemagne;de_gtfsde;ratzeburg@53.70,10.74;ratzeburg;36.7;69.6;92.1;26;0;7;rotation;20;RETENUE;
Allemagne;de_gtfsde;biebergemndwirtheimbahnhof@50.23,9.26;biebergemndwirtheimbahnhof;36.7;66.1;96.6;46;0;7;rotation;20;RETENUE;
Allemagne;de_gtfsde;wlfersheimsdelbahnhof@50.40,8.82;wlfersheimsdelbahnhof;36.7;93.4;95.2;14;0;7;rotation;20;RETENUE;
Allemagne;de_gtfsde;zielitz@52.30,11.68;zielitz;36.7;69.3;90.8;15;0;7;rotation;20;RETENUE;
Allemagne;de_gtfsde;profen@51.13,12.21;profen;36.7;71.2;84.8;43;0;7;rotation;20;RETENUE;
Allemagne;de_gtfsde;iserlohnerheidebf@51.40,7.69;iserlohnerheidebf;36.7;92.2;87.4;18;0;7;rotation;20;RETENUE;
Allemagne;de_gtfsde;bibeld@47.77,12.65;bibeld;36.7;97.3;99.6;12;0;7;rotation;20;RETENUE;
Etats-Unis;us_mta_lirr;stjames@40.88,-73.16;stjames;36.7;83.7;99.2;175;0;7;rotation;20;RETENUE;
France;fr_sncf;UIC87595298;Mussidan;36.6;94.5;99.2;9;0.14;7;rotation;20;RETENUE;
Allemagne;de_gtfsde;freiburgstgeorgenbahnhof@47.98,7.80;freiburgstgeorgenbahnhof;36.6;90.6;97.3;18;0;7;rotation;20;RETENUE;
Allemagne;de_gtfsde;rietschenbahnhof@51.40,14.78;rietschenbahnhof;36.6;79.3;99.6;21;0;7;rotation;20;RETENUE;
Allemagne;de_gtfsde;ludwigschorgast@50.12,11.56;ludwigschorgast;36.6;92.6;99.2;18;0;7;rotation;20;RETENUE;
Allemagne;de_gtfsde;bretzenheimnahebahnhof@49.87,7.90;bretzenheimnahebahnhof;36.6;95.7;98.8;15;0;7;rotation;20;RETENUE;
Allemagne;de_gtfsde;weiherhammer@49.63,12.06;weiherhammer;36.6;74.6;94.8;34;0;7;rotation;20;RETENUE;
Allemagne;de_gtfsde;groschwa@54.08,12.05;groschwa;36.6;88.3;94.1;15;0;7;rotation;20;RETENUE;
Allemagne;de_gtfsde;friesackmarkbahnhof@52.76,12.59;friesackmarkbahnhof;36.6;93;98.8;28;0;7;rotation;20;RETENUE;
Allemagne;de_gtfsde;chemnitzbahnhofschnau@50.82,12.88;chemnitzbahnhofschnau;36.6;97.7;99.2;13;0;7;rotation;20;RETENUE;
Allemagne;de_gtfsde;kirschbaumwasen@48.62,8.36;kirschbaumwasen;36.6;56.3;97.3;199;0;7;rotation;20;RETENUE;
Allemagne;de_gtfsde;chemnitzsdbahnhof@50.82,12.93;chemnitzsdbahnhof;36.6;96.5;96.6;13;0;7;rotation;20;RETENUE;
Allemagne;de_gtfsde;neustadtaischmitte@49.57,10.61;neustadtaischmitte;36.6;85.9;93.1;27;0;7;rotation;20;RETENUE;
Allemagne;de_gtfsde;rthenbachallgu@47.62,9.95;rthenbachallgu;36.6;69.9;98.5;22;0;7;rotation;20;RETENUE;
Allemagne;de_gtfsde;schwabach@49.33,11.04;schwabach;36.6;77.3;92.8;35;0;7;rotation;20;RETENUE;
Allemagne;de_gtfsde;mudersbachbf@50.83,7.95;mudersbachbf;36.6;81.6;83.7;27;0;7;rotation;20;RETENUE;
France;fr_sncf;UIC87611343;Pamiers;36.4;88.2;99.6;14;1.43;7;rotation;20;RETENUE;
France;fr_sncf;UIC87575142;Châtellerault;36.4;92.2;100;8;0.43;7;rotation;20;RETENUE;
Pays-Bas;nl_ovapi;oosterbeek@51.99,5.84;oosterbeek;36.4;94.5;91.4;89;0;7;rotation;20;RETENUE;
Allemagne;de_gtfsde;reichertshausenilm@48.47,11.51;reichertshausenilm;36.4;77.3;95.1;34;0;7;rotation;20;RETENUE;
Allemagne;de_gtfsde;guxhagenbahnhof@51.20,9.48;guxhagenbahnhof;36.4;75.7;99.2;25;0;7;rotation;20;RETENUE;
Allemagne;de_gtfsde;badbramstedt@53.92,9.89;badbramstedt;36.4;83.5;83.9;20;0;7;rotation;20;RETENUE;
Allemagne;de_gtfsde;potsdamrehbrckebhf@52.36,13.10;potsdamrehbrckebhf;36.4;95.7;87.3;13;0;7;rotation;20;RETENUE;
Allemagne;de_gtfsde;pommelsbrunn@49.50,11.51;pommelsbrunn;36.4;87.5;98.8;16;0;7;rotation;20;RETENUE;
Allemagne;de_gtfsde;hvelhofbahnhof@51.82,8.66;hvelhofbahnhof;36.4;87.1;95.5;19;0;7;rotation;20;RETENUE;
Allemagne;de_gtfsde;heselbachbahnhof@48.54,8.40;heselbachbahnhof;36.4;72.2;97.3;174;0;7;rotation;20;RETENUE;
Allemagne;de_gtfsde;melchowbahnhof@52.78,13.69;melchowbahnhof;36.4;85.1;93.1;27;0;7;rotation;20;RETENUE;
Allemagne;de_gtfsde;fssen@47.57,10.70;fssen;36.4;65.9;97;33;0;7;rotation;20;RETENUE;
Allemagne;de_gtfsde;bischofswerdabahnhof@51.13,14.19;bischofswerdabahnhof;36.4;95.3;100;14;0;7;rotation;20;RETENUE;
Etats-Unis;us_mta_lirr;smithtown@40.86,-73.20;smithtown;36.4;82;97.3;176;0;7;rotation;20;RETENUE;
France;fr_sncf;UIC87474338;Morlaix;36.3;95.3;100;6;0;7;rotation;20;RETENUE;
Allemagne;de_gtfsde;calberlahbahnhof@52.43,10.63;calberlahbahnhof;36.3;90.2;89.4;19;0;7;rotation;20;RETENUE;
Allemagne;de_gtfsde;jchenbahnhof@51.10,6.50;jchenbahnhof;36.3;77.6;93;24;0;7;rotation;20;RETENUE;
Allemagne;de_gtfsde;forchheimnord@49.73,11.06;forchheimnord;36.3;93.3;95.8;17;0;7;rotation;20;RETENUE;
Allemagne;de_gtfsde;jocketabahnhof@50.56,12.17;jocketabahnhof;36.3;61.4;93.7;28;0;7;rotation;20;RETENUE;
Allemagne;de_gtfsde;melsungenbahnhof@51.13,9.55;melsungenbahnhof;36.3;86.6;98.8;23;0;7;rotation;20;RETENUE;
Allemagne;de_gtfsde;kattenvennebahnhof@52.11,7.86;kattenvennebahnhof;36.3;71.7;90.7;71;0;7;rotation;20;RETENUE;
Allemagne;de_gtfsde;peinebahnhof@52.32,10.23;peinebahnhof;36.3;76.8;89.1;23;0;7;rotation;20;RETENUE;
Allemagne;de_gtfsde;ruhpolding@47.76,12.65;ruhpolding;36.3;97.2;99.2;12;0;7;rotation;20;RETENUE;
Allemagne;de_gtfsde;niederscheldennordbf@50.84,7.97;niederscheldennordbf;36.3;81.9;91;26;0;7;rotation;20;RETENUE;
Allemagne;de_gtfsde;gevelsbergwest@51.32,7.31;gevelsbergwest;36.3;83.9;94.8;31;0;7;rotation;20;RETENUE;
Allemagne;de_gtfsde;echemechem@53.34,10.54;echemechem;36.1;70.4;96.2;26;0;7;rotation;20;RETENUE;
Allemagne;de_gtfsde;niddaoberwiddersheimhuserhofbahnhof@50.42,8.94;niddaoberwiddersheimhuserhofbahnhof;36.1;78.7;89.7;19;0;7;rotation;20;RETENUE;
Allemagne;de_gtfsde;eystrup@52.78,9.23;eystrup;36.1;65.6;98.1;47;0;7;rotation;20;RETENUE;
Allemagne;de_gtfsde;ebing@50.00,10.91;ebing;36.1;90.5;95.8;15;0;7;rotation;20;RETENUE;
Allemagne;de_gtfsde;saarhlzbach@49.52,6.61;saarhlzbach;36.1;85.8;95.8;30;0;7;rotation;20;RETENUE;
Allemagne;de_gtfsde;melsungenrhrenfurthbahnhof@51.15,9.55;melsungenrhrenfurthbahnhof;36.1;83.4;99.2;22;0;7;rotation;20;RETENUE;
Allemagne;de_gtfsde;bremenkreinsloger@53.19,8.56;bremenkreinsloger;36.1;92.9;95.1;13;0;7;rotation;20;RETENUE;
Allemagne;de_gtfsde;neustadtdonau@48.80,11.76;neustadtdonau;36.1;86.6;99.2;20;0;7;rotation;20;RETENUE;
Allemagne;de_gtfsde;ehringshausenbahnhof@50.60,8.38;ehringshausenbahnhof;36.1;77.9;93;31;0;7;rotation;20;RETENUE;
Allemagne;de_gtfsde;solmsalbshausenbahnhof@50.55,8.43;solmsalbshausenbahnhof;36.1;88.9;99.2;21;0;7;rotation;20;RETENUE;
Allemagne;de_gtfsde;bremenblumenthal@53.18,8.58;bremenblumenthal;36.1;93.7;90.7;13;0;7;rotation;20;RETENUE;
Allemagne;de_gtfsde;niefernbahnhof@48.92,8.77;niefernbahnhof;36.1;90.1;93.4;19;0;7;rotation;20;RETENUE;
Allemagne;de_gtfsde;hpfling@47.81,12.65;hpfling;36.1;97.6;98.8;9;0;7;rotation;20;RETENUE;
France;fr_sncf;UIC87142125;Culmont - Chalindrey;36;90.1;98.4;13;0.29;7;rotation;20;RETENUE;
France;fr_sncf;UIC87174276;Vitry-le-François;36;86.1;100;16;0.71;7;rotation;20;RETENUE;
France;fr_sncf;UIC87611079;Cazères;36;91.7;100;11;0.57;7;rotation;20;RETENUE;
France;fr_sncf;UIC87611061;Carbonne;36;91.3;100;11;0.57;7;rotation;20;RETENUE;
Allemagne;de_gtfsde;herdecke@51.40,7.43;herdecke;36;65.5;98.4;16;0;7;rotation;20;RETENUE;
Allemagne;de_gtfsde;baunatalguntershausenbahnhof@51.23,9.47;baunatalguntershausenbahnhof;36;78.2;99.2;24;0;7;rotation;20;RETENUE;
Allemagne;de_gtfsde;manndorf@50.04,10.83;manndorf;36;91.3;99.6;14;0;7;rotation;20;RETENUE;
Allemagne;de_gtfsde;herbornburgnorddb@50.70,8.31;herbornburgnorddb;36;81.3;95.1;29;0;7;rotation;20;RETENUE;
Allemagne;de_gtfsde;sottrumkrrotenburg@53.10,9.25;sottrumkrrotenburg;36;66.3;95.8;40;0;7;rotation;20;RETENUE;
Allemagne;de_gtfsde;huzenbachbahnhof@48.58,8.39;huzenbachbahnhof;36;61.9;93.7;189;0;7;rotation;20;RETENUE;
Allemagne;de_gtfsde;glaubitzbahnhof@51.32,13.37;glaubitzbahnhof;36;74.6;99.6;31;0;7;rotation;20;RETENUE;
Allemagne;de_gtfsde;niederdorfeldenbahnhof@50.19,8.81;niederdorfeldenbahnhof;36;89.7;96.2;20;0;7;rotation;20;RETENUE;
Allemagne;de_gtfsde;babenhausenlangstadtbahnhof@49.92,8.95;babenhausenlangstadtbahnhof;36;93.3;99.6;15;0;7;rotation;20;RETENUE;
Allemagne;de_gtfsde;grobeerenbahnhof@52.35,13.28;grobeerenbahnhof;36;78.2;98.1;25;0;7;rotation;20;RETENUE;
Etats-Unis;us_mta_lirr;northport@40.88,-73.33;northport;36;86.1;97.3;159;0;7;rotation;20;RETENUE;
France;fr_sncf;UIC87611616;Foix;35.9;88;100;13;1.43;7;rotation;20;RETENUE;
France;fr_sncf;UIC87611368;Saverdun;35.9;88.4;100;13;1.43;7;rotation;20;RETENUE;
France;fr_sncf;UIC87611384;Auterive;35.9;88.8;100;13;1.43;7;rotation;20;RETENUE;
Norvege;no_entur;moelvstasjon@60.93,10.70;moelvstasjon;35.9;68.1;100;184;0;7;rotation;20;RETENUE;
Norvege;no_entur;brumunddalstasjon@60.88,10.94;brumunddalstasjon;35.9;62.9;100;180;0;7;rotation;20;RETENUE;
Allemagne;de_gtfsde;weinbachfrfurtbahnhof@50.43,8.25;weinbachfrfurtbahnhof;35.9;88.4;94.7;19;0;7;rotation;20;RETENUE;
Allemagne;de_gtfsde;steinachbahnhof@48.30,8.06;steinachbahnhof;35.9;95.6;86.3;31;0;7;rotation;20;RETENUE;
Allemagne;de_gtfsde;bichl@47.72,11.41;bichl;35.9;60.2;99.6;27;0;7;rotation;20;RETENUE;
Allemagne;de_gtfsde;ltzelsachsenbahnhof@49.53,8.65;ltzelsachsenbahnhof;35.9;82.9;94.4;27;0;7;rotation;20;RETENUE;
Allemagne;de_gtfsde;hanaukleinauheimbahnhof@50.10,8.93;hanaukleinauheimbahnhof;35.9;88;98.4;23;0;7;rotation;20;RETENUE;
Allemagne;de_gtfsde;lhnbergbahnhof@50.51,8.27;lhnbergbahnhof;35.9;87.3;97.3;21;0;7;rotation;20;RETENUE;
Allemagne;de_gtfsde;klosterreichenbachbahnhof@48.53,8.40;klosterreichenbachbahnhof;35.9;72.5;97.3;165;0;7;rotation;20;RETENUE;
Allemagne;de_gtfsde;baiersbronnschule@48.51,8.38;baiersbronnschule;35.9;74.9;94;157;0;7;rotation;20;RETENUE;
Allemagne;de_gtfsde;kditz@50.33,11.85;kditz;35.9;83.3;97.7;15;0;7;rotation;20;RETENUE;
Allemagne;de_gtfsde;kasselheinrichheinestrae@51.30,9.48;kasselheinrichheinestrae;35.9;84.1;96.9;31;0;7;rotation;20;RETENUE;
Allemagne;de_gtfsde;langlau@49.12,10.86;langlau;35.9;81.3;90.9;21;0;7;rotation;20;RETENUE;
Allemagne;de_gtfsde;klingnau@47.58,8.25;klingnau;35.9;97.6;99.6;32;0;7;rotation;20;RETENUE;
Allemagne;de_gtfsde;siggenthalwrenlingen@47.52,8.24;siggenthalwrenlingen;35.9;97.2;100;28;0;7;rotation;20;RETENUE;
Etats-Unis;us_mta_lirr;kingspark@40.88,-73.26;kingspark;35.9;84.5;95.8;178;0;7;rotation;20;RETENUE;
France;fr_sncf;UIC87671339;Lourdes;35.7;79.6;100;13;0.14;7;rotation;20;RETENUE;
Pays-Bas;nl_ovapi;nordwalde@52.08,7.46;nordwalde;35.7;77.2;99.6;27;0;7;rotation;20;RETENUE;
Allemagne;de_gtfsde;capellebahnhof@51.74,7.61;capellebahnhof;35.7;53.2;96.2;51;0;7;rotation;20;RETENUE;
Allemagne;de_gtfsde;metelenbahnhofmetelenland@52.16,7.25;metelenbahnhofmetelenland;35.7;78.8;94;19;0;7;rotation;20;RETENUE;
Allemagne;de_gtfsde;kiefersfelden@47.61,12.19;kiefersfelden;35.7;88.4;94.7;22;0;7;rotation;20;RETENUE;
Allemagne;de_gtfsde;neuffen@48.56,9.37;neuffen;35.7;84;90.9;92;0;7;rotation;20;RETENUE;
Allemagne;de_gtfsde;steinfurtgrottenkampbf@52.12,7.38;steinfurtgrottenkampbf;35.7;80.8;89.3;19;0;7;rotation;20;RETENUE;
Allemagne;de_gtfsde;seckachbahnhof@49.44,9.34;seckachbahnhof;35.7;91.2;95.4;25;0;7;rotation;20;RETENUE;
Allemagne;de_gtfsde;nohfelden@49.59,7.14;nohfelden;35.7;92.8;97.7;15;0;7;rotation;20;RETENUE;
Allemagne;de_gtfsde;nrtingenvorstadt@48.62,9.34;nrtingenvorstadt;35.7;84;97.7;48;0;7;rotation;20;RETENUE;
Allemagne;de_gtfsde;leunstockhausenbahnhof@50.54,8.33;leunstockhausenbahnhof;35.7;88.8;97.7;20;0;7;rotation;20;RETENUE;
Allemagne;de_gtfsde;langenprozelten@50.06,9.66;langenprozelten;35.7;73.6;89.6;32;0;7;rotation;20;RETENUE;
Allemagne;de_gtfsde;kirchenlamitzost@50.17,11.99;kirchenlamitzost;35.7;74;99.2;24;0;7;rotation;20;RETENUE;
Allemagne;de_gtfsde;priemerburg@53.80,12.22;priemerburg;35.7;88;91.9;21;0;7;rotation;20;RETENUE;
Allemagne;de_gtfsde;mnchrden@50.30,11.06;mnchrden;35.7;93.6;90.9;14;0;7;rotation;20;RETENUE;
Allemagne;de_gtfsde;wuppertallangerfeldbf@51.28,7.24;wuppertallangerfeldbf;35.7;78.4;98.4;31;0;7;rotation;20;RETENUE;
France;fr_sncf;UIC87313056;Corbie;35.6;90.8;99.6;11;0.43;7;rotation;19;RETENUE;
France;fr_sncf;UIC87595249;Saint-Astier;35.6;92.8;99.6;10;0.14;7;rotation;19;RETENUE;
France;fr_sncf;UIC87764357;Bollène la Croisière;35.6;83.5;100;16;0.29;7;rotation;19;RETENUE;
Allemagne;de_gtfsde;luzenberg@49.52,8.48;luzenberg;35.6;86.7;96.5;21;0;7;rotation;19;RETENUE;
Allemagne;de_gtfsde;wernebahnhof@51.67,7.62;wernebahnhof;35.6;52.2;94.7;96;0;7;rotation;19;RETENUE;
Allemagne;de_gtfsde;dorfmecklenburgbahnhof@53.84,11.47;dorfmecklenburgbahnhof;35.6;95.2;98.4;15;0;7;rotation;19;RETENUE;
Allemagne;de_gtfsde;alsbachhhnleinalsbachhhnleinalsbachbahnhof@49.74,8.61;alsbachhhnleinalsbachhhnleinalsbachbahnhof;35.6;85.1;93.6;30;0;7;rotation;19;RETENUE;
Allemagne;de_gtfsde;wunsiedelholenbrunn@50.05,12.03;wunsiedelholenbrunn;35.6;74.3;100;24;0;7;rotation;19;RETENUE;
Allemagne;de_gtfsde;waigolshausen@49.97,10.12;waigolshausen;35.6;90;92.6;16;0;7;rotation;19;RETENUE;
Allemagne;de_gtfsde;bremenlesum@53.17,8.69;bremenlesum;35.6;90.4;87.4;17;0;7;rotation;19;RETENUE;
Allemagne;de_gtfsde;wrzburgzell@49.80,9.88;wrzburgzell;35.6;94.8;93.6;16;0;7;rotation;19;RETENUE;
Allemagne;de_gtfsde;martinlamitz@50.22,11.95;martinlamitz;35.6;74.7;97.6;23;0;7;rotation;19;RETENUE;
Allemagne;de_gtfsde;sehlembf@49.91,6.82;sehlembf;35.6;79.1;96.9;25;0;7;rotation;19;RETENUE;
Allemagne;de_gtfsde;neckargerachbahnhof@49.40,9.07;neckargerachbahnhof;35.6;88.4;95.8;26;0;7;rotation;19;RETENUE;
Allemagne;de_gtfsde;wassertrdingen@49.04,10.61;wassertrdingen;35.6;83.5;99.2;18;0;7;rotation;19;RETENUE;
Allemagne;de_gtfsde;oberstaufen@47.55,10.03;oberstaufen;35.6;78.3;97.3;22;0;7;rotation;19;RETENUE;
Allemagne;de_gtfsde;warenmritzbahnhof@53.52,12.68;warenmritzbahnhof;35.6;75.5;99.6;29;0;7;rotation;19;RETENUE;
Allemagne;de_gtfsde;klotten@50.17,7.20;klotten;35.6;84.7;92.2;22;0;7;rotation;19;RETENUE;
Allemagne;de_gtfsde;herbertingenbahnhof@48.06,9.41;herbertingenbahnhof;35.6;37.8;96.5;37;0;7;rotation;19;RETENUE;
Allemagne;de_gtfsde;zossenbahnhof@52.22,13.44;zossenbahnhof;35.6;85.1;94;25;0;7;rotation;19;RETENUE;
Allemagne;de_gtfsde;elsbethen@47.76,13.08;elsbethen;35.6;97.6;99.2;11;0;7;rotation;19;RETENUE;
Allemagne;de_gtfsde;mudersbachniederschelderhtteniederscheldenbf@50.84,7.97;mudersbachniederschelderhtteniederscheldenbf;35.6;80.7;92.9;32;0;7;rotation;19;RETENUE;
Allemagne;de_gtfsde;melle@52.21,8.34;melle;35.4;88.7;86.1;49;0;7;rotation;19;RETENUE;
Allemagne;de_gtfsde;rdnitzbahnhof@52.72,13.64;rdnitzbahnhof;35.4;84.7;92.9;24;0;7;rotation;19;RETENUE;
Allemagne;de_gtfsde;lbeckhochschulstadtteildb@53.83,10.69;lbeckhochschulstadtteildb;35.4;78.6;95.8;26;0;7;rotation;19;RETENUE;
Allemagne;de_gtfsde;adelschlag@48.84,11.21;adelschlag;35.4;80.6;94.7;26;0;7;rotation;19;RETENUE;
Allemagne;de_gtfsde;ruppertsgrnbahnhof@50.57,12.18;ruppertsgrnbahnhof;35.4;66.5;92.5;27;0;7;rotation;19;RETENUE;
Allemagne;de_gtfsde;sinnedingenbahnhof@50.63,8.32;sinnedingenbahnhof;35.4;81.9;95.8;24;0;7;rotation;19;RETENUE;
Allemagne;de_gtfsde;mainroth@50.12,11.32;mainroth;35.4;92.3;100;18;0;7;rotation;19;RETENUE;
Allemagne;de_gtfsde;engelskirchenrnderothbf@51.00,7.47;engelskirchenrnderothbf;35.4;55.2;92.9;28;0;7;rotation;19;RETENUE;
Norvege;no_entur;haldenstasjon@59.12,11.38;haldenstasjon;35.3;84.6;94.6;129;0;7;rotation;19;RETENUE;
Allemagne;de_gtfsde;blindheim@48.65,10.62;blindheim;35.3;80.2;99.2;29;0;7;rotation;19;RETENUE;
Allemagne;de_gtfsde;laufach@50.01,9.28;laufach;35.3;85;98.8;24;0;7;rotation;19;RETENUE;
Allemagne;de_gtfsde;rastowbahnhof@53.46,11.43;rastowbahnhof;35.3;96;100;12;0;7;rotation;19;RETENUE;
Allemagne;de_gtfsde;klais@47.48,11.24;klais;35.3;64.8;97.6;29;0;7;rotation;19;RETENUE;
Allemagne;de_gtfsde;enschede@52.22,6.89;enschede;35.3;98;100;10;0;7;rotation;19;RETENUE;
Allemagne;de_gtfsde;kasselauestadion@51.30,9.48;kasselauestadion;35.3;81.4;96.1;31;0;7;rotation;19;RETENUE;
Allemagne;de_gtfsde;salzburgsd@47.77,13.08;salzburgsd;35.3;98;100;10;0;7;rotation;19;RETENUE;
Allemagne;de_gtfsde;hvelsniederhvelsbf@50.79,7.79;hvelsniederhvelsbf;35.3;82.2;96.5;27;0;7;rotation;19;RETENUE;
Allemagne;de_gtfsde;nievernbf@50.34,7.68;nievernbf;35.3;84.6;93.6;24;0;7;rotation;19;RETENUE;
Australie;au_translink_seq;kurabystation@-27.61,153.09;kurabystation;35.3;94.3;99.6;100;0;7;rotation;19;RETENUE;
France;fr_sncf;UIC87723585;Meximieux - Pérouges;35.1;95.1;100;10;0.29;7;rotation;19;RETENUE;
Allemagne;de_gtfsde;burghausen@48.17,12.83;burghausen;35.1;96.3;99.6;16;0;7;rotation;19;RETENUE;
Allemagne;de_gtfsde;vieselbach@50.99,11.14;vieselbach;35.1;76.4;91.8;44;0;7;rotation;19;RETENUE;
Allemagne;de_gtfsde;reckendorf@50.02,10.83;reckendorf;35.1;89.8;100;13;0;7;rotation;19;RETENUE;
Allemagne;de_gtfsde;buttenheim@49.80,11.01;buttenheim;35.1;93.5;95;17;0;7;rotation;19;RETENUE;
Allemagne;de_gtfsde;wasserzellbeichsttt@48.88,11.17;wasserzellbeichsttt;35.1;92.7;91.8;14;0;7;rotation;19;RETENUE;
Allemagne;de_gtfsde;weiwasserbahnhof@51.51,14.64;weiwasserbahnhof;35.1;80.9;98.8;20;0;7;rotation;19;RETENUE;
Allemagne;de_gtfsde;binaubahnhof@49.37,9.08;binaubahnhof;35.1;87;88.5;23;0;7;rotation;19;RETENUE;
Allemagne;de_gtfsde;baddrrenberg@51.31,12.07;baddrrenberg;35.1;86.6;90.4;22;0;7;rotation;19;RETENUE;
Allemagne;de_gtfsde;leichlingenbf@51.11,7.01;leichlingenbf;35.1;65.9;90.4;134;0;7;rotation;19;RETENUE;
Allemagne;de_gtfsde;horkaolbahnhof@51.30,14.90;horkaolbahnhof;35.1;78.5;93.5;20;0;7;rotation;19;RETENUE;
Allemagne;de_gtfsde;lrzenbachfahrenbachbahnhof@49.64,8.76;lrzenbachfahrenbachbahnhof;35.1;85.4;85.4;17;0;7;rotation;19;RETENUE;
Allemagne;de_gtfsde;kuchl@47.63,13.14;kuchl;35.1;94.3;99.2;12;0;7;rotation;19;RETENUE;
Allemagne;de_gtfsde;eschweilerhbf@50.81,6.25;eschweilerhbf;35.1;70.7;89.5;48;0;7;rotation;19;RETENUE;
France;fr_sncf;UIC87411173;Elbeuf - Saint-Aubin;35;92.7;100;11;0.14;7;rotation;19;RETENUE;
Pays-Bas;nl_ovapi;apeldoornosseveld@52.22,6.01;apeldoornosseveld;35;94.3;99.6;69;0;7;rotation;19;RETENUE;
Allemagne;de_gtfsde;hagenbchach@49.54,10.77;hagenbchach;35;84.9;97.6;29;0;7;rotation;19;RETENUE;
Allemagne;de_gtfsde;paulinenauebahnhof@52.68,12.71;paulinenauebahnhof;35;95.1;96.5;16;0;7;rotation;19;RETENUE;
Allemagne;de_gtfsde;freiburgzhringenbahnhof@48.02,7.86;freiburgzhringenbahnhof;35;90.2;90.4;32;0;7;rotation;19;RETENUE;
Allemagne;de_gtfsde;slstorfbahnhof@53.51,11.39;slstorfbahnhof;35;95.9;99.6;13;0;7;rotation;19;RETENUE;
Allemagne;de_gtfsde;blaichachallgu@47.54,10.26;blaichachallgu;35;73.1;95.7;24;0;7;rotation;19;RETENUE;
Allemagne;de_gtfsde;koblenzdorf@47.61,8.24;koblenzdorf;35;97.6;100;23;0;7;rotation;19;RETENUE;
Allemagne;de_gtfsde;freihung@49.63,11.90;freihung;35;66.1;98;35;0;7;rotation;19;RETENUE;
Allemagne;de_gtfsde;oberndorfneckarbahnhof@48.30,8.58;oberndorfneckarbahnhof;35;69.8;95;31;0;7;rotation;19;RETENUE;
Allemagne;de_gtfsde;granseebahnhof@53.00,13.17;granseebahnhof;35;42;96.1;39;0;7;rotation;19;RETENUE;
Allemagne;de_gtfsde;mnstersarmsheimbahnhof@49.95,7.90;mnstersarmsheimbahnhof;35;95.1;89.7;15;0;7;rotation;19;RETENUE;
Allemagne;de_gtfsde;flrsheimdalsheimbhf@49.66,8.20;flrsheimdalsheimbhf;35;47.8;96.5;40;0;7;rotation;19;RETENUE;
Allemagne;de_gtfsde;butzbachostheimbahnhof@50.41,8.68;butzbachostheimbahnhof;35;70.2;96.1;38;0;7;rotation;19;RETENUE;
Allemagne;de_gtfsde;salzburgaigen@47.79,13.08;salzburgaigen;35;98;100;10;0;7;rotation;19;RETENUE;
Allemagne;de_gtfsde;alsenzbahnhof@49.73,7.82;alsenzbahnhof;35;83.7;94.2;23;0;7;rotation;19;RETENUE;
Allemagne;de_gtfsde;bischofswiesen@47.65,12.96;bischofswiesen;35;98;96.8;10;0;7;rotation;19;RETENUE;
Allemagne;de_gtfsde;rsrathbf@50.90,7.18;rsrathbf;35;84.9;95.7;23;0;7;rotation;19;RETENUE;
Etats-Unis;us_mta_lirr;stonybrook@40.92,-73.13;stonybrook;35;86.1;98;158;0;7;rotation;19;RETENUE;
France;fr_sncf;UIC87296244;Busigny;34.9;91.8;100;14;0.43;7;rotation;19;RETENUE;
France;fr_sncf;UIC87761247;Livron;34.9;82.4;100;15;1;7;rotation;19;RETENUE;
France;fr_sncf;UIC87746107;Grésy-sur-Aix;34.9;87.3;99.6;12;0.43;7;rotation;19;RETENUE;
Irlande;ie_nta;castleknock@53.38,-6.37;castleknock;34.9;87.7;85.9;20;0;7;rotation;19;RETENUE;
Finlande;fi_digitraffic;KR;;34.9;98;94.2;50;0;7;rotation;19;RETENUE;
Allemagne;de_gtfsde;badmergentheimbahnhof@49.49,9.77;badmergentheimbahnhof;34.9;86.5;94.2;23;0;7;rotation;19;RETENUE;
Allemagne;de_gtfsde;gernsheimbahnhof@49.75,8.49;gernsheimbahnhof;34.9;74.6;97.2;24;0;7;rotation;19;RETENUE;
Allemagne;de_gtfsde;niddabadsalzhausenbahnhof@50.42,8.98;niddabadsalzhausenbahnhof;34.9;72.1;92.1;22;0;7;rotation;19;RETENUE;
Allemagne;de_gtfsde;grfenberg@49.64,11.25;grfenberg;34.9;58.2;98.8;32;0;7;rotation;19;RETENUE;
Allemagne;de_gtfsde;iphofen@49.70,10.26;iphofen;34.9;86.5;98.8;24;0;7;rotation;19;RETENUE;
Allemagne;de_gtfsde;dortmundkirchhrdebf@51.46,7.46;dortmundkirchhrdebf;34.9;66;96.8;23;0;7;rotation;19;RETENUE;
Allemagne;de_gtfsde;bodenwhrnord@49.28,12.33;bodenwhrnord;34.9;65.2;93.5;22;0;7;rotation;19;RETENUE;
Allemagne;de_gtfsde;gnadau@51.98,11.78;gnadau;34.9;80.3;94.6;29;0;7;rotation;19;RETENUE;
Allemagne;de_gtfsde;lblowmecklbahnhof@53.42,11.46;lblowmecklbahnhof;34.9;95.9;99.6;13;0;7;rotation;19;RETENUE;
Allemagne;de_gtfsde;hannoverbfkwiechertallee@52.37,9.81;hannoverbfkwiechertallee;34.9;93;85.6;14;0;7;rotation;19;RETENUE;
Allemagne;de_gtfsde;oberwerrn@50.07,10.15;oberwerrn;34.9;92.2;93.8;16;0;7;rotation;19;RETENUE;
Allemagne;de_gtfsde;paderbornnord@51.73,8.76;paderbornnord;34.9;86.1;94.2;19;0;7;rotation;19;RETENUE;
Allemagne;de_gtfsde;derneburgbahnhof@52.10,10.14;derneburgbahnhof;34.9;86.5;88.4;26;0;7;rotation;19;RETENUE;
Allemagne;de_gtfsde;gundersheimbahnhof@49.69,8.20;gundersheimbahnhof;34.9;45.9;95.3;42;0;7;rotation;19;RETENUE;
Allemagne;de_gtfsde;stammbach@50.15,11.70;stammbach;34.9;94.7;96.4;11;0;7;rotation;19;RETENUE;
Allemagne;de_gtfsde;heinebach@51.05,9.66;heinebach;34.9;72.5;97.2;27;0;7;rotation;19;RETENUE;
Allemagne;de_gtfsde;goldshfebahnhof@48.89,10.13;goldshfebahnhof;34.9;70.1;94.6;34;0;7;rotation;19;RETENUE;
Allemagne;de_gtfsde;osterholzscharmbeckbahn@53.22,8.80;osterholzscharmbeckbahn;34.9;68;92.8;29;0;7;rotation;19;RETENUE;
Allemagne;de_gtfsde;badreichenhallkirchberg@47.72,12.87;badreichenhallkirchberg;34.9;96.3;90;12;0;7;rotation;19;RETENUE;
Allemagne;de_gtfsde;bademswestbahnhof@50.33,7.71;bademswestbahnhof;34.9;85.7;86.8;25;0;7;rotation;19;RETENUE;
France;fr_sncf;UIC87444539;Argentan;34.7;90.5;99.2;11;0;7;rotation;19;RETENUE;
France;fr_sncf;UIC87597005;Châteauroux;34.7;89.3;100;9;2.43;7;rotation;19;RETENUE;
Irlande;ie_nta;hazelhatchandcelbridge@53.32,-6.52;hazelhatchandcelbridge;34.7;93;85;18;0;7;rotation;19;RETENUE;
Pays-Bas;nl_ovapi;metelenland@52.16,7.25;metelenland;34.7;79.4;100;26;0;7;rotation;19;RETENUE;
Allemagne;de_gtfsde;wertheimbahnhof@49.76,9.51;wertheimbahnhof;34.7;90.9;96.8;22;0;7;rotation;19;RETENUE;
Allemagne;de_gtfsde;neckarstadtwest@49.50,8.46;neckarstadtwest;34.7;88.5;93.8;18;0;7;rotation;19;RETENUE;
Allemagne;de_gtfsde;mnsterbdieburgbahnhof@49.92,8.85;mnsterbdieburgbahnhof;34.7;95.9;95.3;13;0;7;rotation;19;RETENUE;
Allemagne;de_gtfsde;anklam@53.86,13.70;anklam;34.7;78.6;96;33;0;7;rotation;19;RETENUE;
Allemagne;de_gtfsde;speele@51.38,9.56;speele;34.7;88.9;95.3;21;0;7;rotation;19;RETENUE;
Allemagne;de_gtfsde;lemfrde@52.46,8.36;lemfrde;34.7;79.4;92.7;23;0;7;rotation;19;RETENUE;
Allemagne;de_gtfsde;hrlkofen@48.24,11.94;hrlkofen;34.7;52.3;96.4;27;0;7;rotation;19;RETENUE;
Allemagne;de_gtfsde;fnklufternbahnhof@47.69,9.41;fnklufternbahnhof;34.7;33.7;93.5;31;0;7;rotation;19;RETENUE;
Allemagne;de_gtfsde;burgsteinfurtbahnhof@52.15,7.33;burgsteinfurtbahnhof;34.7;78.6;92.7;19;0;7;rotation;19;RETENUE;
Allemagne;de_gtfsde;dillingendonau@48.58,10.49;dillingendonau;34.7;77.8;99.2;29;0;7;rotation;19;RETENUE;
Allemagne;de_gtfsde;baunach@49.99,10.85;baunach;34.7;93.8;100;13;0;7;rotation;19;RETENUE;
Allemagne;de_gtfsde;kastloberbay@48.19,12.71;kastloberbay;34.7;95.9;98.8;11;0;7;rotation;19;RETENUE;
Allemagne;de_gtfsde;rietheimch@47.60,8.28;rietheimch;34.7;97.5;100;27;0;7;rotation;19;RETENUE;
Allemagne;de_gtfsde;rslau@50.08,11.99;rslau;34.7;77.4;97.6;21;0;7;rotation;19;RETENUE;
Allemagne;de_gtfsde;ehringen@51.38,9.15;ehringen;34.7;58;95.3;27;0;7;rotation;19;RETENUE;
Allemagne;de_gtfsde;schwenningenbay@48.66,10.64;schwenningenbay;34.7;80.7;98.8;31;0;7;rotation;19;RETENUE;
Allemagne;de_gtfsde;sprtze@53.31,9.81;sprtze;34.7;66.3;89.7;41;0;7;rotation;19;RETENUE;
Allemagne;de_gtfsde;suhl@50.61,10.68;suhl;34.7;97.9;85.9;10;0;7;rotation;19;RETENUE;
Allemagne;de_gtfsde;puchbeihallein@47.71,13.09;puchbeihallein;34.7;96.3;100;11;0;7;rotation;19;RETENUE;
Allemagne;de_gtfsde;oberalm@47.70,13.09;oberalm;34.7;95.1;100;12;0;7;rotation;19;RETENUE;
France;fr_sncf;UIC87172270;Rethel;34.6;88.4;100;10;0;7;rotation;19;RETENUE;
France;fr_sncf;UIC87757617;Cannes La Bocca;34.6;86.8;100;10;0.14;7;rotation;19;RETENUE;
Irlande;ie_nta;navanroadparkway@53.38,-6.35;navanroadparkway;34.6;87.2;85.8;19;0;7;rotation;19;RETENUE;
Allemagne;de_gtfsde;hilpoltstein@49.19,11.18;hilpoltstein;34.6;95.9;100;10;0;7;rotation;19;RETENUE;
Allemagne;de_gtfsde;villmaraumenaubahnhof@50.40,8.25;villmaraumenaubahnhof;34.6;89.3;96.4;19;0;7;rotation;19;RETENUE;
Allemagne;de_gtfsde;vohburgrockolding@48.74,11.61;vohburgrockolding;34.6;83.9;99.2;18;0;7;rotation;19;RETENUE;
Allemagne;de_gtfsde;speikern@49.53,11.34;speikern;34.6;91.3;96.8;16;0;7;rotation;19;RETENUE;
Allemagne;de_gtfsde;jnitzbahnhof@50.54,12.14;jnitzbahnhof;34.6;59.5;87.7;31;0;7;rotation;19;RETENUE;
Allemagne;de_gtfsde;oschatz@51.31,13.10;oschatz;34.6;76.9;94.9;33;0;7;rotation;19;RETENUE;
Allemagne;de_gtfsde;imsweilerbahnhof@49.60,7.81;imsweilerbahnhof;34.6;84.3;96.4;19;0;7;rotation;19;RETENUE;
Allemagne;de_gtfsde;rentweinsdorf@50.06,10.81;rentweinsdorf;34.6;90.5;96;15;0;7;rotation;19;RETENUE;
Allemagne;de_gtfsde;sulzneckarbahnhof@48.37,8.64;sulzneckarbahnhof;34.6;66.1;96.4;31;0;7;rotation;19;RETENUE;
Allemagne;de_gtfsde;salzwedel@52.86,11.16;salzwedel;34.6;86.4;98;15;0;7;rotation;19;RETENUE;
Allemagne;de_gtfsde;puchbhalleinurstein@47.72,13.09;puchbhalleinurstein;34.6;96.7;99.6;11;0;7;rotation;19;RETENUE;
Allemagne;de_gtfsde;kuchlgarnei@47.65,13.13;kuchlgarnei;34.6;94.6;99.6;12;0;7;rotation;19;RETENUE;
France;fr_sncf;UIC87286625;Templeuve;34.4;93.8;100;8;0.43;7;rotation;19;RETENUE;
France;fr_sncf;UIC87317305;Les Fontinettes;34.4;90;100;10;0.29;7;rotation;19;RETENUE;
France;fr_sncf;UIC87721324;Anse;34.4;93.4;100;11;0.29;7;rotation;19;RETENUE;
Irlande;ie_nta;newbridge@53.19,-6.81;newbridge;34.4;83;93.1;27;0;7;rotation;19;RETENUE;
Allemagne;de_gtfsde;prenzlaubahnhof@53.32,13.87;prenzlaubahnhof;34.4;76.8;92.3;29;0;7;rotation;19;RETENUE;
Allemagne;de_gtfsde;koblenzgls@50.34,7.55;koblenzgls;34.4;85.1;93.4;23;0;7;rotation;19;RETENUE;
Allemagne;de_gtfsde;trassenheidebahnhof@54.08,13.87;trassenheidebahnhof;34.4;91.7;86.7;16;0;7;rotation;19;RETENUE;
Allemagne;de_gtfsde;knigsborn@52.13,11.76;knigsborn;34.4;82.2;97.6;20;0;7;rotation;19;RETENUE;
Allemagne;de_gtfsde;nennhausenbahnhof@52.60,12.50;nennhausenbahnhof;34.4;74.7;98;27;0;7;rotation;19;RETENUE;
Allemagne;de_gtfsde;bielefeldquellebahnhof@52.00,8.46;bielefeldquellebahnhof;34.4;65.1;96.4;26;0;7;rotation;19;RETENUE;
Allemagne;de_gtfsde;marktleuthen@50.13,12.01;marktleuthen;34.4;75.5;99.2;22;0;7;rotation;19;RETENUE;
Allemagne;de_gtfsde;haunetalneukirchen@50.77,9.69;haunetalneukirchen;34.4;77.2;97.2;30;0;7;rotation;19;RETENUE;
Allemagne;de_gtfsde;ntzen@53.86,9.92;ntzen;34.4;84.6;83.4;19;0;7;rotation;19;RETENUE;
Allemagne;de_gtfsde;badaiblingkurpark@47.86,12.01;badaiblingkurpark;34.4;71.8;86.7;27;0;7;rotation;19;RETENUE;
Allemagne;de_gtfsde;groburgwedelbahnhof@52.51,9.86;groburgwedelbahnhof;34.4;78.8;98.4;27;0;7;rotation;19;RETENUE;
Allemagne;de_gtfsde;bersee@47.82,12.49;bersee;34.4;63.9;95.6;38;0;7;rotation;19;RETENUE;
Allemagne;de_gtfsde;badvigaun@47.66,13.12;badvigaun;34.4;94.2;99.6;12;0;7;rotation;19;RETENUE;
Allemagne;de_gtfsde;heidkrug@53.06,8.68;heidkrug;34.4;88;92.3;23;0;7;rotation;19;RETENUE;
Allemagne;de_gtfsde;schwelmwest@51.29,7.27;schwelmwest;34.4;81.3;89.6;30;0;7;rotation;19;RETENUE;
Australie;au_translink_seq;yerongastation@-27.52,153.02;yerongastation;34.4;92.5;98.8;112;0;7;rotation;19;RETENUE;
France;fr_sncf;UIC87713115;Les Laumes - Alésia;34.3;89.6;100;10;0;7;rotation;19;RETENUE;
Norvege;no_entur;bleikenstasjon@60.47,10.50;bleikenstasjon;34.3;92.1;100;117;0;7;rotation;19;RETENUE;
Norvege;no_entur;gjvikstasjon@60.80,10.69;gjvikstasjon;34.3;97.1;100;98;0;7;rotation;19;RETENUE;
Norvege;no_entur;raufossstasjon@60.72,10.61;raufossstasjon;34.3;96.7;100;93;0;7;rotation;19;RETENUE;
Norvege;no_entur;reinsvollstasjon@60.68,10.62;reinsvollstasjon;34.3;97.1;100;70;0;7;rotation;19;RETENUE;
Pays-Bas;nl_ovapi;steinfurtborghorst@52.12,7.40;steinfurtborghorst;34.3;76.3;100;31;0;7;rotation;19;RETENUE;
Pays-Bas;nl_ovapi;steinfurtburgsteinfurt@52.15,7.33;steinfurtburgsteinfurt;34.3;75;100;27;0;7;rotation;19;RETENUE;
Allemagne;de_gtfsde;heiligenstattobb@48.21,12.61;heiligenstattobb;34.3;95.4;98.8;11;0;7;rotation;19;RETENUE;
Allemagne;de_gtfsde;mnchsmnster@48.76,11.69;mnchsmnster;34.3;82.9;99.2;20;0;7;rotation;19;RETENUE;
Allemagne;de_gtfsde;nrnbergnordost@49.47,11.11;nrnbergnordost;34.3;74.6;97.6;30;0;7;rotation;19;RETENUE;
Allemagne;de_gtfsde;hchstdtdonau@48.62,10.57;hchstdtdonau;34.3;78.8;98.8;31;0;7;rotation;19;RETENUE;
Allemagne;de_gtfsde;immenreuth@49.91,11.87;immenreuth;34.3;77.9;98;21;0;7;rotation;19;RETENUE;
Allemagne;de_gtfsde;wallwitzsaalkr@51.58,11.92;wallwitzsaalkr;34.3;67.9;95.2;35;0;7;rotation;19;RETENUE;
Allemagne;de_gtfsde;lutherstadtwittenbergaltstadt@51.86,12.64;lutherstadtwittenbergaltstadt;34.3;95;93.8;19;0;7;rotation;19;RETENUE;
Allemagne;de_gtfsde;kochel@47.66,11.37;kochel;34.3;73.3;99.2;27;0;7;rotation;19;RETENUE;
Allemagne;de_gtfsde;chorinbahnhof@52.90,13.87;chorinbahnhof;34.3;82.5;96.8;27;0;7;rotation;19;RETENUE;
Allemagne;de_gtfsde;obernhoflahnbf@50.32,7.85;obernhoflahnbf;34.3;90;96.4;23;0;7;rotation;19;RETENUE;
Allemagne;de_gtfsde;aichstettenbahnhof@47.89,10.07;aichstettenbahnhof;34.3;63.7;95.6;29;0;7;rotation;19;RETENUE;
Allemagne;de_gtfsde;lebachjabach@49.41,6.89;lebachjabach;34.3;91.3;94.1;15;0;7;rotation;19;RETENUE;
Allemagne;de_gtfsde;gaimersheim@48.80,11.37;gaimersheim;34.3;78.8;91.6;26;0;7;rotation;19;RETENUE;
Allemagne;de_gtfsde;mnsteramelsbrenbahnhof@51.88,7.60;mnsteramelsbrenbahnhof;34.3;57.5;96;68;0;7;rotation;19;RETENUE;
Allemagne;de_gtfsde;abensberg@48.82,11.85;abensberg;34.3;82.9;98.8;21;0;7;rotation;19;RETENUE;
Allemagne;de_gtfsde;marktschorgast@50.09,11.65;marktschorgast;34.3;95.8;97.2;11;0;7;rotation;19;RETENUE;
Allemagne;de_gtfsde;ebern@50.09,10.80;ebern;34.3;91.3;100;13;0;7;rotation;19;RETENUE;
Allemagne;de_gtfsde;badzwischenahn@53.18,8.00;badzwischenahn;34.3;85;100;27;0;7;rotation;19;RETENUE;
Allemagne;de_gtfsde;hallein@47.69,13.10;hallein;34.3;96.3;100;11;0;7;rotation;19;RETENUE;
Allemagne;de_gtfsde;halleinburgfried@47.68,13.11;halleinburgfried;34.3;95;99.6;13;0;7;rotation;19;RETENUE;
Allemagne;de_gtfsde;bayerischgmain@47.72,12.90;bayerischgmain;34.3;95.8;100;14;0;7;rotation;19;RETENUE;
France;fr_sncf;UIC87611137;Saint-Gaudens;34.1;87;100;15;0.43;7;rotation;19;RETENUE;
Norvege;no_entur;slitustasjon@59.57,11.26;slitustasjon;34.1;92.1;100;107;0;7;rotation;19;RETENUE;
Norvege;no_entur;askimstasjon@59.58,11.16;askimstasjon;34.1;91.6;100;121;0;7;rotation;19;RETENUE;
Allemagne;de_gtfsde;neuhausenspnbahnhof@51.69,14.41;neuhausenspnbahnhof;34.1;86.2;97.6;17;0;7;rotation;19;RETENUE;
Allemagne;de_gtfsde;kielelmschenhagen@54.29,10.18;kielelmschenhagen;34.1;96.2;91.6;17;0;7;rotation;19;RETENUE;
Allemagne;de_gtfsde;dietersheim@49.56,10.54;dietersheim;34.1;95.8;100;17;0;7;rotation;19;RETENUE;
Allemagne;de_gtfsde;eichstttstadt@48.89,11.18;eichstttstadt;34.1;92.9;98.8;12;0;7;rotation;19;RETENUE;
Allemagne;de_gtfsde;gubenbahnhof@51.96,14.71;gubenbahnhof;34.1;92.5;91.6;18;0;7;rotation;19;RETENUE;
Allemagne;de_gtfsde;weselblumenkampbf@51.70,6.61;weselblumenkampbf;34.1;57.7;98.8;50;0;7;rotation;19;RETENUE;
Allemagne;de_gtfsde;wulfenanh@51.82,11.92;wulfenanh;34.1;80.8;92.6;25;0;7;rotation;19;RETENUE;
Allemagne;de_gtfsde;laurenburglahn@50.33,7.91;laurenburglahn;34.1;88.7;94.1;28;0;7;rotation;19;RETENUE;
Allemagne;de_gtfsde;pegau@51.17,12.24;pegau;34.1;73.2;80.2;39;0;7;rotation;19;RETENUE;
Allemagne;de_gtfsde;bremenwalle@53.10,8.79;bremenwalle;34.1;90.4;93;18;0;7;rotation;19;RETENUE;
Allemagne;de_gtfsde;dortmundtierparkbf@51.48,7.46;dortmundtierparkbf;34.1;67.8;92.6;21;0;7;rotation;19;RETENUE;
Allemagne;de_gtfsde;badvilbelgronaubahnhof@50.19,8.78;badvilbelgronaubahnhof;34.1;90.8;90.9;20;0;7;rotation;19;RETENUE;
France;fr_sncf;UIC87781062;Port-la-Nouvelle;34;87.4;99.6;16;0.14;7;rotation;19;RETENUE;
France;fr_sncf;UIC87471391;Pontchaillou;34;91.6;100;7;0.14;7;rotation;19;RETENUE;
Norvege;no_entur;spydebergstasjon@59.62,11.08;spydebergstasjon;34;90.3;100;113;0;7;rotation;19;RETENUE;
Norvege;no_entur;knapstadstasjon@59.63,11.03;knapstadstasjon;34;87.4;100;126;0;7;rotation;19;RETENUE;
Norvege;no_entur;tomterstasjon@59.66,11.00;tomterstasjon;34;91.2;100;121;0;7;rotation;19;RETENUE;
Norvege;no_entur;skotbustasjon@59.67,10.95;skotbustasjon;34;87;100;150;0;7;rotation;19;RETENUE;
Norvege;no_entur;mysenstasjon@59.55,11.32;mysenstasjon;34;95;100;62;0;7;rotation;19;RETENUE;
Pays-Bas;nl_ovapi;twello@52.24,6.10;twello;34;96.2;98.8;68;0;7;rotation;19;RETENUE;
Allemagne;de_gtfsde;eyachbahnhof@48.45,8.78;eyachbahnhof;34;82.4;96;22;0;7;rotation;19;RETENUE;
Allemagne;de_gtfsde;ramsberg@49.11,10.93;ramsberg;34;86.1;95.6;21;0;7;rotation;19;RETENUE;
Allemagne;de_gtfsde;wegberg@51.15,6.28;wegberg;34;80.3;97.1;23;0;7;rotation;19;RETENUE;
Allemagne;de_gtfsde;langhagendb@53.68,12.43;langhagendb;34;76.5;98.8;29;0;7;rotation;19;RETENUE;
Allemagne;de_gtfsde;rain@48.70,10.93;rain;34;80.3;99.6;24;0;7;rotation;19;RETENUE;
Allemagne;de_gtfsde;wilhermsdorf@49.48,10.73;wilhermsdorf;34;93.7;100;18;0;7;rotation;19;RETENUE;
Allemagne;de_gtfsde;hochstttenalsenzbahnhof@49.76,7.83;hochstttenalsenzbahnhof;34;84.9;96.7;24;0;7;rotation;19;RETENUE;
Allemagne;de_gtfsde;hamminkelnbahnhof@51.74,6.60;hamminkelnbahnhof;34;66.4;91.2;49;0;7;rotation;19;RETENUE;
Allemagne;de_gtfsde;neuburgdonau@48.73,11.18;neuburgdonau;34;84.9;99.2;26;0;7;rotation;19;RETENUE;
Allemagne;de_gtfsde;oberstdorf@47.41,10.28;oberstdorf;34;76.1;98.3;30;0;7;rotation;19;RETENUE;
Allemagne;de_gtfsde;winningenmosel@50.32,7.52;winningenmosel;34;82.4;93;26;0;7;rotation;19;RETENUE;
Allemagne;de_gtfsde;mnchweileralsenzbahnhof@49.55,7.89;mnchweileralsenzbahnhof;34;88.2;94.8;20;0;7;rotation;19;RETENUE;
Allemagne;de_gtfsde;pfungstadtbahnhof@49.81,8.61;pfungstadtbahnhof;34;91.2;98.3;20;0;7;rotation;19;RETENUE;
Allemagne;de_gtfsde;seehausenaltm@52.89,11.74;seehausenaltm;34;87.4;99.6;16;0;7;rotation;19;RETENUE;
Allemagne;de_gtfsde;grfenhainichen@51.72,12.46;grfenhainichen;34;87;96.7;24;0;7;rotation;19;RETENUE;
Allemagne;de_gtfsde;hosenabahnhof@51.45,14.02;hosenabahnhof;34;89.1;99.2;21;0;7;rotation;19;RETENUE;
Allemagne;de_gtfsde;schneckbdesheimschneckbdesheimbahnhof@50.21,8.84;schneckbdesheimschneckbdesheimbahnhof;34;91.6;93.7;20;0;7;rotation;19;RETENUE;
Allemagne;de_gtfsde;gollingabtenau@47.60,13.16;gollingabtenau;34;95;100;11;0;7;rotation;19;RETENUE;
France;fr_sncf;UIC87175000;Saint-Dizier;33.9;88.6;100;12;0.71;7;rotation;19;RETENUE;
France;fr_sncf;UIC87615112;Lézignan-Corbières;33.9;84;100;16;0.57;7;rotation;19;RETENUE;
France;fr_sncf;UIC87734251;Arvant;33.9;79.7;100;14;0.86;7;rotation;19;RETENUE;
Norvege;no_entur;krkstadstasjon@59.68,10.89;krkstadstasjon;33.9;89;99.6;135;0;7;rotation;19;RETENUE;
Irlande;ie_nta;adamstown@53.34,-6.47;adamstown;33.9;91.6;88.8;17;0;7;rotation;19;RETENUE;
Allemagne;de_gtfsde;ernsgaden@48.73,11.57;ernsgaden;33.9;87.8;98.3;17;0;7;rotation;19;RETENUE;
Allemagne;de_gtfsde;burghaunbahnhof@50.70,9.73;burghaunbahnhof;33.9;78.1;94.4;32;0;7;rotation;19;RETENUE;
Allemagne;de_gtfsde;roding@49.21,12.52;roding;33.9;67.9;90.5;23;0;7;rotation;19;RETENUE;
Allemagne;de_gtfsde;eichenzellwelkersbahnhof@50.48,9.72;eichenzellwelkersbahnhof;33.9;94.9;99.6;14;0;7;rotation;19;RETENUE;
Allemagne;de_gtfsde;thngersheim@49.88,9.84;thngersheim;33.9;90.7;96.3;16;0;7;rotation;19;RETENUE;
Allemagne;de_gtfsde;lbeckflughafenbahn@53.80,10.70;lbeckflughafenbahn;33.9;78.5;96.3;23;0;7;rotation;19;RETENUE;
Allemagne;de_gtfsde;wiemersdorf@53.95,9.92;wiemersdorf;33.9;86.1;87.5;20;0;7;rotation;19;RETENUE;
Allemagne;de_gtfsde;lauingen@48.57,10.42;lauingen;33.9;77.6;98.8;30;0;7;rotation;19;RETENUE;
Allemagne;de_gtfsde;drverden@52.85,9.25;drverden;33.9;64.1;94.8;42;0;7;rotation;19;RETENUE;
Allemagne;de_gtfsde;serrigbahnhof@49.58,6.57;serrigbahnhof;33.9;84.8;90.8;24;0;7;rotation;19;RETENUE;
Allemagne;de_gtfsde;ampfing@48.25,12.41;ampfing;33.9;55.3;96.3;29;0;7;rotation;19;RETENUE;
Allemagne;de_gtfsde;unterhausenbay@48.72,11.10;unterhausenbay;33.9;78.9;99.2;28;0;7;rotation;19;RETENUE;
Allemagne;de_gtfsde;schweikershainbahnhof@51.04,12.95;schweikershainbahnhof;33.9;82.3;94.8;22;0;7;rotation;19;RETENUE;
Allemagne;de_gtfsde;balduinsteinbf@50.35,7.97;balduinsteinbf;33.9;89.5;96.7;25;0;7;rotation;19;RETENUE;
Allemagne;de_gtfsde;rothenstein@50.85,11.60;rothenstein;33.9;95.8;83.7;30;0;7;rotation;19;RETENUE;
Allemagne;de_gtfsde;uhsmannsdorfbahnhof@51.33,14.89;uhsmannsdorfbahnhof;33.9;77.2;96;22;0;7;rotation;19;RETENUE;
Allemagne;de_gtfsde;knesebeckbahnhof@52.68,10.69;knesebeckbahnhof;33.9;70.9;92.9;30;0;7;rotation;19;RETENUE;
France;fr_sncf;UIC87781088;Leucate la Franqui;33.7;88.1;100;14;0.14;7;rotation;18;RETENUE;
France;fr_sncf;UIC87763425;Chorges;33.7;88.1;100;10;0.14;7;rotation;18;RETENUE;
France;fr_sncf;UIC87765354;Tarascon-sur-Rhône;33.7;89.4;100;12;0.29;7;rotation;18;RETENUE;
Norvege;no_entur;lillehammerstasjon@61.11,10.46;lillehammerstasjon;33.7;78;94;116;0;7;rotation;18;RETENUE;
Irlande;ie_nta;maynooth@53.38,-6.59;maynooth;33.7;69.9;82.5;21;0;7;rotation;18;RETENUE;
Pays-Bas;nl_ovapi;mnsterhger@52.02,7.56;mnsterhger;33.7;86.9;100;24;0;7;rotation;18;RETENUE;
Pays-Bas;nl_ovapi;altenberge@52.05,7.48;altenberge;33.7;87.7;100;19;0;7;rotation;18;RETENUE;
Pays-Bas;nl_ovapi;ochtrup@52.20,7.18;ochtrup;33.7;83.9;100;24;0;7;rotation;18;RETENUE;
Pays-Bas;nl_ovapi;workum@52.97,5.46;workum;33.7;97.5;100;107;0;7;rotation;18;RETENUE;
Allemagne;de_gtfsde;wandlitzwandlitzseebhf@52.76,13.47;wandlitzwandlitzseebhf;33.7;96.2;89.1;43;0;7;rotation;18;RETENUE;
Allemagne;de_gtfsde;demker@52.52,11.85;demker;33.7;69.1;94.8;18;0;7;rotation;18;RETENUE;
Allemagne;de_gtfsde;pnitzholst@54.05,10.67;pnitzholst;33.7;94.9;88.1;15;0;7;rotation;18;RETENUE;
Allemagne;de_gtfsde;coschenbahnhof@52.02,14.72;coschenbahnhof;33.7;90.7;95.5;19;0;7;rotation;18;RETENUE;
Allemagne;de_gtfsde;sontheimschwab@48.01,10.35;sontheimschwab;33.7;95.3;95.5;11;0;7;rotation;18;RETENUE;
Allemagne;de_gtfsde;badwilsnackbahnhof@52.96,11.95;badwilsnackbahnhof;33.7;90.7;95.5;21;0;7;rotation;18;RETENUE;
Allemagne;de_gtfsde;iserlhennenbf@51.44,7.65;iserlhennenbf;33.7;87.7;88.7;17;0;7;rotation;18;RETENUE;
Allemagne;de_gtfsde;greifswaldsd@54.08,13.40;greifswaldsd;33.7;80.9;93.3;29;0;7;rotation;18;RETENUE;
Allemagne;de_gtfsde;kaiserstuhlag@47.57,8.42;kaiserstuhlag;33.7;97;100;26;0;7;rotation;18;RETENUE;
Allemagne;de_gtfsde;obererbachbaltenkirchenobererbachbf@50.72,7.66;obererbachbaltenkirchenobererbachbf;33.7;75.8;93.3;25;0;7;rotation;18;RETENUE;
Allemagne;de_gtfsde;biesenthalbahnhof@52.76,13.67;biesenthalbahnhof;33.7;84.3;95.5;27;0;7;rotation;18;RETENUE;
Allemagne;de_gtfsde;lautabahnhof@51.45,14.09;lautabahnhof;33.7;89.4;97.1;19;0;7;rotation;18;RETENUE;
Allemagne;de_gtfsde;etzbachbf@50.78,7.69;etzbachbf;33.7;86.9;96.3;27;0;7;rotation;18;RETENUE;
Allemagne;de_gtfsde;neusorg@49.93,11.97;neusorg;33.7;80.5;98.7;21;0;7;rotation;18;RETENUE;
Australie;au_translink_seq;fruitgrovestation@-27.60,153.08;fruitgrovestation;33.7;94.5;93.3;74;0;7;rotation;18;RETENUE;
France;fr_sncf;UIC87673277;Saint-Vincent-de-Tyrosse;33.6;87.7;99.6;12;1.14;7;rotation;18;RETENUE;
France;fr_sncf;UIC87763466;Embrun;33.6;90.6;98.7;11;0.14;7;rotation;18;RETENUE;
Norvege;no_entur;einastasjon@60.63,10.60;einastasjon;33.6;94.5;97.9;102;0;7;rotation;18;RETENUE;
Irlande;ie_nta;kishoge@53.33,-6.43;kishoge;33.6;93.6;88.7;24;0;7;rotation;18;RETENUE;
Allemagne;de_gtfsde;lubolzbahnhof@51.96,13.82;lubolzbahnhof;33.6;82.1;89.4;21;0;7;rotation;18;RETENUE;
Allemagne;de_gtfsde;rosenheimaicherpark@47.85,12.09;rosenheimaicherpark;33.6;68.5;85.8;25;0;7;rotation;18;RETENUE;
Allemagne;de_gtfsde;grosteinberg@51.25,12.64;grosteinberg;33.6;96.6;93.3;13;0;7;rotation;18;RETENUE;
Allemagne;de_gtfsde;schnebeckfelgeleben@52.00,11.76;schnebeckfelgeleben;33.6;82.6;94.4;27;0;7;rotation;18;RETENUE;
Allemagne;de_gtfsde;teichlandbahnhof@51.82,14.42;teichlandbahnhof;33.6;92.8;95.9;18;0;7;rotation;18;RETENUE;
Allemagne;de_gtfsde;burgheim@48.70,11.03;burgheim;33.6;81.7;100;25;0;7;rotation;18;RETENUE;
Allemagne;de_gtfsde;mellikon@47.57,8.35;mellikon;33.6;97;100;35;0;7;rotation;18;RETENUE;
Allemagne;de_gtfsde;rmikonag@47.57,8.37;rmikonag;33.6;97;99.6;25;0;7;rotation;18;RETENUE;
Allemagne;de_gtfsde;irrenlohe@49.36,12.10;irrenlohe;33.6;96.2;97.1;13;0;7;rotation;18;RETENUE;
Allemagne;de_gtfsde;bergwitz@51.80,12.58;bergwitz;33.6;86.8;97.1;25;0;7;rotation;18;RETENUE;
Allemagne;de_gtfsde;badmnderbahnhof@52.18,9.47;badmnderbahnhof;33.6;53.2;85.8;36;0;7;rotation;18;RETENUE;
Allemagne;de_gtfsde;tribergbahnhof@48.14,8.24;tribergbahnhof;33.6;63.8;99.6;33;0;7;rotation;18;RETENUE;
Allemagne;de_gtfsde;bergenoberbay@47.83,12.59;bergenoberbay;33.6;66;94;38;0;7;rotation;18;RETENUE;
Allemagne;de_gtfsde;julbach@48.25,12.96;julbach;33.6;90.2;97.9;16;0;7;rotation;18;RETENUE;
France;fr_sncf;UIC87763508;Mont-Dauphin - Guillestre;33.4;88.9;100;11;0.14;7;rotation;18;RETENUE;
France;fr_sncf;UIC87718841;Arc-et-Senans;33.4;94.4;100;9;0.14;7;rotation;18;RETENUE;
Pays-Bas;nl_ovapi;heideb@51.36,4.46;heideb;33.4;91.9;99.6;33;0;7;rotation;18;RETENUE;
Allemagne;de_gtfsde;tannheimbahnhof@47.99,10.10;tannheimbahnhof;33.4;67.5;95.1;28;0;7;rotation;18;RETENUE;
Allemagne;de_gtfsde;markterlbach@49.49,10.66;markterlbach;33.4;94.4;97.5;15;0;7;rotation;18;RETENUE;
Allemagne;de_gtfsde;stockstadtrheinbahnhof@49.81,8.47;stockstadtrheinbahnhof;33.4;77.8;97.1;26;0;7;rotation;18;RETENUE;
Allemagne;de_gtfsde;grokreutzbahnhof@52.41,12.78;grokreutzbahnhof;33.4;83.3;94;22;0;7;rotation;18;RETENUE;
Allemagne;de_gtfsde;marbachwest@48.03,8.47;marbachwest;33.4;82.5;89;39;0;7;rotation;18;RETENUE;
Allemagne;de_gtfsde;wolgastwolgasterfhre@54.06,13.79;wolgastwolgasterfhre;33.4;91.9;97.5;14;0;7;rotation;18;RETENUE;
Allemagne;de_gtfsde;bantorfbahnhof@52.33,9.42;bantorfbahnhof;33.4;79.9;90;29;0;7;rotation;18;RETENUE;
Allemagne;de_gtfsde;steinhring@48.08,12.03;steinhring;33.4;81.2;94;16;0;7;rotation;18;RETENUE;
Allemagne;de_gtfsde;sonthofen@47.51,10.27;sonthofen;33.4;73.1;99.2;25;0;7;rotation;18;RETENUE;
Allemagne;de_gtfsde;malsfeldbeisefrth@51.08,9.55;malsfeldbeisefrth;33.4;69.7;94.7;28;0;7;rotation;18;RETENUE;
Allemagne;de_gtfsde;eppelborn@49.41,6.97;eppelborn;33.4;93.2;96.7;14;0;7;rotation;18;RETENUE;
Allemagne;de_gtfsde;naila@50.33,11.71;naila;33.4;90.2;99.2;15;0;7;rotation;18;RETENUE;
Allemagne;de_gtfsde;zweidlen@47.57,8.47;zweidlen;33.4;97.4;99.6;44;0;7;rotation;18;RETENUE;
Allemagne;de_gtfsde;vorhopbahnhof@52.65,10.66;vorhopbahnhof;33.4;65.8;97.5;29;0;7;rotation;18;RETENUE;
Allemagne;de_gtfsde;bremenoslebshausen@53.14,8.74;bremenoslebshausen;33.4;82.5;95.1;20;0;7;rotation;18;RETENUE;
Etats-Unis;us_mta_lirr;speonk@40.82,-72.71;speonk;33.4;85;100;163;0;7;rotation;18;RETENUE;
Australie;au_translink_seq;banoonstation@-27.58,153.05;banoonstation;33.4;93.2;99.2;108;0;7;rotation;18;RETENUE;
France;fr_sncf;UIC87193318;Saint-Avold;33.3;94.4;99.6;10;1;7;rotation;18;RETENUE;
France;fr_sncf;UIC87193359;Faulquemont;33.3;92.7;100;9;1;7;rotation;18;RETENUE;
France;fr_sncf;UIC87324095;Futuroscope;33.3;94;99.1;9;0.43;7;rotation;18;RETENUE;
Pays-Bas;nl_ovapi;kapellen@51.31,4.43;kapellen;33.3;92.7;99.6;28;0;7;rotation;18;RETENUE;
Allemagne;de_gtfsde;dorfmark@52.90,9.77;dorfmark;33.3;52.8;97.5;29;0;7;rotation;18;RETENUE;
Allemagne;de_gtfsde;mannheimhandelshfjungbusch@49.49,8.45;mannheimhandelshfjungbusch;33.3;88.4;92.5;18;0;7;rotation;18;RETENUE;
Allemagne;de_gtfsde;cottbusmerzdorfbhf@51.77,14.37;cottbusmerzdorfbhf;33.3;94;87.3;18;0;7;rotation;18;RETENUE;
Allemagne;de_gtfsde;mechterstdtbushaltestelle@50.94,10.52;mechterstdtbushaltestelle;33.3;68.2;94.3;56;0;7;rotation;18;RETENUE;
Allemagne;de_gtfsde;braunschweigbhfgliesmarode@52.28,10.55;braunschweigbhfgliesmarode;33.3;72.5;94.7;27;0;7;rotation;18;RETENUE;
Allemagne;de_gtfsde;ottersbergbbremen@53.10,9.13;ottersbergbbremen;33.3;70;95.1;35;0;7;rotation;18;RETENUE;
Allemagne;de_gtfsde;freienohlbahnhof@51.37,8.17;freienohlbahnhof;33.3;92.3;93.6;14;0;7;rotation;18;RETENUE;
Allemagne;de_gtfsde;bisingenbahnhof@48.31,8.92;bisingenbahnhof;33.3;68.2;93.2;41;0;7;rotation;18;RETENUE;
Allemagne;de_gtfsde;burgkemnitz@51.69,12.41;burgkemnitz;33.3;89.3;92.8;21;0;7;rotation;18;RETENUE;
Allemagne;de_gtfsde;kronweilerbahnhof@49.66,7.26;kronweilerbahnhof;33.3;87.1;97.5;21;0;7;rotation;18;RETENUE;
Allemagne;de_gtfsde;hcherzebrockbahnhof@51.88,8.24;hcherzebrockbahnhof;33.3;71.7;99.1;52;0;7;rotation;18;RETENUE;
Allemagne;de_gtfsde;castroprauxelsdbf@51.55,7.31;castroprauxelsdbf;33.3;91.4;99.1;14;0;7;rotation;18;RETENUE;
France;fr_sncf;UIC87784173;Rivesaltes;33.1;87.1;99.6;17;0.14;7;rotation;18;RETENUE;
France;fr_sncf;UIC87300822;Belfort - Montbéliard TGV;33.1;72.8;100;15;0;7;rotation;18;RETENUE;
Finlande;fi_digitraffic;OI;;33.1;97.4;100;92;0;7;rotation;18;RETENUE;
Pays-Bas;nl_ovapi;antwerpenluchtbal@51.24,4.43;antwerpenluchtbal;33.1;93.5;100;25;0;7;rotation;18;RETENUE;
Pays-Bas;nl_ovapi;sintmariaburg@51.29,4.43;sintmariaburg;33.1;91.8;100;30;0;7;rotation;18;RETENUE;
Allemagne;de_gtfsde;ebersburgschmalnaubahnhof@50.46,9.79;ebersburgschmalnaubahnhof;33.1;95.7;99.1;12;0;7;rotation;18;RETENUE;
Allemagne;de_gtfsde;seerhausenbahnhof@51.27,13.24;seerhausenbahnhof;33.1;87.1;99.1;26;0;7;rotation;18;RETENUE;
Allemagne;de_gtfsde;stettenschwab@48.03,10.44;stettenschwab;33.1;90.5;94.7;13;0;7;rotation;18;RETENUE;
Allemagne;de_gtfsde;adendorf@53.28,10.45;adendorf;33.1;68.5;88.9;29;0;7;rotation;18;RETENUE;
Allemagne;de_gtfsde;maulbronnwest@48.98,8.78;maulbronnwest;33.1;97;100;12;0;7;rotation;18;RETENUE;
Allemagne;de_gtfsde;aitrachmarstettenbahnhof@47.94,10.08;aitrachmarstettenbahnhof;33.1;64.2;95.9;26;0;7;rotation;18;RETENUE;
Allemagne;de_gtfsde;eichenzellrnshausenbahnhof@50.48,9.74;eichenzellrnshausenbahnhof;33.1;97;99.6;11;0;7;rotation;18;RETENUE;
Allemagne;de_gtfsde;leipzigrckmarsdorf@51.34,12.28;leipzigrckmarsdorf;33.1;88.4;96.7;18;0;7;rotation;18;RETENUE;
Allemagne;de_gtfsde;kldenstendal@52.63,11.66;kldenstendal;33.1;81.9;97.1;20;0;7;rotation;18;RETENUE;
Allemagne;de_gtfsde;hetzerathbahnhof@49.88,6.80;hetzerathbahnhof;33.1;73.7;94.3;25;0;7;rotation;18;RETENUE;
Allemagne;de_gtfsde;miltzow@54.20,13.20;miltzow;33.1;82.3;97.1;30;0;7;rotation;18;RETENUE;
Allemagne;de_gtfsde;marlhammbf@51.68,7.13;marlhammbf;33.1;74.1;96.3;26;0;7;rotation;18;RETENUE;
Allemagne;de_gtfsde;kummerowbstralsund@54.30,12.88;kummerowbstralsund;33.1;92.7;99.1;12;0;7;rotation;18;RETENUE;
Allemagne;de_gtfsde;vechta@52.73,8.28;vechta;33.1;59.5;90.3;32;0;7;rotation;18;RETENUE;
Allemagne;de_gtfsde;neuhofbeizossenbahnhof@52.14,13.48;neuhofbeizossenbahnhof;33.1;84.1;95.9;24;0;7;rotation;18;RETENUE;
Allemagne;de_gtfsde;oeventropbahnhof@51.39,8.13;oeventropbahnhof;33.1;92.2;96.3;11;0;7;rotation;18;RETENUE;
Allemagne;de_gtfsde;teisendorf@47.85,12.83;teisendorf;33.1;70.3;91.7;37;0;7;rotation;18;RETENUE;
Allemagne;de_gtfsde;baiersdorf@49.66,11.04;baiersdorf;33.1;92.2;95.9;19;0;7;rotation;18;RETENUE;
Allemagne;de_gtfsde;narsdorf@51.01,12.71;narsdorf;33.1;90.1;99.1;23;0;7;rotation;18;RETENUE;
Allemagne;de_gtfsde;nnchritzbahnhof@51.30,13.39;nnchritzbahnhof;33.1;78;94.7;31;0;7;rotation;18;RETENUE;
France;fr_sncf;UIC87317057;Rang-du-Fliers - Verton - Berck;33;89.2;99.6;13;0;7;rotation;18;RETENUE;
France;fr_sncf;UIC87723759;Villars-les-Dombes;33;95.2;100;6;0;7;rotation;18;RETENUE;
France;fr_sncf;UIC87611707;Escalquens;33;83.5;100;13;0.14;7;rotation;18;RETENUE;
Norvege;no_entur;nerdrumstasjon@59.92,11.14;nerdrumstasjon;33;58.9;100;186;0;7;rotation;18;RETENUE;
Pays-Bas;nl_ovapi;hindeloopen@52.95,5.42;hindeloopen;33;97;98.3;93;0;7;rotation;18;RETENUE;
Pays-Bas;nl_ovapi;antwerpennoorderdokken@51.26,4.43;antwerpennoorderdokken;33;92.2;100;28;0;7;rotation;18;RETENUE;
Pays-Bas;nl_ovapi;ekeren@51.28,4.43;ekeren;33;92.2;100;33;0;7;rotation;18;RETENUE;
Allemagne;de_gtfsde;dollnstein@48.87,11.08;dollnstein;33;75.3;96.3;34;0;7;rotation;18;RETENUE;
Allemagne;de_gtfsde;gersfeldrhnhettenhausenbahnhof@50.45,9.82;gersfeldrhnhettenhausenbahnhof;33;95.2;100;17;0;7;rotation;18;RETENUE;
Allemagne;de_gtfsde;badsachsa@51.58,10.57;badsachsa;33;92.2;94.7;17;0;7;rotation;18;RETENUE;
Allemagne;de_gtfsde;glauburgglaubergglauburgglaubergbf@50.31,9.00;glauburgglaubergglauburgglaubergbf;33;92.2;89.2;20;0;7;rotation;18;RETENUE;
Allemagne;de_gtfsde;eichenzellltterbahnhof@50.48,9.77;eichenzellltterbahnhof;33;97;99.6;9;0;7;rotation;18;RETENUE;
Allemagne;de_gtfsde;zwieselau@49.01,13.28;zwieselau;33;97.4;99.6;9;0;7;rotation;18;RETENUE;
Allemagne;de_gtfsde;schleifebahnhof@51.54,14.53;schleifebahnhof;33;85.7;93.5;19;0;7;rotation;18;RETENUE;
Allemagne;de_gtfsde;euskirchengrobllesheimbf@50.69,6.82;euskirchengrobllesheimbf;33;74;91.7;27;0;7;rotation;18;RETENUE;
Allemagne;de_gtfsde;vilsbiburg@48.45,12.35;vilsbiburg;33;95.2;97.9;11;0;7;rotation;18;RETENUE;
Allemagne;de_gtfsde;kattenes@50.25,7.44;kattenes;33;80.5;95.1;23;0;7;rotation;18;RETENUE;
Allemagne;de_gtfsde;nidderauwindeckenbahnhof@50.23,8.88;nidderauwindeckenbahnhof;33;90.5;88.5;20;0;7;rotation;18;RETENUE;
Allemagne;de_gtfsde;kratzeburg@53.43,12.94;kratzeburg;33;77.9;99.1;25;0;7;rotation;18;RETENUE;
France;fr_sncf;UIC87718460;Baume-les-Dames;32.9;90.4;100;11;0.86;7;rotation;18;RETENUE;
France;fr_sncf;UIC87611327;Varilhes;32.9;90.4;99.6;13;1.43;7;rotation;18;RETENUE;
France;fr_sncf;UIC87734319;Langeac;32.9;84.3;97.5;10;0.29;7;rotation;18;RETENUE;
Allemagne;de_gtfsde;haidenaabgppmannsbhl@49.89,11.82;haidenaabgppmannsbhl;32.9;72.6;94.7;21;0;7;rotation;18;RETENUE;
Allemagne;de_gtfsde;fleetmark@52.79,11.38;fleetmark;32.9;85.2;98.3;16;0;7;rotation;18;RETENUE;
Allemagne;de_gtfsde;ckeritzbahnhof@54.01,14.05;ckeritzbahnhof;32.9;92.6;89.5;18;0;7;rotation;18;RETENUE;
Allemagne;de_gtfsde;reichenbergunterfr@49.73,9.91;reichenbergunterfr;32.9;96.5;98.3;11;0;7;rotation;18;RETENUE;
Allemagne;de_gtfsde;baddeckenstedtbahnhof@52.09,10.23;baddeckenstedtbahnhof;32.9;85.2;87.8;27;0;7;rotation;18;RETENUE;
Allemagne;de_gtfsde;badarolsen@51.38,9.00;badarolsen;32.9;70;98.3;26;0;7;rotation;18;RETENUE;
Allemagne;de_gtfsde;dirmingen@49.42,7.01;dirmingen;32.9;94.3;96.2;14;0;7;rotation;18;RETENUE;
Allemagne;de_gtfsde;oymittelberg@47.65,10.46;oymittelberg;32.9;84.3;98.7;16;0;7;rotation;18;RETENUE;
Allemagne;de_gtfsde;mdenmosel@50.18,7.34;mdenmosel;32.9;84.8;90.2;19;0;7;rotation;18;RETENUE;
Allemagne;de_gtfsde;mhlenbahnhof@48.45,8.73;mhlenbahnhof;32.9;86.1;93.5;22;0;7;rotation;18;RETENUE;
Allemagne;de_gtfsde;schlldorf@54.30,9.75;schlldorf;32.9;97;99.6;11;0;7;rotation;18;RETENUE;
France;fr_sncf;UIC87184622;Clerval;32.7;90;100;14;0.86;7;rotation;18;RETENUE;
France;fr_sncf;UIC87757534;Boulouris sur Mer;32.7;86.5;100;8;0.14;7;rotation;18;RETENUE;
France;fr_sncf;UIC87611350;Le Vernet d'Ariège;32.7;90.8;100;13;1.43;7;rotation;18;RETENUE;
Allemagne;de_gtfsde;welgesheimbahnhof@49.88,7.96;welgesheimbahnhof;32.7;30.1;99.1;33;0;7;rotation;18;RETENUE;
Allemagne;de_gtfsde;dortmundbvinghausenbf@51.52,7.33;dortmundbvinghausenbf;32.7;96.5;94.6;12;0;7;rotation;18;RETENUE;
Allemagne;de_gtfsde;khnhausen@51.04,10.98;khnhausen;32.7;92.1;90.2;19;0;7;rotation;18;RETENUE;
Allemagne;de_gtfsde;kielschulenamlangseebahn@54.31,10.16;kielschulenamlangseebahn;32.7;97.4;98.3;13;0;7;rotation;18;RETENUE;
Allemagne;de_gtfsde;mochenwangenbahnhof@47.87,9.64;mochenwangenbahnhof;32.7;88.6;99.6;17;0;7;rotation;18;RETENUE;
Allemagne;de_gtfsde;beelitzstadtbhf@52.24,12.97;beelitzstadtbhf;32.7;97.8;98.3;12;0;7;rotation;18;RETENUE;
Allemagne;de_gtfsde;volkmarsen@51.41,9.12;volkmarsen;32.7;62;96.6;27;0;7;rotation;18;RETENUE;
Allemagne;de_gtfsde;neustadtwaldnaab@49.73,12.17;neustadtwaldnaab;32.7;82.5;99.6;27;0;7;rotation;18;RETENUE;
Allemagne;de_gtfsde;partenstein@50.04,9.52;partenstein;32.7;77.3;91.6;29;0;7;rotation;18;RETENUE;
Allemagne;de_gtfsde;ilmenau@50.68,10.92;ilmenau;32.7;96.5;81.5;14;0;7;rotation;18;RETENUE;
Allemagne;de_gtfsde;herlasgrnbahnhof@50.57,12.23;herlasgrnbahnhof;32.7;74.2;85.8;26;0;7;rotation;18;RETENUE;
Allemagne;de_gtfsde;wiesthal@50.02,9.44;wiesthal;32.7;76;93.9;31;0;7;rotation;18;RETENUE;
Allemagne;de_gtfsde;katlenburg@51.69,10.10;katlenburg;32.7;90.4;97.4;20;0;7;rotation;18;RETENUE;
Allemagne;de_gtfsde;schonungen@50.05,10.30;schonungen;32.7;92.6;95.4;17;0;7;rotation;18;RETENUE;
Allemagne;de_gtfsde;heringsdorfneuhof@53.95,14.15;heringsdorfneuhof;32.7;90.8;92.3;17;0;7;rotation;18;RETENUE;
Allemagne;de_gtfsde;wolfhagen@51.33,9.18;wolfhagen;32.7;54.6;95.8;29;0;7;rotation;18;RETENUE;
Allemagne;de_gtfsde;hamminkelndingdenbf@51.77,6.61;hamminkelndingdenbf;32.7;67.7;97.9;55;0;7;rotation;18;RETENUE;
Allemagne;de_gtfsde;gaubttelbrunn@49.63,9.85;gaubttelbrunn;32.7;97.4;93.5;11;0;7;rotation;18;RETENUE;
Allemagne;de_gtfsde;caputhgeltowbahnhof@52.35,12.98;caputhgeltowbahnhof;32.7;97.8;90.2;11;0;7;rotation;18;RETENUE;
France;fr_sncf;UIC87723783;Saint-Paul-de-Varax;32.6;94.7;100;8;0;7;rotation;18;RETENUE;
France;fr_sncf;UIC87683573;Auxerre Saint-Gervais;32.6;85.5;100;10;0;7;rotation;18;RETENUE;
France;fr_sncf;UIC87286849;Lesquin;32.6;92.1;100;7;0.43;7;rotation;18;RETENUE;
France;fr_sncf;UIC87184572;L'Isle-sur-le-Doubs;32.6;89.5;99.6;11;0.86;7;rotation;18;RETENUE;
France;fr_sncf;UIC87313759;Abancourt;32.6;86.8;99.6;11;0.29;7;rotation;18;RETENUE;
France;fr_sncf;UIC87763557;L'Argentière les Écrins;32.6;89.5;100;11;0.14;7;rotation;18;RETENUE;
Norvege;no_entur;evangerstasjon@60.65,6.11;evangerstasjon;32.6;94.3;100;94;0;7;rotation;18;RETENUE;
Norvege;no_entur;bolstadyristasjon@60.64,5.96;bolstadyristasjon;32.6;95.2;100;93;0;7;rotation;18;RETENUE;
Norvege;no_entur;stanghellestasjon@60.55,5.73;stanghellestasjon;32.6;93;100;95;0;7;rotation;18;RETENUE;
Norvege;no_entur;vaksdalstasjon@60.48,5.74;vaksdalstasjon;32.6;95.2;100;83;0;7;rotation;18;RETENUE;
Norvege;no_entur;trengereidstasjon@60.43,5.62;trengereidstasjon;32.6;96.5;100;84;0;7;rotation;18;RETENUE;
Allemagne;de_gtfsde;vlothobahnhof@52.17,8.86;vlothobahnhof;32.6;68.4;96.6;34;0;7;rotation;18;RETENUE;
Allemagne;de_gtfsde;stafurt@51.85,11.59;stafurt;32.6;86;95;20;0;7;rotation;18;RETENUE;
Allemagne;de_gtfsde;trebenlehma@51.05,12.44;trebenlehma;32.6;86.4;97.9;26;0;7;rotation;18;RETENUE;
Allemagne;de_gtfsde;knigshofenbahnhof@49.55,9.72;knigshofenbahnhof;32.6;92.1;93.4;20;0;7;rotation;18;RETENUE;
Allemagne;de_gtfsde;weienburgbay@49.03,10.97;weienburgbay;32.6;75;93.8;39;0;7;rotation;18;RETENUE;
Allemagne;de_gtfsde;lbronndrrn@48.99,8.75;lbronndrrn;32.6;96.9;100;12;0;7;rotation;18;RETENUE;
Allemagne;de_gtfsde;unterkochenbahnhof@48.81,10.13;unterkochenbahnhof;32.6;87.7;84.1;17;0;7;rotation;18;RETENUE;
Allemagne;de_gtfsde;auggenbahnhof@47.79,7.59;auggenbahnhof;32.6;89.9;93.8;21;0;7;rotation;18;RETENUE;
Allemagne;de_gtfsde;mnchengladbachherrathbf@51.10,6.37;mnchengladbachherrathbf;32.6;74.1;96.6;34;0;7;rotation;18;RETENUE;
Allemagne;de_gtfsde;malsfeld@51.10,9.53;malsfeld;32.6;72.4;95.8;29;0;7;rotation;18;RETENUE;
Allemagne;de_gtfsde;solmsburgsolmsbahnhof@50.55,8.41;solmsburgsolmsbahnhof;32.6;87.3;90.5;18;0;7;rotation;18;RETENUE;
Allemagne;de_gtfsde;altstdtenallgu@47.49,10.28;altstdtenallgu;32.6;69.7;96.6;24;0;7;rotation;18;RETENUE;
Allemagne;de_gtfsde;altmorschen@51.07,9.61;altmorschen;32.6;71.1;93.4;28;0;7;rotation;18;RETENUE;
Allemagne;de_gtfsde;halbebahnhof@52.11,13.70;halbebahnhof;32.6;78.1;91.2;24;0;7;rotation;18;RETENUE;
Allemagne;de_gtfsde;marxgrn@50.35,11.69;marxgrn;32.6;92.5;100;13;0;7;rotation;18;RETENUE;
Allemagne;de_gtfsde;kirchhundemwelschenennestbf@51.04,8.00;kirchhundemwelschenennestbf;32.6;93.9;95.4;15;0;7;rotation;18;RETENUE;
Allemagne;de_gtfsde;bubenreuth@49.63,11.01;bubenreuth;32.6;93.4;95.8;17;0;7;rotation;18;RETENUE;
Allemagne;de_gtfsde;wahrenholzbahnhof@52.61,10.61;wahrenholzbahnhof;32.6;65.4;98.3;31;0;7;rotation;18;RETENUE;
Allemagne;de_gtfsde;brhlkierbergbf@50.84,6.89;brhlkierbergbf;32.6;76.8;95;23;0;7;rotation;18;RETENUE;
Australie;au_translink_seq;eudlostation@-26.73,152.96;eudlostation;32.6;75.4;99.1;123;0;7;rotation;18;RETENUE;
France;fr_sncf;UIC87723569;Montluel;32.4;95.6;100;7;0.29;7;rotation;18;RETENUE;
France;fr_sncf;UIC87281444;Saint-Omer;32.4;87.2;100;12;0;7;rotation;18;RETENUE;
France;fr_sncf;UIC87286872;Baisieux;32.4;94.7;100;8;1.43;7;rotation;18;RETENUE;
France;fr_sncf;UIC87611376;Cintegabelle;32.4;91.2;100;12;1.43;7;rotation;18;RETENUE;
Finlande;fi_digitraffic;HR;;32.4;97.8;97.8;79;0;7;rotation;18;RETENUE;
Allemagne;de_gtfsde;dieen@47.95,11.11;dieen;32.4;90.3;95.8;17;0;7;rotation;18;RETENUE;
Allemagne;de_gtfsde;bleicherodeost@51.45,10.61;bleicherodeost;32.4;91.2;87.3;29;0;7;rotation;18;RETENUE;
Allemagne;de_gtfsde;klpinsee@54.04,14.02;klpinsee;32.4;89.9;82.5;18;0;7;rotation;18;RETENUE;
Allemagne;de_gtfsde;ebersburgriedbahnhof@50.46,9.77;ebersburgriedbahnhof;32.4;95.6;100;11;0;7;rotation;18;RETENUE;
Allemagne;de_gtfsde;seefeldmarkbahnhof@52.62,13.68;seefeldmarkbahnhof;32.4;92.1;96.2;28;0;7;rotation;18;RETENUE;
Allemagne;de_gtfsde;schnauhrselbushaltestelle@50.94,10.43;schnauhrselbushaltestelle;32.4;68.3;94.2;54;0;7;rotation;18;RETENUE;
Allemagne;de_gtfsde;brachelen@51.01,6.23;brachelen;32.4;74.9;92.7;36;0;7;rotation;18;RETENUE;
Allemagne;de_gtfsde;traunreut@47.97,12.59;traunreut;32.4;97.4;94.6;10;0;7;rotation;18;RETENUE;
Allemagne;de_gtfsde;stramoos@48.71,11.05;stramoos;32.4;78;99.6;22;0;7;rotation;18;RETENUE;
Allemagne;de_gtfsde;vetschaubahnhof@51.79,14.08;vetschaubahnhof;32.4;71.4;91.2;33;0;7;rotation;18;RETENUE;
Allemagne;de_gtfsde;gundelfingenbay@48.55,10.38;gundelfingenbay;32.4;80.2;99.6;29;0;7;rotation;18;RETENUE;
Allemagne;de_gtfsde;ducherowbahnhof@53.76,13.80;ducherowbahnhof;32.4;81.9;96.2;29;0;7;rotation;18;RETENUE;
Allemagne;de_gtfsde;hallebahnhofzob@52.06,8.36;hallebahnhofzob;32.4;58.1;91.9;23;0;7;rotation;18;RETENUE;
Allemagne;de_gtfsde;breddinbahnhof@52.89,12.22;breddinbahnhof;32.4;89.9;96.6;22;0;7;rotation;18;RETENUE;
Allemagne;de_gtfsde;gersfeldrhnaltenfeldbahnhof@50.45,9.85;gersfeldrhnaltenfeldbahnhof;32.4;94.7;100;14;0;7;rotation;18;RETENUE;
Allemagne;de_gtfsde;hllenthal@50.36,11.68;hllenthal;32.4;92.5;99.6;14;0;7;rotation;18;RETENUE;
Allemagne;de_gtfsde;weilerswistderkumbf@50.70,6.82;weilerswistderkumbf;32.4;73.6;90.8;27;0;7;rotation;18;RETENUE;
Allemagne;de_gtfsde;wittingenbahnhof@52.73,10.72;wittingenbahnhof;32.4;66.1;95;28;0;7;rotation;18;RETENUE;
Allemagne;de_gtfsde;alzeysdbahnhof@49.74,8.12;alzeysdbahnhof;32.4;44.9;93;41;0;7;rotation;18;RETENUE;
Allemagne;de_gtfsde;selbitz@50.32,11.75;selbitz;32.4;87.2;99.1;16;0;7;rotation;18;RETENUE;
Allemagne;de_gtfsde;sulzbachmain@49.92,9.15;sulzbachmain;32.4;93.8;95.4;14;0;7;rotation;18;RETENUE;
Allemagne;de_gtfsde;kleinrhrsdorfhaltepunkt@51.14,13.99;kleinrhrsdorfhaltepunkt;32.4;96.9;94.2;12;0;7;rotation;18;RETENUE;
Etats-Unis;us_mta_lirr;oysterbay@40.88,-73.53;oysterbay;32.4;92.5;100;146;0;7;rotation;18;RETENUE;
France;fr_sncf;UIC87615369;Montastruc-la-Conseillère;32.3;90.7;99.6;9;0.86;7;rotation;18;RETENUE;
France;fr_sncf;UIC87757559;Agay;32.3;87.6;100;8;0.14;7;rotation;18;RETENUE;
France;fr_sncf;UIC87757583;Théoule-sur-Mer;32.3;86.3;99.6;9;0.14;7;rotation;18;RETENUE;
Allemagne;de_gtfsde;stauchitzbahnhof@51.24,13.21;stauchitzbahnhof;32.3;88.1;99.1;25;0;7;rotation;18;RETENUE;
Allemagne;de_gtfsde;frankenbergeder@51.05,8.79;frankenbergeder;32.3;82.3;97.4;20;0;7;rotation;18;RETENUE;
Allemagne;de_gtfsde;wasserlieschbahnhof@49.71,6.54;wasserlieschbahnhof;32.3;95.6;97;13;0;7;rotation;18;RETENUE;
Allemagne;de_gtfsde;bremenoberneuland@53.09,8.94;bremenoberneuland;32.3;73.5;97;34;0;7;rotation;18;RETENUE;
Allemagne;de_gtfsde;sagehorn@53.08,9.01;sagehorn;32.3;73.5;93.4;35;0;7;rotation;18;RETENUE;
Allemagne;de_gtfsde;simbachinn@48.26,13.02;simbachinn;32.3;89.8;91.5;16;0;7;rotation;18;RETENUE;
Allemagne;de_gtfsde;pfarrkirchen@48.43,12.94;pfarrkirchen;32.3;69.9;98.3;19;0;7;rotation;18;RETENUE;
Allemagne;de_gtfsde;baienfurtniederbiegenbahnhof@47.83,9.62;baienfurtniederbiegenbahnhof;32.3;86.3;99.6;17;0;7;rotation;18;RETENUE;
Allemagne;de_gtfsde;benediktbeuern@47.71,11.40;benediktbeuern;32.3;69;97.8;25;0;7;rotation;18;RETENUE;
Allemagne;de_gtfsde;chemnitzaltchemnitz@50.79,12.93;chemnitzaltchemnitz;32.3;96.5;99.1;99;0;7;rotation;18;RETENUE;
Allemagne;de_gtfsde;jnschwaldebahnhof@51.87,14.50;jnschwaldebahnhof;32.3;92;94.6;19;0;7;rotation;18;RETENUE;
Allemagne;de_gtfsde;badliebenwerdabahnhof@51.52,13.40;badliebenwerdabahnhof;32.3;92.5;97.8;18;0;7;rotation;18;RETENUE;
Allemagne;de_gtfsde;vhrumbahnhof@52.34,10.17;vhrumbahnhof;32.3;79.2;81.6;20;0;7;rotation;18;RETENUE;
Allemagne;de_gtfsde;schopflochbahnhof@48.45,8.55;schopflochbahnhof;32.3;91.2;97.8;63;0;7;rotation;18;RETENUE;
Allemagne;de_gtfsde;geisenhausen@48.47,12.25;geisenhausen;32.3;95.6;97.4;11;0;7;rotation;18;RETENUE;
Allemagne;de_gtfsde;badsteben@50.37,11.65;badsteben;32.3;93.8;99.1;13;0;7;rotation;18;RETENUE;
Allemagne;de_gtfsde;fichtenbergbahnhof@48.99,9.70;fichtenbergbahnhof;32.3;84.5;95;20;0;7;rotation;18;RETENUE;
Allemagne;de_gtfsde;gitteldebadgrundharz@51.79,10.20;gitteldebadgrundharz;32.3;94.2;99.1;18;0;7;rotation;18;RETENUE;
Allemagne;de_gtfsde;pretzieraltm@52.84,11.26;pretzieraltm;32.3;84.5;96.2;17;0;7;rotation;18;RETENUE;
Allemagne;de_gtfsde;hagenwehringhausen@51.35,7.45;hagenwehringhausen;32.3;81.4;87.9;32;0;7;rotation;18;RETENUE;
France;fr_sncf;UIC87281428;Audruicq;32.1;88;100;12;0;7;rotation;18;RETENUE;
France;fr_sncf;UIC87543165;Salbris;32.1;92;100;12;0.57;7;rotation;18;RETENUE;
France;fr_sncf;UIC87473108;Lamballe;32.1;95.1;99.1;6;0.57;7;rotation;18;RETENUE;
Finlande;fi_digitraffic;MLA;;32.1;97.3;97;97;0;7;rotation;18;RETENUE;
Allemagne;de_gtfsde;hagebkhagebk@53.96,11.62;hagebkhagebk;32.1;83.1;97;15;0;7;rotation;18;RETENUE;
Allemagne;de_gtfsde;fischhausenneuhaus@47.71,11.87;fischhausenneuhaus;32.1;96;92.2;12;0;7;rotation;18;RETENUE;
Allemagne;de_gtfsde;kollmarsreutebahnhof@48.10,7.89;kollmarsreutebahnhof;32.1;90.7;95.7;19;0;7;rotation;18;RETENUE;
Allemagne;de_gtfsde;rohrenfeld@48.72,11.26;rohrenfeld;32.1;85.3;98.7;24;0;7;rotation;18;RETENUE;
Allemagne;de_gtfsde;weichering@48.72,11.33;weichering;32.1;85.8;100;25;0;7;rotation;18;RETENUE;
Allemagne;de_gtfsde;arensdorfkthen@51.71,12.01;arensdorfkthen;32.1;80.9;95.3;23;0;7;rotation;18;RETENUE;
Allemagne;de_gtfsde;mnchengladbachgenhausen@51.15,6.33;mnchengladbachgenhausen;32.1;84.4;99.6;22;0;7;rotation;18;RETENUE;
Allemagne;de_gtfsde;ebenhofen@47.81,10.62;ebenhofen;32.1;81.3;84.6;28;0;7;rotation;18;RETENUE;
Allemagne;de_gtfsde;glwenbahnhof@52.90,12.08;glwenbahnhof;32.1;92;97.8;19;0;7;rotation;18;RETENUE;
Allemagne;de_gtfsde;tbingenderendingenbhf@48.50,9.05;tbingenderendingenbhf;32.1;64;90;37;0;7;rotation;18;RETENUE;
Allemagne;de_gtfsde;radis@51.75,12.50;radis;32.1;86.7;95.7;23;0;7;rotation;18;RETENUE;
Allemagne;de_gtfsde;gersfeldrhnbahnhof@50.45,9.91;gersfeldrhnbahnhof;32.1;94.7;99.6;12;0;7;rotation;18;RETENUE;
Allemagne;de_gtfsde;runkelarfurtbahnhof@50.41,8.21;runkelarfurtbahnhof;32.1;85.8;91.8;20;0;7;rotation;18;RETENUE;
France;fr_sncf;UIC87281436;Watten - Éperlecques;32;87.9;100;12;0;7;rotation;18;RETENUE;
France;fr_sncf;UIC87757500;Fréjus;32;87.1;100;11;0.14;7;rotation;18;RETENUE;
France;fr_sncf;UIC87394254;La Loupe;32;90.6;99.6;11;0.43;7;rotation;18;RETENUE;
Allemagne;de_gtfsde;neuzellebahnhof@52.10,14.65;neuzellebahnhof;32;91.5;99.1;18;0;7;rotation;18;RETENUE;
Allemagne;de_gtfsde;alttting@48.22,12.67;alttting;32;94.6;99.1;12;0;7;rotation;18;RETENUE;
Allemagne;de_gtfsde;lingenbahnhof@52.52,7.32;lingenbahnhof;32;65.6;99.1;38;0;7;rotation;18;RETENUE;
Allemagne;de_gtfsde;oberelchingenbahnhof@48.45,10.08;oberelchingenbahnhof;32;56.3;87.8;36;0;7;rotation;18;RETENUE;
Allemagne;de_gtfsde;regisbreitingen@51.08,12.43;regisbreitingen;32;86.2;95.7;27;0;7;rotation;18;RETENUE;
Allemagne;de_gtfsde;brandenburgaltstadtbhf@52.41,12.53;brandenburgaltstadtbhf;32;89.3;98.7;21;0;7;rotation;18;RETENUE;
Allemagne;de_gtfsde;chemnitzhpkinderwaldsttte@50.88,12.95;chemnitzhpkinderwaldsttte;32;85.3;92.2;43;0;7;rotation;18;RETENUE;
Allemagne;de_gtfsde;weischlitzbahnhof@50.45,12.06;weischlitzbahnhof;32;80.8;88.5;22;0;7;rotation;18;RETENUE;
Allemagne;de_gtfsde;sinzheimbbhl@48.76,8.16;sinzheimbbhl;32;92.9;97.4;122;0;7;rotation;18;RETENUE;
Allemagne;de_gtfsde;riedrodebahnhof@49.65,8.50;riedrodebahnhof;32;92;97;15;0;7;rotation;18;RETENUE;
Allemagne;de_gtfsde;baruthbahnhof@52.06,13.51;baruthbahnhof;32;84.4;96.6;21;0;7;rotation;18;RETENUE;
Allemagne;de_gtfsde;giersleben@51.76,11.57;giersleben;32;79;91.1;24;0;7;rotation;18;RETENUE;
Allemagne;de_gtfsde;bubach@49.41,6.95;bubach;32;94.2;92.9;13;0;7;rotation;18;RETENUE;
Allemagne;de_gtfsde;werbigmolbahnhof@52.56,14.40;werbigmolbahnhof;32;96.4;98.7;31;0;7;rotation;18;RETENUE;
Allemagne;de_gtfsde;waldheimbahnhof@51.07,13.01;waldheimbahnhof;32;87.9;98.7;23;0;7;rotation;18;RETENUE;
Allemagne;de_gtfsde;stgeorgenbahnhof@48.12,8.34;stgeorgenbahnhof;32;67.4;96.6;31;0;7;rotation;18;RETENUE;
Allemagne;de_gtfsde;laufenoberbay@47.93,12.92;laufenoberbay;32;95.1;100;14;0;7;rotation;18;RETENUE;
Allemagne;de_gtfsde;triangelbahnhof@52.51,10.58;triangelbahnhof;32;64.3;95.3;30;0;7;rotation;18;RETENUE;
Allemagne;de_gtfsde;runkelbahnhof@50.40,8.16;runkelbahnhof;32;89.3;96.6;19;0;7;rotation;18;RETENUE;
Allemagne;de_gtfsde;laudenbachammain@49.74,9.18;laudenbachammain;32;94.2;92.9;13;0;7;rotation;18;RETENUE;
France;fr_sncf;UIC87732206;Saint-Germain-des-Fossés;31.9;92.4;100;11;0.14;7;rotation;17;RETENUE;
France;fr_sncf;UIC87723528;Miribel;31.9;97.8;100;5;0.29;7;rotation;17;RETENUE;
France;fr_sncf;UIC87286864;Ascq;31.9;93.7;100;10;1.43;7;rotation;17;RETENUE;
France;fr_sncf;UIC87721175;Lyon Gorge de Loup;31.9;71.7;100;6;0;7;rotation;17;RETENUE;
Norvege;no_entur;fetsundstasjon@59.93,11.16;fetsundstasjon;31.9;70.4;96.5;159;0;7;rotation;17;RETENUE;
Allemagne;de_gtfsde;brettenrechberg@49.03,8.70;brettenrechberg;31.9;96.4;99.6;13;0;7;rotation;17;RETENUE;
Allemagne;de_gtfsde;psing@49.23,12.54;psing;31.9;68.6;93.7;20;0;7;rotation;17;RETENUE;
Allemagne;de_gtfsde;arnsdorfbahnhof@51.09,13.98;arnsdorfbahnhof;31.9;95.5;99.1;13;0;7;rotation;17;RETENUE;
Allemagne;de_gtfsde;sternfeldbahnhof@53.82,13.15;sternfeldbahnhof;31.9;69.5;99.6;34;0;7;rotation;17;RETENUE;
Allemagne;de_gtfsde;teningenmundingenbahnhof@48.13,7.82;teningenmundingenbahnhof;31.9;85.7;96.1;19;0;7;rotation;17;RETENUE;
Allemagne;de_gtfsde;simmelsdorfhttenbach@49.60,11.34;simmelsdorfhttenbach;31.9;90.6;99.1;15;0;7;rotation;17;RETENUE;
Allemagne;de_gtfsde;brettenruit@49.01,8.72;brettenruit;31.9;97.3;99.1;12;0;7;rotation;17;RETENUE;
Allemagne;de_gtfsde;kinheimrzigbahnhof@50.00,7.00;kinheimrzigbahnhof;31.9;77.6;97;26;0;7;rotation;17;RETENUE;
Allemagne;de_gtfsde;borken@51.05,9.28;borken;31.9;71.7;91.8;42;0;7;rotation;17;RETENUE;
Allemagne;de_gtfsde;zschaitzbahnhof@51.17,13.16;zschaitzbahnhof;31.9;89.7;99.6;20;0;7;rotation;17;RETENUE;
Allemagne;de_gtfsde;gnzach@47.82,10.44;gnzach;31.9;83.9;93.3;20;0;7;rotation;17;RETENUE;
Allemagne;de_gtfsde;weingartenbobbahnhof@47.82,9.62;weingartenbobbahnhof;31.9;87.4;98.7;18;0;7;rotation;17;RETENUE;
Allemagne;de_gtfsde;hohenwulsch@52.67,11.60;hohenwulsch;31.9;82.1;96.5;19;0;7;rotation;17;RETENUE;
Allemagne;de_gtfsde;lampertswaldebahnhof@51.31,13.68;lampertswaldebahnhof;31.9;91.5;98.2;14;0;7;rotation;17;RETENUE;
Allemagne;de_gtfsde;lichtenthal@49.01,13.25;lichtenthal;31.9;96.9;98.7;8;0;7;rotation;17;RETENUE;
Allemagne;de_gtfsde;massing@48.39,12.61;massing;31.9;80.7;98.2;18;0;7;rotation;17;RETENUE;
Allemagne;de_gtfsde;fischen@47.46,10.27;fischen;31.9;71.7;95.3;26;0;7;rotation;17;RETENUE;
Allemagne;de_gtfsde;ramsenpfalzbahnhof@49.54,8.02;ramsenpfalzbahnhof;31.9;91.9;99.1;21;0;7;rotation;17;RETENUE;
France;fr_sncf;UIC87741439;Lépin-le-Lac - La Bauche;31.7;86.5;100;11;0.14;7;rotation;17;RETENUE;
France;fr_sncf;UIC87144055;Charmes;31.7;88.7;100;13;0.43;7;rotation;17;RETENUE;
Irlande;ie_nta;clondalkinfonthill@53.33,-6.41;clondalkinfonthill;31.7;95;89.9;26;0;7;rotation;17;RETENUE;
Allemagne;de_gtfsde;zeil@50.01,10.60;zeil;31.7;92.3;89.2;20;0;7;rotation;17;RETENUE;
Allemagne;de_gtfsde;schnwaldespreewaldbahnhof@51.99,13.78;schnwaldespreewaldbahnhof;31.7;81.1;94.5;21;0;7;rotation;17;RETENUE;
Allemagne;de_gtfsde;mnchenglrheindahlenbf@51.15,6.36;mnchenglrheindahlenbf;31.7;78.4;99.1;23;0;7;rotation;17;RETENUE;
Allemagne;de_gtfsde;leipzigliebertwolkwitz@51.28,12.47;leipzigliebertwolkwitz;31.7;95.5;94.9;14;0;7;rotation;17;RETENUE;
Allemagne;de_gtfsde;trebbinbahnhof@52.22,13.23;trebbinbahnhof;31.7;76.6;94.9;27;0;7;rotation;17;RETENUE;
Allemagne;de_gtfsde;eggolsheim@49.77,11.04;eggolsheim;31.7;95;96.9;15;0;7;rotation;17;RETENUE;
Allemagne;de_gtfsde;allmendingenbahnhof@48.33,9.72;allmendingenbahnhof;31.7;68;87.4;30;0;7;rotation;17;RETENUE;
Allemagne;de_gtfsde;wilnsdorfrudersdorfbf@50.84,8.14;wilnsdorfrudersdorfbf;31.7;89.6;96.9;25;0;7;rotation;17;RETENUE;
Allemagne;de_gtfsde;lorschbahnhof@49.66,8.57;lorschbahnhof;31.7;89.6;96.1;17;0;7;rotation;17;RETENUE;
Allemagne;de_gtfsde;ochtrupbahnhof@52.20,7.18;ochtrupbahnhof;31.7;76.1;95.7;18;0;7;rotation;17;RETENUE;
Allemagne;de_gtfsde;hagendahlbf@51.30,7.53;hagendahlbf;31.7;38.7;96.9;25;0;7;rotation;17;RETENUE;
Allemagne;de_gtfsde;ldinghausenbahnhof@51.76,7.43;ldinghausenbahnhof;31.7;69.4;94.5;24;0;7;rotation;17;RETENUE;
Allemagne;de_gtfsde;haanbf@51.19,7.00;haanbf;31.7;64;87.7;105;0;7;rotation;17;RETENUE;
Allemagne;de_gtfsde;erzingenbadenbahnhof@47.66,8.43;erzingenbadenbahnhof;31.7;80.6;96.5;30;0;7;rotation;17;RETENUE;
Allemagne;de_gtfsde;beetzsommerfeldbahnhof@52.80,13.02;beetzsommerfeldbahnhof;31.7;90.1;95.7;15;0;7;rotation;17;RETENUE;
Allemagne;de_gtfsde;moselkern@50.20,7.37;moselkern;31.7;82.9;85.4;22;0;7;rotation;17;RETENUE;
Allemagne;de_gtfsde;spiegelau@48.92,13.36;spiegelau;31.7;97.7;97.8;10;0;7;rotation;17;RETENUE;
Allemagne;de_gtfsde;wetterhessenbahnhof@50.90,8.73;wetterhessenbahnhof;31.7;84.2;96.9;15;0;7;rotation;17;RETENUE;
Allemagne;de_gtfsde;fridingenbahnhof@48.03,8.94;fridingenbahnhof;31.7;54.1;96.9;43;0;7;rotation;17;RETENUE;
Allemagne;de_gtfsde;dornstettenbahnhof@48.47,8.50;dornstettenbahnhof;31.7;91;96.5;69;0;7;rotation;17;RETENUE;
Allemagne;de_gtfsde;arnschwang@49.27,12.81;arnschwang;31.7;63.1;90.6;26;0;7;rotation;17;RETENUE;
Allemagne;de_gtfsde;caputhschwielowseebhf@52.34,12.98;caputhschwielowseebhf;31.7;97.3;97.8;12;0;7;rotation;17;RETENUE;
Allemagne;de_gtfsde;immenhausenbahnhofbereichgleis1@51.43,9.46;immenhausenbahnhofbereichgleis1;31.7;45;98.2;21;0;7;rotation;17;RETENUE;
Allemagne;de_gtfsde;bredenbek@54.32,9.87;bredenbek;31.7;96.8;99.1;12;0;7;rotation;17;RETENUE;
France;fr_sncf;UIC87763300;Veynes Dévoluy;31.6;79.2;99.1;14;0;7;rotation;17;RETENUE;
France;fr_sncf;UIC87757575;Le Trayas;31.6;86.9;100;9;0.14;7;rotation;17;RETENUE;
France;fr_sncf;UIC87757591;Mandelieu-la-Napoule;31.6;86;100;9;0.14;7;rotation;17;RETENUE;
France;fr_sncf;UIC87688887;Montpellier Sud de France;31.6;85.1;100;17;0;7;rotation;17;RETENUE;
Pays-Bas;nl_ovapi;ruisbroeksauvegarde@51.08,4.33;ruisbroeksauvegarde;31.6;91.9;99.1;25;0;7;rotation;17;RETENUE;
Pays-Bas;nl_ovapi;rosendahlholtwick@52.00,7.12;rosendahlholtwick;31.6;75.1;100;37;0;7;rotation;17;RETENUE;
Allemagne;de_gtfsde;badfallingbostel@52.86,9.70;badfallingbostel;31.6;52.5;96.9;29;0;7;rotation;17;RETENUE;
Allemagne;de_gtfsde;himmelstadt@49.92,9.81;himmelstadt;31.6;92.3;95.7;18;0;7;rotation;17;RETENUE;
Allemagne;de_gtfsde;leschedebahnhof@52.40,7.31;leschedebahnhof;31.6;66.5;98.7;30;0;7;rotation;17;RETENUE;
Allemagne;de_gtfsde;limmritzsachsbahnhof@51.12,13.05;limmritzsachsbahnhof;31.6;88.2;100;21;0;7;rotation;17;RETENUE;
Allemagne;de_gtfsde;edermndegrifte@51.21,9.45;edermndegrifte;31.6;84.6;95.7;26;0;7;rotation;17;RETENUE;
Allemagne;de_gtfsde;frstenberghavelbahnhof@53.19,13.14;frstenberghavelbahnhof;31.6;48.9;94;33;0;7;rotation;17;RETENUE;
Allemagne;de_gtfsde;pansdorf@53.98,10.70;pansdorf;31.6;93.2;88.8;15;0;7;rotation;17;RETENUE;
Allemagne;de_gtfsde;deilingenmitte@48.11,8.61;deilingenmitte;31.6;87.3;91.3;32;0;7;rotation;17;RETENUE;
Allemagne;de_gtfsde;karpfham@48.41,13.19;karpfham;31.6;69.7;96.1;20;0;7;rotation;17;RETENUE;
Allemagne;de_gtfsde;rollhofen@49.54,11.34;rollhofen;31.6;89.1;97.8;17;0;7;rotation;17;RETENUE;
Allemagne;de_gtfsde;rtgesbttelbahnhof@52.41,10.52;rtgesbttelbahnhof;31.6;70.1;98.7;29;0;7;rotation;17;RETENUE;
Allemagne;de_gtfsde;nagoldbahnhof@48.56,8.73;nagoldbahnhof;31.6;86;91.3;18;0;7;rotation;17;RETENUE;
Allemagne;de_gtfsde;frauenau@48.99,13.30;frauenau;31.6;97.7;100;9;0;7;rotation;17;RETENUE;
Allemagne;de_gtfsde;klingenbrunn@48.94,13.34;klingenbrunn;31.6;97.7;100;10;0;7;rotation;17;RETENUE;
Allemagne;de_gtfsde;badgandersheim@51.87,10.02;badgandersheim;31.6;97.3;93.6;9;0;7;rotation;17;RETENUE;
Allemagne;de_gtfsde;trierzewen@49.72,6.58;trierzewen;31.6;93.7;97.4;15;0;7;rotation;17;RETENUE;
Allemagne;de_gtfsde;castroprauxelmerklindebf@51.53,7.32;castroprauxelmerklindebf;31.6;95.5;98.7;11;0;7;rotation;17;RETENUE;
Allemagne;de_gtfsde;merzigsaarstadtmitte@49.44,6.64;merzigsaarstadtmitte;31.6;87.8;90.9;22;0;7;rotation;17;RETENUE;
Allemagne;de_gtfsde;scheuerfeldbf@50.79,7.84;scheuerfeldbf;31.6;83.7;94.4;27;0;7;rotation;17;RETENUE;
Australie;au_translink_seq;glasshousemountainsstation@-26.90,152.96;glasshousemountainsstation;31.6;80.1;98.2;133;0;7;rotation;17;RETENUE;
France;fr_sncf;UIC87723577;La Valbonne;31.4;95.5;100;7;0.29;7;rotation;17;RETENUE;
France;fr_sncf;UIC87286831;Pont de bois;31.4;94.1;100;9;1;7;rotation;17;RETENUE;
France;fr_sncf;UIC87182337;Rouffach;31.4;97.7;100;7;0.14;7;rotation;17;RETENUE;
France;fr_sncf;UIC87757542;Le Dramont;31.4;86.8;100;8;0.14;7;rotation;17;RETENUE;
France;fr_sncf;UIC87394221;Courville-sur-Eure;31.4;91.4;99.5;12;0.29;7;rotation;17;RETENUE;
Allemagne;de_gtfsde;holzminden@51.82,9.45;holzminden;31.4;78.6;97.8;21;0;7;rotation;17;RETENUE;
Allemagne;de_gtfsde;neefbf@50.09,7.14;neefbf;31.4;79.1;96.9;21;0;7;rotation;17;RETENUE;
Allemagne;de_gtfsde;ostraubahnhof@51.20,13.17;ostraubahnhof;31.4;89.5;98.2;21;0;7;rotation;17;RETENUE;
Allemagne;de_gtfsde;pocking@48.41,13.31;pocking;31.4;74.5;98.7;18;0;7;rotation;17;RETENUE;
Allemagne;de_gtfsde;kremperheide@53.88,9.48;kremperheide;31.4;91.8;93.2;18;0;7;rotation;17;RETENUE;
Allemagne;de_gtfsde;unterwurmbach@49.11,10.73;unterwurmbach;31.4;75;92.1;20;0;7;rotation;17;RETENUE;
Allemagne;de_gtfsde;luhe@49.58,12.14;luhe;31.4;95.5;91.7;11;0;7;rotation;17;RETENUE;
Allemagne;de_gtfsde;ipsheim@49.53,10.49;ipsheim;31.4;93.2;88;15;0;7;rotation;17;RETENUE;
Allemagne;de_gtfsde;marktbreit@49.66,10.15;marktbreit;31.4;92.7;95.7;19;0;7;rotation;17;RETENUE;
Allemagne;de_gtfsde;grntalwittlensweiler@48.48,8.46;grntalwittlensweiler;31.4;91.4;94.8;53;0;7;rotation;17;RETENUE;
Allemagne;de_gtfsde;tisheimbahnhof@48.97,8.81;tisheimbahnhof;31.4;97.3;99.1;11;0;7;rotation;17;RETENUE;
Allemagne;de_gtfsde;glckstadt@53.79,9.43;glckstadt;31.4;89.5;95.7;19;0;7;rotation;17;RETENUE;
Allemagne;de_gtfsde;steinabahnhof@51.10,13.02;steinabahnhof;31.4;86.8;99.1;20;0;7;rotation;17;RETENUE;
Allemagne;de_gtfsde;wullenstettenbahnhalt@48.31,10.07;wullenstettenbahnhalt;31.4;94.5;89.8;12;0;7;rotation;17;RETENUE;
Allemagne;de_gtfsde;nabburg@49.45,12.18;nabburg;31.4;95.9;95.2;12;0;7;rotation;17;RETENUE;
Allemagne;de_gtfsde;fachingenlahn@50.36,7.99;fachingenlahn;31.4;88.2;92.1;23;0;7;rotation;17;RETENUE;
Allemagne;de_gtfsde;iffeldorf@47.78,11.33;iffeldorf;31.4;60.5;92.4;25;0;7;rotation;17;RETENUE;
Allemagne;de_gtfsde;grafenau@48.86,13.39;grafenau;31.4;97.7;99.5;8;0;7;rotation;17;RETENUE;
Allemagne;de_gtfsde;rosenaubgrafenau@48.87,13.41;rosenaubgrafenau;31.4;97.7;99.5;8;0;7;rotation;17;RETENUE;
Allemagne;de_gtfsde;schwarzenfeldoberpf@49.39,12.13;schwarzenfeldoberpf;31.4;95.9;86.6;12;0;7;rotation;17;RETENUE;
Allemagne;de_gtfsde;lbecktravemndestrand@53.96,10.88;lbecktravemndestrand;31.4;90.9;99.5;18;0;7;rotation;17;RETENUE;
Allemagne;de_gtfsde;diepholz@52.60,8.38;diepholz;31.4;75;95.7;35;0;7;rotation;17;RETENUE;
Allemagne;de_gtfsde;groarmschlag@48.89,13.38;groarmschlag;31.4;97.7;100;8;0;7;rotation;17;RETENUE;
Allemagne;de_gtfsde;pratau@51.84,12.64;pratau;31.4;81.8;95.7;23;0;7;rotation;17;RETENUE;
Allemagne;de_gtfsde;tapfheim@48.68,10.69;tapfheim;31.4;81.4;96.9;29;0;7;rotation;17;RETENUE;
Allemagne;de_gtfsde;oderinbahnhof@52.08,13.73;oderinbahnhof;31.4;81.8;96.5;22;0;7;rotation;17;RETENUE;
Allemagne;de_gtfsde;lohmarhonrathbf@50.91,7.25;lohmarhonrathbf;31.4;78.2;95.7;23;0;7;rotation;17;RETENUE;
France;fr_sncf;UIC87645002;Aurillac;31.3;85.4;99.5;13;0.57;7;rotation;17;RETENUE;
France;fr_sncf;UIC87784157;Salses;31.3;89;99.5;14;0.14;7;rotation;17;RETENUE;
France;fr_sncf;UIC87775288;Alès;31.3;89.5;99.5;9;2.29;7;rotation;17;RETENUE;
France;fr_sncf;UIC87741470;Pont-de-Beauvoisin;31.3;88.1;99.5;13;0.14;7;rotation;17;RETENUE;
Pays-Bas;nl_ovapi;niel@51.11,4.34;niel;31.3;93.2;100;27;0;7;rotation;17;RETENUE;
Pays-Bas;nl_ovapi;hobokenpolder@51.18,4.35;hobokenpolder;31.3;94.1;99.1;24;0;7;rotation;17;RETENUE;
Allemagne;de_gtfsde;ebelsbacheltmann@49.98,10.67;ebelsbacheltmann;31.3;94.5;86.6;16;0;7;rotation;17;RETENUE;
Allemagne;de_gtfsde;probstzella@50.53,11.38;probstzella;31.3;93.2;97.8;18;0;7;rotation;17;RETENUE;
Allemagne;de_gtfsde;belgershain@51.23,12.54;belgershain;31.3;94.1;94.4;14;0;7;rotation;17;RETENUE;
Allemagne;de_gtfsde;traunsteinklinikum@47.87,12.63;traunsteinklinikum;31.3;94.1;93.2;18;0;7;rotation;17;RETENUE;
Allemagne;de_gtfsde;lindheimaltenstadtlindheimbahnhof@50.29,8.98;lindheimaltenstadtlindheimbahnhof;31.3;91.8;86.2;17;0;7;rotation;17;RETENUE;
Allemagne;de_gtfsde;burgkirchen@48.17,12.73;burgkirchen;31.3;96.3;99.1;11;0;7;rotation;17;RETENUE;
Allemagne;de_gtfsde;stollbergbahnhof@50.71,12.77;stollbergbahnhof;31.3;95;82.6;18;0;7;rotation;17;RETENUE;
Allemagne;de_gtfsde;bayerbach@48.41,13.13;bayerbach;31.3;67.1;94.8;19;0;7;rotation;17;RETENUE;
Allemagne;de_gtfsde;altenbamberg@49.79,7.83;altenbamberg;31.3;86.3;92.4;22;0;7;rotation;17;RETENUE;
Allemagne;de_gtfsde;altenstadtbahnhof@48.16,10.11;altenstadtbahnhof;31.3;76.7;93.6;29;0;7;rotation;17;RETENUE;
Allemagne;de_gtfsde;windeckrosbachbf@50.80,7.61;windeckrosbachbf;31.3;84.5;93.2;26;0;7;rotation;17;RETENUE;
Allemagne;de_gtfsde;grevenbroichgustorfbf@51.07,6.57;grevenbroichgustorfbf;31.3;92.7;100;16;0;7;rotation;17;RETENUE;
Allemagne;de_gtfsde;bookholzberg@53.10,8.53;bookholzberg;31.3;86.8;98.6;23;0;7;rotation;17;RETENUE;
Allemagne;de_gtfsde;breitscheidtbf@50.75,7.66;breitscheidtbf;31.3;75.8;96.5;24;0;7;rotation;17;RETENUE;
Allemagne;de_gtfsde;villmarbahnhof@50.40,8.19;villmarbahnhof;31.3;87.7;91.6;21;0;7;rotation;17;RETENUE;
Allemagne;de_gtfsde;hatzenportbf@50.23,7.41;hatzenportbf;31.3;80.8;88.7;22;0;7;rotation;17;RETENUE;
Allemagne;de_gtfsde;tittmoningwiesmhl@48.02,12.74;tittmoningwiesmhl;31.3;95.4;93.6;14;0;7;rotation;17;RETENUE;
France;fr_sncf;UIC87171462;Bazancourt;31.1;88.5;100;7;0;7;rotation;17;RETENUE;
Pays-Bas;nl_ovapi;boom@51.09,4.36;boom;31.1;93.1;100;25;0;7;rotation;17;RETENUE;
Pays-Bas;nl_ovapi;schelle@51.12,4.34;schelle;31.1;93.6;100;24;0;7;rotation;17;RETENUE;
Allemagne;de_gtfsde;niederstotzingenbahnhof@48.53,10.24;niederstotzingenbahnhof;31.1;67.4;89.3;36;0;7;rotation;17;RETENUE;
Allemagne;de_gtfsde;baunatalrengershausen@51.25,9.47;baunatalrengershausen;31.1;83.5;97.8;25;0;7;rotation;17;RETENUE;
Allemagne;de_gtfsde;sinzheimbbhlnord@48.77,8.17;sinzheimbbhlnord;31.1;93.1;95.6;122;0;7;rotation;17;RETENUE;
Allemagne;de_gtfsde;bagenzbahnhof@51.65,14.43;bagenzbahnhof;31.1;83.9;92;17;0;7;rotation;17;RETENUE;
Allemagne;de_gtfsde;altentreptowbahnhof@53.69,13.24;altentreptowbahnhof;31.1;69.7;99.1;34;0;7;rotation;17;RETENUE;
Allemagne;de_gtfsde;badenbadenrebland@48.73,8.15;badenbadenrebland;31.1;92.2;98.6;112;0;7;rotation;17;RETENUE;
Allemagne;de_gtfsde;witzighausenhaltepunkt@48.32,10.10;witzighausenhaltepunkt;31.1;92.7;89.3;14;0;7;rotation;17;RETENUE;
Allemagne;de_gtfsde;radebeulbahnhofnaundorf@51.11,13.60;radebeulbahnhofnaundorf;31.1;96.8;95.6;12;0;7;rotation;17;RETENUE;
Allemagne;de_gtfsde;warendorfbahnhof@51.95,7.98;warendorfbahnhof;31.1;73.4;99.1;33;0;7;rotation;17;RETENUE;
Allemagne;de_gtfsde;bahnhofrekenbahnhof@51.80,7.05;bahnhofrekenbahnhof;31.1;85.3;87.6;17;0;7;rotation;17;RETENUE;
Allemagne;de_gtfsde;marbeckbahnhmarbeckheiden@51.81,6.91;marbeckbahnhmarbeckheiden;31.1;79.4;100;21;0;7;rotation;17;RETENUE;
Allemagne;de_gtfsde;waldershof@49.98,12.06;waldershof;31.1;79.8;98.2;20;0;7;rotation;17;RETENUE;
Allemagne;de_gtfsde;teltowbahnhof@52.39,13.30;teltowbahnhof;31.1;83.9;96.9;24;0;7;rotation;17;RETENUE;
Allemagne;de_gtfsde;passauhbf@48.57,13.45;passauhbf;31.1;84.4;97.3;16;0;7;rotation;17;RETENUE;
Allemagne;de_gtfsde;wildeshausen@52.90,8.43;wildeshausen;31.1;78;96.5;27;0;7;rotation;17;RETENUE;
France;fr_sncf;UIC87615005;Albi Ville;31;78.8;100;13;1;7;rotation;17;RETENUE;
France;fr_sncf;UIC87741728;Moûtiers-Salins-Brides-les-B.;31;86.2;100;9;0.14;7;rotation;17;RETENUE;
France;fr_sncf;UIC87586545;Marmande;31;90.3;100;11;0.86;7;rotation;17;RETENUE;
France;fr_sncf;UIC87723536;Saint-Maurice-de-Beynost;31;97.2;100;6;0.29;7;rotation;17;RETENUE;
Pays-Bas;nl_ovapi;ahaus@52.08,7.02;ahaus;31;74.7;99.5;31;0;7;rotation;17;RETENUE;
Pays-Bas;nl_ovapi;hemiksem@51.14,4.34;hemiksem;31;93.5;100;29;0;7;rotation;17;RETENUE;
Pays-Bas;nl_ovapi;antwerpenzuid@51.20,4.39;antwerpenzuid;31;93.1;100;21;0;7;rotation;17;RETENUE;
Pays-Bas;nl_ovapi;dlmen@51.83,7.30;dlmen;31;70.5;100;41;0;7;rotation;17;RETENUE;
Allemagne;de_gtfsde;besseringen@49.48,6.60;besseringen;31;87.6;93.9;22;0;7;rotation;17;RETENUE;
Allemagne;de_gtfsde;wittstockdossebahnhof@53.16,12.48;wittstockdossebahnhof;31;94.5;96.4;13;0;7;rotation;17;RETENUE;
Allemagne;de_gtfsde;tauberfeld@48.82,11.28;tauberfeld;31;76.5;91.9;27;0;7;rotation;17;RETENUE;
Allemagne;de_gtfsde;landshutbaysd@48.52,12.14;landshutbaysd;31;94.9;98.2;14;0;7;rotation;17;RETENUE;
Allemagne;de_gtfsde;lohgartenroth@49.24,11.10;lohgartenroth;31;96.3;89.3;10;0;7;rotation;17;RETENUE;
Allemagne;de_gtfsde;pritzerbebahnhof@52.50,12.46;pritzerbebahnhof;31;94.5;95.2;17;0;7;rotation;17;RETENUE;
Allemagne;de_gtfsde;wandersleben@50.91,10.85;wandersleben;31;65.4;92.7;54;0;7;rotation;17;RETENUE;
Allemagne;de_gtfsde;stockheimoberfr@50.31,11.28;stockheimoberfr;31;94.9;96;14;0;7;rotation;17;RETENUE;
Allemagne;de_gtfsde;braunfelsleunbraunfelsbahnhof@50.54,8.37;braunfelsleunbraunfelsbahnhof;31;86.6;92.7;19;0;7;rotation;17;RETENUE;
Allemagne;de_gtfsde;gundelsdorf@50.28,11.30;gundelsdorf;31;93.5;94.8;13;0;7;rotation;17;RETENUE;
Allemagne;de_gtfsde;bocholtbahnhof@51.83,6.62;bocholtbahnhof;31;69.6;97.7;37;0;7;rotation;17;RETENUE;
Allemagne;de_gtfsde;beelenbahnhof@51.93,8.12;beelenbahnhof;31;74.7;95.6;53;0;7;rotation;17;RETENUE;
France;fr_sncf;UIC87757567;Anthéor Cap Roux;30.9;85.6;100;9;0.14;7;rotation;17;RETENUE;
France;fr_sncf;UIC87762906;Lyon Saint-Exupéry TGV;30.9;76.4;100;17;0.29;7;rotation;17;RETENUE;
Norvege;no_entur;bulkenstasjon@60.63,6.28;bulkenstasjon;30.9;93.1;100;85;0;7;rotation;17;RETENUE;
Pays-Bas;nl_ovapi;legden@52.04,7.09;legden;30.9;74.5;100;39;0;7;rotation;17;RETENUE;
Pays-Bas;nl_ovapi;lettekrcoesfeld@51.89,7.19;lettekrcoesfeld;30.9;66.2;99.5;41;0;7;rotation;17;RETENUE;
Allemagne;de_gtfsde;creuenoberfr@49.85,11.63;creuenoberfr;30.9;95.8;92.3;11;0;7;rotation;17;RETENUE;
Allemagne;de_gtfsde;weinbachgrveneckbahnhof@50.45,8.25;weinbachgrveneckbahnhof;30.9;90.3;96.9;16;0;7;rotation;17;RETENUE;
Allemagne;de_gtfsde;wernberg@49.54,12.15;wernberg;30.9;94;97.7;11;0;7;rotation;17;RETENUE;
Allemagne;de_gtfsde;gendorf@48.18,12.72;gendorf;30.9;94.4;96.9;13;0;7;rotation;17;RETENUE;
Allemagne;de_gtfsde;laubendorf@49.49,10.75;laubendorf;30.9;92.6;91.9;18;0;7;rotation;17;RETENUE;
Allemagne;de_gtfsde;papendorf@54.04,12.14;papendorf;30.9;94.4;97.3;14;0;7;rotation;17;RETENUE;
Allemagne;de_gtfsde;pfreimd@49.49,12.17;pfreimd;30.9;94.9;92.7;13;0;7;rotation;17;RETENUE;
Allemagne;de_gtfsde;peitzostbhf@51.84,14.45;peitzostbhf;30.9;93.5;90;18;0;7;rotation;17;RETENUE;
Allemagne;de_gtfsde;frohburg@51.07,12.56;frohburg;30.9;96.8;92.7;13;0;7;rotation;17;RETENUE;
Allemagne;de_gtfsde;kerkwitzbahnhof@51.91,14.63;kerkwitzbahnhof;30.9;91.2;94.7;21;0;7;rotation;17;RETENUE;
Allemagne;de_gtfsde;altenstadthchstbahnhof@50.27,8.92;altenstadthchstbahnhof;30.9;93.5;95.2;14;0;7;rotation;17;RETENUE;
Allemagne;de_gtfsde;wustweiler@49.40,7.03;wustweiler;30.9;92.1;94.3;14;0;7;rotation;17;RETENUE;
Allemagne;de_gtfsde;salmtalbahnhof@49.92,6.84;salmtalbahnhof;30.9;78.2;89.6;25;0;7;rotation;17;RETENUE;
Allemagne;de_gtfsde;mengeringhausen@51.36,8.99;mengeringhausen;30.9;69.9;96;26;0;7;rotation;17;RETENUE;
Allemagne;de_gtfsde;ottingweilheim@48.88,10.82;ottingweilheim;30.9;83.3;99.1;31;0;7;rotation;17;RETENUE;
Allemagne;de_gtfsde;szbadbahnhof@52.05,10.37;szbadbahnhof;30.9;95.8;96.9;14;0;7;rotation;17;RETENUE;
Allemagne;de_gtfsde;bayrischzell@47.68,12.01;bayrischzell;30.9;93.5;97.3;13;0;7;rotation;17;RETENUE;
Allemagne;de_gtfsde;weiding@49.26,12.78;weiding;30.9;60.2;91.5;25;0;7;rotation;17;RETENUE;
Allemagne;de_gtfsde;kothmailing@49.24,12.73;kothmailing;30.9;63.4;93.1;24;0;7;rotation;17;RETENUE;
Allemagne;de_gtfsde;romanshorn@47.57,9.38;romanshorn;30.9;97.7;99.5;33;0;7;rotation;17;RETENUE;
France;fr_sncf;UIC87342337;Saint-Pol-sur-Ternoise;30.7;93;100;10;0.29;7;rotation;17;RETENUE;
France;fr_sncf;UIC87723544;Beynost;30.7;97.2;100;6;0.29;7;rotation;17;RETENUE;
France;fr_sncf;UIC87396325;La Ferté-Bernard;30.7;92.1;100;11;0.14;7;rotation;17;RETENUE;
Irlande;ie_nta;kildare@53.16,-6.91;kildare;30.7;75.8;93.5;24;0;7;rotation;17;RETENUE;
Allemagne;de_gtfsde;matzing@47.94,12.59;matzing;30.7;94;93.9;11;0;7;rotation;17;RETENUE;
Allemagne;de_gtfsde;waldkraiburgkraiburg@48.20,12.41;waldkraiburgkraiburg;30.7;93;94.3;14;0;7;rotation;17;RETENUE;
Allemagne;de_gtfsde;cainsdorfbahnhof@50.69,12.50;cainsdorfbahnhof;30.7;97.7;90.3;10;0;7;rotation;17;RETENUE;
Allemagne;de_gtfsde;balvebinolen@51.37,7.86;balvebinolen;30.7;97.2;97.7;11;0;7;rotation;17;RETENUE;
Allemagne;de_gtfsde;brunaupackebusch@52.75,11.48;brunaupackebusch;30.7;87.9;93.9;15;0;7;rotation;17;RETENUE;
Allemagne;de_gtfsde;schweinsdorf@49.40,10.23;schweinsdorf;30.7;97.7;90.3;10;0;7;rotation;17;RETENUE;
Allemagne;de_gtfsde;cottbuswillmersdorfnordbhf@51.82,14.39;cottbuswillmersdorfnordbhf;30.7;94.4;96.4;16;0;7;rotation;17;RETENUE;
Allemagne;de_gtfsde;anzenkirchen@48.43,13.02;anzenkirchen;30.7;70.2;98.2;17;0;7;rotation;17;RETENUE;
Allemagne;de_gtfsde;drebkaubahnhof@51.66,14.22;drebkaubahnhof;30.7;95.8;91.5;13;0;7;rotation;17;RETENUE;
Allemagne;de_gtfsde;ahrensfeldefriedhofbhf@52.58,13.57;ahrensfeldefriedhofbhf;30.7;89.3;92.7;48;0;7;rotation;17;RETENUE;
Allemagne;de_gtfsde;badbodenteich@52.84,10.67;badbodenteich;30.7;75.8;97.7;28;0;7;rotation;17;RETENUE;
Allemagne;de_gtfsde;raindorf@49.50,10.85;raindorf;30.7;91.6;92.7;16;0;7;rotation;17;RETENUE;
Allemagne;de_gtfsde;neuruppinrheinsbergertorbhf@52.93,12.81;neuruppinrheinsbergertorbhf;30.7;93.5;97.3;15;0;7;rotation;17;RETENUE;
Allemagne;de_gtfsde;grokrisbahnhof@52.16,13.65;grokrisbahnhof;30.7;83.7;93.9;24;0;7;rotation;17;RETENUE;
Allemagne;de_gtfsde;gifhornstadtbahnhof@52.48,10.54;gifhornstadtbahnhof;30.7;64.2;92.3;32;0;7;rotation;17;RETENUE;
Allemagne;de_gtfsde;dorstenrhadebf@51.75,6.95;dorstenrhadebf;30.7;80.9;99.5;21;0;7;rotation;17;RETENUE;
Allemagne;de_gtfsde;erfurtgispersleben@51.02,10.99;erfurtgispersleben;30.7;92.1;95.1;16;0;7;rotation;17;RETENUE;
Allemagne;de_gtfsde;hcclarholzbahnhof@51.90,8.20;hcclarholzbahnhof;30.7;72.1;100;52;0;7;rotation;17;RETENUE;
Allemagne;de_gtfsde;groammensleben@52.24,11.53;groammensleben;30.7;77.7;86.7;21;0;7;rotation;17;RETENUE;
Allemagne;de_gtfsde;niederwindenbahnhof@48.14,8.02;niederwindenbahnhof;30.7;82.8;93.9;30;0;7;rotation;17;RETENUE;
Allemagne;de_gtfsde;dillenburgniederscheldsdbahnhof@50.72,8.30;dillenburgniederscheldsdbahnhof;30.7;80;94.7;28;0;7;rotation;17;RETENUE;
Etats-Unis;us_mta_lirr;portjefferson@40.93,-73.05;portjefferson;30.7;88.4;100;125;0;7;rotation;17;RETENUE;
Australie;au_translink_seq;landsboroughstation@-26.81,152.97;landsboroughstation;30.7;78.6;96.8;128;0;7;rotation;17;RETENUE;
Australie;au_translink_seq;mooloolahstation@-26.77,152.96;mooloolahstation;30.7;80.9;99.5;147;0;7;rotation;17;RETENUE;
Australie;au_translink_seq;palmwoodsstation@-26.69,152.96;palmwoodsstation;30.7;77.2;99.1;141;0;7;rotation;17;RETENUE;
Australie;au_translink_seq;beerwahstation@-26.86,152.96;beerwahstation;30.7;74.4;100;150;0;7;rotation;17;RETENUE;
France;fr_sncf;UIC87615195;Albi Madeleine;30.6;75.7;100;10;0.86;7;rotation;17;RETENUE;
France;fr_sncf;UIC87734244;Brassac-les-Mines - Sainte-Florine;30.6;80.4;100;13;0.86;7;rotation;17;RETENUE;
Allemagne;de_gtfsde;cuxhaven@53.86,8.70;cuxhaven;30.6;95.8;98.6;15;0;7;rotation;17;RETENUE;
Allemagne;de_gtfsde;rintelnbahnhof@52.20,9.08;rintelnbahnhof;30.6;57.9;98.2;37;0;7;rotation;17;RETENUE;
Allemagne;de_gtfsde;koblenzmoselwei@50.35,7.56;koblenzmoselwei;30.6;79.4;85.9;21;0;7;rotation;17;RETENUE;
Allemagne;de_gtfsde;hedersdorf@49.57,11.34;hedersdorf;30.6;89.7;95.5;19;0;7;rotation;17;RETENUE;
Allemagne;de_gtfsde;schnaittachmarkt@49.56,11.34;schnaittachmarkt;30.6;89.7;97.3;17;0;7;rotation;17;RETENUE;
Allemagne;de_gtfsde;raubling@47.79,12.11;raubling;30.6;81.3;87.7;24;0;7;rotation;17;RETENUE;
Allemagne;de_gtfsde;heroldsbergnord@49.54,11.15;heroldsbergnord;30.6;68.2;92.6;30;0;7;rotation;17;RETENUE;
Allemagne;de_gtfsde;grogeschaidt@49.57,11.17;grogeschaidt;30.6;68.2;94.3;31;0;7;rotation;17;RETENUE;
Allemagne;de_gtfsde;tginginn@48.26,12.59;tginginn;30.6;82.2;94.7;18;0;7;rotation;17;RETENUE;
Allemagne;de_gtfsde;schwenningenbahnhof@48.06,8.54;schwenningenbahnhof;30.6;81.8;91.1;36;0;7;rotation;17;RETENUE;
Allemagne;de_gtfsde;achterwehr@54.31,9.96;achterwehr;30.6;97.7;96;10;0;7;rotation;17;RETENUE;
Allemagne;de_gtfsde;immenhausenbahnhof@51.43,9.46;immenhausenbahnhof;30.6;92.1;100;20;0;7;rotation;17;RETENUE;
Allemagne;de_gtfsde;ellrich@51.58,10.67;ellrich;30.6;93.5;97.3;15;0;7;rotation;17;RETENUE;
Allemagne;de_gtfsde;westerhorndauenhof@53.85,9.68;westerhorndauenhof;30.6;95.8;92.2;12;0;7;rotation;17;RETENUE;
Allemagne;de_gtfsde;schnewrdebahnhof@52.63,10.64;schnewrdebahnhof;30.6;69.2;95.1;29;0;7;rotation;17;RETENUE;
Allemagne;de_gtfsde;ludwigsthal@49.06,13.24;ludwigsthal;30.6;96.7;100;9;0;7;rotation;17;RETENUE;
Australie;au_translink_seq;beerburrumstation@-26.96,152.96;beerburrumstation;30.6;80.8;96.4;145;0;7;rotation;17;RETENUE;
France;fr_sncf;UIC87296616;Chauny;30.4;90.6;100;8;0.57;7;rotation;17;RETENUE;
France;fr_sncf;UIC87444711;Alençon;30.4;76.5;99.1;13;2.29;7;rotation;17;RETENUE;
Pays-Bas;nl_ovapi;coesfeldwestf@51.94,7.16;coesfeldwestf;30.4;84;100;26;0;7;rotation;17;RETENUE;
Allemagne;de_gtfsde;badwindsheim@49.51,10.41;badwindsheim;30.4;89.7;98.6;17;0;7;rotation;17;RETENUE;
Allemagne;de_gtfsde;pappenheim@48.93,10.96;pappenheim;30.4;75.6;93.4;30;0;7;rotation;17;RETENUE;
Allemagne;de_gtfsde;tabenbahnhof@49.55,6.60;tabenbahnhof;30.4;83.1;93.8;28;0;7;rotation;17;RETENUE;
Allemagne;de_gtfsde;rheinweilerbahnhof@47.71,7.53;rheinweilerbahnhof;30.4;91.1;95.5;17;0;7;rotation;17;RETENUE;
Allemagne;de_gtfsde;auerbachbahnhof@49.70,8.61;auerbachbahnhof;30.4;86.9;91.4;25;0;7;rotation;17;RETENUE;
Allemagne;de_gtfsde;fhrenbahnhof@49.86,6.77;fhrenbahnhof;30.4;74.6;86.9;27;0;7;rotation;17;RETENUE;
Allemagne;de_gtfsde;schmollensee@53.98,14.08;schmollensee;30.4;90.1;82.2;18;0;7;rotation;17;RETENUE;
Allemagne;de_gtfsde;geroldshausen@49.69,9.90;geroldshausen;30.4;96.7;97.3;12;0;7;rotation;17;RETENUE;
Allemagne;de_gtfsde;rebdorfhofmhle@48.89,11.17;rebdorfhofmhle;30.4;93;89.5;13;0;7;rotation;17;RETENUE;
Allemagne;de_gtfsde;altmittweidabahnhof@50.97,12.96;altmittweidabahnhof;30.4;80.8;92.6;32;0;7;rotation;17;RETENUE;
Allemagne;de_gtfsde;hodenhagen@52.77,9.60;hodenhagen;30.4;63.4;97.3;23;0;7;rotation;17;RETENUE;
Allemagne;de_gtfsde;twiste@51.34,8.96;twiste;30.4;71.8;95.1;26;0;7;rotation;17;RETENUE;
Allemagne;de_gtfsde;borkenbahnhof@51.85,6.87;borkenbahnhof;30.4;75.6;96.8;18;0;7;rotation;17;RETENUE;
Allemagne;de_gtfsde;unterelchingenbahnhof@48.45,10.10;unterelchingenbahnhof;30.4;64.3;91.8;30;0;7;rotation;17;RETENUE;
Allemagne;de_gtfsde;kirchanschring@47.95,12.83;kirchanschring;30.4;94.4;97.7;14;0;7;rotation;17;RETENUE;
Allemagne;de_gtfsde;netzschkaubahnhof@50.61,12.24;netzschkaubahnhof;30.4;58.2;93;28;0;7;rotation;17;RETENUE;
Allemagne;de_gtfsde;rostockkassebohm@54.08,12.16;rostockkassebohm;30.4;93.4;93.4;14;0;7;rotation;17;RETENUE;
Allemagne;de_gtfsde;bayerischeisenstein@49.12,13.21;bayerischeisenstein;30.4;96.7;100;11;0;7;rotation;17;RETENUE;
France;fr_sncf;UIC87478107;Saint-Malo;30.3;90.1;99.5;9;0.14;7;rotation;17;RETENUE;
France;fr_sncf;UIC87713131;Montbard;30.3;84.9;100;14;0;7;rotation;17;RETENUE;
Irlande;ie_nta;leixliplouisabridge@53.37,-6.51;leixliplouisabridge;30.3;84.4;89.1;22;0;7;rotation;17;RETENUE;
Allemagne;de_gtfsde;barnstorfkrdiepholz@52.71,8.51;barnstorfkrdiepholz;30.3;77.4;92.6;22;0;7;rotation;17;RETENUE;
Allemagne;de_gtfsde;mgelinbahnhof@52.56,12.33;mgelinbahnhof;30.3;94.3;95.5;15;0;7;rotation;17;RETENUE;
Allemagne;de_gtfsde;echzellbahnhof@50.39,8.89;echzellbahnhof;30.3;81.6;93.8;20;0;7;rotation;17;RETENUE;
Allemagne;de_gtfsde;stralsundgrnhufedb@54.30,13.04;stralsundgrnhufedb;30.3;92;95.9;11;0;7;rotation;17;RETENUE;
Allemagne;de_gtfsde;hessoldendorfbahnhof@52.17,9.24;hessoldendorfbahnhof;30.3;47.2;95.5;43;0;7;rotation;17;RETENUE;
Allemagne;de_gtfsde;brandenburggrdenbhf@52.43,12.50;brandenburggrdenbhf;30.3;90.6;95.9;16;0;7;rotation;17;RETENUE;
Allemagne;de_gtfsde;wremen@53.65,8.52;wremen;30.3;89.2;94.2;19;0;7;rotation;17;RETENUE;
Allemagne;de_gtfsde;sprembergbahnhof@51.58,14.40;sprembergbahnhof;30.3;83.5;94.6;18;0;7;rotation;17;RETENUE;
Allemagne;de_gtfsde;rdinghausenbierenbahnhof@52.24,8.52;rdinghausenbierenbahnhof;30.3;86.8;100;51;0;7;rotation;17;RETENUE;
Allemagne;de_gtfsde;rammingenbay@48.05,10.59;rammingenbay;30.3;86.8;93.4;13;0;7;rotation;17;RETENUE;
Allemagne;de_gtfsde;handeloh@53.24,9.84;handeloh;30.3;65.6;95.5;35;0;7;rotation;17;RETENUE;
Allemagne;de_gtfsde;schwbischhallbahnhof@49.11,9.73;schwbischhallbahnhof;30.3;90.6;87.2;17;0;7;rotation;17;RETENUE;
Allemagne;de_gtfsde;osterwaldbahnhof@52.10,9.64;osterwaldbahnhof;30.3;59;93.4;41;0;7;rotation;17;RETENUE;
Australie;au_translink_seq;elimbahstation@-27.01,152.95;elimbahstation;30.3;81.6;97.2;132;0;7;rotation;17;RETENUE;
France;fr_sncf;UIC87745430;Saint-Julien-en-Genevois;30.1;95.7;100;7;0;7;rotation;17;RETENUE;
France;fr_sncf;UIC87745414;Valleiry;30.1;94.8;100;6;0;7;rotation;17;RETENUE;
Irlande;ie_nta;portarlington@53.15,-7.18;portarlington;30.1;69.7;94.2;23;0;7;rotation;17;RETENUE;
Irlande;ie_nta;leixlipconfey@53.37,-6.49;leixlipconfey;30.1;80.1;89;21;0;7;rotation;17;RETENUE;
Finlande;fi_digitraffic;HK;;30.1;97.2;97.2;95;0;7;rotation;17;RETENUE;
Pays-Bas;nl_ovapi;epewestf@52.18,7.03;epewestf;30.1;82;99.5;31;0;7;rotation;17;RETENUE;
Pays-Bas;nl_ovapi;selmbeifang@51.69,7.45;selmbeifang;30.1;71.1;100;43;0;7;rotation;17;RETENUE;
Allemagne;de_gtfsde;poikam@48.93,12.01;poikam;30.1;82.9;95.5;20;0;7;rotation;17;RETENUE;
Allemagne;de_gtfsde;gnevkow@53.79,13.17;gnevkow;30.1;69.7;93.8;36;0;7;rotation;17;RETENUE;
Allemagne;de_gtfsde;wrzburgheidingsfeldost@49.76,9.95;wrzburgheidingsfeldost;30.1;89.1;90.2;17;0;7;rotation;17;RETENUE;
Allemagne;de_gtfsde;lutherstadtwittenbergpiesteritz@51.87,12.60;lutherstadtwittenbergpiesteritz;30.1;96.2;93.8;14;0;7;rotation;17;RETENUE;
Allemagne;de_gtfsde;meinsdorf@51.90,12.26;meinsdorf;30.1;96.2;98.1;14;0;7;rotation;17;RETENUE;
Allemagne;de_gtfsde;kirchheimunterfr@49.66,9.86;kirchheimunterfr;30.1;96.2;96.8;13;0;7;rotation;17;RETENUE;
Allemagne;de_gtfsde;thyrowbahnhof@52.25,13.26;thyrowbahnhof;30.1;73;95.9;27;0;7;rotation;17;RETENUE;
Allemagne;de_gtfsde;angernrogtz@52.34,11.76;angernrogtz;30.1;52.6;92.5;21;0;7;rotation;17;RETENUE;
Allemagne;de_gtfsde;pressigrothenkirchen@50.35,11.31;pressigrothenkirchen;30.1;93.4;93.8;16;0;7;rotation;17;RETENUE;
Allemagne;de_gtfsde;neutting@48.26,12.69;neutting;30.1;82.9;97.7;17;0;7;rotation;17;RETENUE;
Allemagne;de_gtfsde;horbheiligenfeld@48.47,8.66;horbheiligenfeld;30.1;86.7;96.8;81;0;7;rotation;17;RETENUE;
Allemagne;de_gtfsde;bodelshausenbahnhof@48.38,8.99;bodelshausenbahnhof;30.1;64.5;85.4;37;0;7;rotation;17;RETENUE;
Allemagne;de_gtfsde;willebadessenbahnhof@51.62,9.01;willebadessenbahnhof;30.1;42.2;96.8;72;0;7;rotation;17;RETENUE;
Allemagne;de_gtfsde;lehmen@50.28,7.46;lehmen;30.1;81;89;24;0;7;rotation;17;RETENUE;
Allemagne;de_gtfsde;grokiesow@54.01,13.48;grokiesow;30.1;79.6;98.1;30;0;7;rotation;17;RETENUE;
Allemagne;de_gtfsde;marienaubahnhof@52.11,9.57;marienaubahnhof;30.1;51.7;95.5;43;0;7;rotation;17;RETENUE;
Allemagne;de_gtfsde;eggenfeldenmitte@48.41,12.77;eggenfeldenmitte;30.1;70.6;98.6;19;0;7;rotation;17;RETENUE;
France;fr_sncf;UIC87141218;Bayon;30;90;100;10;0.43;7;rotation;16;RETENUE;
France;fr_sncf;UIC87721035;Amplepuis;30;89;99.5;9;0.14;7;rotation;16;RETENUE;
France;fr_sncf;UIC87396309;Connerré - Beillé;30;93.3;100;10;0.14;7;rotation;16;RETENUE;
Irlande;ie_nta;sutton@53.39,-6.12;sutton;30;97.6;87.9;11;0;7;rotation;16;RETENUE;
Allemagne;de_gtfsde;edigereller@50.10,7.14;edigereller;30;77.1;89.4;26;0;7;rotation;16;RETENUE;
Allemagne;de_gtfsde;crossenanderelster@50.97,11.98;crossenanderelster;30;77.6;91.7;35;0;7;rotation;16;RETENUE;
Allemagne;de_gtfsde;bieringenneckarbahnhof@48.45,8.86;bieringenneckarbahnhof;30;82.9;92.5;20;0;7;rotation;16;RETENUE;
Allemagne;de_gtfsde;kleinkemsbahnhof@47.69,7.52;kleinkemsbahnhof;30;92.4;99.1;18;0;7;rotation;16;RETENUE;
Allemagne;de_gtfsde;coswiganh@51.89,12.46;coswiganh;30;95.7;97.7;13;0;7;rotation;16;RETENUE;
Allemagne;de_gtfsde;dulingenbahnhof@48.45,9.06;dulingenbahnhof;30;58.6;81.4;34;0;7;rotation;16;RETENUE;
Allemagne;de_gtfsde;unterschwaningen@49.07,10.63;unterschwaningen;30;77.1;88.2;21;0;7;rotation;16;RETENUE;
Allemagne;de_gtfsde;lagerlechfeld@48.18,10.84;lagerlechfeld;30;95.2;91.7;12;0;7;rotation;16;RETENUE;
Allemagne;de_gtfsde;durach@47.70,10.34;durach;30;80.5;93.8;18;0;7;rotation;16;RETENUE;
Allemagne;de_gtfsde;reichelsheimwetteraubahnhof@50.36,8.87;reichelsheimwetteraubahnhof;30;75.7;92.5;24;0;7;rotation;16;RETENUE;
Allemagne;de_gtfsde;martensdorf@54.30,12.93;martensdorf;30;92.4;94.2;12;0;7;rotation;16;RETENUE;
Allemagne;de_gtfsde;badhhenstadt@48.49,13.32;badhhenstadt;30;78.6;98.1;17;0;7;rotation;16;RETENUE;
Allemagne;de_gtfsde;schondorfamammersee@48.05,11.09;schondorfamammersee;30;91.9;90.9;15;0;7;rotation;16;RETENUE;
Allemagne;de_gtfsde;neupetershainbahnhof@51.61,14.16;neupetershainbahnhof;30;95.2;93.8;11;0;7;rotation;16;RETENUE;
Allemagne;de_gtfsde;bentwischbahnhof@54.12,12.21;bentwischbahnhof;30;94.3;98.6;13;0;7;rotation;16;RETENUE;
Allemagne;de_gtfsde;dellfeldbahnhof@49.23,7.47;dellfeldbahnhof;30;39;98.6;28;0;7;rotation;16;RETENUE;
Allemagne;de_gtfsde;brunlingenbahnhof@47.93,8.46;brunlingenbahnhof;30;88.6;96.8;25;0;7;rotation;16;RETENUE;
Allemagne;de_gtfsde;gelsenkirchenzoobf@51.54,7.11;gelsenkirchenzoobf;30;93.8;83.3;10;0;7;rotation;16;RETENUE;
Allemagne;de_gtfsde;schierstedt@51.75,11.52;schierstedt;30;72.9;90.9;25;0;7;rotation;16;RETENUE;
Allemagne;de_gtfsde;warscherfedebahnhof@51.53,9.05;warscherfedebahnhof;30;96.2;99.5;11;0;7;rotation;16;RETENUE;
Australie;au_translink_seq;woombyestation@-26.66,152.96;woombyestation;30;80.5;99.5;130;0;7;rotation;16;RETENUE;
France;fr_sncf;UIC87673459;Guéthary;29.9;92.8;100;8;1.14;7;rotation;16;RETENUE;
France;fr_sncf;UIC87276782;Noyon;29.9;93.3;100;6;0.57;7;rotation;16;RETENUE;
France;fr_sncf;UIC87775361;Saint-Geniès-de-Malgoirès;29.9;90.9;100;10;2.14;7;rotation;16;RETENUE;
Norvege;no_entur;heiastasjon@59.47,11.33;heiastasjon;29.9;95.2;100;75;0;7;rotation;16;RETENUE;
Norvege;no_entur;eidsbergstasjon@59.51,11.30;eidsbergstasjon;29.9;95.7;100;84;0;7;rotation;16;RETENUE;
Allemagne;de_gtfsde;deutzen@51.11,12.42;deutzen;29.9;83.3;91.7;28;0;7;rotation;16;RETENUE;
Allemagne;de_gtfsde;arsbeck@51.15,6.21;arsbeck;29.9;85.6;97.7;22;0;7;rotation;16;RETENUE;
Allemagne;de_gtfsde;neupudagla@54.00,14.07;neupudagla;29.9;90.9;96.3;17;0;7;rotation;16;RETENUE;
Allemagne;de_gtfsde;clbebrgelnbahnhof@50.85,8.82;clbebrgelnbahnhof;29.9;72.2;95.9;41;0;7;rotation;16;RETENUE;
Allemagne;de_gtfsde;paderbornkasselertor@51.72,8.76;paderbornkasselertor;29.9;94.7;93.7;11;0;7;rotation;16;RETENUE;
Allemagne;de_gtfsde;fohrdebahnhof@52.48,12.46;fohrdebahnhof;29.9;95.2;94.6;14;0;7;rotation;16;RETENUE;
Allemagne;de_gtfsde;bockenheimbahnhof@49.61,8.19;bockenheimbahnhof;29.9;96.7;97.2;12;0;7;rotation;16;RETENUE;
Allemagne;de_gtfsde;grolehna@51.30,12.17;grolehna;29.9;88;93.7;18;0;7;rotation;16;RETENUE;
Etats-Unis;us_mta_lirr;glenstreet@40.86,-73.62;glenstreet;29.9;82.8;100;148;0;7;rotation;16;RETENUE;
France;fr_sncf;UIC87615625;Carmaux;29.7;74;99.5;9;0.86;7;rotation;16;RETENUE;
France;fr_sncf;UIC87677104;Les Deux Jumeaux;29.7;93.8;99;10;1.14;7;rotation;16;RETENUE;
France;fr_sncf;UIC87444562;Surdon;29.7;91.3;99.5;10;0;7;rotation;16;RETENUE;
France;fr_sncf;UIC87481226;Sainte-Pazanne;29.7;95.2;100;6;2.29;7;rotation;16;RETENUE;
Pays-Bas;nl_ovapi;badnieuweschans@53.18,7.20;badnieuweschans;29.7;97.6;100;61;0;7;rotation;16;RETENUE;
Allemagne;de_gtfsde;gammertingenbahnhof@48.25,9.22;gammertingenbahnhof;29.7;86.1;92;19;0;7;rotation;16;RETENUE;
Allemagne;de_gtfsde;stumsdorf@51.62,12.07;stumsdorf;29.7;83.7;90.8;20;0;7;rotation;16;RETENUE;
Allemagne;de_gtfsde;seligenstadtbwrzburg@49.85,10.10;seligenstadtbwrzburg;29.7;91.3;94.1;14;0;7;rotation;16;RETENUE;
Allemagne;de_gtfsde;kuselbahnhof@49.54,7.41;kuselbahnhof;29.7;92.3;97.7;15;0;7;rotation;16;RETENUE;
Allemagne;de_gtfsde;kasseloberzwehren@51.28,9.45;kasseloberzwehren;29.7;82.2;91.6;23;0;7;rotation;16;RETENUE;
Allemagne;de_gtfsde;dortmundlttringhausenbf@51.45,7.45;dortmundlttringhausenbf;29.7;72.1;91.2;20;0;7;rotation;16;RETENUE;
Allemagne;de_gtfsde;zberitz@51.50,12.03;zberitz;29.7;75.5;90.8;21;0;7;rotation;16;RETENUE;
Allemagne;de_gtfsde;mittenwald@47.44,11.27;mittenwald;29.7;76;96.7;28;0;7;rotation;16;RETENUE;
Allemagne;de_gtfsde;oberlichtenau@50.91,12.96;oberlichtenau;29.7;83.7;91.6;32;0;7;rotation;16;RETENUE;
Allemagne;de_gtfsde;grfentonna@51.09,10.73;grfentonna;29.7;86.5;97.2;20;0;7;rotation;16;RETENUE;
Allemagne;de_gtfsde;felsbergaltenbrunslar@51.16,9.44;felsbergaltenbrunslar;29.7;85.1;95;26;0;7;rotation;16;RETENUE;
Allemagne;de_gtfsde;niederwarthahaltepunkt@51.09,13.61;niederwarthahaltepunkt;29.7;96.2;95.4;12;0;7;rotation;16;RETENUE;
Allemagne;de_gtfsde;petergrube@51.10,12.50;petergrube;29.7;96.6;96.7;11;0;7;rotation;16;RETENUE;
Allemagne;de_gtfsde;wolgasthafen@54.05,13.78;wolgasthafen;29.7;88.5;82.2;15;0;7;rotation;16;RETENUE;
Allemagne;de_gtfsde;schalksmhle@51.24,7.53;schalksmhle;29.7;56.3;98.1;22;0;7;rotation;16;RETENUE;
Allemagne;de_gtfsde;neusesbkronach@50.22,11.31;neusesbkronach;29.7;95.7;93.3;11;0;7;rotation;16;RETENUE;
Allemagne;de_gtfsde;langenwangschwab@47.44,10.28;langenwangschwab;29.7;71.6;94.1;23;0;7;rotation;16;RETENUE;
Allemagne;de_gtfsde;eggenfelden@48.40,12.75;eggenfelden;29.7;73.1;96.3;19;0;7;rotation;16;RETENUE;
Allemagne;de_gtfsde;einbeckottohahnstraebus@51.82,9.89;einbeckottohahnstraebus;29.7;94.7;91.6;13;0;7;rotation;16;RETENUE;
France;fr_sncf;UIC87481788;Le Croisic;29.6;80.2;100;16;0.14;7;rotation;16;RETENUE;
France;fr_sncf;UIC87761684;Saint-Hilaire - Saint-Nazaire;29.6;80.2;99.5;13;0.71;7;rotation;16;RETENUE;
France;fr_sncf;UIC87615328;Rabastens - Couffouleux;29.6;84.1;100;13;1;7;rotation;16;RETENUE;
France;fr_sncf;UIC87192286;Morhange;29.6;93.7;100;10;0.43;7;rotation;16;RETENUE;
Pays-Bas;nl_ovapi;kalmthout@51.39,4.47;kalmthout;29.6;91.3;100;36;0;7;rotation;16;RETENUE;
Allemagne;de_gtfsde;hsbach@50.00,9.23;hsbach;29.6;83.1;92;21;0;7;rotation;16;RETENUE;
Allemagne;de_gtfsde;flintbek@54.24,10.06;flintbek;29.6;86;94.5;22;0;7;rotation;16;RETENUE;
Allemagne;de_gtfsde;vecheldebahnhof@52.26,10.36;vecheldebahnhof;29.6;74.9;95.4;23;0;7;rotation;16;RETENUE;
Allemagne;de_gtfsde;rieseby@54.54,9.82;rieseby;29.6;97.1;95;10;0;7;rotation;16;RETENUE;
Allemagne;de_gtfsde;ruhstorf@48.43,13.33;ruhstorf;29.6;76.8;97.2;17;0;7;rotation;16;RETENUE;
Allemagne;de_gtfsde;griebo@51.88,12.52;griebo;29.6;96.6;94.5;13;0;7;rotation;16;RETENUE;
Allemagne;de_gtfsde;obernau@49.93,9.14;obernau;29.6;91.8;87;14;0;7;rotation;16;RETENUE;
Allemagne;de_gtfsde;felsbergwolfershausen@51.19,9.45;felsbergwolfershausen;29.6;84.1;96.7;28;0;7;rotation;16;RETENUE;
Allemagne;de_gtfsde;zimmernbahnhof@49.60,9.79;zimmernbahnhof;29.6;97.1;91.2;10;0;7;rotation;16;RETENUE;
Allemagne;de_gtfsde;badbirnbach@48.43,13.07;badbirnbach;29.6;62.3;99;18;0;7;rotation;16;RETENUE;
Allemagne;de_gtfsde;natruphagen@52.21,7.91;natruphagen;29.6;71.5;84.8;61;0;7;rotation;16;RETENUE;
Allemagne;de_gtfsde;kreuztallittfeldbf@51.01,7.99;kreuztallittfeldbf;29.6;95.2;86.3;14;0;7;rotation;16;RETENUE;
Allemagne;de_gtfsde;nagoldsteinbergbf@48.54,8.73;nagoldsteinbergbf;29.6;86;93.2;19;0;7;rotation;16;RETENUE;
Allemagne;de_gtfsde;seebergen@50.93,10.79;seebergen;29.6;63.8;92;52;0;7;rotation;16;RETENUE;
Allemagne;de_gtfsde;ahlbeckseebad@53.94,14.19;ahlbeckseebad;29.6;94.7;95.8;13;0;7;rotation;16;RETENUE;
Allemagne;de_gtfsde;krempe@53.84,9.48;krempe;29.6;91.3;96.7;18;0;7;rotation;16;RETENUE;
Allemagne;de_gtfsde;arnhemcentraal@51.98,5.90;arnhemcentraal;29.6;39.1;97.6;65;0;7;rotation;16;RETENUE;
France;fr_sncf;UIC87481754;La Baule-Escoublac;29.4;81.1;100;19;0.14;7;rotation;16;RETENUE;
France;fr_sncf;UIC87481036;Rezé Pont-Rousseau;29.4;93.7;100;7;2.29;7;rotation;16;RETENUE;
Pays-Bas;nl_ovapi;borkwestf@51.67,7.46;borkwestf;29.4;73.3;100;43;0;7;rotation;16;RETENUE;
Pays-Bas;nl_ovapi;selm@51.71,7.45;selm;29.4;76.2;100;37;0;7;rotation;16;RETENUE;
Allemagne;de_gtfsde;mellrichstadtbahnhof@50.42,10.31;mellrichstadtbahnhof;29.4;94.7;88.8;14;0;7;rotation;16;RETENUE;
Allemagne;de_gtfsde;luhewildenau@49.60,12.13;luhewildenau;29.4;95.1;84.1;10;0;7;rotation;16;RETENUE;
Allemagne;de_gtfsde;eschenbachbmarkterlbach@49.48,10.67;eschenbachbmarkterlbach;29.4;94.2;97.2;16;0;7;rotation;16;RETENUE;
Allemagne;de_gtfsde;seeg@47.66,10.61;seeg;29.4;57.8;87.3;34;0;7;rotation;16;RETENUE;
Allemagne;de_gtfsde;alteslagerbahnhof@52.02,12.99;alteslagerbahnhof;29.4;97.6;97.2;9;0;7;rotation;16;RETENUE;
Allemagne;de_gtfsde;isteinbahnhof@47.66,7.54;isteinbahnhof;29.4;91.7;94.9;18;0;7;rotation;16;RETENUE;
Allemagne;de_gtfsde;kalchreuth@49.56,11.14;kalchreuth;29.4;70.9;91.2;33;0;7;rotation;16;RETENUE;
Allemagne;de_gtfsde;marktoberdorfnord@47.79,10.62;marktoberdorfnord;29.4;77.2;82.4;28;0;7;rotation;16;RETENUE;
Allemagne;de_gtfsde;eitorfmertenbf@50.77,7.39;eitorfmertenbf;29.4;80.1;89.6;24;0;7;rotation;16;RETENUE;
Allemagne;de_gtfsde;meinebahnhof@52.38,10.54;meinebahnhof;29.4;68.4;94.9;28;0;7;rotation;16;RETENUE;
Allemagne;de_gtfsde;windeckdattenfeldbf@50.81,7.55;windeckdattenfeldbf;29.4;85;94.1;23;0;7;rotation;16;RETENUE;
Allemagne;de_gtfsde;michelauoberfr@50.15,11.12;michelauoberfr;29.4;96.1;90;13;0;7;rotation;16;RETENUE;
Allemagne;de_gtfsde;dorstenwulfenbf@51.72,7.01;dorstenwulfenbf;29.4;94.2;100;18;0;7;rotation;16;RETENUE;
Pays-Bas;nl_ovapi;mnsterwzentrumnord@51.98,7.64;mnsterwzentrumnord;29.3;84.9;86.9;24;0;7;rotation;16;RETENUE;
Pays-Bas;nl_ovapi;kijkuit@51.38,4.47;kijkuit;29.3;92.7;88;35;0;7;rotation;16;RETENUE;
Allemagne;de_gtfsde;dalheim@51.15,6.18;dalheim;29.3;87.8;100;19;0;7;rotation;16;RETENUE;
Allemagne;de_gtfsde;eckersmhlen@49.22,11.14;eckersmhlen;29.3;92.7;98.1;12;0;7;rotation;16;RETENUE;
Allemagne;de_gtfsde;lbeckdnischburgikea@53.91,10.73;lbeckdnischburgikea;29.3;89.8;89.9;19;0;7;rotation;16;RETENUE;
Allemagne;de_gtfsde;schmiechenhaltepunkt@48.36,9.72;schmiechenhaltepunkt;29.3;69.8;90.7;28;0;7;rotation;16;RETENUE;
Allemagne;de_gtfsde;ottendorfmittweida@50.94,12.95;ottendorfmittweida;29.3;82;96.7;31;0;7;rotation;16;RETENUE;
Allemagne;de_gtfsde;warhaltepeinenmssingen@51.96,7.89;warhaltepeinenmssingen;29.3;69.8;94.5;44;0;7;rotation;16;RETENUE;
Allemagne;de_gtfsde;hxgodelheimbahnhof@51.73,9.36;hxgodelheimbahnhof;29.3;75.1;99;22;0;7;rotation;16;RETENUE;
Allemagne;de_gtfsde;nagoldiselshausenbf@48.53,8.73;nagoldiselshausenbf;29.3;87.3;94.5;19;0;7;rotation;16;RETENUE;
Allemagne;de_gtfsde;ludwigsfeldestruveshofbhf@52.32,13.23;ludwigsfeldestruveshofbhf;29.3;93.7;99;17;0;7;rotation;16;RETENUE;
Allemagne;de_gtfsde;neuenstein@49.21,9.58;neuenstein;29.3;91.7;95.8;15;0;7;rotation;16;RETENUE;
Allemagne;de_gtfsde;mindelaltheim@48.46,10.41;mindelaltheim;29.3;82.9;93.6;23;0;7;rotation;16;RETENUE;
Allemagne;de_gtfsde;isernhagenhbbahnhof@52.49,9.80;isernhagenhbbahnhof;29.3;78.5;97.6;22;0;7;rotation;16;RETENUE;
Allemagne;de_gtfsde;gropsna@51.27,12.49;gropsna;29.3;95.6;98.6;12;0;7;rotation;16;RETENUE;
Allemagne;de_gtfsde;neumarkbahnhof@50.66,12.35;neumarkbahnhof;29.3;63.4;92.8;30;0;7;rotation;16;RETENUE;
France;fr_sncf;UIC87741645;Albertville;29.1;83.3;100;11;0.14;7;rotation;16;RETENUE;
France;fr_sncf;UIC87144097;Thaon;29.1;90.2;100;12;0.43;7;rotation;16;RETENUE;
France;fr_sncf;UIC87611392;Venerque - Le Vernet;29.1;89.2;100;13;1.43;7;rotation;16;RETENUE;
Pays-Bas;nl_ovapi;lnenhbf@51.62,7.53;lnenhbf;29.1;71.1;99.5;28;0;7;rotation;16;RETENUE;
Pays-Bas;nl_ovapi;wildert@51.43,4.46;wildert;29.1;92.6;100;28;0;7;rotation;16;RETENUE;
Allemagne;de_gtfsde;kltewetterburg@51.40,9.07;kltewetterburg;29.1;63.7;94.4;26;0;7;rotation;16;RETENUE;
Allemagne;de_gtfsde;muldenstein@51.67,12.35;muldenstein;29.1;88.2;88.7;21;0;7;rotation;16;RETENUE;
Allemagne;de_gtfsde;horstholst@53.80,9.65;horstholst;29.1;96.1;98.1;12;0;7;rotation;16;RETENUE;
Allemagne;de_gtfsde;ehrangort@49.81,6.69;ehrangort;29.1;84.8;92.3;22;0;7;rotation;16;RETENUE;
Allemagne;de_gtfsde;bengelmoselbahnhof@50.01,7.06;bengelmoselbahnhof;29.1;75;91.5;26;0;7;rotation;16;RETENUE;
Allemagne;de_gtfsde;kndringenbahnhof@48.14,7.80;kndringenbahnhof;29.1;86.8;89.1;17;0;7;rotation;16;RETENUE;
Allemagne;de_gtfsde;heroldsberg@49.53,11.15;heroldsberg;29.1;64.7;93.2;29;0;7;rotation;16;RETENUE;
Allemagne;de_gtfsde;cronheim@49.09,10.66;cronheim;29.1;75;80;19;0;7;rotation;16;RETENUE;
Allemagne;de_gtfsde;lengenwang@47.70,10.60;lengenwang;29.1;59.8;88.3;30;0;7;rotation;16;RETENUE;
Allemagne;de_gtfsde;gropankowbahnhof@53.12,12.05;gropankowbahnhof;29.1;95.1;97.6;12;0;7;rotation;16;RETENUE;
Allemagne;de_gtfsde;rdschwenningdorfneuemhle@52.26,8.52;rdschwenningdorfneuemhle;29.1;86.8;98.6;56;0;7;rotation;16;RETENUE;
Allemagne;de_gtfsde;messinghausenbahnhof@51.39,8.68;messinghausenbahnhof;29.1;97.5;99;12;0;7;rotation;16;RETENUE;
Allemagne;de_gtfsde;kleinrekenbahnhof@51.79,7.04;kleinrekenbahnhof;29.1;83.3;100;18;0;7;rotation;16;RETENUE;
Allemagne;de_gtfsde;mnchhausenmarburgbahnhof@50.96,8.72;mnchhausenmarburgbahnhof;29.1;78.4;94;18;0;7;rotation;16;RETENUE;
Allemagne;de_gtfsde;annweilerbahnhof@49.21,7.97;annweilerbahnhof;29.1;96.1;96.7;11;0;7;rotation;16;RETENUE;
Australie;au_translink_seq;kingstonstation@-27.66,153.12;kingstonstation;29.1;92.2;100;92;0;7;rotation;16;RETENUE;
France;fr_sncf;UIC87485110;Châtelaillon;29;88.2;100;11;0.86;7;rotation;16;RETENUE;
France;fr_sncf;UIC87175042;Bar-le-Duc;29;87.2;100;13;0;7;rotation;16;RETENUE;
France;fr_sncf;UIC87144071;Châtel - Nomexy;29;90.1;100;13;0.43;7;rotation;16;RETENUE;
France;fr_sncf;UIC87144410;Arches;29;93.1;100;8;0;7;rotation;16;RETENUE;
France;fr_sncf;UIC87584722;Saint-Sulpice - Izon;29;95.1;100;7;0.14;7;rotation;16;RETENUE;
France;fr_sncf;UIC87584730;Saint-Loubès;29;94.6;100;7;0.14;7;rotation;16;RETENUE;
France;fr_sncf;UIC87584755;La Gorp;29;94.6;100;8;0.14;7;rotation;16;RETENUE;
Pays-Bas;nl_ovapi;ldinghausen@51.76,7.43;ldinghausen;29;79.8;99.5;32;0;7;rotation;16;RETENUE;
Allemagne;de_gtfsde;glanzstoffwerke@49.83,9.15;glanzstoffwerke;29;93.1;90.2;16;0;7;rotation;16;RETENUE;
Allemagne;de_gtfsde;niemberg@51.55,12.10;niemberg;29;84.7;93.1;20;0;7;rotation;16;RETENUE;
Allemagne;de_gtfsde;helmstedtbahnhof@52.22,11.01;helmstedtbahnhof;29;75.9;99.5;28;0;7;rotation;16;RETENUE;
Allemagne;de_gtfsde;ortrandbahnhof@51.37,13.76;ortrandbahnhof;29;91.1;94.4;16;0;7;rotation;16;RETENUE;
Allemagne;de_gtfsde;eleben@49.94,10.09;eleben;29;91.6;92.3;13;0;7;rotation;16;RETENUE;
Allemagne;de_gtfsde;oberwindenbahnhof@48.15,8.05;oberwindenbahnhof;29;82.8;90.2;30;0;7;rotation;16;RETENUE;
Allemagne;de_gtfsde;greiz@50.65,12.19;greiz;29;92.6;94.4;16;0;7;rotation;16;RETENUE;
Allemagne;de_gtfsde;ahrensfeldenordbhf@52.59,13.58;ahrensfeldenordbhf;29;90.6;87.5;42;0;7;rotation;16;RETENUE;
Allemagne;de_gtfsde;grimmenbahnhof@54.11,13.03;grimmenbahnhof;29;78.8;90.2;28;0;7;rotation;16;RETENUE;
Allemagne;de_gtfsde;burgstargard@53.50,13.30;burgstargard;29;48.3;92.7;32;0;7;rotation;16;RETENUE;
Allemagne;de_gtfsde;jnschwaldeostbhf@51.88,14.54;jnschwaldeostbhf;29;92.6;96.7;17;0;7;rotation;16;RETENUE;
Allemagne;de_gtfsde;proholzhausenbahnhof@52.29,8.54;proholzhausenbahnhof;29;86.2;94;61;0;7;rotation;16;RETENUE;
Allemagne;de_gtfsde;dorum@53.69,8.58;dorum;29;94.6;94.9;16;0;7;rotation;16;RETENUE;
Allemagne;de_gtfsde;herzbergamharzschloss@51.65,10.33;herzbergamharzschloss;29;88.7;92.7;14;0;7;rotation;16;RETENUE;
Allemagne;de_gtfsde;hohegrete@50.76,7.64;hohegrete;29;71.4;88.3;24;0;7;rotation;16;RETENUE;
Allemagne;de_gtfsde;wernfeld@50.03,9.73;wernfeld;29;93.1;90.2;16;0;7;rotation;16;RETENUE;
Allemagne;de_gtfsde;vahldorf@52.25,11.50;vahldorf;29;77.8;92.7;24;0;7;rotation;16;RETENUE;
Allemagne;de_gtfsde;nortorf@54.17,9.85;nortorf;29;78.3;97.6;22;0;7;rotation;16;RETENUE;
Etats-Unis;us_mta_lirr;roslyn@40.79,-73.64;roslyn;29;86.2;100;142;0;7;rotation;16;RETENUE;
France;fr_sncf;UIC87582536;Ychoux;28.9;93.1;100;8;0.29;7;rotation;16;RETENUE;
France;fr_sncf;UIC87185249;Lure;28.9;91.6;100;9;1.43;7;rotation;16;RETENUE;
France;fr_sncf;UIC87481218;Port-Saint-Père - Saint-Mars;28.9;93.6;100;6;2;7;rotation;16;RETENUE;
Norvege;no_entur;movatnstasjon@60.04,10.81;movatnstasjon;28.9;94.1;98.5;92;0;7;rotation;16;RETENUE;
Norvege;no_entur;snippenstasjon@60.02,10.81;snippenstasjon;28.9;87.1;100;131;0;7;rotation;16;RETENUE;
Norvege;no_entur;rakkestadstasjon@59.43,11.34;rakkestadstasjon;28.9;96.5;96.7;39;0;7;rotation;16;RETENUE;
Allemagne;de_gtfsde;weiandtglzau@51.67,12.03;weiandtglzau;28.9;79.7;86.7;22;0;7;rotation;16;RETENUE;
Allemagne;de_gtfsde;gelsenkirchenhasselbf@51.61,7.07;gelsenkirchenhasselbf;28.9;72.8;89.4;25;0;7;rotation;16;RETENUE;
Allemagne;de_gtfsde;kieloppendorf@54.33,10.21;kieloppendorf;28.9;94.6;99.5;16;0;7;rotation;16;RETENUE;
Allemagne;de_gtfsde;kirchhainanzefahrbahnhof@50.85,8.86;kirchhainanzefahrbahnhof;28.9;74.3;87.1;37;0;7;rotation;16;RETENUE;
Allemagne;de_gtfsde;krpelin@54.07,11.79;krpelin;28.9;78.7;95.3;16;0;7;rotation;16;RETENUE;
Allemagne;de_gtfsde;badlauterbergimharzbarbis@51.62,10.41;badlauterbergimharzbarbis;28.9;92.6;96.2;13;0;7;rotation;16;RETENUE;
Allemagne;de_gtfsde;dlkenbahnhof@51.26,6.34;dlkenbahnhof;28.9;78.2;94.4;46;0;7;rotation;16;RETENUE;
Allemagne;de_gtfsde;lbbeckebahnhof@52.31,8.61;lbbeckebahnhof;28.9;82.2;100;64;0;7;rotation;16;RETENUE;
Allemagne;de_gtfsde;eschenaumittelfr@49.58,11.20;eschenaumittelfr;28.9;69.8;89;34;0;7;rotation;16;RETENUE;
Allemagne;de_gtfsde;offingen@48.48,10.38;offingen;28.9;79.2;93.1;24;0;7;rotation;16;RETENUE;
Allemagne;de_gtfsde;auenried@49.02,13.18;auenried;28.9;97.5;99.5;9;0;7;rotation;16;RETENUE;
Allemagne;de_gtfsde;bodenmais@49.07,13.10;bodenmais;28.9;97.5;98.1;9;0;7;rotation;16;RETENUE;
Allemagne;de_gtfsde;ronneburgthringen@50.86,12.18;ronneburgthringen;28.9;81.2;94.4;29;0;7;rotation;16;RETENUE;
Allemagne;de_gtfsde;ottendorfokrillahp@51.19,13.84;ottendorfokrillahp;28.9;97;99.5;10;0;7;rotation;16;RETENUE;
Allemagne;de_gtfsde;auewingeshausenbf@51.05,8.29;auewingeshausenbf;28.9;76.2;97.6;25;0;7;rotation;16;RETENUE;
France;fr_sncf;UIC87747246;Rives;28.7;90;99.5;10;0;7;rotation;16;RETENUE;
France;fr_sncf;UIC87481200;Bouaye;28.7;93.5;100;7;2;7;rotation;16;RETENUE;
Pays-Bas;nl_ovapi;eijsden@50.77,5.71;eijsden;28.7;93.5;99.5;109;0;7;rotation;16;RETENUE;
Allemagne;de_gtfsde;schllkrippen@50.09,9.24;schllkrippen;28.7;94.5;88.9;11;0;7;rotation;16;RETENUE;
Allemagne;de_gtfsde;wellmitzbahnhof@52.06,14.71;wellmitzbahnhof;28.7;92.5;94.4;17;0;7;rotation;16;RETENUE;
Allemagne;de_gtfsde;adelsdorfmittelfr@49.47,10.69;adelsdorfmittelfr;28.7;95.5;91.8;14;0;7;rotation;16;RETENUE;
Allemagne;de_gtfsde;ochsenfurt@49.66,10.07;ochsenfurt;28.7;93;96.6;15;0;7;rotation;16;RETENUE;
Allemagne;de_gtfsde;eimeldingenbahnhof@47.63,7.60;eimeldingenbahnhof;28.7;92.5;89.3;16;0;7;rotation;16;RETENUE;
Allemagne;de_gtfsde;plchow@54.01,12.12;plchow;28.7;95;97.6;13;0;7;rotation;16;RETENUE;
Allemagne;de_gtfsde;neukirchenwyhra@51.09,12.53;neukirchenwyhra;28.7;96.5;91;10;0;7;rotation;16;RETENUE;
Allemagne;de_gtfsde;friedrichroda@50.86,10.58;friedrichroda;28.7;96;97.6;11;0;7;rotation;16;RETENUE;
Allemagne;de_gtfsde;alzeywestbahnhof@49.74,8.11;alzeywestbahnhof;28.7;49.3;98;31;0;7;rotation;16;RETENUE;
Allemagne;de_gtfsde;nesselwang@47.62,10.50;nesselwang;28.7;86.6;93.9;17;0;7;rotation;16;RETENUE;
Allemagne;de_gtfsde;neustiftbpassau@48.57,13.39;neustiftbpassau;28.7;85.1;96.2;16;0;7;rotation;16;RETENUE;
Allemagne;de_gtfsde;vlksenbahnhof@52.21,9.63;vlksenbahnhof;28.7;49.3;91;38;0;7;rotation;16;RETENUE;
Allemagne;de_gtfsde;zittaubahnhof@50.90,14.81;zittaubahnhof;28.7;86.6;100;13;0;7;rotation;16;RETENUE;
Allemagne;de_gtfsde;trierpallien@49.76,6.63;trierpallien;28.7;93;92.2;15;0;7;rotation;16;RETENUE;
Allemagne;de_gtfsde;suderburg@52.90,10.43;suderburg;28.7;74.1;93.5;31;0;7;rotation;16;RETENUE;
Etats-Unis;us_mta_lirr;eastwilliston@40.76,-73.64;eastwilliston;28.7;82.1;99;148;0;7;rotation;16;RETENUE;
France;fr_sncf;UIC87476317;Quimperlé;28.6;85.5;99;10;0.14;7;rotation;16;RETENUE;
France;fr_sncf;UIC87172262;Amagne - Lucquy;28.6;87.5;100;10;0;7;rotation;16;RETENUE;
France;fr_sncf;UIC87747337;Voreppe;28.6;88.5;100;11;0;7;rotation;16;RETENUE;
France;fr_sncf;UIC87476671;Questembert;28.6;83.5;100;14;0.14;7;rotation;16;RETENUE;
Allemagne;de_gtfsde;ramsteinbahnhof@49.45,7.56;ramsteinbahnhof;28.6;81.5;92.2;19;0;7;rotation;16;RETENUE;
Allemagne;de_gtfsde;hopfgartenbeiweimar@50.98,11.22;hopfgartenbeiweimar;28.6;69.5;94.8;49;0;7;rotation;16;RETENUE;
Allemagne;de_gtfsde;premnitzzentrumbhf@52.53,12.34;premnitzzentrumbhf;28.6;94;93.9;15;0;7;rotation;16;RETENUE;
Allemagne;de_gtfsde;herzhorn@53.78,9.48;herzhorn;28.6;92.5;91.3;17;0;7;rotation;16;RETENUE;
Allemagne;de_gtfsde;kielellerbek@54.31,10.17;kielellerbek;28.6;95.5;90.1;14;0;7;rotation;16;RETENUE;
Allemagne;de_gtfsde;chemnitzerfenschlagost@50.78,12.96;chemnitzerfenschlagost;28.6;97.5;94.3;39;0;7;rotation;16;RETENUE;
Allemagne;de_gtfsde;groengottern@51.14,10.56;groengottern;28.6;88;93.5;21;0;7;rotation;16;RETENUE;
Allemagne;de_gtfsde;ilmenauprlitzerhhe@50.69,10.92;ilmenauprlitzerhhe;28.6;95.5;92.2;14;0;7;rotation;16;RETENUE;
Allemagne;de_gtfsde;allensbachbahnhof@47.71,9.07;allensbachbahnhof;28.6;75.5;93.5;26;0;7;rotation;16;RETENUE;
Allemagne;de_gtfsde;langdorf@49.02,13.16;langdorf;28.6;98;100;8;0;7;rotation;16;RETENUE;
Allemagne;de_gtfsde;reiskirchensaasenbahnhof@50.59,8.88;reiskirchensaasenbahnhof;28.6;95.5;98.5;12;0;7;rotation;16;RETENUE;
Allemagne;de_gtfsde;fritzlar@51.13,9.28;fritzlar;28.6;91;98.5;15;0;7;rotation;16;RETENUE;
Allemagne;de_gtfsde;dorstenlembeckbf@51.75,7.03;dorstenlembeckbf;28.6;87.5;100;16;0;7;rotation;16;RETENUE;
Allemagne;de_gtfsde;heimbacheifel@50.64,6.47;heimbacheifel;28.6;97;97.6;10;0;7;rotation;16;RETENUE;
Allemagne;de_gtfsde;bhmhof@49.05,13.11;bhmhof;28.6;96.5;100;10;0;7;rotation;16;RETENUE;
Allemagne;de_gtfsde;schrozbergbahnhof@49.35,9.98;schrozbergbahnhof;28.6;70;98;26;0;7;rotation;16;RETENUE;
Allemagne;de_gtfsde;erbachodwnord@49.67,8.99;erbachodwnord;28.6;92;98.5;20;0;7;rotation;16;RETENUE;
Allemagne;de_gtfsde;kleinbnzowbahnhof@53.93,13.62;kleinbnzowbahnhof;28.6;78;91.3;25;0;7;rotation;16;RETENUE;
Etats-Unis;us_mta_lirr;seacliff@40.85,-73.63;seacliff;28.6;82;100;146;0;7;rotation;16;RETENUE;
Etats-Unis;us_mta_lirr;glencove@40.87,-73.62;glencove;28.6;81.5;99;149;0;7;rotation;16;RETENUE;
Australie;au_translink_seq;fernygrovestation@-27.40,152.94;fernygrovestation;28.6;96;98.5;70;0;7;rotation;16;RETENUE;
France;fr_sncf;UIC87474155;Rosporden;28.4;85.9;100;11;0.14;7;rotation;16;RETENUE;
France;fr_sncf;UIC87582551;Labouheyre;28.4;94;99.5;7;0.29;7;rotation;16;RETENUE;
France;fr_sncf;UIC87747279;Réaumont - Saint-Cassien;28.4;89.9;100;10;0;7;rotation;16;RETENUE;
Pays-Bas;nl_ovapi;valkenburg@50.87,5.83;valkenburg;28.4;98;99.5;64;0;7;rotation;16;RETENUE;
Allemagne;de_gtfsde;gomannsdorf@49.68,10.03;gomannsdorf;28.4;93;96.1;17;0;7;rotation;16;RETENUE;
Allemagne;de_gtfsde;sulzbachinn@48.45,13.38;sulzbachinn;28.4;77.9;99.5;17;0;7;rotation;16;RETENUE;
Allemagne;de_gtfsde;flintsbach@47.72,12.13;flintsbach;28.4;80.9;90;27;0;7;rotation;16;RETENUE;
Allemagne;de_gtfsde;ludwigsstadt@50.49,11.38;ludwigsstadt;28.4;92.5;95.2;16;0;7;rotation;16;RETENUE;
Allemagne;de_gtfsde;burgdithm@54.01,9.25;burgdithm;28.4;92;99.5;14;0;7;rotation;16;RETENUE;
Allemagne;de_gtfsde;gummersbachbf@51.02,7.57;gummersbachbf;28.4;70.9;97.5;25;0;7;rotation;16;RETENUE;
Allemagne;de_gtfsde;balvebahnhof@51.33,7.86;balvebahnhof;28.4;98;99;9;0;7;rotation;16;RETENUE;
Allemagne;de_gtfsde;steinbachamwald@50.44,11.38;steinbachamwald;28.4;94;95.2;15;0;7;rotation;16;RETENUE;
Allemagne;de_gtfsde;dornstettenaach@48.47,8.48;dornstettenaach;28.4;89.9;93.9;59;0;7;rotation;16;RETENUE;
Allemagne;de_gtfsde;adorfbahnhof@50.32,12.26;adorfbahnhof;28.4;76.4;95.2;23;0;7;rotation;16;RETENUE;
Allemagne;de_gtfsde;uhlstdt@50.74,11.46;uhlstdt;28.4;93.5;99;25;0;7;rotation;16;RETENUE;
Allemagne;de_gtfsde;porstendorfbjenabushaltestelle@50.98,11.65;porstendorfbjenabushaltestelle;28.4;93;93.4;43;0;7;rotation;16;RETENUE;
Allemagne;de_gtfsde;ernsthausen@50.98,8.73;ernsthausen;28.4;80.4;94.3;20;0;7;rotation;16;RETENUE;
Allemagne;de_gtfsde;oelsnitzbahnhof@50.41,12.16;oelsnitzbahnhof;28.4;73.4;93.9;25;0;7;rotation;16;RETENUE;
Allemagne;de_gtfsde;rakowbahnhof@54.05,13.05;rakowbahnhof;28.4;81.9;98.5;23;0;7;rotation;16;RETENUE;
Allemagne;de_gtfsde;willingen@51.29,8.60;willingen;28.4;97;96.1;11;0;7;rotation;16;RETENUE;
Allemagne;de_gtfsde;jettingen@48.40,10.45;jettingen;28.4;80.9;93.9;26;0;7;rotation;16;RETENUE;
Allemagne;de_gtfsde;knigsbrckbahnhof@51.26,13.90;knigsbrckbahnhof;28.4;94.5;99.5;13;0;7;rotation;16;RETENUE;
Allemagne;de_gtfsde;triereuren@49.74,6.61;triereuren;28.4;93.5;93.9;12;0;7;rotation;16;RETENUE;
Allemagne;de_gtfsde;feldolling@47.90,11.85;feldolling;28.4;67.3;87.7;26;0;7;rotation;16;RETENUE;
Allemagne;de_gtfsde;raisting@47.91,11.11;raisting;28.4;86.9;93;16;0;7;rotation;16;RETENUE;
Etats-Unis;us_mta_lirr;greenvale@40.82,-73.63;greenvale;28.4;81.9;100;142;0;7;rotation;16;RETENUE;
France;fr_sncf;UIC87613109;Capdenac;28.3;75.3;99.5;14;1.71;7;rotation;16;RETENUE;
France;fr_sncf;UIC87613422;Rodez;28.3;84.8;100;12;1.71;7;rotation;16;RETENUE;
Allemagne;de_gtfsde;wittbrucke@51.42,7.45;wittbrucke;28.3;70.2;92.5;18;0;7;rotation;16;RETENUE;
Allemagne;de_gtfsde;grimmaobbf@51.23,12.71;grimmaobbf;28.3;97.5;82.2;10;0;7;rotation;16;RETENUE;
Allemagne;de_gtfsde;wutha@50.96,10.40;wutha;28.3;61.6;88;51;0;7;rotation;16;RETENUE;
Allemagne;de_gtfsde;heiligengrabebahnhof@53.15,12.34;heiligengrabebahnhof;28.3;97;93.4;9;0;7;rotation;16;RETENUE;
Allemagne;de_gtfsde;altenglanbahnhof@49.55,7.46;altenglanbahnhof;28.3;86.9;90;17;0;7;rotation;16;RETENUE;
Allemagne;de_gtfsde;gertenbach@51.38,9.80;gertenbach;28.3;91.9;96.6;17;0;7;rotation;16;RETENUE;
Allemagne;de_gtfsde;naunhof@51.28,12.59;naunhof;28.3;94.9;93.4;13;0;7;rotation;16;RETENUE;
Allemagne;de_gtfsde;bergtheim@49.90,10.08;bergtheim;28.3;92.4;90.4;13;0;7;rotation;16;RETENUE;
Allemagne;de_gtfsde;weienhornbahnhalteschach@48.30,10.13;weienhornbahnhalteschach;28.3;90.4;85.3;15;0;7;rotation;16;RETENUE;
Allemagne;de_gtfsde;knigsbronnbahnhof@48.74,10.12;knigsbronnbahnhof;28.3;88.4;86.8;22;0;7;rotation;16;RETENUE;
Allemagne;de_gtfsde;reddelich@54.09,11.85;reddelich;28.3;78.3;95.2;17;0;7;rotation;16;RETENUE;
Allemagne;de_gtfsde;rvershagen@54.18,12.25;rvershagen;28.3;97;96.1;10;0;7;rotation;16;RETENUE;
Allemagne;de_gtfsde;kleinheubach@49.72,9.21;kleinheubach;28.3;95.5;94.3;13;0;7;rotation;16;RETENUE;
Allemagne;de_gtfsde;bremenschnebeck@53.17,8.65;bremenschnebeck;28.3;85.4;94.3;16;0;7;rotation;16;RETENUE;
Etats-Unis;us_mta_lirr;glenhead@40.83,-73.63;glenhead;28.3;80.3;100;154;0;7;rotation;16;RETENUE;
France;fr_sncf;UIC87212340;Herrlisheim;28.1;89.8;100;6;0;7;rotation;16;RETENUE;
Allemagne;de_gtfsde;winterhausen@49.71,10.01;winterhausen;28.1;91.9;87.2;16;0;7;rotation;16;RETENUE;
Allemagne;de_gtfsde;biebesheimrheinbahnhof@49.78,8.47;biebesheimrheinbahnhof;28.1;77.2;92.1;20;0;7;rotation;16;RETENUE;
Allemagne;de_gtfsde;rckersbacherschlucht@50.02,9.06;rckersbacherschlucht;28.1;75.6;85.3;32;0;7;rotation;16;RETENUE;
Allemagne;de_gtfsde;calaubahnhof@51.74,13.98;calaubahnhof;28.1;87.3;92.1;24;0;7;rotation;16;RETENUE;
Allemagne;de_gtfsde;hertenwestfwesterholt@51.60,7.08;hertenwestfwesterholt;28.1;66.5;97;23;0;7;rotation;16;RETENUE;
Allemagne;de_gtfsde;burglauer@50.27,10.18;burglauer;28.1;95.9;97;13;0;7;rotation;16;RETENUE;
Allemagne;de_gtfsde;leipzigmiltitz@51.33,12.26;leipzigmiltitz;28.1;87.8;95.6;17;0;7;rotation;16;RETENUE;
Allemagne;de_gtfsde;sontheimbrenzbahnhof@48.56,10.28;sontheimbrenzbahnhof;28.1;67.5;85.7;31;0;7;rotation;16;RETENUE;
Allemagne;de_gtfsde;mnchhagen@54.14,12.23;mnchhagen;28.1;98;96.6;10;0;7;rotation;16;RETENUE;
Allemagne;de_gtfsde;finsterwaldebahnhof@51.64,13.71;finsterwaldebahnhof;28.1;86.8;94.7;25;0;7;rotation;16;RETENUE;
Allemagne;de_gtfsde;zollhauspetersthal@47.67,10.42;zollhauspetersthal;28.1;77.2;88.7;16;0;7;rotation;16;RETENUE;
Allemagne;de_gtfsde;godramsteinbahnhof@49.21,8.08;godramsteinbahnhof;28.1;95.9;94.3;10;0;7;rotation;16;RETENUE;
Allemagne;de_gtfsde;ltzelbf@50.97,8.17;ltzelbf;28.1;62.4;95.6;28;0;7;rotation;16;RETENUE;
Allemagne;de_gtfsde;illesheim@49.48,10.38;illesheim;28.1;91.4;91.6;17;0;7;rotation;16;RETENUE;
Allemagne;de_gtfsde;erkrathnordbf@51.23,6.91;erkrathnordbf;28.1;96.4;97.5;28;0;7;rotation;16;RETENUE;
Etats-Unis;us_mta_lirr;locustvalley@40.87,-73.60;locustvalley;28.1;87.8;100;132;0;7;rotation;16;RETENUE;
France;fr_sncf;UIC87613000;Cahors;28;89.3;100;12;1.71;7;rotation;15;RETENUE;
France;fr_sncf;UIC87338517;Hoenheim Tram;28;92.9;100;8;0;7;rotation;15;RETENUE;
France;fr_sncf;UIC87182089;Habsheim;28;96.4;100;7;0;7;rotation;15;RETENUE;
Pays-Bas;nl_ovapi;daarlerveen@52.44,6.58;daarlerveen;28;98;97.5;75;0;7;rotation;15;RETENUE;
Pays-Bas;nl_ovapi;essen@51.46,4.45;essen;28;93.9;100;24;0;7;rotation;15;RETENUE;
Allemagne;de_gtfsde;storkowbahnhof@52.25,13.92;storkowbahnhof;28;90.8;98;25;0;7;rotation;15;RETENUE;
Allemagne;de_gtfsde;ottendorfokrillabfnord@51.20,13.84;ottendorfokrillabfnord;28;95.4;95.1;13;0;7;rotation;15;RETENUE;
Allemagne;de_gtfsde;stmichaelisdonn@53.99,9.12;stmichaelisdonn;28;90.8;96.1;16;0;7;rotation;15;RETENUE;
Allemagne;de_gtfsde;weizernhopferau@47.61,10.62;weizernhopferau;28;62.8;88.7;29;0;7;rotation;15;RETENUE;
Allemagne;de_gtfsde;leuterschach@47.75,10.58;leuterschach;28;63.8;84.5;27;0;7;rotation;15;RETENUE;
Allemagne;de_gtfsde;baumholderbahnhof@49.61,7.33;baumholderbahnhof;28;75;100;21;0;7;rotation;15;RETENUE;
Allemagne;de_gtfsde;blumbergbarrehhahnbhf@52.60,13.59;blumbergbarrehhahnbhf;28;90.8;89.5;32;0;7;rotation;15;RETENUE;
Allemagne;de_gtfsde;forstbahnhof@51.74,14.64;forstbahnhof;28;91.3;97.5;16;0;7;rotation;15;RETENUE;
Allemagne;de_gtfsde;frstenzell@48.51,13.33;frstenzell;28;80.6;98.5;17;0;7;rotation;15;RETENUE;
Allemagne;de_gtfsde;bissendorfbahnhof@52.52,9.75;bissendorfbahnhof;28;70.4;87.5;20;0;7;rotation;15;RETENUE;
Allemagne;de_gtfsde;hohenslzenbahnhof@49.62,8.21;hohenslzenbahnhof;28;96.9;92.9;12;0;7;rotation;15;RETENUE;
Allemagne;de_gtfsde;lindengroenlindenbahnhof@50.53,8.66;lindengroenlindenbahnhof;28;67.9;93.3;38;0;7;rotation;15;RETENUE;
Allemagne;de_gtfsde;burgbernheim@49.45,10.32;burgbernheim;28;90.8;84.8;17;0;7;rotation;15;RETENUE;
Allemagne;de_gtfsde;weixdorfhaltepunktbad@51.14,13.80;weixdorfhaltepunktbad;28;97.4;97.5;8;0;7;rotation;15;RETENUE;
Allemagne;de_gtfsde;rodenkirchenoldb@53.40,8.46;rodenkirchenoldb;28;71.4;99;28;0;7;rotation;15;RETENUE;
Allemagne;de_gtfsde;meneanderthals@51.23,6.95;meneanderthals;28;97.4;100;13;0;7;rotation;15;RETENUE;
France;fr_sncf;UIC87286542;Tourcoing;27.9;91.3;98;9;0.43;7;rotation;15;RETENUE;
France;fr_sncf;UIC87142091;Langres;27.9;90.8;100;11;0.43;7;rotation;15;RETENUE;
France;fr_sncf;UIC87182816;Metzeral;27.9;97.4;100;5;0;7;rotation;15;RETENUE;
Pays-Bas;nl_ovapi;dortmundderne@51.57,7.53;dortmundderne;27.9;67.2;100;33;0;7;rotation;15;RETENUE;
Pays-Bas;nl_ovapi;maastrichtnoord@50.87,5.72;maastrichtnoord;27.9;97.4;99.5;53;0;7;rotation;15;RETENUE;
Allemagne;de_gtfsde;kierspebahnhofzob@51.13,7.62;kierspebahnhofzob;27.9;69.7;98;28;0;7;rotation;15;RETENUE;
Allemagne;de_gtfsde;miesenbachpfalzbahnhof@49.46,7.55;miesenbachpfalzbahnhof;27.9;83.1;97;19;0;7;rotation;15;RETENUE;
Allemagne;de_gtfsde;brannenburg@47.74,12.11;brannenburg;27.9;76.9;89.4;27;0;7;rotation;15;RETENUE;
Allemagne;de_gtfsde;schnaitheimbahnhof@48.71,10.16;schnaitheimbahnhof;27.9;88.2;84.4;19;0;7;rotation;15;RETENUE;
Allemagne;de_gtfsde;olsbrckenbahnhof@49.54,7.65;olsbrckenbahnhof;27.9;79.5;97.5;20;0;7;rotation;15;RETENUE;
Allemagne;de_gtfsde;stambachbahnhof@49.24,7.46;stambachbahnhof;27.9;39;94.7;27;0;7;rotation;15;RETENUE;
Allemagne;de_gtfsde;dornburgsaale@51.01,11.68;dornburgsaale;27.9;93.3;88.6;37;0;7;rotation;15;RETENUE;
Allemagne;de_gtfsde;waldenburgwrtt@49.20,9.66;waldenburgwrtt;27.9;90.8;90.7;15;0;7;rotation;15;RETENUE;
Allemagne;de_gtfsde;redwitzrodach@50.17,11.21;redwitzrodach;27.9;96.9;95.1;11;0;7;rotation;15;RETENUE;
Allemagne;de_gtfsde;geitau@47.69,11.97;geitau;27.9;93.8;87.8;13;0;7;rotation;15;RETENUE;
Allemagne;de_gtfsde;asselheimbahnhof@49.58,8.16;asselheimbahnhof;27.9;90.3;96.5;13;0;7;rotation;15;RETENUE;
Allemagne;de_gtfsde;altenstadtwaldnaab@49.72,12.16;altenstadtwaldnaab;27.9;79;92.4;30;0;7;rotation;15;RETENUE;
Allemagne;de_gtfsde;mezentrums@51.25,6.98;mezentrums;27.9;97.4;99.5;11;0;7;rotation;15;RETENUE;
France;fr_sncf;UIC87182238;Altkirch;27.7;96.4;99.5;6;0;7;rotation;15;RETENUE;
France;fr_sncf;UIC87764290;Donzère;27.7;83.5;100;13;0.29;7;rotation;15;RETENUE;
France;fr_sncf;UIC87172171;Poix-Terron;27.7;88.1;99.5;9;0;7;rotation;15;RETENUE;
France;fr_sncf;UIC87618116;Pins-Justaret;27.7;90.7;100;11;1.43;7;rotation;15;RETENUE;
Pays-Bas;nl_ovapi;preussen@51.59,7.54;preussen;27.7;69.1;99.5;30;0;7;rotation;15;RETENUE;
Allemagne;de_gtfsde;liebenthaloprbahnhof@53.15,12.39;liebenthaloprbahnhof;27.7;97.4;91.9;10;0;7;rotation;15;RETENUE;
Allemagne;de_gtfsde;oberaudorf@47.65,12.18;oberaudorf;27.7;86.1;87;19;0;7;rotation;15;RETENUE;
Allemagne;de_gtfsde;bergaelster@50.75,12.16;bergaelster;27.7;94.3;95.1;16;0;7;rotation;15;RETENUE;
Allemagne;de_gtfsde;stmang@47.71,10.33;stmang;27.7;81.4;91.1;18;0;7;rotation;15;RETENUE;
Allemagne;de_gtfsde;garsinn@48.15,12.30;garsinn;27.7;94.3;97.5;12;0;7;rotation;15;RETENUE;
Allemagne;de_gtfsde;reckenfeldbahnhof@52.13,7.56;reckenfeldbahnhof;27.7;76.8;95.6;81;0;7;rotation;15;RETENUE;
Allemagne;de_gtfsde;ilberstedt@51.81,11.65;ilberstedt;27.7;68.6;96.5;24;0;7;rotation;15;RETENUE;
Allemagne;de_gtfsde;geisingenbahnhof@47.92,8.65;geisingenbahnhof;27.7;57.7;96.5;43;0;7;rotation;15;RETENUE;
Allemagne;de_gtfsde;frtschendorf@50.39,11.35;frtschendorf;27.7;92.8;92.8;17;0;7;rotation;15;RETENUE;
Allemagne;de_gtfsde;fuldatalihringshausen@51.35,9.53;fuldatalihringshausen;27.7;88.7;83.6;18;0;7;rotation;15;RETENUE;
Allemagne;de_gtfsde;wellenbahnhof@49.67,6.44;wellenbahnhof;27.7;97.4;95.1;12;0;7;rotation;15;RETENUE;
Allemagne;de_gtfsde;ferdinandshofferdinandshof@53.66,13.88;ferdinandshofferdinandshof;27.7;78.9;95.6;29;0;7;rotation;15;RETENUE;
Allemagne;de_gtfsde;dberitzbeipremnitzbahnhof@52.52,12.37;dberitzbeipremnitzbahnhof;27.7;95.9;95.6;13;0;7;rotation;15;RETENUE;
Allemagne;de_gtfsde;birkenbringhausen@51.02,8.74;birkenbringhausen;27.7;80.4;89.4;17;0;7;rotation;15;RETENUE;
Allemagne;de_gtfsde;mnchengladbachwickrathbf@51.13,6.41;mnchengladbachwickrathbf;27.7;68;89.8;38;0;7;rotation;15;RETENUE;
Allemagne;de_gtfsde;plaaz@53.84,12.34;plaaz;27.7;90.2;96.5;16;0;7;rotation;15;RETENUE;
Allemagne;de_gtfsde;gelsenkirchenbuersdbf@51.55,7.04;gelsenkirchenbuersdbf;27.7;94.8;95.1;13;0;7;rotation;15;RETENUE;
Allemagne;de_gtfsde;hopfgartensachs@51.11,12.66;hopfgartensachs;27.7;96.4;96.5;11;0;7;rotation;15;RETENUE;
Allemagne;de_gtfsde;westheimbahnhof@51.49,8.91;westheimbahnhof;27.7;96.4;93.3;10;0;7;rotation;15;RETENUE;
Allemagne;de_gtfsde;launitzbahnhof@51.25,13.88;launitzbahnhof;27.7;94.8;92.8;11;0;7;rotation;15;RETENUE;
Allemagne;de_gtfsde;steinfeldoldb@52.59,8.20;steinfeldoldb;27.7;43.3;98;24;0;7;rotation;15;RETENUE;
Allemagne;de_gtfsde;goldenstedtoldb@52.80,8.39;goldenstedtoldb;27.7;58.8;96.5;28;0;7;rotation;15;RETENUE;
Pays-Bas;nl_ovapi;oberhausenhbf@51.48,6.85;oberhausenhbf;27.6;86.5;100;39;0;7;rotation;15;RETENUE;
Allemagne;de_gtfsde;apensen@53.44,9.61;apensen;27.6;97.4;85.8;11;0;7;rotation;15;RETENUE;
Allemagne;de_gtfsde;schwanheidebahnhof@53.43,10.69;schwanheidebahnhof;27.6;79.3;95.5;27;0;7;rotation;15;RETENUE;
Allemagne;de_gtfsde;krumbachschwab@48.25,10.36;krumbachschwab;27.6;96.4;96;14;0;7;rotation;15;RETENUE;
Allemagne;de_gtfsde;engertsham@48.47,13.36;engertsham;27.6;76.2;97.5;18;0;7;rotation;15;RETENUE;
Allemagne;de_gtfsde;badwildungen@51.12,9.14;badwildungen;27.6;92.7;100;18;0;7;rotation;15;RETENUE;
Allemagne;de_gtfsde;freimersheimazbahnhof@49.71,8.09;freimersheimazbahnhof;27.6;50.3;100;28;0;7;rotation;15;RETENUE;
Allemagne;de_gtfsde;sigmaringendorfbahnhof@48.07,9.26;sigmaringendorfbahnhof;27.6;60.6;92.3;36;0;7;rotation;15;RETENUE;
Allemagne;de_gtfsde;alveslohe@53.79,9.92;alveslohe;27.6;93.8;93.2;12;0;7;rotation;15;RETENUE;
Allemagne;de_gtfsde;ktzschau@51.30,12.12;ktzschau;27.6;88.1;91.9;20;0;7;rotation;15;RETENUE;
Allemagne;de_gtfsde;obermohrbahnhof@49.46,7.50;obermohrbahnhof;27.6;85.5;95.5;16;0;7;rotation;15;RETENUE;
Allemagne;de_gtfsde;neukircheninn@48.52,13.37;neukircheninn;27.6;81.9;97.5;18;0;7;rotation;15;RETENUE;
Allemagne;de_gtfsde;mhlheimdonaubahnhof@48.03,8.89;mhlheimdonaubahnhof;27.6;43.5;94.1;48;0;7;rotation;15;RETENUE;
Allemagne;de_gtfsde;trierwestwestbahnhof@49.75,6.62;trierwestwestbahnhof;27.6;90.2;91.5;18;0;7;rotation;15;RETENUE;
Allemagne;de_gtfsde;solnhofen@48.89,10.99;solnhofen;27.6;76.2;92.3;30;0;7;rotation;15;RETENUE;
Allemagne;de_gtfsde;limbachbahnhof@50.59,12.25;limbachbahnhof;27.6;65.3;93.7;28;0;7;rotation;15;RETENUE;
Allemagne;de_gtfsde;hofgeismar@51.50,9.40;hofgeismar;27.6;45.6;95.1;71;0;7;rotation;15;RETENUE;
France;fr_sncf;UIC87592378;La Souterraine;27.4;91.1;100;8;2.57;7;rotation;15;RETENUE;
France;fr_sncf;UIC87672279;Puyoô;27.4;89.1;100;11;0.29;7;rotation;15;RETENUE;
France;fr_sncf;UIC87584268;Bergerac;27.4;88.5;98.5;15;0.29;7;rotation;15;RETENUE;
France;fr_sncf;UIC87613091;Figeac;27.4;74;99;17;2;7;rotation;15;RETENUE;
France;fr_sncf;UIC87595512;Niversac;27.4;91.1;100;12;0.29;7;rotation;15;RETENUE;
Allemagne;de_gtfsde;schwedtbahnhof@53.06,14.29;schwedtbahnhof;27.4;92.7;98;23;0;7;rotation;15;RETENUE;
Allemagne;de_gtfsde;knigshofenkahl@50.06,9.21;knigshofenkahl;27.4;95.8;93.2;11;0;7;rotation;15;RETENUE;
Allemagne;de_gtfsde;perlebergbahnhof@53.07,11.85;perlebergbahnhof;27.4;97.9;96.5;12;0;7;rotation;15;RETENUE;
Allemagne;de_gtfsde;balvesanssouci@51.35,7.88;balvesanssouci;27.4;97.4;99;11;0;7;rotation;15;RETENUE;
Allemagne;de_gtfsde;marlmitte@51.65,7.10;marlmitte;27.4;70.8;88.9;26;0;7;rotation;15;RETENUE;
Allemagne;de_gtfsde;dellfeldort@49.24,7.48;dellfeldort;27.4;52.1;92.8;26;0;7;rotation;15;RETENUE;
Allemagne;de_gtfsde;albsheimbahnhof@49.58,8.18;albsheimbahnhof;27.4;96.9;94.1;11;0;7;rotation;15;RETENUE;
Allemagne;de_gtfsde;muhramsee@49.15,10.72;muhramsee;27.4;90.1;93.7;18;0;7;rotation;15;RETENUE;
Allemagne;de_gtfsde;wiesenburgbahnhof@52.10,12.43;wiesenburgbahnhof;27.4;96.4;91;14;0;7;rotation;15;RETENUE;
Allemagne;de_gtfsde;hardhof@49.50,10.78;hardhof;27.4;92.2;89.3;17;0;7;rotation;15;RETENUE;
Allemagne;de_gtfsde;grevenbroichfrimmersdorfbf@51.05,6.57;grevenbroichfrimmersdorfbf;27.4;88;97.5;20;0;7;rotation;15;RETENUE;
Allemagne;de_gtfsde;schwenningenhammerstatt@48.06,8.55;schwenningenhammerstatt;27.4;82.8;82.1;40;0;7;rotation;15;RETENUE;
Allemagne;de_gtfsde;mertesheimbahnhof@49.57,8.13;mertesheimbahnhof;27.4;87.5;96;14;0;7;rotation;15;RETENUE;
Allemagne;de_gtfsde;grnstadtbahnhofnord@49.57,8.17;grnstadtbahnhofnord;27.4;90.1;91.4;15;0;7;rotation;15;RETENUE;
Allemagne;de_gtfsde;woffleben@51.56,10.72;woffleben;27.4;93.8;99;14;0;7;rotation;15;RETENUE;
Allemagne;de_gtfsde;wrthmain@49.79,9.16;wrthmain;27.4;92.2;83.8;15;0;7;rotation;15;RETENUE;
Allemagne;de_gtfsde;osterhofenoberbay@47.69,11.99;osterhofenoberbay;27.4;95.3;87.3;13;0;7;rotation;15;RETENUE;
Allemagne;de_gtfsde;windeckgeilhausenbf@50.77,7.64;windeckgeilhausenbf;27.4;74.5;88.1;25;0;7;rotation;15;RETENUE;
Etats-Unis;us_mta_lirr;albertson@40.77,-73.64;albertson;27.4;84.4;98.5;147;0;7;rotation;15;RETENUE;
Pays-Bas;nl_ovapi;duisburghbf@51.43,6.77;duisburghbf;27.3;86.4;100;35;0;7;rotation;15;RETENUE;
Allemagne;de_gtfsde;marktoberdorfschule@47.77,10.61;marktoberdorfschule;27.3;69.6;82.3;28;0;7;rotation;15;RETENUE;
Allemagne;de_gtfsde;teschowbneubukow@53.99,11.64;teschowbneubukow;27.3;79.1;92.3;17;0;7;rotation;15;RETENUE;
Allemagne;de_gtfsde;riederau@47.98,11.10;riederau;27.3;89;87.6;15;0;7;rotation;15;RETENUE;
Allemagne;de_gtfsde;ruschberg@49.62,7.29;ruschberg;27.3;79.1;99.5;21;0;7;rotation;15;RETENUE;
Allemagne;de_gtfsde;mlschowbannemin@54.07,13.84;mlschowbannemin;27.3;91.1;94.6;15;0;7;rotation;15;RETENUE;
Allemagne;de_gtfsde;mariaveenbahnhof@51.84,7.10;mariaveenbahnhof;27.3;87.4;99;19;0;7;rotation;15;RETENUE;
Allemagne;de_gtfsde;grabenlechfeldgewerbepark@48.20,10.85;grabenlechfeldgewerbepark;27.3;96.3;82;12;0;7;rotation;15;RETENUE;
Allemagne;de_gtfsde;tulling@48.08,12.06;tulling;27.3;88.5;89.3;16;0;7;rotation;15;RETENUE;
Allemagne;de_gtfsde;huckstorf@53.98,12.12;huckstorf;27.3;94.2;97;13;0;7;rotation;15;RETENUE;
Allemagne;de_gtfsde;dllstdt@51.08,10.81;dllstdt;27.3;88.5;94.1;19;0;7;rotation;15;RETENUE;
Allemagne;de_gtfsde;bittelbronnbahnhof@48.44,8.59;bittelbronnbahnhof;27.3;84.3;91.8;74;0;7;rotation;15;RETENUE;
Allemagne;de_gtfsde;graalmritz@54.25,12.25;graalmritz;27.3;97.4;99.5;9;0;7;rotation;15;RETENUE;
Allemagne;de_gtfsde;balvevolkringhausen@51.36,7.87;balvevolkringhausen;27.3;97.4;99.5;11;0;7;rotation;15;RETENUE;
France;fr_sncf;UIC87584102;Saint-Émilion;27.1;86.3;100;15;0.14;7;rotation;15;RETENUE;
France;fr_sncf;UIC87753574;La Redonne Ensuès;27.1;89.5;99.5;8;0.57;7;rotation;15;RETENUE;
Irlande;ie_nta;limerickjunction@52.50,-8.20;limerickjunction;27.1;51.6;86.8;29;0;7;rotation;15;RETENUE;
Pays-Bas;nl_ovapi;dortmundkirchderne@51.55,7.51;dortmundkirchderne;27.1;66.8;97.9;34;0;7;rotation;15;RETENUE;
Allemagne;de_gtfsde;klosterlechfeld@48.16,10.83;klosterlechfeld;27.1;96.3;82.3;12;0;7;rotation;15;RETENUE;
Allemagne;de_gtfsde;haigerdillbrechtbahnhof@50.80,8.20;haigerdillbrechtbahnhof;27.1;90.5;97.4;19;0;7;rotation;15;RETENUE;
Allemagne;de_gtfsde;bsum@54.13,8.87;bsum;27.1;96.3;91.3;10;0;7;rotation;15;RETENUE;
Allemagne;de_gtfsde;klingebahnhof@51.74,14.52;klingebahnhof;27.1;89.5;95;15;0;7;rotation;15;RETENUE;
Allemagne;de_gtfsde;bansinseebad@53.96,14.13;bansinseebad;27.1;92.1;85.6;18;0;7;rotation;15;RETENUE;
Allemagne;de_gtfsde;nehrenbahnhof@48.42,9.07;nehrenbahnhof;27.1;59.5;89.6;42;0;7;rotation;15;RETENUE;
Allemagne;de_gtfsde;echzellgettenaubingenheimbahnhof@50.38,8.89;echzellgettenaubingenheimbahnhof;27.1;80.5;90.9;20;0;7;rotation;15;RETENUE;
Allemagne;de_gtfsde;theisbergstegenbahnhof@49.52,7.45;theisbergstegenbahnhof;27.1;84.2;96;19;0;7;rotation;15;RETENUE;
Allemagne;de_gtfsde;rieschweilerbahnhof@49.24,7.51;rieschweilerbahnhof;27.1;55.3;95;26;0;7;rotation;15;RETENUE;
Allemagne;de_gtfsde;badsalzungen@50.82,10.23;badsalzungen;27.1;93.2;90.9;11;0;7;rotation;15;RETENUE;
Allemagne;de_gtfsde;schalksmdahlerbrck@51.25,7.52;schalksmdahlerbrck;27.1;60;83;20;0;7;rotation;15;RETENUE;
Allemagne;de_gtfsde;hernebrnigbf@51.55,7.27;hernebrnigbf;27.1;93.2;93.6;13;0;7;rotation;15;RETENUE;
Allemagne;de_gtfsde;reutteintirol@47.49,10.72;reutteintirol;27.1;71.6;99;19;0;7;rotation;15;RETENUE;
France;fr_sncf;UIC87286641;Fretin;27;92.6;100;7;0.43;7;rotation;15;RETENUE;
France;fr_sncf;UIC87345314;Somain;27;94.2;100;9;0;7;rotation;15;RETENUE;
France;fr_sncf;UIC87725473;Boulazac Isle Manoire;27;92.6;100;11;0.29;7;rotation;15;RETENUE;
Allemagne;de_gtfsde;hornstorfbahnhof@53.91,11.54;hornstorfbahnhof;27;89.9;86.3;13;0;7;rotation;15;RETENUE;
Allemagne;de_gtfsde;ottendorfokrillabfsd@51.18,13.82;ottendorfokrillabfsd;27;97.4;94.5;9;0;7;rotation;15;RETENUE;
Allemagne;de_gtfsde;nordholzbbremerhaven@53.78,8.62;nordholzbbremerhaven;27;94.2;93.6;15;0;7;rotation;15;RETENUE;
Allemagne;de_gtfsde;igensdorf@49.62,11.23;igensdorf;27;70.4;91.7;28;0;7;rotation;15;RETENUE;
Allemagne;de_gtfsde;radduschbahnhof@51.82,14.03;radduschbahnhof;27;71.4;90.9;30;0;7;rotation;15;RETENUE;
Allemagne;de_gtfsde;kirchheimbolschlossgbf@49.67,8.02;kirchheimbolschlossgbf;27;52.4;100;26;0;7;rotation;15;RETENUE;
Allemagne;de_gtfsde;zweibrckenrosengarten@49.25,7.38;zweibrckenrosengarten;27;40.7;97.9;28;0;7;rotation;15;RETENUE;
Allemagne;de_gtfsde;mnchhausensimtshausenbahnhof@50.94,8.70;mnchhausensimtshausenbahnhof;27;80.4;91.7;16;0;7;rotation;15;RETENUE;
Allemagne;de_gtfsde;grnberglehnheimbahnhof@50.61,8.99;grnberglehnheimbahnhof;27;94.7;97.4;13;0;7;rotation;15;RETENUE;
Allemagne;de_gtfsde;oberlenningen@48.55,9.47;oberlenningen;27;94.2;96.4;31;0;7;rotation;15;RETENUE;
Allemagne;de_gtfsde;marsbergbahnhof@51.46,8.85;marsbergbahnhof;27;93.7;95;13;0;7;rotation;15;RETENUE;
Allemagne;de_gtfsde;schmllnthr@50.90,12.35;schmllnthr;27;82.5;96.9;29;0;7;rotation;15;RETENUE;
Allemagne;de_gtfsde;hebertsfelden@48.42,12.82;hebertsfelden;27;70.9;96.4;19;0;7;rotation;15;RETENUE;
Allemagne;de_gtfsde;stottilien@48.09,11.05;stottilien;27;87.3;87.5;15;0;7;rotation;15;RETENUE;
France;fr_sncf;UIC87212332;Gambsheim;26.9;91;100;6;0;7;rotation;15;RETENUE;
France;fr_sncf;UIC87751206;Sisteron;26.9;86.2;98.9;11;0;7;rotation;15;RETENUE;
France;fr_sncf;UIC87286575;Landas;26.9;93.1;100;7;0.43;7;rotation;15;RETENUE;
France;fr_sncf;UIC87725705;Mâcon - Loché TGV;26.9;82.4;100;13;0;7;rotation;15;RETENUE;
France;fr_sncf;UIC87753566;Carry-le-Rouet;26.9;89.4;100;7;0.57;7;rotation;15;RETENUE;
Norvege;no_entur;steinbergstasjon@59.76,9.96;steinbergstasjon;26.9;78.7;100;127;0;7;rotation;15;RETENUE;
Allemagne;de_gtfsde;subzinliessow@53.89,12.35;subzinliessow;26.9;91;97.9;13;0;7;rotation;15;RETENUE;
Allemagne;de_gtfsde;bohmte@52.36,8.31;bohmte;26.9;78.7;98.9;24;0;7;rotation;15;RETENUE;
Allemagne;de_gtfsde;premnitznordbhf@52.54,12.33;premnitznordbhf;26.9;95.2;94.9;15;0;7;rotation;15;RETENUE;
Allemagne;de_gtfsde;ortenbergeffolderbachbahnhof@50.34,9.01;ortenbergeffolderbachbahnhof;26.9;96.8;88.7;10;0;7;rotation;15;RETENUE;
Allemagne;de_gtfsde;biedenkopfwissenscampus@50.91,8.52;biedenkopfwissenscampus;26.9;80.3;96.4;18;0;7;rotation;15;RETENUE;
Allemagne;de_gtfsde;schwantebahnhof@52.73,13.09;schwantebahnhof;26.9;96.3;91.3;9;0;7;rotation;15;RETENUE;
Allemagne;de_gtfsde;wolfachbahnhof@48.29,8.22;wolfachbahnhof;26.9;97.3;96.4;25;0;7;rotation;15;RETENUE;
Allemagne;de_gtfsde;dachwig@51.07,10.85;dachwig;26.9;91.5;95.9;19;0;7;rotation;15;RETENUE;
Allemagne;de_gtfsde;mesumbahnhof@52.22,7.48;mesumbahnhof;26.9;78.2;90.4;60;0;7;rotation;15;RETENUE;
Allemagne;de_gtfsde;heinsbergrheinl@51.07,6.10;heinsbergrheinl;26.9;87.2;95.4;16;0;7;rotation;15;RETENUE;
Allemagne;de_gtfsde;neuenradebahnhof@51.28,7.79;neuenradebahnhof;26.9;97.9;95.4;9;0;7;rotation;15;RETENUE;
Allemagne;de_gtfsde;beringhausenbahnhof@51.41,8.75;beringhausenbahnhof;26.9;95.7;94.9;13;0;7;rotation;15;RETENUE;
Allemagne;de_gtfsde;freihalden@48.38,10.50;freihalden;26.9;81.4;92.2;24;0;7;rotation;15;RETENUE;
Allemagne;de_gtfsde;dorstendeutenbf@51.71,6.97;dorstendeutenbf;26.9;83;98.9;21;0;7;rotation;15;RETENUE;
Allemagne;de_gtfsde;runkelkerkerbachbahnhof@50.40,8.14;runkelkerkerbachbahnhof;26.9;91.5;90.8;16;0;7;rotation;15;RETENUE;
Allemagne;de_gtfsde;cloppenburg@52.84,8.06;cloppenburg;26.9;86.7;98.9;16;0;7;rotation;15;RETENUE;
Allemagne;de_gtfsde;pfrontenweibach@47.60,10.56;pfrontenweibach;26.9;92.6;91.7;14;0;7;rotation;15;RETENUE;
Allemagne;de_gtfsde;kirchheimtsd@48.64,9.45;kirchheimtsd;26.9;92;98.9;27;0;7;rotation;15;RETENUE;
Allemagne;de_gtfsde;coppenbrggebahnhof@52.12,9.54;coppenbrggebahnhof;26.9;47.3;98.4;42;0;7;rotation;15;RETENUE;
France;fr_sncf;UIC87286567;Rosult;26.7;93;100;7;0.43;7;rotation;15;RETENUE;
France;fr_sncf;UIC87753582;Niolon;26.7;90.9;100;7;0.57;7;rotation;15;RETENUE;
France;fr_sncf;UIC87713503;Gevrey-Chambertin;26.7;89.8;100;13;0.29;7;rotation;15;RETENUE;
Norvege;no_entur;NSR:Quay:109342;;26.7;94.1;92.6;77;0;7;rotation;15;RETENUE;
Irlande;ie_nta;dundalkclarke@54.00,-6.41;dundalkclarke;26.7;82.9;87.4;24;0;7;rotation;15;RETENUE;
Allemagne;de_gtfsde;silberhausen@51.32,10.34;silberhausen;26.7;80.2;94.4;21;0;7;rotation;15;RETENUE;
Allemagne;de_gtfsde;blankenbergmeckl@53.77,11.72;blankenbergmeckl;26.7;82.4;96.9;25;0;7;rotation;15;RETENUE;
Allemagne;de_gtfsde;hagenoberhagen@51.35,7.48;hagenoberhagen;26.7;42.2;91.2;20;0;7;rotation;15;RETENUE;
Allemagne;de_gtfsde;klieken@51.89,12.37;klieken;26.7;96.3;93;11;0;7;rotation;15;RETENUE;
Allemagne;de_gtfsde;reichelsheimwetterauweckesheimbahnhof@50.36,8.84;reichelsheimwetterauweckesheimbahnhof;26.7;74.3;84.2;25;0;7;rotation;15;RETENUE;
Allemagne;de_gtfsde;kreuztaleichenbf@50.97,7.98;kreuztaleichenbf;26.7;94.7;91.7;13;0;7;rotation;15;RETENUE;
Allemagne;de_gtfsde;vehlefanzbahnhof@52.72,13.11;vehlefanzbahnhof;26.7;97.3;92.1;11;0;7;rotation;15;RETENUE;
Allemagne;de_gtfsde;wahlheimbahnhof@49.72,8.10;wahlheimbahnhof;26.7;48.1;97.4;29;0;7;rotation;15;RETENUE;
Allemagne;de_gtfsde;kersbach@49.69,11.06;kersbach;26.7;93.6;95.4;15;0;7;rotation;15;RETENUE;
Allemagne;de_gtfsde;beuronbahnhof@48.05,8.97;beuronbahnhof;26.7;52.4;95.9;46;0;7;rotation;15;RETENUE;
Allemagne;de_gtfsde;kirchhammelwarden@53.31,8.48;kirchhammelwarden;26.7;30.5;96.9;41;0;7;rotation;15;RETENUE;
France;fr_sncf;UIC87584136;Castillon;26.6;88.2;100;14;0.14;7;rotation;15;RETENUE;
France;fr_sncf;UIC87713511;Vougeot - Gilly-lès-Cîteaux;26.6;90.3;100;12;0.29;7;rotation;15;RETENUE;
Norvege;no_entur;rnsfossstasjon@60.03,11.33;rnsfossstasjon;26.6;73.1;92.5;113;0;7;rotation;15;RETENUE;
Irlande;ie_nta;belfast@54.59,-5.94;belfast;26.6;84.4;93.9;17;0;7;rotation;15;RETENUE;
Allemagne;de_gtfsde;neuburgsteinhausenneuburg@53.94,11.60;neuburgsteinhausenneuburg;26.6;87.6;89;14;0;7;rotation;15;RETENUE;
Allemagne;de_gtfsde;wilster@53.93,9.38;wilster;26.6;94.1;97.4;12;0;7;rotation;15;RETENUE;
Allemagne;de_gtfsde;weixdorfbahnhof@51.15,13.81;weixdorfbahnhof;26.6;97.3;93;10;0;7;rotation;15;RETENUE;
Allemagne;de_gtfsde;heimbachortbahnhof@49.61,7.25;heimbachortbahnhof;26.6;85.5;98.9;21;0;7;rotation;15;RETENUE;
Allemagne;de_gtfsde;hermaringenbahnhof@48.59,10.26;hermaringenbahnhof;26.6;69.4;89.9;36;0;7;rotation;15;RETENUE;
Allemagne;de_gtfsde;thaleischweilerfrschenbf@49.26,7.58;thaleischweilerfrschenbf;26.6;57.5;94.9;28;0;7;rotation;15;RETENUE;
Allemagne;de_gtfsde;hhmhlbachbahnhof@49.24,7.53;hhmhlbachbahnhof;26.6;59.1;94.9;27;0;7;rotation;15;RETENUE;
Allemagne;de_gtfsde;merklingenschwbischealb@48.52,9.74;merklingenschwbischealb;26.6;90.9;90.7;17;0;7;rotation;15;RETENUE;
Allemagne;de_gtfsde;michelbachufr@50.10,9.10;michelbachufr;26.6;95.7;93.5;15;0;7;rotation;15;RETENUE;
Allemagne;de_gtfsde;zeesenbahnhof@52.26,13.63;zeesenbahnhof;26.6;81.7;93;23;0;7;rotation;15;RETENUE;
Allemagne;de_gtfsde;tiebensee@54.22,9.02;tiebensee;26.6;96.8;91.6;11;0;7;rotation;15;RETENUE;
Allemagne;de_gtfsde;breternitz@50.62,11.41;breternitz;26.6;95.7;94.4;13;0;7;rotation;15;RETENUE;
Allemagne;de_gtfsde;niederstettenbahnhof@49.40,9.92;niederstettenbahnhof;26.6;76.9;95.9;22;0;7;rotation;15;RETENUE;
Allemagne;de_gtfsde;breitungenwerra@50.75,10.32;breitungenwerra;26.6;94.1;89.9;14;0;7;rotation;15;RETENUE;
Allemagne;de_gtfsde;vormwaldbf@50.98,8.14;vormwaldbf;26.6;62.4;94.9;28;0;7;rotation;15;RETENUE;
Allemagne;de_gtfsde;gothaost@50.96,10.72;gothaost;26.6;88.7;97.4;18;0;7;rotation;15;RETENUE;
Etats-Unis;us_mta_lirr;masticshirley@40.80,-72.86;masticshirley;26.6;83.3;100;122;0;7;rotation;15;RETENUE;
France;fr_sncf;UIC87584177;Vélines;26.4;89.2;100;15;0.14;7;rotation;15;RETENUE;
France;fr_sncf;UIC87611657;Saint-Jory;26.4;89.7;100;11;0.29;7;rotation;15;RETENUE;
France;fr_sncf;UIC87753491;Croix Sainte;26.4;87.6;100;9;0.57;7;rotation;15;RETENUE;
France;fr_sncf;UIC87753509;Martigues;26.4;88.1;99.5;9;0.57;7;rotation;15;RETENUE;
France;fr_sncf;UIC87753541;La Couronne Carro;26.4;88.1;100;10;0.57;7;rotation;15;RETENUE;
France;fr_sncf;UIC87753558;Sausset-les-Pins;26.4;89.7;100;8;0.57;7;rotation;15;RETENUE;
France;fr_sncf;UIC87713529;Nuits-Saint-Georges;26.4;91.4;98.9;11;0.29;7;rotation;15;RETENUE;
Pays-Bas;nl_ovapi;voorstempe@52.16,6.14;voorstempe;26.4;96.8;98.9;73;0;7;rotation;15;RETENUE;
Pays-Bas;nl_ovapi;herzogenrath@50.87,6.09;herzogenrath;26.4;95.1;100;94;0;7;rotation;15;RETENUE;
Allemagne;de_gtfsde;herdorfbf@50.78,7.95;herdorfbf;26.4;97.3;97.9;11;0;7;rotation;15;RETENUE;
Allemagne;de_gtfsde;fischbachau@47.71,11.93;fischbachau;26.4;93;86.9;12;0;7;rotation;15;RETENUE;
Allemagne;de_gtfsde;teicha@51.56,11.96;teicha;26.4;69.2;94.4;25;0;7;rotation;15;RETENUE;
Allemagne;de_gtfsde;hertenwestf@51.60,7.14;hertenwestf;26.4;65.9;94.4;23;0;7;rotation;15;RETENUE;
Allemagne;de_gtfsde;blankenbach@50.07,9.23;blankenbach;26.4;96.2;91.6;10;0;7;rotation;15;RETENUE;
Allemagne;de_gtfsde;utzedel@53.86,13.12;utzedel;26.4;70.3;91.1;33;0;7;rotation;15;RETENUE;
Allemagne;de_gtfsde;viersenboisheimbf@51.28,6.27;viersenboisheimbf;26.4;78.9;93.4;44;0;7;rotation;15;RETENUE;
Allemagne;de_gtfsde;sulzberg@47.68,10.36;sulzberg;26.4;80;89.4;17;0;7;rotation;15;RETENUE;
Allemagne;de_gtfsde;alzenaunord@50.09,9.05;alzenaunord;26.4;95.7;93.9;13;0;7;rotation;15;RETENUE;
Allemagne;de_gtfsde;bantelnbahnhof@52.07,9.75;bantelnbahnhof;26.4;69.7;96.9;28;0;7;rotation;15;RETENUE;
Allemagne;de_gtfsde;bodenburgbahnhof@52.03,10.00;bodenburgbahnhof;26.4;94.1;98.4;12;0;7;rotation;15;RETENUE;
Allemagne;de_gtfsde;pflach@47.51,10.72;pflach;26.4;83.8;99.5;18;0;7;rotation;15;RETENUE;
Allemagne;de_gtfsde;belleben@51.67,11.63;belleben;26.4;50.3;97.9;38;0;7;rotation;15;RETENUE;
Allemagne;de_gtfsde;schnega@52.87,10.89;schnega;26.4;78.9;93.9;16;0;7;rotation;15;RETENUE;
Allemagne;de_gtfsde;rsrathstmpenbf@50.90,7.16;rsrathstmpenbf;26.4;75.1;96.9;24;0;7;rotation;15;RETENUE;
France;fr_sncf;UIC87672212;Artix;26.3;89.7;100;9;0.29;7;rotation;15;RETENUE;
France;fr_sncf;UIC87580340;Marseille Arenc Euroméditerranée;26.3;94;100;7;0.57;7;rotation;15;RETENUE;
France;fr_sncf;UIC87753442;Fos-sur-Mer;26.3;88.6;99.5;8;0.57;7;rotation;15;RETENUE;
France;fr_sncf;UIC87753459;Port-de-Bouc;26.3;88.6;100;8;0.57;7;rotation;15;RETENUE;
France;fr_sncf;UIC87281105;Bergues;26.3;81;100;12;0;7;rotation;15;RETENUE;
France;fr_sncf;UIC87281139;Cassel;26.3;82.1;100;11;0;7;rotation;15;RETENUE;
Irlande;ie_nta;mallow@52.14,-8.65;mallow;26.3;58.2;89.8;28;0;7;rotation;15;RETENUE;
Allemagne;de_gtfsde;dissenbadrothenfelde@52.11,8.18;dissenbadrothenfelde;26.3;52.7;98.4;26;0;7;rotation;15;RETENUE;
Allemagne;de_gtfsde;belsenbahnhof@48.40,9.03;belsenbahnhof;26.3;62.5;82.5;30;0;7;rotation;15;RETENUE;
Allemagne;de_gtfsde;elsholzbahnhof@52.20,12.96;elsholzbahnhof;26.3;97.8;97.9;8;0;7;rotation;15;RETENUE;
Allemagne;de_gtfsde;blumbergbarbahnhof@52.60,13.61;blumbergbarbahnhof;26.3;85.9;85.2;35;0;7;rotation;15;RETENUE;
Allemagne;de_gtfsde;rieneck@50.09,9.66;rieneck;26.3;91.8;98.4;18;0;7;rotation;15;RETENUE;
Allemagne;de_gtfsde;glanmnchweilerbahnhof@49.47,7.44;glanmnchweilerbahnhof;26.3;82.1;91.5;18;0;7;rotation;15;RETENUE;
Allemagne;de_gtfsde;elsnigkanh@51.79,12.06;elsnigkanh;26.3;69;92.5;26;0;7;rotation;15;RETENUE;
Allemagne;de_gtfsde;dautphetalfriedensdorfbahnhof@50.86,8.56;dautphetalfriedensdorfbahnhof;26.3;85.9;95.3;19;0;7;rotation;15;RETENUE;
Allemagne;de_gtfsde;burgauschwab@48.42,10.43;burgauschwab;26.3;77.2;88;25;0;7;rotation;15;RETENUE;
Allemagne;de_gtfsde;eschedeeschedebahnhofeschede@52.74,10.23;eschedeeschedebahnhofeschede;26.3;75.5;94.8;29;0;7;rotation;15;RETENUE;
Allemagne;de_gtfsde;huntlosen@52.99,8.27;huntlosen;26.3;86.4;95.8;19;0;7;rotation;15;RETENUE;
Allemagne;de_gtfsde;wackershofenbahnhoffreilandmuseum@49.14,9.70;wackershofenbahnhoffreilandmuseum;26.3;90.8;89.3;14;0;7;rotation;15;RETENUE;
Allemagne;de_gtfsde;lauterbachsteinbach@51.18,12.62;lauterbachsteinbach;26.3;96.7;90.2;9;0;7;rotation;15;RETENUE;
Allemagne;de_gtfsde;badoeynhausensdbahnhof@52.20,8.80;badoeynhausensdbahnhof;26.3;64.1;95.3;35;0;7;rotation;15;RETENUE;
Allemagne;de_gtfsde;bergakelbra@51.45,11.01;bergakelbra;26.3;94;86.4;18;0;7;rotation;15;RETENUE;
Allemagne;de_gtfsde;suerhop@53.32,9.86;suerhop;26.3;67.4;96.3;34;0;7;rotation;15;RETENUE;
Allemagne;de_gtfsde;soltendieck@52.87,10.76;soltendieck;26.3;79.9;94.8;17;0;7;rotation;15;RETENUE;
Etats-Unis;us_mta_mnr;harlemvalleywingdale@41.64,-73.57;harlemvalleywingdale;26.3;92.4;100;15;0;7;rotation;15;RETENUE;
France;fr_sncf;UIC87571273;Montlouis;26.1;90.2;100;11;1.71;7;rotation;14;RETENUE;
France;fr_sncf;UIC87584193;Sainte-Foy-la-Grande;26.1;90.2;100;15;0.14;7;rotation;14;RETENUE;
France;fr_sncf;UIC87753418;Istres;26.1;88;100;9;0.57;7;rotation;14;RETENUE;
France;fr_sncf;UIC87753426;Rassuen;26.1;88;100;9;0.57;7;rotation;14;RETENUE;
France;fr_sncf;UIC87447680;Granville;26.1;94.5;99.5;5;0;7;rotation;14;RETENUE;
France;fr_sncf;UIC87611434;Lacourtensourt;26.1;90.2;100;13;0.29;7;rotation;14;RETENUE;
Allemagne;de_gtfsde;gundelshausen@48.94,12.00;gundelshausen;26.1;86.3;100;21;0;7;rotation;14;RETENUE;
Allemagne;de_gtfsde;schwarmstedt@52.68,9.62;schwarmstedt;26.1;57.4;95.8;24;0;7;rotation;14;RETENUE;
Allemagne;de_gtfsde;walsrode@52.87,9.60;walsrode;26.1;55.2;92.4;30;0;7;rotation;14;RETENUE;
Allemagne;de_gtfsde;hallehesselnbahnhof@52.07,8.31;hallehesselnbahnhof;26.1;48.6;95.8;25;0;7;rotation;14;RETENUE;
Allemagne;de_gtfsde;gndlkofen@48.53,12.03;gndlkofen;26.1;94.5;96.8;14;0;7;rotation;14;RETENUE;
Allemagne;de_gtfsde;holmseppensen@53.28,9.87;holmseppensen;26.1;68.3;97.9;35;0;7;rotation;14;RETENUE;
Allemagne;de_gtfsde;albersweilerbahnhof@49.22,8.02;albersweilerbahnhof;26.1;95.6;94.3;12;0;7;rotation;14;RETENUE;
Allemagne;de_gtfsde;zweibrckenhbf@49.25,7.36;zweibrckenhbf;26.1;42.6;93.4;27;0;7;rotation;14;RETENUE;
Allemagne;de_gtfsde;badgrnenbach@47.88,10.25;badgrnenbach;26.1;56.8;98.4;19;0;7;rotation;14;RETENUE;
Allemagne;de_gtfsde;ulmostbahnhof@48.41,9.99;ulmostbahnhof;26.1;55.7;85.9;30;0;7;rotation;14;RETENUE;
Allemagne;de_gtfsde;neuenradekntropbf@51.29,7.81;neuenradekntropbf;26.1;96.7;100;10;0;7;rotation;14;RETENUE;
Allemagne;de_gtfsde;jever@53.57,7.89;jever;26.1;97.3;97.3;7;0;7;rotation;14;RETENUE;
France;fr_sncf;UIC87611699;Montbartier;26;91.8;100;9;0.29;7;rotation;14;RETENUE;
France;fr_sncf;UIC87611681;Dieupentale;26;91.8;100;7;0.29;7;rotation;14;RETENUE;
France;fr_sncf;UIC87742007;Modane;26;80.8;100;12;0.14;7;rotation;14;RETENUE;
France;fr_sncf;UIC87576876;Gièvres;26;94;100;8;0.29;7;rotation;14;RETENUE;
France;fr_sncf;UIC87595322;Montpon-Ménestérol;26;92.9;100;8;0.14;7;rotation;14;RETENUE;
France;fr_sncf;UIC87755363;Puget-Ville;26;87.9;100;11;0.86;7;rotation;14;RETENUE;
France;fr_sncf;UIC87584615;Saint-Seurin-sur-l'Isle;26;92.9;100;9;0.14;7;rotation;14;RETENUE;
France;fr_sncf;UIC87281113;Esquelbecq;26;81.3;100;11;0;7;rotation;14;RETENUE;
France;fr_sncf;UIC87281121;Arnèke;26;81.9;100;12;0;7;rotation;14;RETENUE;
Pays-Bas;nl_ovapi;aachenwest@50.78,6.07;aachenwest;26;96.2;100;80;0;7;rotation;14;RETENUE;
Pays-Bas;nl_ovapi;koudummolkwerum@52.90,5.41;koudummolkwerum;26;96.7;100;66;0;7;rotation;14;RETENUE;
Allemagne;de_gtfsde;donaueschingenaufen@47.96,8.48;donaueschingenaufen;26;80.2;86.3;44;0;7;rotation;14;RETENUE;
Allemagne;de_gtfsde;haigerrodenbachdillkrbahnhof@50.77,8.21;haigerrodenbachdillkrbahnhof;26;90.1;95.3;18;0;7;rotation;14;RETENUE;
Allemagne;de_gtfsde;biedenkopfwallaulahnbahnhof@50.92,8.47;biedenkopfwallaulahnbahnhof;26;82.4;97.3;17;0;7;rotation;14;RETENUE;
Allemagne;de_gtfsde;edling@48.06,12.16;edling;26;87.9;87.9;16;0;7;rotation;14;RETENUE;
Allemagne;de_gtfsde;forsting@48.08,12.09;forsting;26;89;98.4;15;0;7;rotation;14;RETENUE;
Allemagne;de_gtfsde;psselbreneschbahnhof@52.30,7.66;psselbreneschbahnhof;26;91.2;85.8;54;0;7;rotation;14;RETENUE;
Allemagne;de_gtfsde;bodelsberg@47.68,10.41;bodelsberg;26;79.7;91;17;0;7;rotation;14;RETENUE;
Allemagne;de_gtfsde;unterlbahnhof@52.83,10.30;unterlbahnhof;26;78;97.3;30;0;7;rotation;14;RETENUE;
Allemagne;de_gtfsde;alzenauburg@50.09,9.07;alzenauburg;26;93.4;88.3;10;0;7;rotation;14;RETENUE;
Allemagne;de_gtfsde;laggenbeckbahnhof@52.26,7.78;laggenbeckbahnhof;26;87.9;96.8;71;0;7;rotation;14;RETENUE;
Allemagne;de_gtfsde;konzbahnhofmitte@49.70,6.57;konzbahnhofmitte;26;96.7;90.1;11;0;7;rotation;14;RETENUE;
Allemagne;de_gtfsde;langgnsbahnhof@50.50,8.67;langgnsbahnhof;26;64.3;91;39;0;7;rotation;14;RETENUE;
Allemagne;de_gtfsde;winninghausenbahnhof@52.32,9.44;winninghausenbahnhof;26;78;82;21;0;7;rotation;14;RETENUE;
Allemagne;de_gtfsde;lautereckenbahnhof@49.65,7.59;lautereckenbahnhof;26;81.3;96.8;18;0;7;rotation;14;RETENUE;
Allemagne;de_gtfsde;oberholz@51.26,12.51;oberholz;26;95.1;88.8;13;0;7;rotation;14;RETENUE;
Allemagne;de_gtfsde;rostocktorfbrcke@54.24,12.22;rostocktorfbrcke;26;96.7;99.5;10;0;7;rotation;14;RETENUE;
Allemagne;de_gtfsde;ferndorfbf@50.96,8.01;ferndorfbf;26;68.1;88.8;28;0;7;rotation;14;RETENUE;
France;fr_sncf;UIC87611673;Grisolles;25.9;91.7;100;8;0.29;7;rotation;14;RETENUE;
France;fr_sncf;UIC87582866;La Réole;25.9;91.7;100;11;0.57;7;rotation;14;RETENUE;
Pays-Bas;nl_ovapi;aachenhbf@50.77,6.09;aachenhbf;25.9;96.1;100;62;0;7;rotation;14;RETENUE;
Allemagne;de_gtfsde;basfbahnhofnord@49.52,8.43;basfbahnhofnord;25.9;93.4;97.8;14;0;7;rotation;14;RETENUE;
Allemagne;de_gtfsde;limburglahnsdice@50.38,8.10;limburglahnsdice;25.9;72.9;100;37;0;7;rotation;14;RETENUE;
Allemagne;de_gtfsde;hammelburg@50.12,9.88;hammelburg;25.9;96.7;98.4;12;0;7;rotation;14;RETENUE;
Allemagne;de_gtfsde;mnchebergbahnhof@52.52,14.10;mnchebergbahnhof;25.9;96.7;87.4;20;0;7;rotation;14;RETENUE;
Allemagne;de_gtfsde;contwigbahnhof@49.25,7.43;contwigbahnhof;25.9;37.6;91.9;29;0;7;rotation;14;RETENUE;
Allemagne;de_gtfsde;wintermoorzug@53.19,9.83;wintermoorzug;25.9;68.5;92.3;31;0;7;rotation;14;RETENUE;
Allemagne;de_gtfsde;alpirsbachbahnhof@48.34,8.40;alpirsbachbahnhof;25.9;97.8;92.3;18;0;7;rotation;14;RETENUE;
Allemagne;de_gtfsde;gamburgbahnhof@49.70,9.60;gamburgbahnhof;25.9;85.1;95.8;20;0;7;rotation;14;RETENUE;
France;fr_sncf;UIC87343210;Le Poirier Université;25.7;87.8;100;14;0.29;7;rotation;14;RETENUE;
France;fr_sncf;UIC87755330;Solliès-Pont;25.7;88.3;100;12;0.86;7;rotation;14;RETENUE;
Irlande;ie_nta;portadown@54.42,-6.45;portadown;25.7;79.4;91.8;18;0;7;rotation;14;RETENUE;
Irlande;ie_nta;newry@54.19,-6.36;newry;25.7;80;91.8;19;0;7;rotation;14;RETENUE;
Allemagne;de_gtfsde;gaubickelheimbahnhof@49.84,8.02;gaubickelheimbahnhof;25.7;27.2;92.3;35;0;7;rotation;14;RETENUE;
Allemagne;de_gtfsde;marksuhl@50.91,10.22;marksuhl;25.7;95;84.1;12;0;7;rotation;14;RETENUE;
Allemagne;de_gtfsde;ellzee@48.34,10.34;ellzee;25.7;95;97.8;13;0;7;rotation;14;RETENUE;
Allemagne;de_gtfsde;badpyrmont@51.97,9.27;badpyrmont;25.7;60;90;34;0;7;rotation;14;RETENUE;
Allemagne;de_gtfsde;elxlebenandergera@51.04,10.95;elxlebenandergera;25.7;92.2;93.3;15;0;7;rotation;14;RETENUE;
Allemagne;de_gtfsde;heinsbergporselen@51.04,6.17;heinsbergporselen;25.7;86.7;97.8;16;0;7;rotation;14;RETENUE;
Allemagne;de_gtfsde;forth@49.59,11.22;forth;25.7;71.1;86.1;35;0;7;rotation;14;RETENUE;
Allemagne;de_gtfsde;soltaunord@53.00,9.86;soltaunord;25.7;59.4;95.7;30;0;7;rotation;14;RETENUE;
Allemagne;de_gtfsde;rechenbergbahnhof@50.73,13.56;rechenbergbahnhof;25.7;97.8;87.8;10;0;7;rotation;14;RETENUE;
Allemagne;de_gtfsde;niedersteinbach@50.09,9.15;niedersteinbach;25.7;97.2;92.8;11;0;7;rotation;14;RETENUE;
Allemagne;de_gtfsde;holzhaublockline@50.73,13.58;holzhaublockline;25.7;97.2;99.4;10;0;7;rotation;14;RETENUE;
Allemagne;de_gtfsde;holzhaubahnhof@50.73,13.59;holzhaubahnhof;25.7;97.8;100;10;0;7;rotation;14;RETENUE;
Allemagne;de_gtfsde;rotamseebahnhof@49.25,10.03;rotamseebahnhof;25.7;72.2;92.8;24;0;7;rotation;14;RETENUE;
Allemagne;de_gtfsde;saarmundbahnhof@52.32,13.14;saarmundbahnhof;25.7;92.2;97.8;17;0;7;rotation;14;RETENUE;
Allemagne;de_gtfsde;wertachhaslach@47.63,10.46;wertachhaslach;25.7;83.9;86.1;15;0;7;rotation;14;RETENUE;
Allemagne;de_gtfsde;blaufeldenbahnhof@49.30,9.97;blaufeldenbahnhof;25.7;75.6;96.8;23;0;7;rotation;14;RETENUE;
Allemagne;de_gtfsde;rottershausen@50.17,10.17;rottershausen;25.7;93.3;94.7;15;0;7;rotation;14;RETENUE;
Allemagne;de_gtfsde;konstanzpetershausenbahnhof@47.67,9.17;konstanzpetershausenbahnhof;25.7;73.9;95.2;25;0;7;rotation;14;RETENUE;
France;fr_sncf;UIC87755371;Carnoules;25.6;84.9;97.3;12;0.86;7;rotation;14;RETENUE;
France;fr_sncf;UIC87755355;Cuers - Pierrefeu;25.6;89.4;100;11;0.86;7;rotation;14;RETENUE;
France;fr_sncf;UIC87212407;Roeschwoog;25.6;92.7;100;6;0;7;rotation;14;RETENUE;
Allemagne;de_gtfsde;schimborn@50.06,9.19;schimborn;25.6;96.1;88.6;10;0;7;rotation;14;RETENUE;
Allemagne;de_gtfsde;hedemnden@51.39,9.76;hedemnden;25.6;89.9;93.7;19;0;7;rotation;14;RETENUE;
Allemagne;de_gtfsde;wulftenharz@51.66,10.18;wulftenharz;25.6;91.1;83.3;18;0;7;rotation;14;RETENUE;
Allemagne;de_gtfsde;langenzenn@49.50,10.80;langenzenn;25.6;92.7;87.7;17;0;7;rotation;14;RETENUE;
Allemagne;de_gtfsde;langeln@53.79,9.86;langeln;25.6;96.1;88.2;11;0;7;rotation;14;RETENUE;
Allemagne;de_gtfsde;aldingenbahnhof@48.10,8.71;aldingenbahnhof;25.6;70.4;82.1;33;0;7;rotation;14;RETENUE;
Allemagne;de_gtfsde;usseln@51.28,8.67;usseln;25.6;93.3;94.2;12;0;7;rotation;14;RETENUE;
Allemagne;de_gtfsde;gladbeckostbf@51.58,6.99;gladbeckostbf;25.6;92.2;89.5;10;0;7;rotation;14;RETENUE;
Allemagne;de_gtfsde;schwallungen@50.69,10.35;schwallungen;25.6;95.5;93.7;11;0;7;rotation;14;RETENUE;
Allemagne;de_gtfsde;grnberggbelnrodbahnhof@50.60,8.92;grnberggbelnrodbahnhof;25.6;95.5;98.9;12;0;7;rotation;14;RETENUE;
Allemagne;de_gtfsde;nettetalbreyellbf@51.29,6.24;nettetalbreyellbf;25.6;78.2;97.8;42;0;7;rotation;14;RETENUE;
Allemagne;de_gtfsde;mhlenoldb@52.62,8.21;mhlenoldb;25.6;49.2;92.7;25;0;7;rotation;14;RETENUE;
France;fr_sncf;UIC87761262;Loriol;25.4;83.7;100;15;0.29;7;rotation;14;RETENUE;
France;fr_sncf;UIC87174409;Mourmelon-le-Petit;25.4;92.7;100;7;0.71;7;rotation;14;RETENUE;
Allemagne;de_gtfsde;badlaasphebf@50.93,8.42;badlaasphebf;25.4;83.1;93.2;15;0;7;rotation;14;RETENUE;
Allemagne;de_gtfsde;boizenburgelbe@53.38,10.75;boizenburgelbe;25.4;80.9;96.7;26;0;7;rotation;14;RETENUE;
Allemagne;de_gtfsde;wolfsteinbahnhof@49.58,7.61;wolfsteinbahnhof;25.4;83.1;91.3;19;0;7;rotation;14;RETENUE;
Allemagne;de_gtfsde;hxterbahnhofrathaus@51.77,9.38;hxterbahnhofrathaus;25.4;76.4;96.2;18;0;7;rotation;14;RETENUE;
Allemagne;de_gtfsde;rottenackerbahnhof@48.23,9.69;rottenackerbahnhof;25.4;58.4;89.9;30;0;7;rotation;14;RETENUE;
Allemagne;de_gtfsde;mistorfbahnhof@53.88,12.12;mistorfbahnhof;25.4;94.4;95.7;12;0;7;rotation;14;RETENUE;
Allemagne;de_gtfsde;landauwestbahnhof@49.20,8.11;landauwestbahnhof;25.4;97.2;95.2;11;0;7;rotation;14;RETENUE;
Allemagne;de_gtfsde;schierbrok@53.08,8.58;schierbrok;25.4;86.5;86.8;22;0;7;rotation;14;RETENUE;
Allemagne;de_gtfsde;hirschhornpfalzbahnhof@49.52,7.68;hirschhornpfalzbahnhof;25.4;86;96.2;17;0;7;rotation;14;RETENUE;
Allemagne;de_gtfsde;geestgottberg@52.96,11.74;geestgottberg;25.4;88.2;97.8;16;0;7;rotation;14;RETENUE;
Allemagne;de_gtfsde;hausenbdren@50.65,6.49;hausenbdren;25.4;96.6;98.3;12;0;7;rotation;14;RETENUE;
Allemagne;de_gtfsde;triesdorf@49.20,10.68;triesdorf;25.4;91.6;91.3;16;0;7;rotation;14;RETENUE;
Allemagne;de_gtfsde;ottenhofenbergel@49.46,10.36;ottenhofenbergel;25.4;92.7;89;15;0;7;rotation;14;RETENUE;
Allemagne;de_gtfsde;hilchenbachbf@50.99,8.11;hilchenbachbf;25.4;74.7;91.8;25;0;7;rotation;14;RETENUE;
Allemagne;de_gtfsde;aligsebahnhof@52.40,9.98;aligsebahnhof;25.4;90.4;91.3;14;0;7;rotation;14;RETENUE;
France;fr_sncf;UIC87715136;Frasne;25.3;93.8;100;7;0;7;rotation;14;RETENUE;
France;fr_sncf;UIC87734269;Brioude;25.3;88.1;98.9;11;0.71;7;rotation;14;RETENUE;
France;fr_sncf;UIC87713859;Is-sur-Tille;25.3;94.4;100;11;0.14;7;rotation;14;RETENUE;
France;fr_sncf;UIC87584607;Saint-Médard-de-Guizières;25.3;92.7;100;9;0.14;7;rotation;14;RETENUE;
Pays-Bas;nl_ovapi;vriezenveen@52.40,6.60;vriezenveen;25.3;97.7;80.1;68;0;7;rotation;14;RETENUE;
Allemagne;de_gtfsde;obermaubach@50.71,6.45;obermaubach;25.3;97.2;97.3;14;0;7;rotation;14;RETENUE;
Allemagne;de_gtfsde;weienohe@49.63,11.25;weienohe;25.3;67.2;90.8;30;0;7;rotation;14;RETENUE;
Allemagne;de_gtfsde;markelsheimbahnhof@49.48,9.84;markelsheimbahnhof;25.3;82.5;93.2;19;0;7;rotation;14;RETENUE;
Allemagne;de_gtfsde;cossebaudebahnhof@51.09,13.63;cossebaudebahnhof;25.3;95.5;89.8;13;0;7;rotation;14;RETENUE;
Allemagne;de_gtfsde;wilhermsdorfmitte@49.48,10.72;wilhermsdorfmitte;25.3;94.9;87.2;14;0;7;rotation;14;RETENUE;
Allemagne;de_gtfsde;rsselbach@49.61,11.23;rsselbach;25.3;68.9;86.3;29;0;7;rotation;14;RETENUE;
Allemagne;de_gtfsde;bremenstmagnus@53.17,8.67;bremenstmagnus;25.3;83.6;91.2;19;0;7;rotation;14;RETENUE;
Allemagne;de_gtfsde;oebisfelde@52.44,10.98;oebisfelde;25.3;83.6;98.9;18;0;7;rotation;14;RETENUE;
Allemagne;de_gtfsde;temmelsbahnhof@49.69,6.46;temmelsbahnhof;25.3;97.2;93.2;9;0;7;rotation;14;RETENUE;
Allemagne;de_gtfsde;lrrachhauptbahnhof@47.61,7.67;lrrachhauptbahnhof;25.3;97.7;84.7;11;0;7;rotation;14;RETENUE;
Allemagne;de_gtfsde;bdigheimbahnhof@49.48,9.32;bdigheimbahnhof;25.3;97.7;97.8;8;0;7;rotation;14;RETENUE;
Allemagne;de_gtfsde;kressbronnbahnhof@47.59,9.60;kressbronnbahnhof;25.3;92.1;99.4;16;0;7;rotation;14;RETENUE;
Allemagne;de_gtfsde;dettingent@48.62,9.45;dettingent;25.3;91;87.2;42;0;7;rotation;14;RETENUE;
Allemagne;de_gtfsde;laudenbachwrtt@49.46,9.92;laudenbachwrtt;25.3;76.8;96.7;24;0;7;rotation;14;RETENUE;
Allemagne;de_gtfsde;leutershwiedersbachbf@49.30,10.44;leutershwiedersbachbf;25.3;83.1;98.9;21;0;7;rotation;14;RETENUE;
Etats-Unis;us_mta_lirr;bellport@40.77,-72.94;bellport;25.3;81.9;100;122;0;7;rotation;14;RETENUE;
France;fr_sncf;UIC87486258;Luçon;25.1;89.8;100;13;0;7;rotation;14;RETENUE;
France;fr_sncf;UIC87694109;Le Creusot-TGV;25.1;94.3;100;7;0;7;rotation;14;RETENUE;
France;fr_sncf;UIC87775023;Beaucaire;25.1;91.5;98.9;12;0.29;7;rotation;14;RETENUE;
Irlande;ie_nta;sallinsandnaas@53.25,-6.66;sallinsandnaas;25.1;89.2;90.7;16;0;7;rotation;14;RETENUE;
Allemagne;de_gtfsde;triptis@50.74,11.87;triptis;25.1;89.8;91.2;18;0;7;rotation;14;RETENUE;
Allemagne;de_gtfsde;reinsbttel@54.18,8.91;reinsbttel;25.1;96;96.7;12;0;7;rotation;14;RETENUE;
Allemagne;de_gtfsde;sttelstdtbushaltestelle@50.94,10.48;sttelstdtbushaltestelle;25.1;65.9;81.9;47;0;7;rotation;14;RETENUE;
Allemagne;de_gtfsde;zlpichnemmenich@50.69,6.68;zlpichnemmenich;25.1;96.6;95.7;10;0;7;rotation;14;RETENUE;
Allemagne;de_gtfsde;jeberbergfrieden@51.98,12.35;jeberbergfrieden;25.1;97.7;94.6;11;0;7;rotation;14;RETENUE;
Allemagne;de_gtfsde;langenbachfhrbrcke@50.65,12.62;langenbachfhrbrcke;25.1;97.7;93.1;9;0;7;rotation;14;RETENUE;
Allemagne;de_gtfsde;wiesenfeld@51.01,8.75;wiesenfeld;25.1;80.7;88;18;0;7;rotation;14;RETENUE;
Allemagne;de_gtfsde;mnchehofbahnhof@51.85,10.19;mnchehofbahnhof;25.1;92.6;92.1;13;0;7;rotation;14;RETENUE;
Etats-Unis;us_mta_mnr;pawling@41.56,-73.60;pawling;25.1;91.5;100;16;0;7;rotation;14;RETENUE;
Etats-Unis;us_mta_mnr;patterson@41.51,-73.60;patterson;25.1;91.5;98.9;14;0;7;rotation;14;RETENUE;
France;fr_sncf;UIC87415893;Bonnières;25;94.9;97.2;14;0;7;rotation;14;RETENUE;
France;fr_sncf;UIC87415885;Rosny-sur-Seine;25;95.4;98.9;12;0;7;rotation;14;RETENUE;
France;fr_sncf;UIC87696146;Cosne-sur-Loire;25;92.6;99.4;5;0.29;7;rotation;14;RETENUE;
France;fr_sncf;UIC87613356;Caussade;25;88;100;14;0.86;7;rotation;14;RETENUE;
France;fr_sncf;UIC87718239;Lons-le-Saunier;25;92;100;8;0.14;7;rotation;14;RETENUE;
France;fr_sncf;UIC87594572;Saint-Denis-Près-Martel;25;80;100;14;1.43;7;rotation;14;RETENUE;
France;fr_sncf;UIC87743872;Le Mans Hôpital-Université;25;88.6;99.4;9;2.29;7;rotation;14;RETENUE;
Allemagne;de_gtfsde;nachterstedthoym@51.80,11.33;nachterstedthoym;25;57.1;97.8;34;0;7;rotation;14;RETENUE;
Allemagne;de_gtfsde;stalban@47.96,11.11;stalban;25;82.3;87.1;17;0;7;rotation;14;RETENUE;
Allemagne;de_gtfsde;mmbrisstrtzbach@50.08,9.16;mmbrisstrtzbach;25;96;86.6;11;0;7;rotation;14;RETENUE;
Allemagne;de_gtfsde;frommernbahnhof@48.24,8.87;frommernbahnhof;25;65.1;88.4;32;0;7;rotation;14;RETENUE;
Allemagne;de_gtfsde;borghorstbahnhof@52.12,7.40;borghorstbahnhof;25;75.4;84.1;15;0;7;rotation;14;RETENUE;
Allemagne;de_gtfsde;nrvenichbinsfeld@50.79,6.53;nrvenichbinsfeld;25;97.1;97.2;11;0;7;rotation;14;RETENUE;
Allemagne;de_gtfsde;dessaumosigkau@51.81,12.15;dessaumosigkau;25;69.7;95.1;27;0;7;rotation;14;RETENUE;
Allemagne;de_gtfsde;kirchweidach@48.09,12.65;kirchweidach;25;96;98.9;11;0;7;rotation;14;RETENUE;
Allemagne;de_gtfsde;katzweilerbahnhof@49.50,7.70;katzweilerbahnhof;25;84;97.8;18;0;7;rotation;14;RETENUE;
Allemagne;de_gtfsde;borghwestbarthsnbahnhof@52.10,8.23;borghwestbarthsnbahnhof;25;52.6;94.1;25;0;7;rotation;14;RETENUE;
Allemagne;de_gtfsde;langenargenbahnhof@47.60,9.54;langenargenbahnhof;25;92.6;97.8;16;0;7;rotation;14;RETENUE;
Allemagne;de_gtfsde;graalmritzkoppelweg@54.25,12.24;graalmritzkoppelweg;25;96.6;94.6;9;0;7;rotation;14;RETENUE;
Allemagne;de_gtfsde;hmelerwaldbahnhof@52.35,10.11;hmelerwaldbahnhof;25;79.4;91.6;22;0;7;rotation;14;RETENUE;
France;fr_sncf;UIC87582718;Portets;24.9;89.1;100;8;0.29;7;petit joueur;20;RETENUE;
France;fr_sncf;UIC87784207;Elne;24.9;89.1;99.4;11;0.43;7;petit joueur;20;RETENUE;
France;fr_sncf;UIC87784686;Villefranche - Vernet-les-Bains;24.9;94.8;100;7;0.57;7;petit joueur;20;RETENUE;
France;fr_sncf;UIC87481804;Couëron;24.9;93.1;100;7;1.86;7;petit joueur;20;RETENUE;
France;fr_sncf;UIC87574475;Bléré - la Croix;24.9;94.3;100;10;1.29;7;petit joueur;20;RETENUE;
France;fr_sncf;UIC87281071;Calais - Fréthun;24.9;91.4;99.4;10;0;7;petit joueur;20;RETENUE;
Allemagne;de_gtfsde;ronshausen@50.95,9.85;ronshausen;24.9;83.9;91.1;17;0;7;petit joueur;20;RETENUE;
Allemagne;de_gtfsde;hermsdorfbdresdenbahnhof@51.17,13.82;hermsdorfbdresdenbahnhof;24.9;97.1;84.1;8;0;7;petit joueur;20;RETENUE;
Allemagne;de_gtfsde;elfershausentrimberg@50.14,9.97;elfershausentrimberg;24.9;93.1;99.4;14;0;7;petit joueur;20;RETENUE;
Allemagne;de_gtfsde;grditzbahnhof@51.41,13.44;grditzbahnhof;24.9;89.7;98.9;23;0;7;petit joueur;20;RETENUE;
Allemagne;de_gtfsde;kemptenallguost@47.73,10.33;kemptenallguost;24.9;55.2;95.6;21;0;7;petit joueur;20;RETENUE;
Allemagne;de_gtfsde;oberhaid@49.93,10.82;oberhaid;24.9;94.8;92.1;12;0;7;petit joueur;20;RETENUE;
Allemagne;de_gtfsde;rainauschwabsbergbahnhof@48.93,10.14;rainauschwabsbergbahnhof;24.9;55.7;86.6;33;0;7;petit joueur;20;RETENUE;
Allemagne;de_gtfsde;kutenholz@53.47,9.31;kutenholz;24.9;95.4;90.6;12;0;7;petit joueur;20;RETENUE;
Allemagne;de_gtfsde;meppenbahnhof@52.70,7.30;meppenbahnhof;24.9;66.7;92.6;37;0;7;petit joueur;20;RETENUE;
Allemagne;de_gtfsde;balvegarbeck@51.32,7.84;balvegarbeck;24.9;97.1;97.2;11;0;7;petit joueur;20;RETENUE;
France;fr_sncf;UIC87582734;Podensac;24.7;89.6;100;8;0.29;7;petit joueur;20;RETENUE;
France;fr_sncf;UIC87582692;Saint-Médard-d'Eyrans;24.7;89.6;98.9;8;0.29;7;petit joueur;20;RETENUE;
France;fr_sncf;UIC87581801;Bègles;24.7;90.2;99.4;8;0.29;7;petit joueur;20;RETENUE;
France;fr_sncf;UIC87595751;Le Buisson;24.7;79.2;98.3;15;0.57;7;petit joueur;20;RETENUE;
France;fr_sncf;UIC87396606;Château-du-Loir;24.7;72.3;100;12;3.43;7;petit joueur;20;RETENUE;
Allemagne;de_gtfsde;steinwendenbahnhof@49.45,7.52;steinwendenbahnhof;24.7;83.2;92.5;16;0;7;petit joueur;20;RETENUE;
Allemagne;de_gtfsde;wnschendorf@50.80,12.10;wnschendorf;24.7;91.3;93;16;0;7;petit joueur;20;RETENUE;
Allemagne;de_gtfsde;mmbrismensenges@50.07,9.17;mmbrismensenges;24.7;96;95.1;11;0;7;petit joueur;20;RETENUE;
Allemagne;de_gtfsde;krbitzbahnhof@50.46,12.07;krbitzbahnhof;24.7;74.6;81.6;20;0;7;petit joueur;20;RETENUE;
Allemagne;de_gtfsde;heinsberghorstborgansstrae@51.03,6.18;heinsberghorstborgansstrae;24.7;79.8;97.2;17;0;7;petit joueur;20;RETENUE;
Allemagne;de_gtfsde;westheimlangendorf@50.13,9.93;westheimlangendorf;24.7;95.4;95.1;13;0;7;petit joueur;20;RETENUE;
Allemagne;de_gtfsde;wolterdingensoltau@53.03,9.85;wolterdingensoltau;24.7;60.1;93.5;32;0;7;petit joueur;20;RETENUE;
Allemagne;de_gtfsde;tiefenaubahnhof@51.39,13.41;tiefenaubahnhof;24.7;90.2;98.3;16;0;7;petit joueur;20;RETENUE;
Allemagne;de_gtfsde;klberau@50.09,9.09;klberau;24.7;95.4;86.5;11;0;7;petit joueur;20;RETENUE;
Allemagne;de_gtfsde;rvershagenkarlserlebnisdorf@54.16,12.24;rvershagenkarlserlebnisdorf;24.7;97.7;91.1;9;0;7;petit joueur;20;RETENUE;
Allemagne;de_gtfsde;sinntaljossabahnhof@50.23,9.60;sinntaljossabahnhof;24.7;93.6;96.1;13;0;7;petit joueur;20;RETENUE;
Allemagne;de_gtfsde;brestbrestaspe@53.46,9.38;brestbrestaspe;24.7;96;88.7;9;0;7;petit joueur;20;RETENUE;
Allemagne;de_gtfsde;witzwort@54.39,9.00;witzwort;24.7;97.1;93.5;10;0;7;petit joueur;20;RETENUE;
Allemagne;de_gtfsde;harblek@54.36,8.96;harblek;24.7;97.1;81.6;9;0;7;petit joueur;20;RETENUE;
Allemagne;de_gtfsde;wrzbachsaar@49.24,7.19;wrzbachsaar;24.7;45.7;96.6;20;0;7;petit joueur;20;RETENUE;
Allemagne;de_gtfsde;eindsaar@49.27,7.32;eindsaar;24.7;43.4;92.5;21;0;7;petit joueur;20;RETENUE;
Allemagne;de_gtfsde;lutten@52.77,8.34;lutten;24.7;65.9;86.9;27;0;7;petit joueur;20;RETENUE;
France;fr_sncf;UIC87313668;Méru;24.6;90.7;100;10;0.57;7;petit joueur;20;RETENUE;
France;fr_sncf;UIC87784256;Collioure;24.6;89.5;100;11;0.43;7;petit joueur;20;RETENUE;
France;fr_sncf;UIC87276717;Bornel - Belle-Église;24.6;91.3;100;8;0.57;7;petit joueur;20;RETENUE;
France;fr_sncf;UIC87276725;Chambly;24.6;91.3;100;9;0.57;7;petit joueur;20;RETENUE;
Irlande;ie_nta;rushandlusk@53.52,-6.14;rushandlusk;24.6;77.9;92;17;0;7;petit joueur;20;RETENUE;
Pays-Bas;nl_ovapi;noorderkempen@51.36,4.63;noorderkempen;24.6;89.5;100;59;0;7;petit joueur;20;RETENUE;
Allemagne;de_gtfsde;basfbahnhofsd@49.49,8.44;basfbahnhofsd;24.6;95.9;92;11;0;7;petit joueur;20;RETENUE;
Allemagne;de_gtfsde;heinsbergranderath@51.02,6.18;heinsbergranderath;24.6;80.2;94.5;16;0;7;petit joueur;20;RETENUE;
Allemagne;de_gtfsde;schwalmstadtwierabahnhof@50.88,9.14;schwalmstadtwierabahnhof;24.6;73.3;90.5;33;0;7;petit joueur;20;RETENUE;
Allemagne;de_gtfsde;kreimbachbahnhof@49.55,7.63;kreimbachbahnhof;24.6;82.6;94.5;17;0;7;petit joueur;20;RETENUE;
Allemagne;de_gtfsde;eppertshausenbahnhof@49.95,8.84;eppertshausenbahnhof;24.6;93;87.8;13;0;7;petit joueur;20;RETENUE;
Allemagne;de_gtfsde;niedermohrbahnhof@49.46,7.47;niedermohrbahnhof;24.6;87.2;89.6;14;0;7;petit joueur;20;RETENUE;
Allemagne;de_gtfsde;obersinn@50.21,9.62;obersinn;24.6;91.9;97.2;16;0;7;petit joueur;20;RETENUE;
Allemagne;de_gtfsde;bredelarbahnhof@51.42,8.78;bredelarbahnhof;24.6;93.6;90.1;13;0;7;petit joueur;20;RETENUE;
Allemagne;de_gtfsde;mahlwinkel@52.39,11.79;mahlwinkel;24.6;54.1;87.8;19;0;7;petit joueur;20;RETENUE;
Allemagne;de_gtfsde;neubukowbahnhof@54.03,11.68;neubukowbahnhof;24.6;82.6;94.5;16;0;7;petit joueur;20;RETENUE;
Allemagne;de_gtfsde;tarp@54.66,9.40;tarp;24.6;91.9;94.5;20;0;7;petit joueur;20;RETENUE;
Allemagne;de_gtfsde;ungedanken@51.12,9.22;ungedanken;24.6;91.3;98.3;16;0;7;petit joueur;20;RETENUE;
France;fr_sncf;UIC87313684;Saint-Sulpice - Auteuil;24.4;91.8;100;9;0.57;7;petit joueur;20;RETENUE;
France;fr_sncf;UIC87785006;Cerbère;24.4;90.1;99.4;11;0.43;7;petit joueur;20;RETENUE;
France;fr_sncf;UIC87784298;Banyuls-sur-Mer;24.4;90.1;100;10;0.43;7;petit joueur;20;RETENUE;
France;fr_sncf;UIC87696013;Bourg-en-Bresse Gare Routière;24.4;97.7;100;6;0;7;petit joueur;20;RETENUE;
France;fr_sncf;UIC87784231;Argelès-sur-Mer;24.4;89.5;100;11;0.43;7;petit joueur;20;RETENUE;
France;fr_sncf;UIC87592311;Ambazac;24.4;94.7;100;7;0.57;7;petit joueur;20;RETENUE;
France;fr_sncf;UIC87592345;Saint-Sulpice-Laurière;24.4;95.3;100;6;0.57;7;petit joueur;20;RETENUE;
France;fr_sncf;UIC87481812;Saint-Étienne-de-Montluc;24.4;92.4;100;9;1.86;7;petit joueur;20;RETENUE;
Pays-Bas;nl_ovapi;apeldoorndematen@52.21,6.00;apeldoorndematen;24.4;97.7;100;64;0;7;petit joueur;20;RETENUE;
Allemagne;de_gtfsde;kalsow@53.93,11.58;kalsow;24.4;88.9;93.4;13;0;7;petit joueur;20;RETENUE;
Allemagne;de_gtfsde;wildeckhnebach@50.94,9.94;wildeckhnebach;24.4;78.4;97.7;22;0;7;petit joueur;20;RETENUE;
Allemagne;de_gtfsde;ruschwedel@53.45,9.56;ruschwedel;24.4;97.7;85.1;10;0;7;petit joueur;20;RETENUE;
Allemagne;de_gtfsde;pfaffenhainbahnhof@50.75,12.82;pfaffenhainbahnhof;24.4;97.7;96.1;37;0;7;petit joueur;20;RETENUE;
Allemagne;de_gtfsde;kavelstorf@54.01,12.20;kavelstorf;24.4;93;98.3;15;0;7;petit joueur;20;RETENUE;
Allemagne;de_gtfsde;schnelldorf@49.19,10.18;schnelldorf;24.4;68.4;96.6;24;0;7;petit joueur;20;RETENUE;
Allemagne;de_gtfsde;ichenhausen@48.37,10.30;ichenhausen;24.4;96.5;92.4;12;0;7;petit joueur;20;RETENUE;
Allemagne;de_gtfsde;heinsbergoberbruch@51.05,6.14;heinsbergoberbruch;24.4;79.5;95;19;0;7;petit joueur;20;RETENUE;
Allemagne;de_gtfsde;burgbernheimwildbad@49.44,10.31;burgbernheimwildbad;24.4;89.5;98.8;17;0;7;petit joueur;20;RETENUE;
Allemagne;de_gtfsde;beifangbahnhof@51.69,7.46;beifangbahnhof;24.4;74.3;92.4;21;0;7;petit joueur;20;RETENUE;
Allemagne;de_gtfsde;teterowbahnhof@53.77,12.58;teterowbahnhof;24.4;86;98.3;17;0;7;petit joueur;20;RETENUE;
Allemagne;de_gtfsde;lahntalsarnaubahnhof@50.87,8.76;lahntalsarnaubahnhof;24.4;90.6;90;23;0;7;petit joueur;20;RETENUE;
France;fr_sncf;UIC87784264;Port-Vendres;24.3;90;100;10;0.43;7;petit joueur;20;RETENUE;
France;fr_sncf;UIC87486449;Les Sables-d'Olonne;24.3;87.1;99.4;11;0;7;petit joueur;20;RETENUE;
Irlande;ie_nta;skerries@53.57,-6.12;skerries;24.3;76.5;90.4;19;0;7;petit joueur;20;RETENUE;
Allemagne;de_gtfsde;biendorf@51.76,11.86;biendorf;24.3;64.1;95;25;0;7;petit joueur;20;RETENUE;
Allemagne;de_gtfsde;lindwedel@52.61,9.69;lindwedel;24.3;55.9;91.9;27;0;7;petit joueur;20;RETENUE;
Allemagne;de_gtfsde;frankenbergviermnden@51.10,8.83;frankenbergviermnden;24.3;62.4;93.9;19;0;7;petit joueur;20;RETENUE;
Allemagne;de_gtfsde;hammelburgost@50.12,9.90;hammelburgost;24.3;95.3;96.6;11;0;7;petit joueur;20;RETENUE;
Allemagne;de_gtfsde;hundsgrnbahnhof@50.37,12.21;hundsgrnbahnhof;24.3;77.6;97.7;21;0;7;petit joueur;20;RETENUE;
Allemagne;de_gtfsde;wasserburggnz@48.44,10.27;wasserburggnz;24.3;95.9;93.9;13;0;7;petit joueur;20;RETENUE;
Allemagne;de_gtfsde;hesedorfbremervrde@53.47,9.19;hesedorfbremervrde;24.3;94.1;88.5;14;0;7;petit joueur;20;RETENUE;
Allemagne;de_gtfsde;loxstedt@53.47,8.65;loxstedt;24.3;60.6;89.5;27;0;7;petit joueur;20;RETENUE;
Allemagne;de_gtfsde;schneckoberdorfeldenbahnhof@50.20,8.82;schneckoberdorfeldenbahnhof;24.3;90.6;81;16;0;7;petit joueur;20;RETENUE;
Allemagne;de_gtfsde;oberrohn@50.85,10.21;oberrohn;24.3;92.9;85.4;13;0;7;petit joueur;20;RETENUE;
Allemagne;de_gtfsde;biedenkopfbahnhof@50.91,8.53;biedenkopfbahnhof;24.3;80.6;89;18;0;7;petit joueur;20;RETENUE;
Allemagne;de_gtfsde;reutteintirolschulzentrum@47.49,10.73;reutteintirolschulzentrum;24.3;60;97.1;21;0;7;petit joueur;20;RETENUE;
Etats-Unis;us_mta_mnr;doverplains@41.74,-73.58;doverplains;24.3;92.4;98.8;16;0;7;petit joueur;20;RETENUE;
France;fr_sncf;UIC87683227;Saint-Julien-du-Sault;24.1;92.3;100;5;0;7;petit joueur;20;RETENUE;
France;fr_sncf;UIC87671123;Lannemezan;24.1;87;100;12;0.14;7;petit joueur;20;RETENUE;
France;fr_sncf;UIC87753715;Sénas;24.1;95.3;100;5;0.29;7;petit joueur;20;RETENUE;
France;fr_sncf;UIC87576116;Mehun-sur-Yèvre;24.1;94.1;100;8;1;7;petit joueur;20;RETENUE;
Allemagne;de_gtfsde;emmerthalbahnhof@52.05,9.38;emmerthalbahnhof;24.1;63.3;88;33;0;7;petit joueur;20;RETENUE;
Allemagne;de_gtfsde;mnchweilerbahnhof@49.22,7.70;mnchweilerbahnhof;24.1;94.1;98.8;12;0;7;petit joueur;20;RETENUE;
Allemagne;de_gtfsde;robachbahnhof@49.57,7.62;robachbahnhof;24.1;82.2;97.7;17;0;7;petit joueur;20;RETENUE;
Allemagne;de_gtfsde;buddenhagen@54.00,13.68;buddenhagen;24.1;87.6;91.4;16;0;7;petit joueur;20;RETENUE;
Allemagne;de_gtfsde;rottweilneufra@48.13,8.67;rottweilneufra;24.1;71;86.2;37;0;7;petit joueur;20;RETENUE;
Allemagne;de_gtfsde;vhlherzhausen@51.18,8.88;vhlherzhausen;24.1;74;94.9;19;0;7;petit joueur;20;RETENUE;
Allemagne;de_gtfsde;nrvenichrommelsheim@50.78,6.55;nrvenichrommelsheim;24.1;97;87.6;13;0;7;petit joueur;20;RETENUE;
Allemagne;de_gtfsde;pneckobbf@50.69,11.59;pneckobbf;24.1;91.1;93.4;16;0;7;petit joueur;20;RETENUE;
Allemagne;de_gtfsde;zennern@51.11,9.32;zennern;24.1;87.6;90.9;17;0;7;petit joueur;20;RETENUE;
Allemagne;de_gtfsde;mssen@53.50,10.56;mssen;24.1;82.8;93.4;21;0;7;petit joueur;20;RETENUE;
Allemagne;de_gtfsde;abenden@50.67,6.48;abenden;24.1;97;97.7;11;0;7;petit joueur;20;RETENUE;
Allemagne;de_gtfsde;brokstedt@53.99,9.82;brokstedt;24.1;71.6;95.5;36;0;7;petit joueur;20;RETENUE;
Allemagne;de_gtfsde;barlebersee@52.21,11.64;barlebersee;24.1;76.9;95.5;15;0;7;petit joueur;20;RETENUE;
France;fr_sncf;UIC87592725;Nexon;24;88.7;100;10;1.14;7;petit joueur;20;RETENUE;
France;fr_sncf;UIC87765438;Saint-Saturnin-lès-Avignon;24;95.8;100;6;0.29;7;petit joueur;20;RETENUE;
France;fr_sncf;UIC87543116;Saint-Cyr-en-Val;24;94;100;8;0.57;7;petit joueur;20;RETENUE;
France;fr_sncf;UIC87476259;Hennebont;24;85.1;100;9;0.14;7;petit joueur;20;RETENUE;
France;fr_sncf;UIC87543140;Lamotte-Beuvron;24;94;100;8;0.57;7;petit joueur;20;RETENUE;
France;fr_sncf;UIC87543124;La Ferté-Saint-Aubin;24;94;100;8;0.57;7;petit joueur;20;RETENUE;
France;fr_sncf;UIC87753764;Salon;24;95.2;100;5;0.29;7;petit joueur;20;RETENUE;
France;fr_sncf;UIC87721225;Collonges - Fontaines;24;94.6;100;6;0.14;7;petit joueur;20;RETENUE;
France;fr_sncf;UIC87478032;Montreuil-sur-Ille;24;92.3;99.4;6;0;7;petit joueur;20;RETENUE;
Pays-Bas;nl_ovapi;mechelen@51.02,4.48;mechelen;24;91.1;100;31;0;7;petit joueur;20;RETENUE;
Allemagne;de_gtfsde;laagemeckl@53.92,12.34;laagemeckl;24;87.5;93.3;16;0;7;petit joueur;20;RETENUE;
Allemagne;de_gtfsde;elpersheimbahnhof@49.47,9.87;elpersheimbahnhof;24;78.6;93.9;22;0;7;petit joueur;20;RETENUE;
Allemagne;de_gtfsde;stadtprozelten@49.78,9.41;stadtprozelten;24;91.1;97.1;11;0;7;petit joueur;20;RETENUE;
Allemagne;de_gtfsde;prsenwestbhf@51.42,13.47;prsenwestbhf;24;91.1;99.4;17;0;7;petit joueur;20;RETENUE;
Allemagne;de_gtfsde;wlknitzbahnhof@51.37,13.39;wlknitzbahnhof;24;90.5;98.8;15;0;7;petit joueur;20;RETENUE;
Allemagne;de_gtfsde;wallhausenbahnhof@49.21,10.06;wallhausenbahnhof;24;75.6;92.8;19;0;7;petit joueur;20;RETENUE;
Allemagne;de_gtfsde;schrezheimbahnhof@48.95,10.12;schrezheimbahnhof;24;53;88.4;33;0;7;petit joueur;20;RETENUE;
Allemagne;de_gtfsde;ottenhfenbahnhof@48.57,8.15;ottenhfenbahnhof;24;95.2;93.3;10;0;7;petit joueur;20;RETENUE;
Allemagne;de_gtfsde;ostermnchen@47.94,12.04;ostermnchen;24;66.7;94.4;32;0;7;petit joueur;20;RETENUE;
Allemagne;de_gtfsde;lathenbahnhof@52.86,7.32;lathenbahnhof;24;67.9;97.1;28;0;7;petit joueur;20;RETENUE;
Allemagne;de_gtfsde;bsenbachtalbsenbachtal@53.27,9.86;bsenbachtalbsenbachtal;24;61.9;91.8;32;0;7;petit joueur;20;RETENUE;
Allemagne;de_gtfsde;legelshurstbahnhof@48.56,7.91;legelshurstbahnhof;24;95.2;92.3;27;0;7;petit joueur;20;RETENUE;
Allemagne;de_gtfsde;rosendahlholtwickbahnhof@52.00,7.12;rosendahlholtwickbahnhof;24;76.2;94.9;27;0;7;petit joueur;20;RETENUE;
France;fr_sncf;UIC87317396;Noyelles-sur-Mer;23.9;86.2;100;13;0;7;petit joueur;20;RETENUE;
France;fr_sncf;UIC87765412;Montfavet;23.9;95.2;100;5;0.29;7;petit joueur;20;RETENUE;
France;fr_sncf;UIC87765420;Morières-lès-Avignon;23.9;95.8;100;5;0.29;7;petit joueur;20;RETENUE;
France;fr_sncf;UIC87765446;Gadagne;23.9;95.8;100;6;0.29;7;petit joueur;20;RETENUE;
France;fr_sncf;UIC87765453;Le Thor;23.9;95.8;100;5;0.29;7;petit joueur;20;RETENUE;
France;fr_sncf;UIC87611624;Saint-Jean-de-Verges;23.9;86.2;100;12;1;7;petit joueur;20;RETENUE;
France;fr_sncf;UIC87765479;L'Isle-sur-Sorgue - Fontaine-V;23.9;95.2;100;5;0.29;7;petit joueur;20;RETENUE;
France;fr_sncf;UIC87765503;Cavaillon;23.9;95.2;100;6;0.29;7;petit joueur;20;RETENUE;
France;fr_sncf;UIC87753707;Orgon;23.9;95.2;100;7;0.29;7;petit joueur;20;RETENUE;
France;fr_sncf;UIC87753731;Lamanon;23.9;95.8;100;5;0.29;7;petit joueur;20;RETENUE;
Allemagne;de_gtfsde;zlpichbf@50.70,6.66;zlpichbf;23.9;97.6;98.8;10;0;7;petit joueur;20;RETENUE;
Allemagne;de_gtfsde;scharstorfbahnhof@53.97,12.25;scharstorfbahnhof;23.9;88.6;94.9;15;0;7;petit joueur;20;RETENUE;
Allemagne;de_gtfsde;lssowmeckl@53.84,12.14;lssowmeckl;23.9;94;93.3;12;0;7;petit joueur;20;RETENUE;
Allemagne;de_gtfsde;hrstelbahnhof@52.30,7.59;hrstelbahnhof;23.9;87.4;88.8;56;0;7;petit joueur;20;RETENUE;
Allemagne;de_gtfsde;satteldorfbahnhof@49.18,10.08;satteldorfbahnhof;23.9;73.7;89.3;18;0;7;petit joueur;20;RETENUE;
Allemagne;de_gtfsde;hagenowlandbahnhof@53.41,11.22;hagenowlandbahnhof;23.9;79.6;92.8;21;0;7;petit joueur;20;RETENUE;
Allemagne;de_gtfsde;grokarolinenfeld@47.89,12.08;grokarolinenfeld;23.9;71.3;93.3;31;0;7;petit joueur;20;RETENUE;
Allemagne;de_gtfsde;peenemndepeenemnde@54.14,13.77;peenemndepeenemnde;23.9;97.6;96.5;8;0;7;petit joueur;20;RETENUE;
France;fr_sncf;UIC87597120;Argenton-sur-Creuse;23.7;91.6;100;9;1.14;7;petit joueur;19;RETENUE;
Pays-Bas;nl_ovapi;mnsterwestfhbf@51.96,7.64;mnsterwestfhbf;23.7;84.3;82.2;23;0;7;petit joueur;19;RETENUE;
Pays-Bas;nl_ovapi;badbentheim@52.31,7.16;badbentheim;23.7;74.7;99.4;51;0;7;petit joueur;19;RETENUE;
Allemagne;de_gtfsde;luckauuckrobahnhof@51.85,13.61;luckauuckrobahnhof;23.7;82.5;98.2;19;0;7;petit joueur;19;RETENUE;
Allemagne;de_gtfsde;wiesenaubahnhof@52.23,14.58;wiesenaubahnhof;23.7;94;88.8;11;0;7;petit joueur;19;RETENUE;
Allemagne;de_gtfsde;dottenheim@49.55,10.52;dottenheim;23.7;93.4;82.6;15;0;7;petit joueur;19;RETENUE;
Allemagne;de_gtfsde;hattorfamharz@51.65,10.24;hattorfamharz;23.7;92.8;84.3;13;0;7;petit joueur;19;RETENUE;
Allemagne;de_gtfsde;sulzbachtalbahnhof@49.52,7.66;sulzbachtalbahnhof;23.7;81.9;93.8;18;0;7;petit joueur;19;RETENUE;
Allemagne;de_gtfsde;kahlkoppheide@50.08,9.02;kahlkoppheide;23.7;93.4;90.2;13;0;7;petit joueur;19;RETENUE;
Allemagne;de_gtfsde;aling@47.99,11.99;aling;23.7;71.7;91.7;30;0;7;petit joueur;19;RETENUE;
Allemagne;de_gtfsde;selmbahnhof@51.71,7.45;selmbahnhof;23.7;68.1;92.2;23;0;7;petit joueur;19;RETENUE;
Allemagne;de_gtfsde;butzbachkirchgnsbahnhof@50.47,8.67;butzbachkirchgnsbahnhof;23.7;63.9;85.1;36;0;7;petit joueur;19;RETENUE;
Allemagne;de_gtfsde;blieskastellautzkirchen@49.25,7.26;blieskastellautzkirchen;23.7;42.8;93.3;21;0;7;petit joueur;19;RETENUE;
Allemagne;de_gtfsde;rehweilerbahnhof@49.49,7.44;rehweilerbahnhof;23.7;85.5;90.7;16;0;7;petit joueur;19;RETENUE;
Allemagne;de_gtfsde;bronnbachbahnhof@49.71,9.54;bronnbachbahnhof;23.7;86.7;88.8;22;0;7;petit joueur;19;RETENUE;
Allemagne;de_gtfsde;bierbach@49.26,7.28;bierbach;23.7;46.4;96.5;21;0;7;petit joueur;19;RETENUE;
France;fr_sncf;UIC87118158;Romilly-sur-Seine;23.6;91.5;100;6;0;7;petit joueur;19;RETENUE;
France;fr_sncf;UIC87761239;L'Isle-d'Abeau;23.6;94.5;100;8;0.29;7;petit joueur;19;RETENUE;
France;fr_sncf;UIC87725739;Romanèche-Thorins-Maison Blanche;23.6;91.5;100;13;0.14;7;petit joueur;19;RETENUE;
France;fr_sncf;UIC87723387;Saint-Quentin-Fallavier;23.6;93.9;100;7;0.29;7;petit joueur;19;RETENUE;
France;fr_sncf;UIC87581199;Macau;23.6;87.3;99.4;8;2.71;7;petit joueur;19;RETENUE;
France;fr_sncf;UIC87581728;Blanquefort;23.6;87.9;99.4;7;2.71;7;petit joueur;19;RETENUE;
Pays-Bas;nl_ovapi;brusselsairportzaventem@50.90,4.48;brusselsairportzaventem;23.6;93.3;100;22;0;7;petit joueur;19;RETENUE;
Allemagne;de_gtfsde;meitzendorf@52.21,11.56;meitzendorf;23.6;73.3;92.2;25;0;7;petit joueur;19;RETENUE;
Allemagne;de_gtfsde;brieskowfinkenheerdfinkenheerdbhf@52.25,14.57;brieskowfinkenheerdfinkenheerdbhf;23.6;90.9;90.2;15;0;7;petit joueur;19;RETENUE;
Allemagne;de_gtfsde;alzenauufr@50.09,9.07;alzenauufr;23.6;93.9;83.3;10;0;7;petit joueur;19;RETENUE;
Allemagne;de_gtfsde;hofenbahnhof@48.87,10.11;hofenbahnhof;23.6;57;82.9;32;0;7;petit joueur;19;RETENUE;
Allemagne;de_gtfsde;niedersachswerfen@51.55,10.76;niedersachswerfen;23.6;94.5;95.4;14;0;7;petit joueur;19;RETENUE;
Allemagne;de_gtfsde;wega@51.13,9.18;wega;23.6;92.7;94.8;13;0;7;petit joueur;19;RETENUE;
Allemagne;de_gtfsde;hxlchtringenbahnhof@51.79,9.43;hxlchtringenbahnhof;23.6;72.7;97.1;20;0;7;petit joueur;19;RETENUE;
Allemagne;de_gtfsde;niklashausenbahnhof@49.70,9.61;niklashausenbahnhof;23.6;85.5;86.8;21;0;7;petit joueur;19;RETENUE;
France;fr_sncf;UIC87741793;Bourg-Saint-Maurice;23.4;88.4;100;10;0.14;7;petit joueur;19;RETENUE;
France;fr_sncf;UIC87723320;Vénissieux;23.4;96.3;100;6;0.29;7;petit joueur;19;RETENUE;
France;fr_sncf;UIC87571216;Vendôme - Villiers-sur-Loir;23.4;86.6;100;10;0;7;petit joueur;19;RETENUE;
France;fr_sncf;UIC87444315;Serquigny;23.4;90.9;100;8;0;7;petit joueur;19;RETENUE;
Allemagne;de_gtfsde;niederpllnitz@50.77,11.96;niederpllnitz;23.4;87.8;87.2;19;0;7;petit joueur;19;RETENUE;
Allemagne;de_gtfsde;wildeckbosserode@50.95,9.99;wildeckbosserode;23.4;79.3;96.5;19;0;7;petit joueur;19;RETENUE;
Allemagne;de_gtfsde;wesselburen@54.21,8.93;wesselburen;23.4;97;98.2;11;0;7;petit joueur;19;RETENUE;
Allemagne;de_gtfsde;grnhainichenborstendorfbahnhof@50.77,13.16;grnhainichenborstendorfbahnhof;23.4;94.5;98.8;10;0;7;petit joueur;19;RETENUE;
Allemagne;de_gtfsde;friedersdorfldsbahnhof@52.29,13.79;friedersdorfldsbahnhof;23.4;84.8;94.8;55;0;7;petit joueur;19;RETENUE;
Allemagne;de_gtfsde;kablowbahnhof@52.30,13.72;kablowbahnhof;23.4;86.6;89.1;37;0;7;petit joueur;19;RETENUE;
Allemagne;de_gtfsde;herzbergelsterbahnhof@51.68,13.20;herzbergelsterbahnhof;23.4;89;99.4;21;0;7;petit joueur;19;RETENUE;
Allemagne;de_gtfsde;halleowlarena@52.06,8.34;halleowlarena;23.4;49.4;88.2;24;0;7;petit joueur;19;RETENUE;
Allemagne;de_gtfsde;rottweilsalineringzug@48.15,8.65;rottweilsalineringzug;23.4;74.4;91.1;34;0;7;petit joueur;19;RETENUE;
Allemagne;de_gtfsde;dautphetalbuchenaulahnbahnhof@50.87,8.60;dautphetalbuchenaulahnbahnhof;23.4;87.2;93.2;16;0;7;petit joueur;19;RETENUE;
Allemagne;de_gtfsde;walleshausen@48.15,10.98;walleshausen;23.4;84.1;96.5;13;0;7;petit joueur;19;RETENUE;
Allemagne;de_gtfsde;oerel@53.49,9.03;oerel;23.4;97;87.7;11;0;7;petit joueur;19;RETENUE;
Allemagne;de_gtfsde;herleshausenhp@51.00,10.17;herleshausenhp;23.4;81.1;96.5;20;0;7;petit joueur;19;RETENUE;
Allemagne;de_gtfsde;ziltendorfbahnhof@52.20,14.62;ziltendorfbahnhof;23.4;92.1;93.2;15;0;7;petit joueur;19;RETENUE;
Allemagne;de_gtfsde;bargstedt@53.46,9.45;bargstedt;23.4;96.3;93.2;10;0;7;petit joueur;19;RETENUE;
Etats-Unis;us_mta_mnr;tenmileriver@41.78,-73.56;tenmileriver;23.4;92.7;98.2;14;0;7;petit joueur;19;RETENUE;
France;fr_sncf;UIC87756833;Breil-sur-Roya;23.3;85.3;99.4;11;0.29;7;petit joueur;19;RETENUE;
France;fr_sncf;UIC87725721;Pontanevaux;23.3;92.6;100;11;0.14;7;petit joueur;19;RETENUE;
France;fr_sncf;UIC87212308;Bischheim;23.3;92;100;7;0;7;petit joueur;19;RETENUE;
France;fr_sncf;UIC87581736;Bruges;23.3;87.7;99.4;8;2.71;7;petit joueur;19;RETENUE;
France;fr_sncf;UIC87278259;Mérignac Arlac;23.3;86.5;100;9;2.71;7;petit joueur;19;RETENUE;
Irlande;ie_nta;donabate@53.49,-6.15;donabate;23.3;91.4;88.1;15;0;7;petit joueur;19;RETENUE;
Finlande;fi_digitraffic;SLO;;23.3;97.5;90.6;37;0;7;petit joueur;19;RETENUE;
Allemagne;de_gtfsde;heinzenhausenbahnhof@49.63,7.61;heinzenhausenbahnhof;23.3;81.6;95.9;18;0;7;petit joueur;19;RETENUE;
Allemagne;de_gtfsde;achernstadt@48.63,8.07;achernstadt;23.3;96.3;92.6;10;0;7;petit joueur;19;RETENUE;
Allemagne;de_gtfsde;borgholdendorfbahnhof@52.09,8.27;borgholdendorfbahnhof;23.3;53.4;95.9;25;0;7;petit joueur;19;RETENUE;
Allemagne;de_gtfsde;zeithainbahnhof@51.33,13.34;zeithainbahnhof;23.3;92.6;98.8;18;0;7;petit joueur;19;RETENUE;
Allemagne;de_gtfsde;eisenbachmatzenbach@49.49,7.46;eisenbachmatzenbach;23.3;82.8;93.1;16;0;7;petit joueur;19;RETENUE;
Allemagne;de_gtfsde;ganderkesee@53.04,8.54;ganderkesee;23.3;80.4;97.6;20;0;7;petit joueur;19;RETENUE;
Allemagne;de_gtfsde;nauendorfsaalkr@51.61,11.88;nauendorfsaalkr;23.3;73;95.3;27;0;7;petit joueur;19;RETENUE;
Allemagne;de_gtfsde;engstlattbahnhof@48.30,8.88;engstlattbahnhof;23.3;66.9;87.2;44;0;7;petit joueur;19;RETENUE;
Allemagne;de_gtfsde;zernsdorfbahnhof@52.30,13.69;zernsdorfbahnhof;23.3;87.1;93.1;65;0;7;petit joueur;19;RETENUE;
Allemagne;de_gtfsde;prsenbahnhof@51.43,13.49;prsenbahnhof;23.3;92;98.2;13;0;7;petit joueur;19;RETENUE;
Allemagne;de_gtfsde;vellmarniedervellmar@51.35,9.48;vellmarniedervellmar;23.3;92.6;87.2;16;0;7;petit joueur;19;RETENUE;
Allemagne;de_gtfsde;pfrontenried@47.58,10.56;pfrontenried;23.3;89.6;86.2;13;0;7;petit joueur;19;RETENUE;
Allemagne;de_gtfsde;uffenheim@49.55,10.24;uffenheim;23.3;89.6;94.2;17;0;7;petit joueur;19;RETENUE;
Allemagne;de_gtfsde;friedrichstadt@54.38,9.08;friedrichstadt;23.3;82.2;94.8;24;0;7;petit joueur;19;RETENUE;
Allemagne;de_gtfsde;lahntalcaldernbahnhof@50.85,8.67;lahntalcaldernbahnhof;23.3;88.3;90.6;16;0;7;petit joueur;19;RETENUE;
Allemagne;de_gtfsde;brahlstorfbhagenowbahnhof@53.36,10.95;brahlstorfbhagenowbahnhof;23.3;76.1;94.8;23;0;7;petit joueur;19;RETENUE;
Allemagne;de_gtfsde;nordhausensalza@51.52,10.77;nordhausensalza;23.3;96.3;81.5;11;0;7;petit joueur;19;RETENUE;
Allemagne;de_gtfsde;eglingadpaar@48.19,10.98;eglingadpaar;23.3;83.4;88.1;14;0;7;petit joueur;19;RETENUE;
Etats-Unis;us_mta_mnr;branchville@41.27,-73.44;branchville;23.3;84;98.8;19;0;7;petit joueur;19;RETENUE;
France;fr_sncf;UIC87581710;Parempuyre;23.1;88.9;99.4;7;2.71;7;petit joueur;19;RETENUE;
France;fr_sncf;UIC87738096;Le Bouscat Sainte-Germaine;23.1;87.7;100;8;2.71;7;petit joueur;19;RETENUE;
Irlande;ie_nta;balbriggan@53.61,-6.18;balbriggan;23.1;74.1;86.2;18;0;7;petit joueur;19;RETENUE;
Irlande;ie_nta;laytownstation@53.68,-6.24;laytownstation;23.1;77.8;86.2;17;0;7;petit joueur;19;RETENUE;
Allemagne;de_gtfsde;mainhausenzellhausenbahnhof@50.02,8.97;mainhausenzellhausenbahnhof;23.1;87.7;97.6;17;0;7;petit joueur;19;RETENUE;
Allemagne;de_gtfsde;hauensteinbahnhof@49.20,7.83;hauensteinbahnhof;23.1;91.4;97.6;13;0;7;petit joueur;19;RETENUE;
Allemagne;de_gtfsde;golenbahnhof@51.97,13.58;golenbahnhof;23.1;84;98.2;18;0;7;petit joueur;19;RETENUE;
Allemagne;de_gtfsde;weikersheimbahnhof@49.48,9.91;weikersheimbahnhof;23.1;80.9;92.6;22;0;7;petit joueur;19;RETENUE;
Allemagne;de_gtfsde;immelbornbushaltestelle@50.79,10.28;immelbornbushaltestelle;23.1;92;88.5;13;0;7;petit joueur;19;RETENUE;
Allemagne;de_gtfsde;lahntalsterzhausenbahnhof@50.86,8.71;lahntalsterzhausenbahnhof;23.1;84;91.5;22;0;7;petit joueur;19;RETENUE;
Allemagne;de_gtfsde;merching@48.25,10.98;merching;23.1;86.4;88.5;13;0;7;petit joueur;19;RETENUE;
Etats-Unis;us_mta_mnr;cannondale@41.22,-73.43;cannondale;23.1;85.2;100;18;0;7;petit joueur;19;RETENUE;
France;fr_sncf;UIC87741694;Notre-Dame de Briançon;23;83.9;100;10;0.14;7;petit joueur;19;RETENUE;
France;fr_sncf;UIC87683318;Saint-Florentin - Vergigny;23;88.2;100;10;0;7;petit joueur;19;RETENUE;
France;fr_sncf;UIC87313676;Laboissière - Le Déluge;23;90.7;100;11;0.57;7;petit joueur;19;RETENUE;
France;fr_sncf;UIC87713198;Tonnerre;23;87.6;100;10;0;7;petit joueur;19;RETENUE;
Allemagne;de_gtfsde;halveroberbrgge@51.19,7.57;halveroberbrgge;23;77.6;95.8;23;0;7;petit joueur;19;RETENUE;
Allemagne;de_gtfsde;domnitzsaalkr@51.64,11.84;domnitzsaalkr;23;72.7;90.4;24;0;7;petit joueur;19;RETENUE;
Allemagne;de_gtfsde;aschendorf@53.05,7.34;aschendorf;23;70.8;97;25;0;7;petit joueur;19;RETENUE;
Allemagne;de_gtfsde;egglkofen@48.40,12.45;egglkofen;23;96.9;94.2;14;0;7;petit joueur;19;RETENUE;
Allemagne;de_gtfsde;pritzierbahnhof@53.36,11.08;pritzierbahnhof;23;78.3;95.8;21;0;7;petit joueur;19;RETENUE;
Allemagne;de_gtfsde;wurmlingennord@48.01,8.78;wurmlingennord;23;72.7;83.9;39;0;7;petit joueur;19;RETENUE;
Allemagne;de_gtfsde;auehtte@50.72,10.42;auehtte;23;94.4;92;11;0;7;petit joueur;19;RETENUE;
Allemagne;de_gtfsde;ronnenberghan@52.32,9.65;ronnenberghan;23;64;92.5;32;0;7;petit joueur;19;RETENUE;
Allemagne;de_gtfsde;mariarain@47.63,10.48;mariarain;23;84.5;88;17;0;7;petit joueur;19;RETENUE;
Etats-Unis;us_mta_mnr;bethel@41.38,-73.42;bethel;23;86.3;98.8;23;0;7;petit joueur;19;RETENUE;
France;fr_sncf;UIC87317404;Rue;22.9;88.8;100;11;0;7;petit joueur;19;RETENUE;
France;fr_sncf;UIC87611533;Ax-les-Thermes;22.9;86.9;100;11;0.71;7;petit joueur;19;RETENUE;
France;fr_sncf;UIC87696450;Imphy;22.9;88.8;100;12;0.14;7;petit joueur;19;RETENUE;
Allemagne;de_gtfsde;artern@51.36,11.31;artern;22.9;77.5;94.1;29;0;7;petit joueur;19;RETENUE;
Allemagne;de_gtfsde;euerdorf@50.15,10.03;euerdorf;22.9;91.3;90.4;14;0;7;petit joueur;19;RETENUE;
Allemagne;de_gtfsde;holtensenlinderte@52.27,9.65;holtensenlinderte;22.9;56.3;84.2;33;0;7;petit joueur;19;RETENUE;
Allemagne;de_gtfsde;dessaualten@51.83,12.19;dessaualten;22.9;63.7;90.9;26;0;7;petit joueur;19;RETENUE;
Allemagne;de_gtfsde;heinsbergdremmen@51.05,6.15;heinsbergdremmen;22.9;80.6;88.9;17;0;7;petit joueur;19;RETENUE;
Allemagne;de_gtfsde;bestenseebahnhof@52.24,13.63;bestenseebahnhof;22.9;79.4;80.8;22;0;7;petit joueur;19;RETENUE;
Allemagne;de_gtfsde;wasungen@50.66,10.36;wasungen;22.9;95;83.8;10;0;7;petit joueur;19;RETENUE;
Allemagne;de_gtfsde;siebeldingenbirkwbahnhof@49.21,8.04;siebeldingenbirkwbahnhof;22.9;96.3;89.9;10;0;7;petit joueur;19;RETENUE;
Allemagne;de_gtfsde;osnabrcksutthausen@52.23,8.02;osnabrcksutthausen;22.9;71.9;94.7;22;0;7;petit joueur;19;RETENUE;
Allemagne;de_gtfsde;otterwisch@51.20,12.60;otterwisch;22.9;95.6;90.9;11;0;7;petit joueur;19;RETENUE;
France;fr_sncf;UIC87272096;Esches;22.7;92.5;99.4;8;0.57;7;petit joueur;19;RETENUE;
France;fr_sncf;UIC87747451;Brignoud;22.7;91.8;100;9;0;7;petit joueur;19;RETENUE;
France;fr_sncf;UIC87417501;Lancey;22.7;91.8;100;9;0;7;petit joueur;19;RETENUE;
France;fr_sncf;UIC87581538;Caudéran-Mérignac;22.7;86.8;100;9;2.71;7;petit joueur;19;RETENUE;
Allemagne;de_gtfsde;lohnweilerbahnhof@49.64,7.60;lohnweilerbahnhof;22.7;78.6;91.9;19;0;7;petit joueur;19;RETENUE;
Allemagne;de_gtfsde;schwarzheideostbhf@51.47,13.89;schwarzheideostbhf;22.7;97.5;95.2;8;0;7;petit joueur;19;RETENUE;
Allemagne;de_gtfsde;ettenhausen@50.88,10.23;ettenhausen;22.7;95.6;93;12;0;7;petit joueur;19;RETENUE;
Allemagne;de_gtfsde;badlaaspheniederlaasphebf@50.92,8.44;badlaaspheniederlaasphebf;22.7;84.3;90.9;21;0;7;petit joueur;19;RETENUE;
Allemagne;de_gtfsde;flechtingen@52.35,11.26;flechtingen;22.7;78;95.2;19;0;7;petit joueur;19;RETENUE;
Allemagne;de_gtfsde;neubu@49.24,12.44;neubu;22.7;67.3;93;22;0;7;petit joueur;19;RETENUE;
Allemagne;de_gtfsde;dombhl@49.25,10.30;dombhl;22.7;79.2;96.4;23;0;7;petit joueur;19;RETENUE;
Allemagne;de_gtfsde;weilheimbahnhof@48.03,8.78;weilheimbahnhof;22.7;70.4;86.9;41;0;7;petit joueur;19;RETENUE;
Allemagne;de_gtfsde;borkbahnhof@51.67,7.46;borkbahnhof;22.7;69.8;91.9;20;0;7;petit joueur;19;RETENUE;
Allemagne;de_gtfsde;oesedegmhtte@52.21,8.06;oesedegmhtte;22.7;64.2;97.5;24;0;7;petit joueur;19;RETENUE;
France;fr_sncf;UIC87481465;Montaigu;22.6;93.7;99.4;7;0;7;petit joueur;19;RETENUE;
France;fr_sncf;UIC87713156;Nuits sous Ravières;22.6;85.4;100;11;0;7;petit joueur;19;RETENUE;
France;fr_sncf;UIC87212357;Drusenheim;22.6;93.7;100;6;0;7;petit joueur;19;RETENUE;
France;fr_sncf;UIC87581181;Ludon;22.6;89.2;100;7;2.71;7;petit joueur;19;RETENUE;
Pays-Bas;nl_ovapi;puurs@51.08,4.28;puurs;22.6;91.8;100;26;0;7;petit joueur;19;RETENUE;
Allemagne;de_gtfsde;zahna@51.92,12.78;zahna;22.6;85.4;99.4;23;0;7;petit joueur;19;RETENUE;
Allemagne;de_gtfsde;rammelsbachbahnhof@49.54,7.44;rammelsbachbahnhof;22.6;89.2;86.3;14;0;7;petit joueur;19;RETENUE;
Allemagne;de_gtfsde;kolkwitzbahnhof@51.76,14.25;kolkwitzbahnhof;22.6;74.1;96.3;21;0;7;petit joueur;19;RETENUE;
Allemagne;de_gtfsde;diebach@50.13,9.84;diebach;22.6;97.5;89.8;11;0;7;petit joueur;19;RETENUE;
Allemagne;de_gtfsde;falkenausachsbahnhof@50.85,13.12;falkenausachsbahnhof;22.6;89.9;94;11;0;7;petit joueur;19;RETENUE;
Allemagne;de_gtfsde;bautzenbahnhof@51.17,14.43;bautzenbahnhof;22.6;95.6;99.4;10;0;7;petit joueur;19;RETENUE;
Allemagne;de_gtfsde;essenoldb@52.72,7.95;essenoldb;22.6;82.3;93.5;18;0;7;petit joueur;19;RETENUE;
Allemagne;de_gtfsde;barsinghausenbahnhof@52.30,9.47;barsinghausenbahnhof;22.6;74.7;91.3;27;0;7;petit joueur;19;RETENUE;
Allemagne;de_gtfsde;reicholzheimbahnhof@49.73,9.53;reicholzheimbahnhof;22.6;82.3;84.5;22;0;7;petit joueur;19;RETENUE;
Etats-Unis;us_mta_mnr;redding@41.33,-73.43;redding;22.6;84.8;99.4;20;0;7;petit joueur;19;RETENUE;
France;fr_sncf;UIC87345561;Caudry;22.4;93.6;100;10;0;7;petit joueur;18;RETENUE;
France;fr_sncf;UIC87141416;Baccarat;22.4;92.4;100;7;0;7;petit joueur;18;RETENUE;
France;fr_sncf;UIC87725713;Crêches-sur-Saône;22.4;93.6;100;11;0.14;7;petit joueur;18;RETENUE;
France;fr_sncf;UIC87296434;Mennessis;22.4;85.4;100;9;0.57;7;petit joueur;18;RETENUE;
France;fr_sncf;UIC87747204;Virieu sur Bourbre;22.4;88.5;99.4;11;0;7;petit joueur;18;RETENUE;
France;fr_sncf;UIC87295063;Hirson;22.4;86;100;13;0.57;7;petit joueur;18;RETENUE;
France;fr_sncf;UIC87696484;Decize;22.4;88.5;99.4;12;0.14;7;petit joueur;18;RETENUE;
Allemagne;de_gtfsde;nennig@49.54,6.38;nennig;22.4;97.5;84.4;9;0;7;petit joueur;18;RETENUE;
Allemagne;de_gtfsde;wilmersdorfbeiangermndebahnhof@53.11,13.89;wilmersdorfbeiangermndebahnhof;22.4;84.1;95.2;24;0;7;petit joueur;18;RETENUE;
Allemagne;de_gtfsde;sandhagenkrlro@54.05,11.74;sandhagenkrlro;22.4;77.1;91.3;15;0;7;petit joueur;18;RETENUE;
Allemagne;de_gtfsde;brunlingenindustriegebiet@47.93,8.47;brunlingenindustriegebiet;22.4;86;91.3;27;0;7;petit joueur;18;RETENUE;
Allemagne;de_gtfsde;neumnstereinfeld@54.13,10.00;neumnstereinfeld;22.4;86;87.7;20;0;7;petit joueur;18;RETENUE;
Allemagne;de_gtfsde;bevwehrdenbahnhof@51.71,9.38;bevwehrdenbahnhof;22.4;65;89.2;22;0;7;petit joueur;18;RETENUE;
Allemagne;de_gtfsde;ebertsheimbahnhof@49.56,8.11;ebertsheimbahnhof;22.4;86.6;84.4;15;0;7;petit joueur;18;RETENUE;
Allemagne;de_gtfsde;gerstungen@50.96,10.07;gerstungen;22.4;79;95.2;22;0;7;petit joueur;18;RETENUE;
Allemagne;de_gtfsde;nordenham@53.48,8.49;nordenham;22.4;76.4;98.7;31;0;7;petit joueur;18;RETENUE;
Allemagne;de_gtfsde;lahntalgofeldenbahnhof@50.87,8.74;lahntalgofeldenbahnhof;22.4;87.9;93.5;18;0;7;petit joueur;18;RETENUE;
Allemagne;de_gtfsde;wilgartswiesenbahnhof@49.21,7.88;wilgartswiesenbahnhof;22.4;95.5;92.9;10;0;7;petit joueur;18;RETENUE;
Allemagne;de_gtfsde;holdorfoldb@52.57,8.14;holdorfoldb;22.4;52.9;88.7;20;0;7;petit joueur;18;RETENUE;
Allemagne;de_gtfsde;garmischpartenkirchenhausberg@47.48,11.09;garmischpartenkirchenhausberg;22.4;67.5;96.3;20;0;7;petit joueur;18;RETENUE;
Etats-Unis;us_mta_mnr;wilton@41.20,-73.43;wilton;22.4;82.8;98.7;19;0;7;petit joueur;18;RETENUE;
France;fr_sncf;UIC87144642;Étival-Clairefontaine;22.3;92.9;100;6;0;7;petit joueur;18;RETENUE;
France;fr_sncf;UIC87144626;Raon-l'Étape;22.3;92.9;100;7;0;7;petit joueur;18;RETENUE;
France;fr_sncf;UIC87486142;Belleville-Vendée;22.3;93.6;100;7;0;7;petit joueur;18;RETENUE;
France;fr_sncf;UIC87486126;L'Herbergement - Les Brouzils;22.3;93.6;100;7;0;7;petit joueur;18;RETENUE;
France;fr_sncf;UIC87481747;Pornichet;22.3;82.7;98.7;14;0.14;7;petit joueur;18;RETENUE;
France;fr_sncf;UIC87611558;Luzenac - Garanou;22.3;88.5;99.4;9;0.71;7;petit joueur;18;RETENUE;
France;fr_sncf;UIC87743757;Tenay - Hauteville;22.3;84;100;11;0;7;petit joueur;18;RETENUE;
France;fr_sncf;UIC87747477;Goncelin;22.3;92.9;100;9;0;7;petit joueur;18;RETENUE;
Irlande;ie_nta;gormanstonstn@53.64,-6.22;gormanstonstn;22.3;73.7;85.7;19;0;7;petit joueur;18;RETENUE;
Pays-Bas;nl_ovapi;rheine@52.28,7.44;rheine;22.3;76.3;99.4;43;0;7;petit joueur;18;RETENUE;
Allemagne;de_gtfsde;wallertheimbahnhof@49.83,8.05;wallertheimbahnhof;22.3;34;92.3;36;0;7;petit joueur;18;RETENUE;
Allemagne;de_gtfsde;frthabeieisenach@50.94,10.26;frthabeieisenach;22.3;92.9;90.7;14;0;7;petit joueur;18;RETENUE;
Allemagne;de_gtfsde;reckweilerhofbahnhof@49.61,7.61;reckweilerhofbahnhof;22.3;80.1;90.7;19;0;7;petit joueur;18;RETENUE;
Allemagne;de_gtfsde;blnsdorfbahnhof@51.96,12.90;blnsdorfbahnhof;22.3;87.2;100;22;0;7;petit joueur;18;RETENUE;
Allemagne;de_gtfsde;paindorf@48.44,11.49;paindorf;22.3;79.5;95.7;23;0;7;petit joueur;18;RETENUE;
Allemagne;de_gtfsde;niederlehmebahnhof@52.30,13.65;niederlehmebahnhof;22.3;91;86.7;62;0;7;petit joueur;18;RETENUE;
Allemagne;de_gtfsde;wildeckobersuhl@50.95,10.03;wildeckobersuhl;22.3;75.6;94;21;0;7;petit joueur;18;RETENUE;
Allemagne;de_gtfsde;schandelahbahnhof@52.27,10.69;schandelahbahnhof;22.3;77.6;96.9;20;0;7;petit joueur;18;RETENUE;
Allemagne;de_gtfsde;heinschenwalde@53.50,8.97;heinschenwalde;22.3;96.8;83;11;0;7;petit joueur;18;RETENUE;
Allemagne;de_gtfsde;nettetalkaldenkirchenbf@51.33,6.20;nettetalkaldenkirchenbf;22.3;75.6;98.1;35;0;7;petit joueur;18;RETENUE;
Allemagne;de_gtfsde;klosteroesedegmhtte@52.20,8.11;klosteroesedegmhtte;22.3;63.5;92.9;21;0;7;petit joueur;18;RETENUE;
Allemagne;de_gtfsde;detfurthsolebad@52.07,10.02;detfurthsolebad;22.3;96.8;97.5;9;0;7;petit joueur;18;RETENUE;
Allemagne;de_gtfsde;schmiechenschwab@48.21,10.98;schmiechenschwab;22.3;84;85.7;13;0;7;petit joueur;18;RETENUE;
Etats-Unis;us_mta_mnr;merritt7@41.15,-73.43;merritt7;22.3;84;96.9;17;0;7;petit joueur;18;RETENUE;
France;fr_sncf;UIC87565143;Halte de Fontanil - Lycée de Drap;22.1;84.5;100;10;0.29;7;petit joueur;18;RETENUE;
France;fr_sncf;UIC87185009;Vesoul;22.1;92.9;100;8;0.86;7;petit joueur;18;RETENUE;
France;fr_sncf;UIC87611590;Tarascon-sur-Ariège;22.1;87.1;100;10;0.71;7;petit joueur;18;RETENUE;
France;fr_sncf;UIC87212316;La Wantzenau;22.1;89.7;100;7;0;7;petit joueur;18;RETENUE;
Allemagne;de_gtfsde;lbaubahnhof@51.10,14.67;lbaubahnhof;22.1;94.8;99.4;10;0;7;petit joueur;18;RETENUE;
Allemagne;de_gtfsde;stadtilm@50.77,11.07;stadtilm;22.1;91.6;92.8;14;0;7;petit joueur;18;RETENUE;
Allemagne;de_gtfsde;brigachtalklengen@48.01,8.47;brigachtalklengen;22.1;81.9;83.3;35;0;7;petit joueur;18;RETENUE;
Allemagne;de_gtfsde;heldrungen@51.30,11.18;heldrungen;22.1;74.2;92.8;33;0;7;petit joueur;18;RETENUE;
Allemagne;de_gtfsde;schwarzenbek@53.50,10.48;schwarzenbek;22.1;82.6;96.9;23;0;7;petit joueur;18;RETENUE;
Allemagne;de_gtfsde;blens@50.66,6.49;blens;22.1;95.5;88.1;12;0;7;petit joueur;18;RETENUE;
Allemagne;de_gtfsde;bersenbrck@52.55,7.94;bersenbrck;22.1;83.2;90.1;18;0;7;petit joueur;18;RETENUE;
France;fr_sncf;UIC87741777;Landry;22;87;100;10;0.14;7;petit joueur;18;RETENUE;
France;fr_sncf;UIC87611848;Montrabé;22;91.6;100;6;0.29;7;petit joueur;18;RETENUE;
France;fr_sncf;UIC87756783;Peillon - Sainte-Thècle;22;85.1;100;10;0.29;7;petit joueur;18;RETENUE;
France;fr_sncf;UIC87582684;Cadaujac;22;89;100;8;0.14;7;petit joueur;18;RETENUE;
France;fr_sncf;UIC87747220;Le Grand-Lemps;22;89;99.4;9;0;7;petit joueur;18;RETENUE;
Irlande;ie_nta;limerickcolbert@52.66,-8.62;limerickcolbert;22;96.1;80.2;12;0;7;petit joueur;18;RETENUE;
Allemagne;de_gtfsde;kronskamp@53.93,12.32;kronskamp;22;90.9;93.3;14;0;7;petit joueur;18;RETENUE;
Allemagne;de_gtfsde;waltershausen@50.90,10.56;waltershausen;22;96.1;87.5;9;0;7;petit joueur;18;RETENUE;
Allemagne;de_gtfsde;demminbahnhof@53.90,13.05;demminbahnhof;22;72.1;91.1;29;0;7;petit joueur;18;RETENUE;
Allemagne;de_gtfsde;hohenfichtebahnhof@50.82,13.13;hohenfichtebahnhof;22;94.2;97.5;11;0;7;petit joueur;18;RETENUE;
Allemagne;de_gtfsde;wolfsgefrth@50.82,12.07;wolfsgefrth;22;76.6;83.7;27;0;7;petit joueur;18;RETENUE;
Allemagne;de_gtfsde;lbeckkcknitz@53.92,10.82;lbeckkcknitz;22;89.6;91.1;17;0;7;petit joueur;18;RETENUE;
Allemagne;de_gtfsde;epebahnhof@52.18,7.03;epebahnhof;22;72.7;95.7;25;0;7;petit joueur;18;RETENUE;
Allemagne;de_gtfsde;schneverdingen@53.11,9.80;schneverdingen;22;61.7;90.1;29;0;7;petit joueur;18;RETENUE;
Allemagne;de_gtfsde;bremenhemelingen@53.05,8.89;bremenhemelingen;22;69.5;94.5;25;0;7;petit joueur;18;RETENUE;
Allemagne;de_gtfsde;bruckberg@48.52,12.00;bruckberg;22;90.9;92.8;16;0;7;petit joueur;18;RETENUE;
Allemagne;de_gtfsde;kaiserslauternwestbahnhof@49.45,7.75;kaiserslauternwestbahnhof;22;83.8;94.5;16;0;7;petit joueur;18;RETENUE;
Allemagne;de_gtfsde;osterodeamharzleege@51.72,10.27;osterodeamharzleege;22;95.5;96.3;13;0;7;petit joueur;18;RETENUE;
Allemagne;de_gtfsde;mnstersprakelbahnhof@52.04,7.62;mnstersprakelbahnhof;22;69.5;88.5;75;0;7;petit joueur;18;RETENUE;
France;fr_sncf;UIC87741769;Aime - La Plagne;21.9;87.6;100;11;0.14;7;petit joueur;18;RETENUE;
France;fr_sncf;UIC87718155;Arbois;21.9;90.2;100;10;0.14;7;petit joueur;18;RETENUE;
France;fr_sncf;UIC87756817;Touët-de-l'Escarène;21.9;85;100;9;0.29;7;petit joueur;18;RETENUE;
France;fr_sncf;UIC87485490;Saint-Maixent-L'École;21.9;95.4;100;7;0.43;7;petit joueur;18;RETENUE;
France;fr_sncf;UIC87747212;Châbons;21.9;88.9;100;10;0;7;petit joueur;18;RETENUE;
France;fr_sncf;UIC87396564;Écommoy;21.9;71.9;99.4;14;3.57;7;petit joueur;18;RETENUE;
Allemagne;de_gtfsde;walpertskirchen@48.26,11.97;walpertskirchen;21.9;56.9;96.8;25;0;7;petit joueur;18;RETENUE;
Allemagne;de_gtfsde;sandwehle@54.33,8.76;sandwehle;21.9;97.4;89.5;7;0;7;petit joueur;18;RETENUE;
Allemagne;de_gtfsde;omannstedtbushaltestelle@51.02,11.43;omannstedtbushaltestelle;21.9;66.7;80.1;55;0;7;petit joueur;18;RETENUE;
Allemagne;de_gtfsde;ottenhfenwest@48.57,8.14;ottenhfenwest;21.9;95.4;89.5;13;0;7;petit joueur;18;RETENUE;
Allemagne;de_gtfsde;quakenbrck@52.67,7.95;quakenbrck;21.9;83.7;96.8;18;0;7;petit joueur;18;RETENUE;
Allemagne;de_gtfsde;stotternheim@51.05,11.05;stotternheim;21.9;72.5;90;29;0;7;petit joueur;18;RETENUE;
Allemagne;de_gtfsde;frelsdorf@53.50,8.90;frelsdorf;21.9;97.4;81.8;10;0;7;petit joueur;18;RETENUE;
Allemagne;de_gtfsde;hilterwellendorf@52.18,8.14;hilterwellendorf;21.9;56.9;89.5;25;0;7;petit joueur;18;RETENUE;
Allemagne;de_gtfsde;balgheimbahnhof@48.07,8.76;balgheimbahnhof;21.9;69.3;80.5;36;0;7;petit joueur;18;RETENUE;
Allemagne;de_gtfsde;hochhausenbahnhof@49.66,9.63;hochhausenbahnhof;21.9;86.3;90.5;19;0;7;petit joueur;18;RETENUE;
Allemagne;de_gtfsde;neuwokernbahnhof@53.76,12.50;neuwokernbahnhof;21.9;81.7;96.2;20;0;7;petit joueur;18;RETENUE;
France;fr_sncf;UIC87481762;Le Pouliguen;21.7;82.9;100;12;0.14;7;petit joueur;18;RETENUE;
France;fr_sncf;UIC87723452;Cessieu;21.7;96.1;100;5;0.29;7;petit joueur;18;RETENUE;
France;fr_sncf;UIC87756825;Sospel;21.7;85.5;100;10;0.29;7;petit joueur;18;RETENUE;
France;fr_sncf;UIC87723353;Saint-Priest;21.7;96.7;100;6;0.29;7;petit joueur;18;RETENUE;
France;fr_sncf;UIC87756809;L'Escarène;21.7;85.5;100;9;0.29;7;petit joueur;18;RETENUE;
France;fr_sncf;UIC87342105;Bully - Grenay;21.7;91.4;100;13;0.14;7;petit joueur;18;RETENUE;
France;fr_sncf;UIC87611046;Le Fauga;21.7;90.1;100;8;0.57;7;petit joueur;18;RETENUE;
France;fr_sncf;UIC87742320;Saint-Jean-de-Maurienne Arvan;21.7;89.5;100;8;0.14;7;petit joueur;18;RETENUE;
France;fr_sncf;UIC87295048;Fourmies;21.7;88.2;100;12;0.57;7;petit joueur;18;RETENUE;
France;fr_sncf;UIC87595124;Thiviers;21.7;80.9;99.3;8;1;7;petit joueur;18;RETENUE;
France;fr_sncf;UIC87698738;Tassin-le-Baraillon;21.7;84.9;100;8;0;7;petit joueur;18;RETENUE;
France;fr_sncf;UIC87478057;Combourg;21.7;87.5;100;8;0.14;7;petit joueur;18;RETENUE;
Allemagne;de_gtfsde;bielefeldquellekupferheidebahnhof@51.99,8.48;bielefeldquellekupferheidebahnhof;21.7;64.5;94.4;21;0;7;petit joueur;18;RETENUE;
Allemagne;de_gtfsde;rtzlingen@52.41,11.12;rtzlingen;21.7;71.1;92.7;20;0;7;petit joueur;18;RETENUE;
Allemagne;de_gtfsde;geraberg@50.72,10.86;geraberg;21.7;96.7;93.3;10;0;7;petit joueur;18;RETENUE;
Allemagne;de_gtfsde;kappelrodeckbahnhof@48.59,8.12;kappelrodeckbahnhof;21.7;97.4;92.7;10;0;7;petit joueur;18;RETENUE;
Allemagne;de_gtfsde;buschowbahnhof@52.59,12.63;buschowbahnhof;21.7;79.6;99.3;19;0;7;petit joueur;18;RETENUE;
Allemagne;de_gtfsde;itzelbergbahnhof@48.73,10.14;itzelbergbahnhof;21.7;90.8;90.5;14;0;7;petit joueur;18;RETENUE;
Allemagne;de_gtfsde;burgsinn@50.15,9.66;burgsinn;21.7;93.4;92.7;14;0;7;petit joueur;18;RETENUE;
Allemagne;de_gtfsde;mittelsinn@50.19,9.62;mittelsinn;21.7;92.1;88.9;14;0;7;petit joueur;18;RETENUE;
Allemagne;de_gtfsde;berne@53.18,8.48;berne;21.7;64.5;91.6;28;0;7;petit joueur;18;RETENUE;
Allemagne;de_gtfsde;eisenachopelwerke@50.98,10.28;eisenachopelwerke;21.7;85.5;95.6;22;0;7;petit joueur;18;RETENUE;
Allemagne;de_gtfsde;mandern@51.13,9.21;mandern;21.7;90.8;96.2;15;0;7;petit joueur;18;RETENUE;
Allemagne;de_gtfsde;konzkreuz@49.70,6.58;konzkreuz;21.7;93.4;83.5;12;0;7;petit joueur;18;RETENUE;
Allemagne;de_gtfsde;drpenbahnhof@52.96,7.35;drpenbahnhof;21.7;67.8;96.2;27;0;7;petit joueur;18;RETENUE;
France;fr_sncf;UIC87755405;Le Luc - Le Cannet;21.6;80.8;100;12;0.86;7;petit joueur;18;RETENUE;
France;fr_sncf;UIC87342139;Noeux-Les-Mines;21.6;91.4;100;13;0.14;7;petit joueur;18;RETENUE;
France;fr_sncf;UIC87396366;La Suze;21.6;91.4;100;11;0.29;7;petit joueur;18;RETENUE;
France;fr_sncf;UIC87295733;Avesnes-sur-Helpe;21.6;87.4;100;13;0.57;7;petit joueur;18;RETENUE;
Allemagne;de_gtfsde;walkenried@51.58,10.61;walkenried;21.6;86.1;95;15;0;7;petit joueur;18;RETENUE;
Allemagne;de_gtfsde;seehausenumbahnhof@53.22,13.88;seehausenumbahnhof;21.6;84.8;93.2;22;0;7;petit joueur;18;RETENUE;
Allemagne;de_gtfsde;brieskowfinkenheerdkraftwerkfinkenheerdbhf@52.26,14.58;brieskowfinkenheerdkraftwerkfinkenheerdbhf;21.6;90.1;84.4;18;0;7;petit joueur;18;RETENUE;
Allemagne;de_gtfsde;woltersdorfnutheurstromtalbahnhof@52.12,13.19;woltersdorfnutheurstromtalbahnhof;21.6;79.5;94.4;26;0;7;petit joueur;18;RETENUE;
Allemagne;de_gtfsde;leubingen@51.21,11.15;leubingen;21.6;72.2;91.5;34;0;7;petit joueur;18;RETENUE;
Allemagne;de_gtfsde;korbachsd@51.27,8.88;korbachsd;21.6;72.8;91.5;16;0;7;petit joueur;18;RETENUE;
France;fr_sncf;UIC87317339;Marquise - Rinxent;21.4;90.7;99.3;10;0;7;petit joueur;18;RETENUE;
France;fr_sncf;UIC87755397;Gonfaron;21.4;82;97.4;11;0.86;7;petit joueur;18;RETENUE;
France;fr_sncf;UIC87671172;Tournay;21.4;86;100;12;0.14;7;petit joueur;18;RETENUE;
France;fr_sncf;UIC87756791;Peille;21.4;85.3;97.4;9;0.29;7;petit joueur;18;RETENUE;
France;fr_sncf;UIC87718189;Poligny;21.4;91.3;100;8;0.14;7;petit joueur;18;RETENUE;
France;fr_sncf;UIC87611053;Longages - Noé;21.4;91.3;100;9;0.57;7;petit joueur;18;RETENUE;
France;fr_sncf;UIC87276212;Liancourt - Rantigny;21.4;90.7;100;10;0.71;7;petit joueur;18;RETENUE;
France;fr_sncf;UIC87491142;Jonzac;21.4;82;99.3;11;0;7;petit joueur;18;RETENUE;
Allemagne;de_gtfsde;brakeunterweser@53.33,8.48;brakeunterweser;21.4;54.7;98;30;0;7;petit joueur;18;RETENUE;
Allemagne;de_gtfsde;frose@51.79,11.37;frose;21.4;56;93.2;32;0;7;petit joueur;18;RETENUE;
Allemagne;de_gtfsde;warnitzbahnhof@53.18,13.88;warnitzbahnhof;21.4;82.7;93.8;23;0;7;petit joueur;18;RETENUE;
Allemagne;de_gtfsde;werther@51.47,10.74;werther;21.4;82.7;87.7;22;0;7;petit joueur;18;RETENUE;
Allemagne;de_gtfsde;gersthofen@48.42,10.86;gersthofen;21.4;86.7;92.6;21;0;7;petit joueur;18;RETENUE;
Allemagne;de_gtfsde;kirchdorfbahnhof@52.29,9.49;kirchdorfbahnhof;21.4;70;80.6;26;0;7;petit joueur;18;RETENUE;
Allemagne;de_gtfsde;lunden@54.33,9.03;lunden;21.4;78;96.2;27;0;7;petit joueur;18;RETENUE;
Allemagne;de_gtfsde;marbachost@48.03,8.48;marbachost;21.4;75.3;80.2;41;0;7;petit joueur;18;RETENUE;
Allemagne;de_gtfsde;hrschelhp@51.01,10.23;hrschelhp;21.4;83.3;96.2;20;0;7;petit joueur;18;RETENUE;
Allemagne;de_gtfsde;eisenachwest@50.98,10.30;eisenachwest;21.4;82.7;93.8;21;0;7;petit joueur;18;RETENUE;
Allemagne;de_gtfsde;annweilersarnstallbahnhof@49.21,7.94;annweilersarnstallbahnhof;21.4;94;90.4;10;0;7;petit joueur;18;RETENUE;
France;fr_sncf;UIC87584235;Gardonne;21.3;92.6;100;12;0.14;7;petit joueur;18;RETENUE;
France;fr_sncf;UIC87491811;Saujon;21.3;92.6;99.3;9;0;7;petit joueur;18;RETENUE;
France;fr_sncf;UIC87611087;Martres-Tolosane;21.3;92.6;100;8;0.57;7;petit joueur;18;RETENUE;
France;fr_sncf;UIC87575225;Chasseneuil-du-Poitou;21.3;94;99.3;7;0.14;7;petit joueur;18;RETENUE;
France;fr_sncf;UIC87575217;Jaunay-Clan;21.3;91.3;100;7;0.14;7;petit joueur;18;RETENUE;
France;fr_sncf;UIC87484246;Chemillé;21.3;91.3;100;6;0.14;7;petit joueur;18;RETENUE;
France;fr_sncf;UIC87276204;Laigneville;21.3;90.6;100;9;0.71;7;petit joueur;18;RETENUE;
Allemagne;de_gtfsde;palzembahnhof@49.57,6.37;palzembahnhof;21.3;98;94.3;8;0;7;petit joueur;18;RETENUE;
Allemagne;de_gtfsde;reuterstadtstavenhagen@53.71,12.91;reuterstadtstavenhagen;21.3;93.3;95.5;14;0;7;petit joueur;18;RETENUE;
Allemagne;de_gtfsde;oberachernbahnhof@48.61,8.08;oberachernbahnhof;21.3;98;92.5;9;0;7;petit joueur;18;RETENUE;
Allemagne;de_gtfsde;leuthenbahnhof@51.70,14.26;leuthenbahnhof;21.3;93.3;90.9;12;0;7;petit joueur;18;RETENUE;
Allemagne;de_gtfsde;sachsenhausenbahnhof@52.77,13.25;sachsenhausenbahnhof;21.3;87.2;96.8;37;0;7;petit joueur;18;RETENUE;
Allemagne;de_gtfsde;furschenbachbahnhof@48.58,8.14;furschenbachbahnhof;21.3;96.6;93.1;10;0;7;petit joueur;18;RETENUE;
Allemagne;de_gtfsde;lam@49.19,13.05;lam;21.3;41.6;95.5;29;0;7;petit joueur;18;RETENUE;
Allemagne;de_gtfsde;langelsheimbahnhof@51.93,10.34;langelsheimbahnhof;21.3;96;93.1;11;0;7;petit joueur;18;RETENUE;
Allemagne;de_gtfsde;wrthmozartstrae@49.06,8.25;wrthmozartstrae;21.3;96.6;88.7;12;0;7;petit joueur;18;RETENUE;
Australie;au_translink_seq;shorncliffestation@-27.33,153.08;shorncliffestation;21.3;91.9;88.2;66;0;7;petit joueur;18;RETENUE;
France;fr_sncf;UIC87491803;Royan;21.1;93.2;100;9;0;7;petit joueur;17;RETENUE;
France;fr_sncf;UIC87755421;Vidauban;21.1;81.8;100;9;0.86;7;petit joueur;17;RETENUE;
France;fr_sncf;UIC87171512;Dormans;21.1;87.2;100;12;0;7;petit joueur;17;RETENUE;
France;fr_sncf;UIC87755389;Pignans;21.1;83.8;100;11;0.86;7;petit joueur;17;RETENUE;
France;fr_sncf;UIC87721522;Le Méridien La Ferrière;21.1;85.8;99.3;8;0;7;petit joueur;17;RETENUE;
France;fr_sncf;UIC87476267;Les Sables Blancs;21.1;90.5;100;8;0.29;7;petit joueur;17;RETENUE;
Allemagne;de_gtfsde;flhaplaue@50.84,13.09;flhaplaue;21.1;95.3;93.1;12;0;7;petit joueur;17;RETENUE;
Allemagne;de_gtfsde;blzig@51.89,12.75;blzig;21.1;90.5;98;19;0;7;petit joueur;17;RETENUE;
Allemagne;de_gtfsde;alsdorfsieggrnebacherhttebf@50.78,7.89;alsdorfsieggrnebacherhttebf;21.1;98;94.3;7;0;7;petit joueur;17;RETENUE;
Allemagne;de_gtfsde;bredstedt@54.62,8.97;bredstedt;21.1;81.1;91.9;24;0;7;petit joueur;17;RETENUE;
Allemagne;de_gtfsde;hauensteinbahnhofmitte@49.20,7.85;hauensteinbahnhofmitte;21.1;93.2;89.7;12;0;7;petit joueur;17;RETENUE;
Allemagne;de_gtfsde;greuen@51.23,10.94;greuen;21.1;60.8;93.1;25;0;7;petit joueur;17;RETENUE;
Allemagne;de_gtfsde;eckartshausenbahnhof@49.15,9.94;eckartshausenbahnhof;21.1;92.6;94.9;15;0;7;petit joueur;17;RETENUE;
Allemagne;de_gtfsde;hagenbach@49.02,8.25;hagenbach;21.1;96.6;93.1;8;0;7;petit joueur;17;RETENUE;
Allemagne;de_gtfsde;rietheimbahnhof@48.04,8.78;rietheimbahnhof;21.1;69.6;82.2;37;0;7;petit joueur;17;RETENUE;
Allemagne;de_gtfsde;rothenbrg@50.31,11.77;rothenbrg;21.1;86.5;96.7;14;0;7;petit joueur;17;RETENUE;
Allemagne;de_gtfsde;schloholtebahnhof@51.91,8.61;schloholtebahnhof;21.1;76.4;92.5;18;0;7;petit joueur;17;RETENUE;
Allemagne;de_gtfsde;fridolfing@47.98,12.80;fridolfing;21.1;95.9;94.3;12;0;7;petit joueur;17;RETENUE;
Allemagne;de_gtfsde;langenbach@48.44,11.85;langenbach;21.1;93.2;91.9;15;0;7;petit joueur;17;RETENUE;
France;fr_sncf;UIC87342279;Berguette - Isbergues;21;90.5;100;13;0.14;7;petit joueur;17;RETENUE;
France;fr_sncf;UIC87342238;Lillers;21;90.5;100;13;0.14;7;petit joueur;17;RETENUE;
France;fr_sncf;UIC87575183;La Tricherie;21;89.8;100;8;0.14;7;petit joueur;17;RETENUE;
France;fr_sncf;UIC87484204;Chalonnes;21;92.5;100;7;0.14;7;petit joueur;17;RETENUE;
France;fr_sncf;UIC87212373;Rountzenheim;21;93.2;100;6;0;7;petit joueur;17;RETENUE;
France;fr_sncf;UIC87212365;Sessenheim;21;93.2;100;6;0;7;petit joueur;17;RETENUE;
France;fr_sncf;UIC87721530;Charbonnières-les-Bains;21;86.4;100;5;0;7;petit joueur;17;RETENUE;
France;fr_sncf;UIC87476416;Plouharnel - Carnac;21;90.5;100;9;0.29;7;petit joueur;17;RETENUE;
Allemagne;de_gtfsde;hilteratw@52.14,8.15;hilteratw;21;54.4;96.1;25;0;7;petit joueur;17;RETENUE;
Allemagne;de_gtfsde;sprendlingenbahnhof@49.86,7.98;sprendlingenbahnhof;21;36.7;87.5;30;0;7;petit joueur;17;RETENUE;
Allemagne;de_gtfsde;basfbahnhofmitte@49.51,8.43;basfbahnhofmitte;21;94.6;84.5;11;0;7;petit joueur;17;RETENUE;
Allemagne;de_gtfsde;espelkampbahnhof@52.38,8.61;espelkampbahnhof;21;77.6;96.1;54;0;7;petit joueur;17;RETENUE;
Allemagne;de_gtfsde;baselsbb@47.55,7.59;baselsbb;21;80.3;98;27;0;7;petit joueur;17;RETENUE;
Allemagne;de_gtfsde;papenburgems@53.09,7.39;papenburgems;21;66;96.1;35;0;7;petit joueur;17;RETENUE;
Allemagne;de_gtfsde;collenberg@49.77,9.33;collenberg;21;91.2;91.9;12;0;7;petit joueur;17;RETENUE;
Allemagne;de_gtfsde;oberharmersbachriersbach@48.38,8.14;oberharmersbachriersbach;21;98;86;13;0;7;petit joueur;17;RETENUE;
Allemagne;de_gtfsde;ebingenwest@48.21,9.00;ebingenwest;21;68.7;84.5;27;0;7;petit joueur;17;RETENUE;
Allemagne;de_gtfsde;chamerau@49.20,12.75;chamerau;21;36.7;88.6;30;0;7;petit joueur;17;RETENUE;
Allemagne;de_gtfsde;niederschmalkalden@50.72,10.38;niederschmalkalden;21;93.9;88;10;0;7;petit joueur;17;RETENUE;
Allemagne;de_gtfsde;frauenhainbahnhof@51.38,13.50;frauenhainbahnhof;21;98;93;8;0;7;petit joueur;17;RETENUE;
Allemagne;de_gtfsde;lbberstedt@53.34,8.79;lbberstedt;21;69.4;97.4;25;0;7;petit joueur;17;RETENUE;
Allemagne;de_gtfsde;schmalkalden@50.72,10.44;schmalkalden;21;95.9;86.5;11;0;7;petit joueur;17;RETENUE;
France;fr_sncf;UIC87718296;Saint-Amour;20.9;91.1;99.3;8;0;7;petit joueur;17;RETENUE;
France;fr_sncf;UIC87575191;Dissay;20.9;91.8;100;7;0.14;7;petit joueur;17;RETENUE;
France;fr_sncf;UIC87574897;Saint-Aignan - Noyers;20.9;91.8;99.3;10;0.29;7;petit joueur;17;RETENUE;
France;fr_sncf;UIC87673293;Labenne;20.9;91.1;100;9;1.14;7;petit joueur;17;RETENUE;
France;fr_sncf;UIC87575167;Nerpuy;20.9;90.4;100;7;0.14;7;petit joueur;17;RETENUE;
France;fr_sncf;UIC87611459;Lavilledieu;20.9;89.7;100;9;0;7;petit joueur;17;RETENUE;
Allemagne;de_gtfsde;hinterweidenthalbahnhof@49.20,7.75;hinterweidenthalbahnhof;20.9;89.7;96.1;11;0;7;petit joueur;17;RETENUE;
Allemagne;de_gtfsde;neuburgkammel@48.30,10.37;neuburgkammel;20.9;97.3;91.3;9;0;7;petit joueur;17;RETENUE;
Allemagne;de_gtfsde;marienheidebf@51.08,7.53;marienheidebf;20.9;66.4;90.1;26;0;7;petit joueur;17;RETENUE;
Allemagne;de_gtfsde;dorfprozelten@49.78,9.38;dorfprozelten;20.9;90.4;88.5;12;0;7;petit joueur;17;RETENUE;
Allemagne;de_gtfsde;sollstedtbeibleicherode@51.41,10.53;sollstedtbeibleicherode;20.9;93.2;83.4;21;0;7;petit joueur;17;RETENUE;
Allemagne;de_gtfsde;hohendorf@54.03,13.73;hohendorf;20.9;84.9;88.5;14;0;7;petit joueur;17;RETENUE;
Allemagne;de_gtfsde;vettweijakobwllesheimbus@50.77,6.57;vettweijakobwllesheimbus;20.9;97.3;90.1;10;0;7;petit joueur;17;RETENUE;
Allemagne;de_gtfsde;burkhardswaldebahnhof@50.93,13.84;burkhardswaldebahnhof;20.9;74;96.7;30;0;7;petit joueur;17;RETENUE;
Allemagne;de_gtfsde;unadingenbahnhof@47.88,8.40;unadingenbahnhof;20.9;84.9;98.6;17;0;7;petit joueur;17;RETENUE;
Allemagne;de_gtfsde;telgtebahnhof@51.98,7.78;telgtebahnhof;20.9;81.5;91.3;31;0;7;petit joueur;17;RETENUE;
Allemagne;de_gtfsde;badenachim@53.01,9.08;badenachim;20.9;81.5;90.7;22;0;7;petit joueur;17;RETENUE;
Allemagne;de_gtfsde;grorudestedt@51.09,11.09;grorudestedt;20.9;72.6;91.8;33;0;7;petit joueur;17;RETENUE;
Allemagne;de_gtfsde;zabeltitzbahnhof@51.35,13.52;zabeltitzbahnhof;20.9;96.6;98;11;0;7;petit joueur;17;RETENUE;
Allemagne;de_gtfsde;halenbahnhof@52.34,7.94;halenbahnhof;20.9;64.4;90.7;15;0;7;petit joueur;17;RETENUE;
France;fr_sncf;UIC87586107;Port-Sainte-Marie;20.7;95.9;100;7;0.57;7;petit joueur;17;RETENUE;
France;fr_sncf;UIC87586693;Aiguillon;20.7;95.9;100;6;0.57;7;petit joueur;17;RETENUE;
France;fr_sncf;UIC87586651;Tonneins;20.7;95.9;100;6;0.57;7;petit joueur;17;RETENUE;
France;fr_sncf;UIC87673095;Boucau;20.7;92.4;100;9;1.14;7;petit joueur;17;RETENUE;
France;fr_sncf;UIC87545756;Châteaudun;20.7;88.3;98.6;7;0.14;7;petit joueur;17;RETENUE;
France;fr_sncf;UIC87673285;Bénesse-Maremne;20.7;91.7;100;10;1.14;7;petit joueur;17;RETENUE;
France;fr_sncf;UIC87741504;Virieu-le-Grand - Belley;20.7;83.4;100;10;0;7;petit joueur;17;RETENUE;
France;fr_sncf;UIC87575175;Naintré les Barres;20.7;90.3;100;7;0.14;7;petit joueur;17;RETENUE;
France;fr_sncf;UIC87208553;Casino Lacroix Laval;20.7;86.9;98.6;5;0;7;petit joueur;17;RETENUE;
France;fr_sncf;UIC87212324;Kilstett;20.7;88.3;100;6;0;7;petit joueur;17;RETENUE;
Allemagne;de_gtfsde;rtenbachfriedenwbahnhof@47.89,8.29;rtenbachfriedenwbahnhof;20.7;89;97.3;17;0;7;petit joueur;17;RETENUE;
Allemagne;de_gtfsde;badktzting@49.17,12.85;badktzting;20.7;47.6;92.4;28;0;7;petit joueur;17;RETENUE;
Allemagne;de_gtfsde;badblankenburgthringerwald@50.68,11.28;badblankenburgthringerwald;20.7;93.8;83.3;12;0;7;petit joueur;17;RETENUE;
Allemagne;de_gtfsde;ahltenbahnhof@52.38,9.90;ahltenbahnhof;20.7;86.2;85.8;18;0;7;petit joueur;17;RETENUE;
Allemagne;de_gtfsde;rinnthalbahnhof@49.22,7.93;rinnthalbahnhof;20.7;94.5;94.2;12;0;7;petit joueur;17;RETENUE;
Allemagne;de_gtfsde;niedergrsdorfbahnhof@51.97,12.98;niedergrsdorfbahnhof;20.7;80;94.8;23;0;7;petit joueur;17;RETENUE;
Allemagne;de_gtfsde;nassenheidebahnhof@52.82,13.24;nassenheidebahnhof;20.7;88.3;92.9;29;0;7;petit joueur;17;RETENUE;
Allemagne;de_gtfsde;hartensteinbahnhofburgstein@50.65,12.66;hartensteinbahnhofburgstein;20.7;97.9;92.4;9;0;7;petit joueur;17;RETENUE;
Allemagne;de_gtfsde;wegeleben@51.87,11.17;wegeleben;20.7;73.1;89.5;28;0;7;petit joueur;17;RETENUE;
Allemagne;de_gtfsde;weickersgrben@50.11,9.78;weickersgrben;20.7;97.2;96;10;0;7;petit joueur;17;RETENUE;
Allemagne;de_gtfsde;tuttlingenschulen@47.99,8.80;tuttlingenschulen;20.7;75.2;81.9;33;0;7;petit joueur;17;RETENUE;
Allemagne;de_gtfsde;lermoos@47.41,10.88;lermoos;20.7;52.4;98;21;0;7;petit joueur;17;RETENUE;
France;fr_sncf;UIC87673251;Saubusse;20.6;91.7;100;8;1.14;7;petit joueur;17;RETENUE;
France;fr_sncf;UIC87673319;Ondres;20.6;93.1;99.3;8;1.14;7;petit joueur;17;RETENUE;
France;fr_sncf;UIC87611897;Castelsarrasin;20.6;91;100;8;0;7;petit joueur;17;RETENUE;
France;fr_sncf;UIC87698324;La Tour-de-Salvagny Centre;20.6;86.8;100;5;0;7;petit joueur;17;RETENUE;
France;fr_sncf;UIC87396044;Montbizot;20.6;69.4;100;12;2.29;7;petit joueur;17;RETENUE;
France;fr_sncf;UIC87476424;Penthièvre;20.6;91.7;100;8;0.29;7;petit joueur;17;RETENUE;
France;fr_sncf;UIC87476275;L'Isthme;20.6;91.7;100;8;0.29;7;petit joueur;17;RETENUE;
Allemagne;de_gtfsde;bergsdorfbahnhof@52.94,13.26;bergsdorfbahnhof;20.6;88.2;97.3;34;0;7;petit joueur;17;RETENUE;
Allemagne;de_gtfsde;faulbachmain@49.79,9.44;faulbachmain;20.6;91.7;86.2;11;0;7;petit joueur;17;RETENUE;
Allemagne;de_gtfsde;walldorfwerra@50.62,10.39;walldorfwerra;20.6;95.8;84.2;11;0;7;petit joueur;17;RETENUE;
Allemagne;de_gtfsde;schmalkaldenfachhochschule@50.72,10.46;schmalkaldenfachhochschule;20.6;94.4;90;11;0;7;petit joueur;17;RETENUE;
Allemagne;de_gtfsde;kleinktz@48.41,10.29;kleinktz;20.6;95.1;91.1;13;0;7;petit joueur;17;RETENUE;
Allemagne;de_gtfsde;niederwillingenbushaltestelle@50.77,11.03;niederwillingenbushaltestelle;20.6;89.6;84.2;14;0;7;petit joueur;17;RETENUE;
Allemagne;de_gtfsde;dggingenbahnhof@47.89,8.44;dggingenbahnhof;20.6;80.6;95.4;17;0;7;petit joueur;17;RETENUE;
Allemagne;de_gtfsde;neuenkirchenoldb@52.51,8.06;neuenkirchenoldb;20.6;50.7;85.2;22;0;7;petit joueur;17;RETENUE;
Allemagne;de_gtfsde;breitendiel@49.69,9.23;breitendiel;20.6;97.2;88.3;9;0;7;petit joueur;17;RETENUE;
Allemagne;de_gtfsde;gutachfreilichtmuseum@48.27,8.20;gutachfreilichtmuseum;20.6;95.1;94.7;11;0;7;petit joueur;17;RETENUE;
France;fr_sncf;UIC87698662;St-Etienne-Châtcrx. G Routière;20.4;95.8;100;5;0;7;petit joueur;17;RETENUE;
France;fr_sncf;UIC87741306;Saint-Avre - La Chambre;20.4;90.9;100;7;0.14;7;petit joueur;17;RETENUE;
France;fr_sncf;UIC87698316;La Tour-de-Salvagny Hippodrome;20.4;86.7;100;5;0;7;petit joueur;17;RETENUE;
France;fr_sncf;UIC87476432;Kerhostin;20.4;91.6;99.3;7;0.29;7;petit joueur;17;RETENUE;
France;fr_sncf;UIC87476440;Saint-Pierre-Quiberon;20.4;91.6;100;8;0.29;7;petit joueur;17;RETENUE;
France;fr_sncf;UIC87476457;Quiberon;20.4;90.9;98.6;9;0.29;7;petit joueur;17;RETENUE;
Allemagne;de_gtfsde;sderdeich@54.20,8.91;sderdeich;20.4;95.8;81.3;12;0;7;petit joueur;17;RETENUE;
Allemagne;de_gtfsde;untermafeld@50.54,10.42;untermafeld;20.4;97.2;82.2;8;0;7;petit joueur;17;RETENUE;
Allemagne;de_gtfsde;cammin@53.44,13.30;cammin;20.4;47.6;97.9;34;0;7;petit joueur;17;RETENUE;
Allemagne;de_gtfsde;sontra@51.07,9.93;sontra;20.4;91.6;93.5;16;0;7;petit joueur;17;RETENUE;
Allemagne;de_gtfsde;oberdachstetten@49.42,10.42;oberdachstetten;20.4;89.5;94.1;17;0;7;petit joueur;17;RETENUE;
Allemagne;de_gtfsde;zrnigall@51.88,12.73;zrnigall;20.4;88.8;94.7;20;0;7;petit joueur;17;RETENUE;
Allemagne;de_gtfsde;westerhausenmelle@52.24,8.28;westerhausenmelle;20.4;89.5;95.3;47;0;7;petit joueur;17;RETENUE;
Allemagne;de_gtfsde;struthttenbf@50.78,7.97;struthttenbf;20.4;96.5;88.3;10;0;7;petit joueur;17;RETENUE;
France;fr_sncf;UIC87741256;Aiguebelle;20.3;92.3;99.3;8;0.14;7;petit joueur;17;RETENUE;
France;fr_sncf;UIC87491506;Châteauneuf-sur-Charente;20.3;91.5;100;7;0;7;petit joueur;17;RETENUE;
France;fr_sncf;UIC87317016;Boulogne - Tintelleries;20.3;93.7;99.3;9;0;7;petit joueur;17;RETENUE;
France;fr_sncf;UIC87673269;Saint-Geours;20.3;93;100;8;1.14;7;petit joueur;17;RETENUE;
France;fr_sncf;UIC87611863;Valence d'Agen;20.3;92.3;100;7;0;7;petit joueur;17;RETENUE;
France;fr_sncf;UIC87761726;Vinay;20.3;93;100;9;1.29;7;petit joueur;17;RETENUE;
France;fr_sncf;UIC87396077;Vivoin - Beaumont;20.3;70.4;100;13;2.29;7;petit joueur;17;RETENUE;
Allemagne;de_gtfsde;rastede@53.24,8.19;rastede;20.3;90.1;98.6;16;0;7;petit joueur;17;RETENUE;
Allemagne;de_gtfsde;zimmersrode@51.01,9.23;zimmersrode;20.3;81;92.2;26;0;7;petit joueur;17;RETENUE;
Allemagne;de_gtfsde;wendischrietzbahnhof@52.21,14.01;wendischrietzbahnhof;20.3;90.8;97.3;47;0;7;petit joueur;17;RETENUE;
Allemagne;de_gtfsde;neustadtorla@50.73,11.76;neustadtorla;20.3;88;91.6;16;0;7;petit joueur;17;RETENUE;
Allemagne;de_gtfsde;kappelrodeckost@48.59,8.13;kappelrodeckost;20.3;97.2;91.6;9;0;7;petit joueur;17;RETENUE;
Allemagne;de_gtfsde;frankenbergbahnhof@50.91,13.04;frankenbergbahnhof;20.3;97.2;87.7;24;0;7;petit joueur;17;RETENUE;
Allemagne;de_gtfsde;sattenfeldekupfermhle@53.76,10.33;sattenfeldekupfermhle;20.3;92.3;94.7;16;0;7;petit joueur;17;RETENUE;
Allemagne;de_gtfsde;hengelo@52.26,6.79;hengelo;20.3;90.8;95.3;28;0;7;petit joueur;17;RETENUE;
Allemagne;de_gtfsde;oldenbttel@53.28,8.81;oldenbttel;20.3;63.4;94;25;0;7;petit joueur;17;RETENUE;
France;fr_sncf;UIC87741280;Épierre - Saint-Léger;20.1;92.2;100;7;0.14;7;petit joueur;17;RETENUE;
France;fr_sncf;UIC87741231;Chamousset;20.1;93.6;100;7;0.14;7;petit joueur;17;RETENUE;
France;fr_sncf;UIC87437806;Aytré Plage;20.1;92.2;100;8;0.86;7;petit joueur;17;RETENUE;
France;fr_sncf;UIC87471185;Messac - Guipry;20.1;97.2;100;6;0.43;7;petit joueur;17;RETENUE;
Allemagne;de_gtfsde;frankenberggoberg@51.07,8.80;frankenberggoberg;20.1;70.9;91;23;0;7;petit joueur;17;RETENUE;
Allemagne;de_gtfsde;kunersdorfspnbahnhof@51.77,14.19;kunersdorfspnbahnhof;20.1;73.8;97.2;26;0;7;petit joueur;17;RETENUE;
Allemagne;de_gtfsde;mhlanger@51.86,12.75;mhlanger;20.1;96.5;96.6;8;0;7;petit joueur;17;RETENUE;
Allemagne;de_gtfsde;frellstedtbahnhof@52.21,10.91;frellstedtbahnhof;20.1;73;94;21;0;7;petit joueur;17;RETENUE;
France;fr_sncf;UIC87491472;Jarnac;20;90;100;7;0;7;petit joueur;16;RETENUE;
France;fr_sncf;UIC87342048;Achiet;20;92.9;100;9;0;7;petit joueur;16;RETENUE;
France;fr_sncf;UIC87611889;Moissac;20;92.9;100;7;0;7;petit joueur;16;RETENUE;
France;fr_sncf;UIC87581256;Pauillac;20;87.1;100;9;1;7;petit joueur;16;RETENUE;
France;fr_sncf;UIC87485102;Angoulins sur Mer;20;92.1;100;8;0.86;7;petit joueur;16;RETENUE;
France;fr_sncf;UIC87485136;Saint-Laurent-de-la-Prée - Fouras;20;92.9;100;8;0.86;7;petit joueur;16;RETENUE;
France;fr_sncf;UIC87713537;Corgoloin;20;92.1;100;9;0.29;7;petit joueur;16;RETENUE;
France;fr_sncf;UIC87747352;Saint-Égrève Saint-Robert;20;92.1;100;11;1.29;7;petit joueur;16;RETENUE;
France;fr_sncf;UIC87476408;Belz - Ploemel;20;93.6;99.3;8;0.29;7;petit joueur;16;RETENUE;
Allemagne;de_gtfsde;badsegeberg@53.93,10.31;badsegeberg;20;86.4;95.2;15;0;7;petit joueur;16;RETENUE;
Allemagne;de_gtfsde;pirkbahnhof@50.43,12.07;pirkbahnhof;20;66.4;83.3;18;0;7;petit joueur;16;RETENUE;
Allemagne;de_gtfsde;tautenhain@51.09,12.68;tautenhain;20;94.3;89.2;14;0;7;petit joueur;16;RETENUE;
Allemagne;de_gtfsde;glashttebahnhofbusbahnhof@50.85,13.78;glashttebahnhofbusbahnhof;20;75.7;97.9;29;0;7;petit joueur;16;RETENUE;
Allemagne;de_gtfsde;stiftkeppelallenbachbf@50.98,8.09;stiftkeppelallenbachbf;20;71.4;85.4;25;0;7;petit joueur;16;RETENUE;
France;fr_sncf;UIC87491449;Cognac;19.9;90.6;100;8;0;7;petit joueur;16;RETENUE;
France;fr_sncf;UIC87611855;Lamagistère;19.9;93.5;100;6;0;7;petit joueur;16;RETENUE;
France;fr_sncf;UIC87144451;Remiremont;19.9;87.8;100;9;0.14;7;petit joueur;16;RETENUE;
France;fr_sncf;UIC87761742;Poliénas;19.9;91.4;100;9;1.29;7;petit joueur;16;RETENUE;
France;fr_sncf;UIC87597062;Issoudun;19.9;92.8;100;6;0.43;7;petit joueur;16;RETENUE;
France;fr_sncf;UIC87747691;Moirans la Galifette;19.9;92.8;100;8;1.29;7;petit joueur;16;RETENUE;
France;fr_sncf;UIC87751370;Meyrargues;19.9;74.8;99.3;15;0;7;petit joueur;16;RETENUE;
France;fr_sncf;UIC87487884;La Ménitré;19.9;92.8;100;6;0.43;7;petit joueur;16;RETENUE;
Allemagne;de_gtfsde;jagstzellbahnhof@49.03,10.10;jagstzellbahnhof;19.9;61.9;96.5;27;0;7;petit joueur;16;RETENUE;
Allemagne;de_gtfsde;blaibachoberpf@49.16,12.81;blaibachoberpf;19.9;44.6;91.4;30;0;7;petit joueur;16;RETENUE;
Allemagne;de_gtfsde;dautphetalwolfgrubenwilhelmshtte@50.87,8.55;dautphetalwolfgrubenwilhelmshtte;19.9;88.5;84.8;12;0;7;petit joueur;16;RETENUE;
Allemagne;de_gtfsde;lbecktravemndeskandinavienkai@53.95,10.85;lbecktravemndeskandinavienkai;19.9;90.6;98.6;14;0;7;petit joueur;16;RETENUE;
Allemagne;de_gtfsde;freudenbergkirschfurt@49.74,9.32;freudenbergkirschfurt;19.9;92.8;86.9;11;0;7;petit joueur;16;RETENUE;
Allemagne;de_gtfsde;auerbachbmosbachbahnhof@49.40,9.22;auerbachbmosbachbahnhof;19.9;83.5;97.2;24;0;7;petit joueur;16;RETENUE;
Allemagne;de_gtfsde;pinnowumbahnhof@53.07,14.09;pinnowumbahnhof;19.9;92.1;90.8;21;0;7;petit joueur;16;RETENUE;
Allemagne;de_gtfsde;ehlershausenbahnhof@52.52,10.03;ehlershausenbahnhof;19.9;89.2;85.8;13;0;7;petit joueur;16;RETENUE;
Allemagne;de_gtfsde;elsterelbe@51.83,12.83;elsterelbe;19.9;97.8;95.9;9;0;7;petit joueur;16;RETENUE;
Allemagne;de_gtfsde;eilslebenbmagdeburg@52.15,11.22;eilslebenbmagdeburg;19.9;68.3;99.3;23;0;7;petit joueur;16;RETENUE;
Allemagne;de_gtfsde;lenglern@51.59,9.87;lenglern;19.9;84.2;95.9;16;0;7;petit joueur;16;RETENUE;
Allemagne;de_gtfsde;hannovermesselaatzen@52.32,9.79;hannovermesselaatzen;19.9;78.4;92.7;19;0;7;petit joueur;16;RETENUE;
Allemagne;de_gtfsde;birkelbachbf@51.02,8.25;birkelbachbf;19.9;71.9;83.7;22;0;7;petit joueur;16;RETENUE;
France;fr_sncf;UIC87313247;Breteuil-Embranchement;19.7;91.3;100;9;0.71;7;petit joueur;16;RETENUE;
France;fr_sncf;UIC87295055;Anor;19.7;86.2;100;12;0.57;7;petit joueur;16;RETENUE;
France;fr_sncf;UIC87566919;Lentilly Charpenay;19.7;91.3;100;5;0;7;petit joueur;16;RETENUE;
France;fr_sncf;UIC87713560;Meursault;19.7;92.8;100;10;0.29;7;petit joueur;16;RETENUE;
France;fr_sncf;UIC87295709;Sains-du-Nord;19.7;88.4;100;12;0.57;7;petit joueur;16;RETENUE;
France;fr_sncf;UIC87582726;Arbanats;19.7;88.4;100;8;0.29;7;petit joueur;16;RETENUE;
Allemagne;de_gtfsde;schwedtmittebhf@53.07,14.27;schwedtmittebhf;19.7;91.3;85.7;17;0;7;petit joueur;16;RETENUE;
Allemagne;de_gtfsde;eicholzheimbahnhof@49.43,9.29;eicholzheimbahnhof;19.7;87;95.2;21;0;7;petit joueur;16;RETENUE;
Allemagne;de_gtfsde;marlishausenbushaltestelle@50.82,11.02;marlishausenbushaltestelle;19.7;89.1;80.2;14;0;7;petit joueur;16;RETENUE;
Allemagne;de_gtfsde;wernigerodehbf@51.84,10.79;wernigerodehbf;19.7;68.8;98.6;26;0;7;petit joueur;16;RETENUE;
Allemagne;de_gtfsde;stegenwaldhaus@50.32,11.80;stegenwaldhaus;19.7;81.9;100;15;0;7;petit joueur;16;RETENUE;
Allemagne;de_gtfsde;geralangenberg@50.92,12.05;geralangenberg;19.7;72.5;86.3;21;0;7;petit joueur;16;RETENUE;
Allemagne;de_gtfsde;wahlstedt@53.96,10.23;wahlstedt;19.7;84.8;93.9;14;0;7;petit joueur;16;RETENUE;
Allemagne;de_gtfsde;amorbach@49.65,9.22;amorbach;19.7;95.7;97.2;10;0;7;petit joueur;16;RETENUE;
France;fr_sncf;UIC87313221;Ailly-sur-Noye;19.6;92.7;100;7;0.71;7;petit joueur;16;RETENUE;
France;fr_sncf;UIC87313585;Hermes - Berthecourt;19.6;92;100;6;0.14;7;petit joueur;16;RETENUE;
France;fr_sncf;UIC87313551;Cires-lès-Mello;19.6;93.4;100;6;0.14;7;petit joueur;16;RETENUE;
France;fr_sncf;UIC87742361;Saint-Michel - Valloire;19.6;89.1;100;9;0.14;7;petit joueur;16;RETENUE;
France;fr_sncf;UIC87175257;Commercy;19.6;90.5;100;9;0;7;petit joueur;16;RETENUE;
France;fr_sncf;UIC87775171;La Bastide-St-Laurent-les-B.;19.6;73.7;98.6;12;0.29;7;petit joueur;16;RETENUE;
Allemagne;de_gtfsde;jarrenwisch@54.21,8.96;jarrenwisch;19.6;94.9;86.7;10;0;7;petit joueur;16;RETENUE;
Allemagne;de_gtfsde;groschwabhausen@50.94,11.48;groschwabhausen;19.6;91.2;87.8;16;0;7;petit joueur;16;RETENUE;
Allemagne;de_gtfsde;karlsburg@53.98,13.61;karlsburg;19.6;89.8;82.5;14;0;7;petit joueur;16;RETENUE;
Allemagne;de_gtfsde;grabowmecklbahnhof@53.28,11.56;grabowmecklbahnhof;19.6;96.4;100;10;0;7;petit joueur;16;RETENUE;
Allemagne;de_gtfsde;niederschlottwitzhp@50.89,13.81;niederschlottwitzhp;19.6;77.4;96.5;26;0;7;petit joueur;16;RETENUE;
Allemagne;de_gtfsde;scharfensteinbahnhof@50.70,13.06;scharfensteinbahnhof;19.6;93.4;97.2;13;0;7;petit joueur;16;RETENUE;
Allemagne;de_gtfsde;karstdtprbahnhof@53.16,11.74;karstdtprbahnhof;19.6;96.4;100;9;0;7;petit joueur;16;RETENUE;
Allemagne;de_gtfsde;balingensd@48.27,8.85;balingensd;19.6;62;83.5;39;0;7;petit joueur;16;RETENUE;
Allemagne;de_gtfsde;kasselbahnhofwilhelmshhebereichgleis78@51.31,9.45;kasselbahnhofwilhelmshhebereichgleis78;19.6;88.3;98.6;14;0;7;petit joueur;16;RETENUE;
France;fr_sncf;UIC87313577;Mouy - Bury;19.4;92.6;100;7;0.14;7;petit joueur;16;RETENUE;
France;fr_sncf;UIC87745828;Seyssel - Corbonod;19.4;90.4;100;9;0;7;petit joueur;16;RETENUE;
France;fr_sncf;UIC87276618;Montataire;19.4;94.1;100;7;0.14;7;petit joueur;16;RETENUE;
Norvege;no_entur;kjosfossenstasjon@60.75,7.14;kjosfossenstasjon;19.4;94.9;100;36;0;7;petit joueur;16;RETENUE;
Norvege;no_entur;vatnahalsenstasjon@60.74,7.13;vatnahalsenstasjon;19.4;92.6;100;50;0;7;petit joueur;16;RETENUE;
Allemagne;de_gtfsde;frderstedt@51.90,11.63;frderstedt;19.4;83.8;95.8;18;0;7;petit joueur;16;RETENUE;
Allemagne;de_gtfsde;bestenheidbahnhofglashtte@49.79,9.50;bestenheidbahnhofglashtte;19.4;92.6;80.5;11;0;7;petit joueur;16;RETENUE;
Allemagne;de_gtfsde;haslochmain@49.79,9.48;haslochmain;19.4;91.9;88.9;9;0;7;petit joueur;16;RETENUE;
Allemagne;de_gtfsde;lffingenbahnhof@47.88,8.34;lffingenbahnhof;19.4;89;97.8;14;0;7;petit joueur;16;RETENUE;
Allemagne;de_gtfsde;nechlinbahnhof@53.44,13.90;nechlinbahnhof;19.4;83.8;97.1;22;0;7;petit joueur;16;RETENUE;
Allemagne;de_gtfsde;leubsdorfbahnhof@50.80,13.14;leubsdorfbahnhof;19.4;95.6;95.8;10;0;7;petit joueur;16;RETENUE;
Allemagne;de_gtfsde;wincheringenbahnhof@49.61,6.41;wincheringenbahnhof;19.4;97.1;86.1;9;0;7;petit joueur;16;RETENUE;
Allemagne;de_gtfsde;badmnstereifelarloff@50.60,6.79;badmnstereifelarloff;19.4;97.8;89.5;9;0;7;petit joueur;16;RETENUE;
Allemagne;de_gtfsde;badstpetersd@54.31,8.65;badstpetersd;19.4;97.8;90.1;7;0;7;petit joueur;16;RETENUE;
Allemagne;de_gtfsde;mittelschmalkalden@50.72,10.40;mittelschmalkalden;19.4;92.6;85.5;13;0;7;petit joueur;16;RETENUE;
Allemagne;de_gtfsde;dettumbahnhof@52.16,10.66;dettumbahnhof;19.4;97.8;93.8;9;0;7;petit joueur;16;RETENUE;
Allemagne;de_gtfsde;kindingaltmhltal@48.99,11.38;kindingaltmhltal;19.4;51.5;99.3;31;0;7;petit joueur;16;RETENUE;
Allemagne;de_gtfsde;meinerzhbahnhofzob@51.11,7.63;meinerzhbahnhofzob;19.4;67.6;95.1;27;0;7;petit joueur;16;RETENUE;
Allemagne;de_gtfsde;hoykenkamp@53.07,8.60;hoykenkamp;19.4;80.9;93.8;23;0;7;petit joueur;16;RETENUE;
Allemagne;de_gtfsde;hannoverbornum@52.35,9.68;hannoverbornum;19.4;69.1;90.7;26;0;7;petit joueur;16;RETENUE;
Allemagne;de_gtfsde;bichlbachberwang@47.42,10.79;bichlbachberwang;19.4;52.2;95.1;22;0;7;petit joueur;16;RETENUE;
Australie;au_translink_seq;nambourstation@-26.63,152.96;nambourstation;19.4;86.8;93.8;64;0;7;petit joueur;16;RETENUE;
France;fr_sncf;UIC87696229;Fourchambault;19.3;91.1;100;6;0.29;7;petit joueur;16;RETENUE;
France;fr_sncf;UIC87696211;Pougues-les-Eaux;19.3;90.4;100;6;0.29;7;petit joueur;16;RETENUE;
France;fr_sncf;UIC87696195;La Charité-sur-Loire;19.3;90.4;100;5;0.29;7;petit joueur;16;RETENUE;
France;fr_sncf;UIC87594200;Uzerche;19.3;91.1;100;7;1;7;petit joueur;16;RETENUE;
France;fr_sncf;UIC87751271;La Brillanne - Oraison;19.3;80.7;100;12;0;7;petit joueur;16;RETENUE;
Pays-Bas;nl_ovapi;emmerich@51.83,6.25;emmerich;19.3;82.2;98.5;77;0;7;petit joueur;16;RETENUE;
Allemagne;de_gtfsde;wegenstedt@52.39,11.21;wegenstedt;19.3;71.1;96.4;21;0;7;petit joueur;16;RETENUE;
Allemagne;de_gtfsde;mellingenthringen@50.95,11.39;mellingenthringen;19.3;88.9;84.4;17;0;7;petit joueur;16;RETENUE;
Allemagne;de_gtfsde;oberharmersbachdorf@48.37,8.12;oberharmersbachdorf;19.3;96.3;90;8;0;7;petit joueur;16;RETENUE;
Allemagne;de_gtfsde;sandkrug@53.06,8.25;sandkrug;19.3;86.7;92.5;16;0;7;petit joueur;16;RETENUE;
Allemagne;de_gtfsde;lunderskovst@55.48,9.30;lunderskovst;19.3;94.8;100;12;0;7;petit joueur;16;RETENUE;
Allemagne;de_gtfsde;heiterwangplansee@47.44,10.75;heiterwangplansee;19.3;54.1;92.5;21;0;7;petit joueur;16;RETENUE;
France;fr_sncf;UIC87683532;Chemilly - Appoigny;19.1;88.8;100;6;0;7;petit joueur;16;RETENUE;
France;fr_sncf;UIC87616011;Avignonet;19.1;86.6;100;8;0.43;7;petit joueur;16;RETENUE;
France;fr_sncf;UIC87734301;Saint-Georges-d'Aurac;19.1;80.6;99.3;11;0.71;7;petit joueur;16;RETENUE;
France;fr_sncf;UIC87581215;Margaux;19.1;88.1;100;8;1;7;petit joueur;16;RETENUE;
France;fr_sncf;UIC87775072;Saint-Césaire;19.1;90.3;100;11;0.71;7;petit joueur;16;RETENUE;
Allemagne;de_gtfsde;oldenburgwechloy@53.15,8.18;oldenburgwechloy;19.1;86.6;98.5;18;0;7;petit joueur;16;RETENUE;
Allemagne;de_gtfsde;lauchheimbahnhof@48.87,10.24;lauchheimbahnhof;19.1;87.3;97.8;13;0;7;petit joueur;16;RETENUE;
Allemagne;de_gtfsde;holzdorfelster@51.78,13.11;holzdorfelster;19.1;87.3;96.4;18;0;7;petit joueur;16;RETENUE;
Allemagne;de_gtfsde;fahrenkrugfahrenkrug@53.94,10.25;fahrenkrugfahrenkrug;19.1;84.3;89.3;14;0;7;petit joueur;16;RETENUE;
Allemagne;de_gtfsde;dahlbruchbf@50.97,8.05;dahlbruchbf;19.1;71.6;88.7;24;0;7;petit joueur;16;RETENUE;
France;fr_sncf;UIC87276352;Rieux - Angicourt;19;85.7;100;7;0.43;7;petit joueur;16;RETENUE;
France;fr_sncf;UIC87694141;Étang-sur-Arroux;19;88;99.3;12;0.14;7;petit joueur;16;RETENUE;
France;fr_sncf;UIC87574855;Montrichard;19;91.7;100;9;0.29;7;petit joueur;16;RETENUE;
France;fr_sncf;UIC87345264;Pont-à-Vendin;19;91.7;100;7;0.29;7;petit joueur;16;RETENUE;
France;fr_sncf;UIC87574491;Chenonceaux;19;91.7;100;9;0.29;7;petit joueur;16;RETENUE;
France;fr_sncf;UIC87345280;Bauvin - Provin;19;91.7;100;8;0.29;7;petit joueur;16;RETENUE;
France;fr_sncf;UIC87613398;Albias;19;93.2;99.3;6;0;7;petit joueur;16;RETENUE;
France;fr_sncf;UIC87481846;Pontchâteau;19;89.5;98.5;10;0.29;7;petit joueur;16;RETENUE;
Allemagne;de_gtfsde;annabergbuchholzmitte@50.57,13.00;annabergbuchholzmitte;19;91;92.4;14;0;7;petit joueur;16;RETENUE;
Allemagne;de_gtfsde;wolfeggbahnhof@47.82,9.81;wolfeggbahnhof;19;94.7;95.7;9;0;7;petit joueur;16;RETENUE;
Allemagne;de_gtfsde;blankenseemeckl@53.41,13.26;blankenseemeckl;19;48.1;95.7;29;0;7;petit joueur;16;RETENUE;
Allemagne;de_gtfsde;rottweilgllsdorfbahnhof@48.16,8.65;rottweilgllsdorfbahnhof;19;69.9;80.6;32;0;7;petit joueur;16;RETENUE;
Allemagne;de_gtfsde;untergrainau@47.48,11.04;untergrainau;19;67.7;90.5;20;0;7;petit joueur;16;RETENUE;
France;fr_sncf;UIC87594481;Cornil;18.9;92.4;100;9;0.71;7;petit joueur;16;RETENUE;
France;fr_sncf;UIC87683557;Monéteau - Gurgy;18.9;89.4;99.2;6;0;7;petit joueur;16;RETENUE;
France;fr_sncf;UIC87765180;Courthézon;18.9;88.6;100;10;0.29;7;petit joueur;16;RETENUE;
France;fr_sncf;UIC87184200;Bas Évette;18.9;93.9;100;5;1.43;7;petit joueur;16;RETENUE;
Pays-Bas;nl_ovapi;emmerichelten@51.87,6.15;emmerichelten;18.9;80.3;100;90;0;7;petit joueur;16;RETENUE;
Allemagne;de_gtfsde;lutherstadtwittenberglabetz@51.87,12.69;lutherstadtwittenberglabetz;18.9;95.5;91.7;10;0;7;petit joueur;16;RETENUE;
Allemagne;de_gtfsde;hochwang@48.39,10.30;hochwang;18.9;93.9;84.6;13;0;7;petit joueur;16;RETENUE;
Allemagne;de_gtfsde;annaburg@51.73,13.03;annaburg;18.9;96.2;90.4;10;0;7;petit joueur;16;RETENUE;
Allemagne;de_gtfsde;ponitz@50.86,12.42;ponitz;18.9;75;98.5;24;0;7;petit joueur;16;RETENUE;
Allemagne;de_gtfsde;lichtensteinbahnhof@50.76,12.63;lichtensteinbahnhof;18.9;96.2;96.4;19;0;7;petit joueur;16;RETENUE;
Allemagne;de_gtfsde;neckarburkenbahnhof@49.38,9.16;neckarburkenbahnhof;18.9;86.4;95.7;22;0;7;petit joueur;16;RETENUE;
Allemagne;de_gtfsde;mllnmeckl@53.59,13.08;mllnmeckl;18.9;94.7;92.3;11;0;7;petit joueur;16;RETENUE;
Allemagne;de_gtfsde;vszollhaus@48.04,8.51;vszollhaus;18.9;78;89.2;36;0;7;petit joueur;16;RETENUE;
Allemagne;de_gtfsde;sondershausen@51.37,10.85;sondershausen;18.9;59.8;91.7;24;0;7;petit joueur;16;RETENUE;
France;fr_sncf;UIC87594465;Aubazines - Saint-Hilaire;18.7;90.8;100;9;0.71;7;petit joueur;15;RETENUE;
France;fr_sncf;UIC87581231;Moulis - Listrac;18.7;88.5;100;8;1;7;petit joueur;15;RETENUE;
France;fr_sncf;UIC87286534;Ronchin;18.7;91.6;100;11;0.86;7;petit joueur;15;RETENUE;
Allemagne;de_gtfsde;weesensteinbahnhof@50.94,13.86;weesensteinbahnhof;18.7;74.8;94.2;31;0;7;petit joueur;15;RETENUE;
Allemagne;de_gtfsde;erfurtost@51.02,11.04;erfurtost;18.7;77.9;92.3;32;0;7;petit joueur;15;RETENUE;
Allemagne;de_gtfsde;chemnitzuhlestr@50.81,12.91;chemnitzuhlestr;18.7;87;89.1;70;0;7;petit joueur;15;RETENUE;
Allemagne;de_gtfsde;fredenbahnhof@51.93,9.90;fredenbahnhof;18.7;68.7;93.6;27;0;7;petit joueur;15;RETENUE;
Allemagne;de_gtfsde;singenthringen@50.73,11.07;singenthringen;18.7;93.9;90.3;12;0;7;petit joueur;15;RETENUE;
Allemagne;de_gtfsde;mhringenrathaus@47.96,8.76;mhringenrathaus;18.7;75.6;82.9;33;0;7;petit joueur;15;RETENUE;
Etats-Unis;us_mta_mnr;wassaic@41.81,-73.56;wassaic;18.7;95.4;100;10;0;7;petit joueur;15;RETENUE;
France;fr_sncf;UIC87594499;Tulle;18.6;90.8;98.5;8;0.71;7;petit joueur;15;RETENUE;
France;fr_sncf;UIC88140010;Bruxelles Midi;18.6;76.2;99.2;13;0.14;7;petit joueur;15;RETENUE;
France;fr_sncf;UIC87618215;Villenouvelle;18.6;86.2;100;8;0.43;7;petit joueur;15;RETENUE;
France;fr_sncf;UIC87613323;Lalbenque - Fontanes;18.6;92.3;99.2;6;0;7;petit joueur;15;RETENUE;
Allemagne;de_gtfsde;hirschfelden@48.29,10.36;hirschfelden;18.6;95.4;87.8;12;0;7;petit joueur;15;RETENUE;
Allemagne;de_gtfsde;feilitzschbahnhof@50.36,11.93;feilitzschbahnhof;18.6;75.4;98.5;31;0;7;petit joueur;15;RETENUE;
Allemagne;de_gtfsde;dohnabahnhof@50.96,13.86;dohnabahnhof;18.6;75.4;89.7;27;0;7;petit joueur;15;RETENUE;
Allemagne;de_gtfsde;lettekreiscoebahnhof@51.89,7.19;lettekreiscoebahnhof;18.6;69.2;91.5;26;0;7;petit joueur;15;RETENUE;
Allemagne;de_gtfsde;beeskowbahnhof@52.18,14.25;beeskowbahnhof;18.6;93.1;89;17;0;7;petit joueur;15;RETENUE;
Allemagne;de_gtfsde;albstadtlautlingen@48.21,8.95;albstadtlautlingen;18.6;65.4;81.3;24;0;7;petit joueur;15;RETENUE;
Allemagne;de_gtfsde;rodalbenbahnhof@49.24,7.63;rodalbenbahnhof;18.6;93.1;92.9;12;0;7;petit joueur;15;RETENUE;
Allemagne;de_gtfsde;hoppeckebahnhof@51.38,8.64;hoppeckebahnhof;18.6;94.6;89.7;10;0;7;petit joueur;15;RETENUE;
Allemagne;de_gtfsde;rickling@54.00,10.17;rickling;18.6;91.5;96.3;10;0;7;petit joueur;15;RETENUE;
Allemagne;de_gtfsde;cheb@50.07,12.38;cheb;18.6;92.3;97.7;15;0;7;petit joueur;15;RETENUE;
France;fr_sncf;UIC87481770;Batz-sur-Mer;18.4;82.2;100;13;0.14;7;petit joueur;15;RETENUE;
France;fr_sncf;UIC87481697;La Baule les Pins;18.4;82.2;100;13;0.14;7;petit joueur;15;RETENUE;
France;fr_sncf;UIC87595769;Siorac-en-Périgord;18.4;79.1;94.2;16;0.57;7;petit joueur;15;RETENUE;
France;fr_sncf;UIC87185348;Champagney;18.4;93.8;100;5;1.43;7;petit joueur;15;RETENUE;
France;fr_sncf;UIC87185314;Ronchamp;18.4;93.8;100;6;1.43;7;petit joueur;15;RETENUE;
France;fr_sncf;UIC87486423;La Mothe-Achard;18.4;89.1;99.2;9;0;7;petit joueur;15;RETENUE;
France;fr_sncf;UIC87415364;Brionne;18.4;90.7;100;8;0;7;petit joueur;15;RETENUE;
Allemagne;de_gtfsde;badniedernaubahnhof@48.46,8.90;badniedernaubahnhof;18.4;87.6;91.5;20;0;7;petit joueur;15;RETENUE;
Allemagne;de_gtfsde;hermentingenbahnhof@48.20,9.22;hermentingenbahnhof;18.4;90.7;98.5;15;0;7;petit joueur;15;RETENUE;
Allemagne;de_gtfsde;pfaffenhausen@48.12,10.45;pfaffenhausen;18.4;92.2;92.8;15;0;7;petit joueur;15;RETENUE;
Allemagne;de_gtfsde;prsenostbhf@51.43,13.50;prsenostbhf;18.4;93.8;99.2;12;0;7;petit joueur;15;RETENUE;
Allemagne;de_gtfsde;frankfurtoderneuberesinchenbhf@52.32,14.55;frankfurtoderneuberesinchenbhf;18.4;96.1;87.8;39;0;7;petit joueur;15;RETENUE;
Allemagne;de_gtfsde;marzling@48.41,11.80;marzling;18.4;91.5;92.8;15;0;7;petit joueur;15;RETENUE;
Allemagne;de_gtfsde;lunestedt@53.44,8.73;lunestedt;18.4;68.2;97.7;26;0;7;petit joueur;15;RETENUE;
France;fr_sncf;UIC87713321;Collonges;18.3;95.3;100;9;0;7;petit joueur;15;RETENUE;
Allemagne;de_gtfsde;altersbach@50.70,10.54;altersbach;18.3;96.9;86.5;9;0;7;petit joueur;15;RETENUE;
Allemagne;de_gtfsde;billenhausen@48.28,10.36;billenhausen;18.3;95.3;87.7;12;0;7;petit joueur;15;RETENUE;
Allemagne;de_gtfsde;grnebergbahnhof@52.87,13.21;grnebergbahnhof;18.3;88.3;98.5;33;0;7;petit joueur;15;RETENUE;
Allemagne;de_gtfsde;lohneoldb@52.67,8.23;lohneoldb;18.3;53.1;92.1;28;0;7;petit joueur;15;RETENUE;
Allemagne;de_gtfsde;plauenvogtlwest@50.50,12.11;plauenvogtlwest;18.3;71.1;89.5;19;0;7;petit joueur;15;RETENUE;
Allemagne;de_gtfsde;meldorf@54.09,9.08;meldorf;18.3;88.3;85.9;14;0;7;petit joueur;15;RETENUE;
Allemagne;de_gtfsde;westhausenbahnhof@48.88,10.18;westhausenbahnhof;18.3;85.9;92.8;13;0;7;petit joueur;15;RETENUE;
Allemagne;de_gtfsde;blankenburgharz@51.80,10.96;blankenburgharz;18.3;93;98.5;11;0;7;petit joueur;15;RETENUE;
Allemagne;de_gtfsde;barriensyke@52.95,8.82;barriensyke;18.3;67.2;90.1;27;0;7;petit joueur;15;RETENUE;
Allemagne;de_gtfsde;egestorfbahnhof@52.28,9.51;egestorfbahnhof;18.3;71.9;82.1;28;0;7;petit joueur;15;RETENUE;
Allemagne;de_gtfsde;dingolfing@48.64,12.49;dingolfing;18.3;85.9;94.1;21;0;7;petit joueur;15;RETENUE;
Allemagne;de_gtfsde;zschopauost@50.74,13.08;zschopauost;18.3;93.8;90.1;13;0;7;petit joueur;15;RETENUE;
Allemagne;de_gtfsde;varelbahnhof@53.40,8.15;varelbahnhof;18.3;93;95.5;14;0;7;petit joueur;15;RETENUE;
Allemagne;de_gtfsde;zehdenickbahnhof@52.98,13.32;zehdenickbahnhof;18.3;87.5;97;20;0;7;petit joueur;15;RETENUE;
Allemagne;de_gtfsde;tuttlingengnscker@47.96,8.78;tuttlingengnscker;18.3;77.3;82.1;28;0;7;petit joueur;15;RETENUE;
France;fr_sncf;UIC87611574;Les Cabannes;18.1;88.2;100;9;0.71;7;petit joueur;15;RETENUE;
France;fr_sncf;UIC87694000;Le Creusot;18.1;86.6;100;12;0.14;7;petit joueur;15;RETENUE;
France;fr_sncf;UIC87713586;Fontaines - Mercurey;18.1;90.6;100;10;0.29;7;petit joueur;15;RETENUE;
Allemagne;de_gtfsde;springebahnhofzob@52.21,9.56;springebahnhofzob;18.1;52;83;31;0;7;petit joueur;15;RETENUE;
Allemagne;de_gtfsde;bahnsdorfoslbahnhof@51.58,14.11;bahnsdorfoslbahnhof;18.1;91.3;96.2;11;0;7;petit joueur;15;RETENUE;
Allemagne;de_gtfsde;oberschefflenzbahnhof@49.42,9.28;oberschefflenzbahnhof;18.1;85.8;92;21;0;7;petit joueur;15;RETENUE;
Allemagne;de_gtfsde;dannenwaldebeigranseebahnhof@53.08,13.18;dannenwaldebeigranseebahnhof;18.1;40.9;94.1;25;0;7;petit joueur;15;RETENUE;
Allemagne;de_gtfsde;martinrodabeiilmenau@50.73,10.88;martinrodabeiilmenau;18.1;92.9;80.9;13;0;7;petit joueur;15;RETENUE;
Allemagne;de_gtfsde;ueckermndestadthafen@53.74,14.05;ueckermndestadthafen;18.1;76.4;97.7;17;0;7;petit joueur;15;RETENUE;
Allemagne;de_gtfsde;badsalzdetfurthbahnhof@52.06,10.01;badsalzdetfurthbahnhof;18.1;92.9;92.7;13;0;7;petit joueur;15;RETENUE;
Allemagne;de_gtfsde;auerbachobererbahnhof@50.52,12.38;auerbachobererbahnhof;18.1;87.4;92.7;16;0;7;petit joueur;15;RETENUE;
Allemagne;de_gtfsde;rechterfeld@52.84,8.39;rechterfeld;18.1;54.3;94.1;24;0;7;petit joueur;15;RETENUE;
Allemagne;de_gtfsde;knigslutterbahnhof@52.26,10.81;knigslutterbahnhof;18.1;70.1;92;19;0;7;petit joueur;15;RETENUE;
France;fr_sncf;UIC87342584;Avion;18;94.4;100;9;0.14;7;petit joueur;15;RETENUE;
France;fr_sncf;UIC87615476;Lavaur;18;89.7;100;7;0.14;7;petit joueur;15;RETENUE;
France;fr_sncf;UIC87286203;Strazeele;18;89.7;100;8;0;7;petit joueur;15;RETENUE;
France;fr_sncf;UIC87698340;Lyon-Saint-Paul La Feuillée;18;90.5;100;7;0;7;petit joueur;15;RETENUE;
France;fr_sncf;UIC87613141;Gourdon;18;85.7;100;11;1.71;7;petit joueur;15;RETENUE;
France;fr_sncf;UIC87712026;Rully;18;90.5;100;10;0.29;7;petit joueur;15;RETENUE;
Norvege;no_entur;hreinastasjon@60.84,7.12;hreinastasjon;18;96.8;100;24;0;7;petit joueur;15;RETENUE;
Norvege;no_entur;blomhellerstasjon@60.77,7.10;blomhellerstasjon;18;94.4;100;30;0;7;petit joueur;15;RETENUE;
Norvege;no_entur;reinungastasjon@60.74,7.14;reinungastasjon;18;92.9;100;44;0;7;petit joueur;15;RETENUE;
Allemagne;de_gtfsde;bachheimbahnhof@47.86,8.40;bachheimbahnhof;18;88.1;96.2;15;0;7;petit joueur;15;RETENUE;
Allemagne;de_gtfsde;wolfeggalttannbahnhof@47.84,9.79;wolfeggalttannbahnhof;18;90.5;88.7;10;0;7;petit joueur;15;RETENUE;
Allemagne;de_gtfsde;wakendorf@53.87,10.37;wakendorf;18;89.7;97.7;14;0;7;petit joueur;15;RETENUE;
Allemagne;de_gtfsde;miltach@49.16,12.77;miltach;18;34.1;88.7;27;0;7;petit joueur;15;RETENUE;
Allemagne;de_gtfsde;lauensteinbahnhof@50.79,13.81;lauensteinbahnhof;18;76.2;94.7;28;0;7;petit joueur;15;RETENUE;
Allemagne;de_gtfsde;groquassowbahnhof@53.32,13.00;groquassowbahnhof;18;92.9;100;15;0;7;petit joueur;15;RETENUE;
Allemagne;de_gtfsde;schweringrries@53.61,11.38;schweringrries;18;94.4;100;9;0;7;petit joueur;15;RETENUE;
Allemagne;de_gtfsde;adelebsen@51.58,9.76;adelebsen;18;81.7;87.5;19;0;7;petit joueur;15;RETENUE;
Allemagne;de_gtfsde;vilsstadt@47.55,10.63;vilsstadt;18;80.2;92.6;16;0;7;petit joueur;15;RETENUE;
France;fr_sncf;UIC87295014;Jeumont;17.9;88;100;13;0.29;7;petit joueur;15;RETENUE;
France;fr_sncf;UIC87615468;Castres;17.9;88.8;97.7;7;0.14;7;petit joueur;15;RETENUE;
France;fr_sncf;UIC87615484;Damiatte - Saint-Paul;17.9;89.6;100;6;0.14;7;petit joueur;15;RETENUE;
France;fr_sncf;UIC87328021;Les Cauquillous;17.9;90.4;100;7;0.14;7;petit joueur;15;RETENUE;
France;fr_sncf;UIC87696534;Luzy;17.9;86.4;100;12;0;7;petit joueur;15;RETENUE;
France;fr_sncf;UIC87415323;Bourgtheroulde - Thuit-Hébert;17.9;89.6;100;9;0;7;petit joueur;15;RETENUE;
France;fr_sncf;UIC87696492;Cercy-la-Tour;17.9;86.4;100;13;0;7;petit joueur;15;RETENUE;
France;fr_sncf;UIC87296269;Bohain;17.9;92.8;100;9;0.43;7;petit joueur;15;RETENUE;
France;fr_sncf;UIC87481184;Oudon;17.9;95.2;100;7;1;7;petit joueur;15;RETENUE;
France;fr_sncf;UIC87481150;Mauves-sur-Loire;17.9;95.2;100;6;1;7;petit joueur;15;RETENUE;
France;fr_sncf;UIC87481168;Le Cellier;17.9;95.2;100;6;1;7;petit joueur;15;RETENUE;
Irlande;ie_nta;dunboyne@53.42,-6.46;dunboyne;17.9;87.2;90.6;15;0;7;petit joueur;15;RETENUE;
Allemagne;de_gtfsde;magdeburgsudenburg@52.12,11.60;magdeburgsudenburg;17.9;70.4;91.9;24;0;7;petit joueur;15;RETENUE;
Allemagne;de_gtfsde;drahnsdorfbahnhof@51.92,13.58;drahnsdorfbahnhof;17.9;80;99.2;18;0;7;petit joueur;15;RETENUE;
Allemagne;de_gtfsde;langweidlech@48.49,10.85;langweidlech;17.9;84.8;85.6;19;0;7;petit joueur;15;RETENUE;
Allemagne;de_gtfsde;chemnitzerdmannsdorferstr@50.81,12.91;chemnitzerdmannsdorferstr;17.9;88.8;93.3;62;0;7;petit joueur;15;RETENUE;
Allemagne;de_gtfsde;wiesabahnhof@50.61,13.02;wiesabahnhof;17.9;89.6;89.3;12;0;7;petit joueur;15;RETENUE;
Allemagne;de_gtfsde;ovelgnnehauptstr@52.14,11.27;ovelgnnehauptstr;17.9;70.4;95.4;23;0;7;petit joueur;15;RETENUE;
Allemagne;de_gtfsde;dallaubahnhof@49.39,9.19;dallaubahnhof;17.9;84.8;94.7;19;0;7;petit joueur;15;RETENUE;
Allemagne;de_gtfsde;dreilebendrackenstedt@52.14,11.34;dreilebendrackenstedt;17.9;74.4;89.9;24;0;7;petit joueur;15;RETENUE;
Allemagne;de_gtfsde;wesselnbahnhof@52.08,10.03;wesselnbahnhof;17.9;92.8;81.2;13;0;7;petit joueur;15;RETENUE;
Allemagne;de_gtfsde;ueckermndebahnhof@53.73,14.05;ueckermndebahnhof;17.9;80.8;96.9;19;0;7;petit joueur;15;RETENUE;
Allemagne;de_gtfsde;wrthisar@48.62,12.33;wrthisar;17.9;80.8;97.7;22;0;7;petit joueur;15;RETENUE;
Allemagne;de_gtfsde;schttorfbahnhof@52.32,7.22;schttorfbahnhof;17.9;87.2;94;51;0;7;petit joueur;15;RETENUE;
Allemagne;de_gtfsde;heiligendamm@54.14,11.84;heiligendamm;17.9;96.8;98.4;52;0;7;petit joueur;15;RETENUE;
France;fr_sncf;UIC87296566;Anizy - Pinon;17.7;86.3;98.4;10;0.29;7;petit joueur;15;RETENUE;
France;fr_sncf;UIC87615492;Vielmur-sur-Agout;17.7;88.7;100;6;0.14;7;petit joueur;15;RETENUE;
France;fr_sncf;UIC87484360;Ingrandes;17.7;91.9;100;9;0.43;7;petit joueur;15;RETENUE;
France;fr_sncf;UIC87545731;Bonneval;17.7;87.1;99.2;8;0.29;7;petit joueur;15;RETENUE;
France;fr_sncf;UIC87741629;Frontenex;17.7;84.7;100;11;0.14;7;petit joueur;15;RETENUE;
France;fr_sncf;UIC87741611;Grésy-sur-Isère;17.7;85.5;100;10;0.14;7;petit joueur;15;RETENUE;
France;fr_sncf;UIC87594333;Souillac;17.7;86.3;98.4;11;1.71;7;petit joueur;15;RETENUE;
France;fr_sncf;UIC87286161;Steenwerck;17.7;91.9;99.2;5;0;7;petit joueur;15;RETENUE;
France;fr_sncf;UIC87287151;Nieppe;17.7;91.9;100;5;0;7;petit joueur;15;RETENUE;
France;fr_sncf;UIC87481143;Thouaré;17.7;95.2;100;6;1;7;petit joueur;15;RETENUE;
France;fr_sncf;UIC80142281;Karlsruhe Hbf;17.7;34.7;100;13;0.14;7;petit joueur;15;RETENUE;
Allemagne;de_gtfsde;neundorfanh@51.82,11.59;neundorfanh;17.7;87.1;94.7;19;0;7;petit joueur;15;RETENUE;
Allemagne;de_gtfsde;herbertshofen@48.53,10.85;herbertshofen;17.7;82.3;86.7;20;0;7;petit joueur;15;RETENUE;
Allemagne;de_gtfsde;altengrs@53.90,10.36;altengrs;17.7;90.3;88.6;13;0;7;petit joueur;15;RETENUE;
Allemagne;de_gtfsde;chemnitzschulealtchemnitz@50.80,12.91;chemnitzschulealtchemnitz;17.7;96.8;88.6;51;0;7;petit joueur;15;RETENUE;
Allemagne;de_gtfsde;maximiliansauimrsten@49.04,8.28;maximiliansauimrsten;17.7;94.4;93.9;8;0;7;petit joueur;15;RETENUE;
Allemagne;de_gtfsde;eriskirchbahnhof@47.63,9.53;eriskirchbahnhof;17.7;95.2;98.4;10;0;7;petit joueur;15;RETENUE;
Allemagne;de_gtfsde;musau@47.53,10.67;musau;17.7;83.9;91.2;15;0;7;petit joueur;15;RETENUE;
Allemagne;de_gtfsde;emmericheltenbahnhof@51.87,6.15;emmericheltenbahnhof;17.7;29;93.9;48;0;7;petit joueur;15;RETENUE;
Allemagne;de_gtfsde;empeldebahnhof@52.34,9.67;empeldebahnhof;17.7;65.3;91.9;26;0;7;petit joueur;15;RETENUE;
France;fr_sncf;UIC87484352;Champtocé-sur-Loire;17.6;92.7;99.2;7;0.43;7;petit joueur;15;RETENUE;
France;fr_sncf;UIC87484386;Varades - Saint-Florent-le-Vieil;17.6;92.7;100;8;0.43;7;petit joueur;15;RETENUE;
France;fr_sncf;UIC87345272;Meurchin;17.6;91.9;100;7;0.29;7;petit joueur;15;RETENUE;
France;fr_sncf;UIC87286278;Pérenchies;17.6;92.7;100;5;0;7;petit joueur;15;RETENUE;
Pays-Bas;nl_ovapi;wesel@51.66,6.63;wesel;17.6;85.4;100;29;0;7;petit joueur;15;RETENUE;
Allemagne;de_gtfsde;rippbergbahnhof@49.62,9.29;rippbergbahnhof;17.6;96.7;88.5;9;0;7;petit joueur;15;RETENUE;
Allemagne;de_gtfsde;treuenbahnhof@50.55,12.30;treuenbahnhof;17.6;86.2;96.1;15;0;7;petit joueur;15;RETENUE;
Allemagne;de_gtfsde;kummersdorflosbahnhof@52.28,13.87;kummersdorflosbahnhof;17.6;86.2;83.7;32;0;7;petit joueur;15;RETENUE;
Allemagne;de_gtfsde;annabergbuchholzsd@50.56,13.00;annabergbuchholzsd;17.6;90.2;82;14;0;7;petit joueur;15;RETENUE;
Allemagne;de_gtfsde;brettorf@52.97,8.45;brettorf;17.6;80.5;80.4;21;0;7;petit joueur;15;RETENUE;
Allemagne;de_gtfsde;ventschowbahnhof@53.79,11.58;ventschowbahnhof;17.6;80.5;86;21;0;7;petit joueur;15;RETENUE;
Allemagne;de_gtfsde;aletshausen@48.20,10.38;aletshausen;17.6;87;93.9;16;0;7;petit joueur;15;RETENUE;
Allemagne;de_gtfsde;unterloquitz@50.58,11.39;unterloquitz;17.6;95.1;99.2;9;0;7;petit joueur;15;RETENUE;
Allemagne;de_gtfsde;mnsterhgerbahnhof@52.02,7.56;mnsterhgerbahnhof;17.6;82.9;83.1;18;0;7;petit joueur;15;RETENUE;
Allemagne;de_gtfsde;burgdorfbahnhof@52.45,10.00;burgdorfbahnhof;17.6;87.8;91.8;15;0;7;petit joueur;15;RETENUE;
Allemagne;de_gtfsde;rieste@52.48,8.01;rieste;17.6;63.4;92.5;19;0;7;petit joueur;15;RETENUE;
Allemagne;de_gtfsde;neumhleelster@50.70,12.17;neumhleelster;17.6;90.2;89.8;14;0;7;petit joueur;15;RETENUE;
Allemagne;de_gtfsde;bopfingenbahnhof@48.86,10.35;bopfingenbahnhof;17.6;86.2;96.9;12;0;7;petit joueur;15;RETENUE;
Allemagne;de_gtfsde;frankfurtoderheleneseebhf@52.28,14.48;frankfurtoderheleneseebhf;17.6;91.9;84.2;31;0;7;petit joueur;15;RETENUE;
France;fr_sncf;UIC87271817;Soissons;17.4;88.5;100;8;0.29;7;petit joueur;14;RETENUE;
France;fr_sncf;UIC87481069;La Basse Indre - Saint-Herblain;17.4;93.4;100;5;1.57;7;petit joueur;14;RETENUE;
France;fr_sncf;UIC87747626;Clelles - Mens;17.4;84.4;99.2;7;0.14;7;petit joueur;14;RETENUE;
France;fr_sncf;UIC87296293;Fresnoy-le-Grand;17.4;93.4;100;9;0.43;7;petit joueur;14;RETENUE;
France;fr_sncf;UIC87141291;Neufchâteau;17.4;95.9;100;7;0.29;7;petit joueur;14;RETENUE;
France;fr_sncf;UIC87147322;Meuse TGV;17.4;79.5;100;10;0.14;7;petit joueur;14;RETENUE;
Norvege;no_entur;finsestasjon@60.60,7.50;finsestasjon;17.4;81.1;100;75;0;7;petit joueur;14;RETENUE;
Allemagne;de_gtfsde;bennigsenbahnhof@52.24,9.67;bennigsenbahnhof;17.4;60.7;84.7;27;0;7;petit joueur;14;RETENUE;
Allemagne;de_gtfsde;veringendorfbahnhof@48.16,9.20;veringendorfbahnhof;17.4;91.8;93.8;15;0;7;petit joueur;14;RETENUE;
Allemagne;de_gtfsde;mixdorfbahnhof@52.20,14.39;mixdorfbahnhof;17.4;92.6;92.4;38;0;7;petit joueur;14;RETENUE;
Allemagne;de_gtfsde;waldkirchenbahnhof@50.76,13.09;waldkirchenbahnhof;17.4;92.6;87.8;12;0;7;petit joueur;14;RETENUE;
Allemagne;de_gtfsde;auerbachhp@50.51,12.38;auerbachhp;17.4;89.3;94.6;13;0;7;petit joueur;14;RETENUE;
Allemagne;de_gtfsde;thannmatzbach@48.27,12.05;thannmatzbach;17.4;63.9;96.1;21;0;7;petit joueur;14;RETENUE;
Allemagne;de_gtfsde;hennersdorfhperzgebirgsbahn@50.79,13.07;hennersdorfhperzgebirgsbahn;17.4;89.3;90.4;13;0;7;petit joueur;14;RETENUE;
Allemagne;de_gtfsde;aufhausenbahnhof@48.86,10.32;aufhausenbahnhof;17.4;82.8;93.8;12;0;7;petit joueur;14;RETENUE;
Allemagne;de_gtfsde;trochtelfingenbahnhof@48.84,10.40;trochtelfingenbahnhof;17.4;85.2;100;13;0;7;petit joueur;14;RETENUE;
Allemagne;de_gtfsde;strasburgbahnhof@53.51,13.75;strasburgbahnhof;17.4;80.3;98.4;18;0;7;petit joueur;14;RETENUE;
Allemagne;de_gtfsde;venlo@51.36,6.17;venlo;17.4;73.8;98.4;32;0;7;petit joueur;14;RETENUE;
Etats-Unis;us_mta_lirr;montauk@41.05,-71.95;montauk;17.4;73.8;100;82;0.14;7;petit joueur;14;RETENUE;
France;fr_sncf;UIC87271734;Villers-Cotterêts;17.3;89.3;100;8;0.29;7;petit joueur;14;RETENUE;
France;fr_sncf;UIC87276378;Villers-Saint-Paul;17.3;89.3;100;6;0.29;7;petit joueur;14;RETENUE;
France;fr_sncf;UIC87485540;Lusignan;17.3;95.9;100;5;0.29;7;petit joueur;14;RETENUE;
France;fr_sncf;UIC87481051;Chantenay;17.3;93.4;100;5;1.57;7;petit joueur;14;RETENUE;
France;fr_sncf;UIC87765198;Bédarrides;17.3;87.6;100;9;0.29;7;petit joueur;14;RETENUE;
Norvege;no_entur;hagastasjon@60.05,11.37;hagastasjon;17.3;71.1;91;86;0;7;petit joueur;14;RETENUE;
Allemagne;de_gtfsde;zellertal@49.17,12.87;zellertal;17.3;46.3;90.3;27;0;7;petit joueur;14;RETENUE;
Allemagne;de_gtfsde;mirow@53.27,12.82;mirow;17.3;86.8;100;14;0;7;petit joueur;14;RETENUE;
Allemagne;de_gtfsde;straberghaltepunkt@50.48,12.09;straberghaltepunkt;17.3;71.9;81.2;20;0;7;petit joueur;14;RETENUE;
Allemagne;de_gtfsde;buckowbeibeeskowbahnhof@52.19,14.17;buckowbeibeeskowbahnhof;17.3;89.3;96.8;35;0;7;petit joueur;14;RETENUE;
Allemagne;de_gtfsde;leussowbneustrelitzzirtowleussow@53.28,12.89;leussowbneustrelitzzirtowleussow;17.3;90.1;100;13;0;7;petit joueur;14;RETENUE;
Allemagne;de_gtfsde;wesenberg@53.29,12.96;wesenberg;17.3;94.2;100;13;0;7;petit joueur;14;RETENUE;
Allemagne;de_gtfsde;etelsen@53.00,9.12;etelsen;17.3;75.2;93.8;24;0;7;petit joueur;14;RETENUE;
Allemagne;de_gtfsde;zschopaubahnhof@50.74,13.07;zschopaubahnhof;17.3;92.6;92.4;12;0;7;petit joueur;14;RETENUE;
Allemagne;de_gtfsde;mhringenbahnhof@47.96,8.77;mhringenbahnhof;17.3;81.8;86.4;28;0;7;petit joueur;14;RETENUE;
Allemagne;de_gtfsde;wsting@53.12,8.34;wsting;17.3;89.3;98.4;13;0;7;petit joueur;14;RETENUE;
Allemagne;de_gtfsde;khlungsbornbahnhofwest@54.15,11.73;khlungsbornbahnhofwest;17.3;91.7;94.5;50;0;7;petit joueur;14;RETENUE;
France;fr_sncf;UIC87584714;Vayres;17.1;92.5;100;8;0;7;petit joueur;14;RETENUE;
France;fr_sncf;UIC87725804;Pont-de-Veyle;17.1;89.2;100;6;0;7;petit joueur;14;RETENUE;
France;fr_sncf;UIC87481820;Cordemais;17.1;94.2;99.2;6;1.57;7;petit joueur;14;RETENUE;
France;fr_sncf;UIC87725812;St-Jean-sur-Veyle;17.1;92.5;100;6;0;7;petit joueur;14;RETENUE;
France;fr_sncf;UIC87725820;Vonnas;17.1;92.5;100;7;0;7;petit joueur;14;RETENUE;
Allemagne;de_gtfsde;schlierbachschwalmederkr@50.97,9.20;schlierbachschwalmederkr;17.1;80;90.9;24;0;7;petit joueur;14;RETENUE;
Allemagne;de_gtfsde;uder@51.37,10.06;uder;17.1;90;97.6;18;0;7;petit joueur;14;RETENUE;
Allemagne;de_gtfsde;klostermansfeld@51.57,11.49;klostermansfeld;17.1;92.5;99.2;13;0;7;petit joueur;14;RETENUE;
Allemagne;de_gtfsde;niederraunau@48.22,10.37;niederraunau;17.1;90.8;90.9;16;0;7;petit joueur;14;RETENUE;
Allemagne;de_gtfsde;wesenbergweiersee@53.28,12.96;wesenbergweiersee;17.1;89.2;100;14;0;7;petit joueur;14;RETENUE;
Allemagne;de_gtfsde;haupeltshofen@48.18,10.38;haupeltshofen;17.1;90;93;16;0;7;petit joueur;14;RETENUE;
Allemagne;de_gtfsde;bremensebaldsbrckzug@53.06,8.89;bremensebaldsbrckzug;17.1;74.2;92.3;21;0;7;petit joueur;14;RETENUE;
Allemagne;de_gtfsde;mehltheuerbahnhof@50.54,12.04;mehltheuerbahnhof;17.1;75.8;93.8;21;0;7;petit joueur;14;RETENUE;
Allemagne;de_gtfsde;wissingen@52.26,8.20;wissingen;17.1;87.5;90.9;55;0;7;petit joueur;14;RETENUE;
Allemagne;de_gtfsde;fredericiast@55.57,9.74;fredericiast;17.1;95.8;99.2;11;0;7;petit joueur;14;RETENUE;
Allemagne;de_gtfsde;zeulenrodauntbf@50.66,12.01;zeulenrodauntbf;17.1;69.2;88.9;35;0;7;petit joueur;14;RETENUE;
Allemagne;de_gtfsde;zevenaar@51.92,6.07;zevenaar;17.1;30;100;47;0;7;petit joueur;14;RETENUE;
Allemagne;de_gtfsde;wittenbecksteilkste@54.14,11.79;wittenbecksteilkste;17.1;89.2;95.2;75;0;7;petit joueur;14;RETENUE;
Etats-Unis;us_mta_lirr;bridgehampton@40.94,-72.31;bridgehampton;17.1;75;100;96;0;7;petit joueur;14;RETENUE;
France;fr_sncf;UIC87118257;Vendeuvre;17;94.1;100;6;0;7;petit joueur;14;RETENUE;
France;fr_sncf;UIC87212431;Seltz;17;92.4;100;7;0;7;petit joueur;14;RETENUE;
Pays-Bas;nl_ovapi;oberhausensterkrade@51.51,6.84;oberhausensterkrade;17;84.9;100;24;0;7;petit joueur;14;RETENUE;
Allemagne;de_gtfsde;hettingenbhf@48.22,9.23;hettingenbhf;17;88.2;93;14;0;7;petit joueur;14;RETENUE;
Allemagne;de_gtfsde;erdmannsdorfaugustusburgbahnhof@50.82,13.08;erdmannsdorfaugustusburgbahnhof;17;92.4;89.5;12;0;7;petit joueur;14;RETENUE;
Allemagne;de_gtfsde;edelfingenbahnhof@49.51,9.74;edelfingenbahnhof;17;89.9;88.1;16;0;7;petit joueur;14;RETENUE;
Allemagne;de_gtfsde;lindenbergmarkbahnhof@52.20,14.11;lindenbergmarkbahnhof;17;92.4;83.2;15;0;7;petit joueur;14;RETENUE;
Allemagne;de_gtfsde;kirnbachgrn@48.36,8.11;kirnbachgrn;17;97.5;87.5;11;0;7;petit joueur;14;RETENUE;
Allemagne;de_gtfsde;herrenseebahnhof@52.53,13.89;herrenseebahnhof;17;96.6;93.7;37;0;7;petit joueur;14;RETENUE;
Allemagne;de_gtfsde;singlis@51.06,9.32;singlis;17;82.4;95.2;23;0;7;petit joueur;14;RETENUE;
Allemagne;de_gtfsde;badkarlshafen@51.65,9.45;badkarlshafen;17;57.1;83.8;22;0;7;petit joueur;14;RETENUE;
Allemagne;de_gtfsde;ulrichsbrckefssen@47.54,10.66;ulrichsbrckefssen;17;81.5;86.9;17;0;7;petit joueur;14;RETENUE;
Allemagne;de_gtfsde;rahdenbahnhof@52.43,8.62;rahdenbahnhof;17;77.3;100;47;0;7;petit joueur;14;RETENUE;
Etats-Unis;us_mta_lirr;easthampton@40.97,-72.19;easthampton;17;77.3;100;84;0.29;7;petit joueur;14;RETENUE;
France;fr_sncf;UIC87118299;Bar-sur-Aube;16.9;94.1;100;7;0;7;petit joueur;14;RETENUE;
France;fr_sncf;UIC87581314;Lesparre;16.9;83.9;100;10;1;7;petit joueur;14;RETENUE;
France;fr_sncf;UIC87485250;Mauzé;16.9;96.6;100;5;0.43;7;petit joueur;14;RETENUE;
France;fr_sncf;UIC87722710;Chaponost;16.9;66.9;100;5;0;7;petit joueur;14;RETENUE;
Allemagne;de_gtfsde;gollmitzbahnhof@51.70,13.89;gollmitzbahnhof;16.9;92.4;98.3;13;0;7;petit joueur;14;RETENUE;
Allemagne;de_gtfsde;zimmernbahnhof@49.43,9.37;zimmernbahnhof;16.9;83.9;95.9;23;0;7;petit joueur;14;RETENUE;
Allemagne;de_gtfsde;halberstadtspiegelsberge@51.88,11.05;halberstadtspiegelsberge;16.9;93.2;95.9;11;0;7;petit joueur;14;RETENUE;
Allemagne;de_gtfsde;wennigsenbahnhof@52.28,9.57;wennigsenbahnhof;16.9;74.6;84.9;26;0;7;petit joueur;14;RETENUE;
Allemagne;de_gtfsde;rehfeldebahnhof@52.53,13.92;rehfeldebahnhof;16.9;90.7;80.8;32;0;7;petit joueur;14;RETENUE;
Allemagne;de_gtfsde;otterbachbahnhof@49.48,7.73;otterbachbahnhof;16.9;80.5;95.9;16;0;7;petit joueur;14;RETENUE;
Allemagne;de_gtfsde;westendorf@48.57,10.84;westendorf;16.9;80.5;92.2;21;0;7;petit joueur;14;RETENUE;
Allemagne;de_gtfsde;geisingbahnhof@50.76,13.79;geisingbahnhof;16.9;75.4;90.8;29;0;7;petit joueur;14;RETENUE;
Allemagne;de_gtfsde;harenbahnhof@52.79,7.30;harenbahnhof;16.9;61.9;98.3;26;0;7;petit joueur;14;RETENUE;
Allemagne;de_gtfsde;vamdrupst@55.43,9.29;vamdrupst;16.9;93.2;100;13;0;7;petit joueur;14;RETENUE;
France;fr_sncf;UIC87313486;Nesle;16.7;91.5;100;9;0.14;7;petit joueur;14;RETENUE;
France;fr_sncf;UIC87611483;Latour-de-Carol - Enveitg;16.7;88;100;8;0.29;7;petit joueur;14;RETENUE;
Irlande;ie_nta;monasterevin@53.15,-7.06;monasterevin;16.7;87.2;90.7;17;0;7;petit joueur;14;RETENUE;
Irlande;ie_nta;athenry@53.30,-8.75;athenry;16.7;71.8;94.4;31;0;7;petit joueur;14;RETENUE;
Allemagne;de_gtfsde;niederndodeleben@52.13,11.50;niederndodeleben;16.7;66.7;87.3;22;0;7;petit joueur;14;RETENUE;
Allemagne;de_gtfsde;schneebergimodenwald@49.64,9.25;schneebergimodenwald;16.7;97.4;86.7;8;0;7;petit joueur;14;RETENUE;
Allemagne;de_gtfsde;veringenstadtbahnhof@48.18,9.21;veringenstadtbahnhof;16.7;88;94.4;17;0;7;petit joueur;14;RETENUE;
Allemagne;de_gtfsde;bsdorfsachsanh@52.42,11.06;bsdorfsachsanh;16.7;70.1;91.4;19;0;7;petit joueur;14;RETENUE;
Allemagne;de_gtfsde;altenbergbahnhof@50.77,13.75;altenbergbahnhof;16.7;76.1;97.5;25;0;7;petit joueur;14;RETENUE;
Allemagne;de_gtfsde;wolkensteinbahnhofb101@50.65,13.06;wolkensteinbahnhofb101;16.7;88;91.4;13;0;7;petit joueur;14;RETENUE;
Allemagne;de_gtfsde;templinbahnhof@53.11,13.49;templinbahnhof;16.7;97.4;97.5;32;0;7;petit joueur;14;RETENUE;
Allemagne;de_gtfsde;grunowlosbahnhof@52.17,14.38;grunowlosbahnhof;16.7;93.2;81.3;33;0;7;petit joueur;14;RETENUE;
Allemagne;de_gtfsde;wellenmagdeburg@52.14,11.43;wellenmagdeburg;16.7;65.8;91.4;21;0;7;petit joueur;14;RETENUE;
Allemagne;de_gtfsde;ochtmersleben@52.14,11.38;ochtmersleben;16.7;68.4;89.3;22;0;7;petit joueur;14;RETENUE;
Allemagne;de_gtfsde;seebachbeimhlhausen@51.17,10.52;seebachbeimhlhausen;16.7;88;95.1;16;0;7;petit joueur;14;RETENUE;
Allemagne;de_gtfsde;uslaroffensen@51.59,9.68;uslaroffensen;16.7;82.9;87.3;19;0;7;petit joueur;14;RETENUE;
Allemagne;de_gtfsde;moidentinbahnhof@53.81,11.48;moidentinbahnhof;16.7;91.5;99.2;12;0;7;petit joueur;14;RETENUE;
Allemagne;de_gtfsde;altenabahnhof@51.30,7.67;altenabahnhof;16.7;88.9;98.3;15;0;7;petit joueur;14;RETENUE;
Allemagne;de_gtfsde;lhn@47.42,10.83;lhn;16.7;53.8;91.4;22;0;7;petit joueur;14;RETENUE;
Etats-Unis;us_mta_lirr;amagansett@40.98,-72.13;amagansett;16.7;76.1;100;97;0;7;petit joueur;14;RETENUE;
France;fr_sncf;UIC87471037;Bruz;16.6;96.6;100;6;0.43;7;petit joueur;14;RETENUE;
France;fr_sncf;UIC87444638;L'Aigle;16.6;95.7;99.1;5;0;7;petit joueur;14;RETENUE;
France;fr_sncf;UIC87701532;Trélazé;16.6;93.1;100;6;0.29;7;petit joueur;14;RETENUE;
France;fr_sncf;UIC87313882;TGV Haute Picardie;16.6;87.9;100;7;0.14;7;petit joueur;14;RETENUE;
France;fr_sncf;UIC87141374;Saint-Clément - Laronxe;16.6;87.1;100;10;0;7;petit joueur;14;RETENUE;
Allemagne;de_gtfsde;langenhornschlesw@54.69,8.95;langenhornschlesw;16.6;86.2;88.5;20;0;7;petit joueur;14;RETENUE;
Allemagne;de_gtfsde;wefensleben@52.18,11.16;wefensleben;16.6;69;93.5;21;0;7;petit joueur;14;RETENUE;
Allemagne;de_gtfsde;kolkwitzsdbhf@51.75,14.24;kolkwitzsdbhf;16.6;94.8;92.8;11;0;7;petit joueur;14;RETENUE;
Allemagne;de_gtfsde;malchin@53.74,12.76;malchin;16.6;90.5;96.7;14;0;7;petit joueur;14;RETENUE;
Allemagne;de_gtfsde;geisinghartmannmhle@50.78,13.79;geisinghartmannmhle;16.6;75;92.1;31;0;7;petit joueur;14;RETENUE;
Allemagne;de_gtfsde;halleknsebeckbahnhof@52.04,8.38;halleknsebeckbahnhof;16.6;68.1;93.5;21;0;7;petit joueur;14;RETENUE;
Allemagne;de_gtfsde;vogelsangohvbahnhof@53.04,13.39;vogelsangohvbahnhof;16.6;93.1;99.1;19;0;7;petit joueur;14;RETENUE;
Allemagne;de_gtfsde;schnbornbahnhof@51.60,13.47;schnbornbahnhof;16.6;94.8;93.5;12;0;7;petit joueur;14;RETENUE;
Allemagne;de_gtfsde;elsfleth@53.23,8.46;elsfleth;16.6;55.2;92.1;28;0;7;petit joueur;14;RETENUE;
Allemagne;de_gtfsde;schlattbahnhof@48.34,9.03;schlattbahnhof;16.6;93.1;87.2;9;0;7;petit joueur;14;RETENUE;
Allemagne;de_gtfsde;baddoberangoethestrae@54.11,11.90;baddoberangoethestrae;16.6;92.2;97.5;78;0;7;petit joueur;14;RETENUE;
Allemagne;de_gtfsde;osterodeamharzmitte@51.73,10.25;osterodeamharzmitte;16.6;96.6;81.1;10;0;7;petit joueur;14;RETENUE;
Etats-Unis;us_mta_lirr;southampton@40.89,-72.39;southampton;16.6;78.4;100;93;0;7;petit joueur;14;RETENUE;
France;fr_sncf;UIC87444695;Sées;16.4;85.2;100;11;0;7;petit joueur;14;RETENUE;
France;fr_sncf;UIC87313395;Poix-de-Picardie;16.4;87;100;8;0;7;petit joueur;14;RETENUE;
France;fr_sncf;UIC87773531;Vic - Mireval;16.4;89.6;100;7;0.29;7;petit joueur;14;RETENUE;
France;fr_sncf;UIC87487876;Les Rosiers-sur-Loire;16.4;93;100;5;0.29;7;petit joueur;14;RETENUE;
France;fr_sncf;UIC87487892;Saint-Mathurin;16.4;93;100;5;0.29;7;petit joueur;14;RETENUE;
France;fr_sncf;UIC87487843;La Bohalle;16.4;93;100;5;0.29;7;petit joueur;14;RETENUE;
Allemagne;de_gtfsde;kaltenweidebahnhof@52.48,9.74;kaltenweidebahnhof;16.4;76.5;92.7;15;0;7;petit joueur;14;RETENUE;
Allemagne;de_gtfsde;kttewitzhaltepunkt@50.95,13.86;kttewitzhaltepunkt;16.4;72.2;89.1;32;0;7;petit joueur;14;RETENUE;
Allemagne;de_gtfsde;rckersdorfbahnhof@51.57,13.57;rckersdorfbahnhof;16.4;82.6;96.6;17;0;7;petit joueur;14;RETENUE;
Allemagne;de_gtfsde;wstenfeldebgrimmebahnhof@54.23,13.14;wstenfeldebgrimmebahnhof;16.4;80.9;96.6;23;0;7;petit joueur;14;RETENUE;
Allemagne;de_gtfsde;rohrbachoberbay@48.30,12.55;rohrbachoberbay;16.4;83.5;95.8;16;0;7;petit joueur;14;RETENUE;
Allemagne;de_gtfsde;zellamehliswest@50.66,10.65;zellamehliswest;16.4;94.8;86.5;10;0;7;petit joueur;14;RETENUE;
Allemagne;de_gtfsde;trostberg@48.02,12.56;trostberg;16.4;93;97.5;11;0;7;petit joueur;14;RETENUE;
Allemagne;de_gtfsde;oehnabeiniedergrsdorfbahnhof@51.93,13.05;oehnabeiniedergrsdorfbahnhof;16.4;85.2;85.8;17;0;7;petit joueur;14;RETENUE;
Allemagne;de_gtfsde;weilbachunterfr@49.67,9.21;weilbachunterfr;16.4;95.7;85.8;10;0;7;petit joueur;14;RETENUE;
Allemagne;de_gtfsde;ritterhude@53.18,8.75;ritterhude;16.4;56.5;91.3;26;0;7;petit joueur;14;RETENUE;
France;fr_sncf;UIC87773515;Villeneuve-lès-Maguelone;16.3;90.4;100;7;0.29;7;petit joueur;14;RETENUE;
France;fr_sncf;UIC87146217;Saint-Nabord;16.3;92.1;100;9;0.14;7;petit joueur;14;RETENUE;
France;fr_sncf;UIC87444216;Saint-Pierre-sur-Dives;16.3;89.5;99.1;11;0;7;petit joueur;14;RETENUE;
France;fr_sncf;UIC87144436;Éloyes;16.3;92.1;100;8;0;7;petit joueur;14;RETENUE;
France;fr_sncf;UIC87615377;Gragnague;16.3;90.4;100;9;0.57;7;petit joueur;14;RETENUE;
France;fr_sncf;UIC87142109;Lorraine TGV;16.3;85.1;100;12;0;7;petit joueur;14;RETENUE;
France;fr_sncf;UIC87393595;Verneuil-sur-Avre;16.3;95.6;99.1;5;0;7;petit joueur;14;RETENUE;
France;fr_sncf;UIC80140087;Mannheim Hbf;16.3;55.3;100;16;0.14;7;petit joueur;14;RETENUE;
Irlande;ie_nta;hansfield@53.39,-6.44;hansfield;16.3;89.5;89.8;13;0;7;petit joueur;14;RETENUE;
Allemagne;de_gtfsde;frenz@51.75,11.90;frenz;16.3;80.7;91.2;17;0;7;petit joueur;14;RETENUE;
Allemagne;de_gtfsde;vhlederbringhausen@51.13,8.87;vhlederbringhausen;16.3;71.1;92.7;19;0;7;petit joueur;14;RETENUE;
Allemagne;de_gtfsde;bergenweilerbahnhof@48.58,10.27;bergenweilerbahnhof;16.3;74.6;87.7;23;0;7;petit joueur;14;RETENUE;
Allemagne;de_gtfsde;jungnau@48.14,9.21;jungnau;16.3;89.5;90.5;14;0;7;petit joueur;14;RETENUE;
Allemagne;de_gtfsde;einsiedelbrauerei@50.77,12.97;einsiedelbrauerei;16.3;97.4;81.4;24;0;7;petit joueur;14;RETENUE;
Allemagne;de_gtfsde;dreye@53.02,8.87;dreye;16.3;64;93.4;24;0;7;petit joueur;14;RETENUE;
Allemagne;de_gtfsde;stadtoldendorf@51.88,9.62;stadtoldendorf;16.3;89.5;98.3;17;0;7;petit joueur;14;RETENUE;
Allemagne;de_gtfsde;uslar@51.65,9.66;uslar;16.3;96.5;95.8;9;0;7;petit joueur;14;RETENUE;
France;fr_sncf;UIC87594093;Ussel;16.1;90.3;100;8;0.14;7;petit joueur;13;RETENUE;
France;fr_sncf;UIC87594275;Meymac;16.1;89.4;100;7;0.14;7;petit joueur;13;RETENUE;
France;fr_sncf;UIC87571828;Langeais;16.1;83.2;100;12;1.14;7;petit joueur;13;RETENUE;
France;fr_sncf;UIC87144428;Pouxeux;16.1;90.3;100;10;0;7;petit joueur;13;RETENUE;
France;fr_sncf;UIC87672725;Oloron-Sainte-Marie;16.1;92.9;98.3;7;1;7;petit joueur;13;RETENUE;
France;fr_sncf;UIC87672600;Croix du Prince;16.1;93.8;100;5;1;7;petit joueur;13;RETENUE;
Irlande;ie_nta;galwayceannt@53.27,-9.05;galwayceannt;16.1;64.6;94.2;33;0;7;petit joueur;13;RETENUE;
Allemagne;de_gtfsde;igersheimbahnhof@49.49,9.81;igersheimbahnhof;16.1;85;91.9;15;0;7;petit joueur;13;RETENUE;
Allemagne;de_gtfsde;drohndorfmehringen@51.72,11.52;drohndorfmehringen;16.1;64.6;92.6;29;0;7;petit joueur;13;RETENUE;
Allemagne;de_gtfsde;steinfeldstendal@52.61,11.73;steinfeldstendal;16.1;84.1;98.3;14;0;7;petit joueur;13;RETENUE;
Allemagne;de_gtfsde;zehdenickneuhofbhf@53.01,13.35;zehdenickneuhofbhf;16.1;93.8;94.2;24;0;7;petit joueur;13;RETENUE;
Allemagne;de_gtfsde;pflaumlochbahnhof@48.85,10.44;pflaumlochbahnhof;16.1;86.7;99.1;12;0;7;petit joueur;13;RETENUE;
France;fr_sncf;UIC87615542;Mazamet;16;93.8;100;6;0.14;7;petit joueur;13;RETENUE;
France;fr_sncf;UIC87615526;Labruguière;16;94.6;100;6;0.14;7;petit joueur;13;RETENUE;
France;fr_sncf;UIC87571794;Port Boulet;16;85.7;100;13;1.14;7;petit joueur;13;RETENUE;
France;fr_sncf;UIC87571836;Cinq-Mars-la-Pile;16;82.1;100;13;1.14;7;petit joueur;13;RETENUE;
France;fr_sncf;UIC87672618;Gan;16;93.8;100;5;1;7;petit joueur;13;RETENUE;
France;fr_sncf;UIC87396036;La Guierche;16;73.2;100;11;2.29;7;petit joueur;13;RETENUE;
Irlande;ie_nta;thurles@52.68,-7.82;thurles;16;46.4;88.2;22;0;7;petit joueur;13;RETENUE;
Allemagne;de_gtfsde;bruchmhlen@52.20,8.45;bruchmhlen;16;87.5;87.5;47;0;7;petit joueur;13;RETENUE;
Allemagne;de_gtfsde;chemnitzgustavfreytagstr@50.83,12.92;chemnitzgustavfreytagstr;16;97.3;90.3;52;0;7;petit joueur;13;RETENUE;
Allemagne;de_gtfsde;annabergbuchholzuntererbahnhof@50.58,13.00;annabergbuchholzuntererbahnhof;16;89.3;90.3;14;0;7;petit joueur;13;RETENUE;
Allemagne;de_gtfsde;krumbachschwabschule@48.24,10.36;krumbachschwabschule;16;88.4;83.6;16;0;7;petit joueur;13;RETENUE;
Allemagne;de_gtfsde;hohenleipischbahnhof@51.49,13.57;hohenleipischbahnhof;16;84.8;98.2;17;0;7;petit joueur;13;RETENUE;
Allemagne;de_gtfsde;vhlthalitter@51.22,8.90;vhlthalitter;16;75;88.2;16;0;7;petit joueur;13;RETENUE;
Allemagne;de_gtfsde;knitzthringen@50.66,11.49;knitzthringen;16;94.6;91.1;12;0;7;petit joueur;13;RETENUE;
Allemagne;de_gtfsde;wilischthalbahnhof@50.73,13.06;wilischthalbahnhof;16;95.5;86.8;11;0;7;petit joueur;13;RETENUE;
Allemagne;de_gtfsde;nassenbeuren@48.08,10.50;nassenbeuren;16;90.2;83;13;0;7;petit joueur;13;RETENUE;
Allemagne;de_gtfsde;schnstedt@51.12,10.59;schnstedt;16;87.5;86.8;14;0;7;petit joueur;13;RETENUE;
Allemagne;de_gtfsde;geestebahnhof@52.60,7.31;geestebahnhof;16;67;97.4;21;0;7;petit joueur;13;RETENUE;
France;fr_sncf;UIC87576439;Avord;15.9;89.2;100;10;0.29;7;petit joueur;13;RETENUE;
France;fr_sncf;UIC87481390;Challans;15.9;93.7;100;5;1.14;7;petit joueur;13;RETENUE;
Allemagne;de_gtfsde;jnkerathbahnhof@50.34,6.58;jnkerathbahnhof;15.9;90.1;92.5;15;0;7;petit joueur;13;RETENUE;
Allemagne;de_gtfsde;oelsnitzbahnhof@50.73,12.69;oelsnitzbahnhof;15.9;93.7;92.5;21;0;7;petit joueur;13;RETENUE;
Allemagne;de_gtfsde;badlobenstein@50.45,11.64;badlobenstein;15.9;94.6;84.1;10;0;7;petit joueur;13;RETENUE;
Allemagne;de_gtfsde;hammelspringbahnhof@53.07,13.44;hammelspringbahnhof;15.9;93.7;98.2;26;0;7;petit joueur;13;RETENUE;
Allemagne;de_gtfsde;padborgst@54.82,9.36;padborgst;15.9;92.8;97.4;13;0;7;petit joueur;13;RETENUE;
Allemagne;de_gtfsde;oldenzaal@52.31,6.93;oldenzaal;15.9;90.1;97.4;31;0;7;petit joueur;13;RETENUE;
Allemagne;de_gtfsde;khlungsbornbahnhofost@54.15,11.76;khlungsbornbahnhofost;15.9;92.8;91;71;0;7;petit joueur;13;RETENUE;
Allemagne;de_gtfsde;baddoberanstadtmitte@54.10,11.90;baddoberanstadtmitte;15.9;92.8;91.7;70;0;7;petit joueur;13;RETENUE;
Etats-Unis;us_mta_lirr;hamptonbays@40.88,-72.52;hamptonbays;15.9;81.1;100;84;0.14;7;petit joueur;13;RETENUE;
Etats-Unis;us_mta_lirr;westhampton@40.83,-72.65;westhampton;15.9;77.5;100;87;0;7;petit joueur;13;RETENUE;
France;fr_sncf;UIC87276303;Longueil-Sainte-Marie;15.7;85.5;100;7;0.29;7;petit joueur;13;RETENUE;
France;fr_sncf;UIC85011031;Vallorbe;15.7;92.7;100;6;0;7;petit joueur;13;RETENUE;
France;fr_sncf;UIC87576884;Villefranche-sur-Cher;15.7;90.9;100;8;0.29;7;petit joueur;13;RETENUE;
France;fr_sncf;UIC87672709;Ogeu-les-Bains;15.7;94.5;100;5;1;7;petit joueur;13;RETENUE;
France;fr_sncf;UIC87571638;Azay-le-Rideau;15.7;88.2;100;8;0.29;7;petit joueur;13;RETENUE;
Allemagne;de_gtfsde;rehfeldeebahnhof@51.58,13.15;rehfeldeebahnhof;15.7;72.7;95.7;23;0;7;petit joueur;13;RETENUE;
Allemagne;de_gtfsde;hettstedt@51.64,11.51;hettstedt;15.7;93.6;95.7;14;0;7;petit joueur;13;RETENUE;
Allemagne;de_gtfsde;neueschenkebushaltestelle@50.88,11.64;neueschenkebushaltestelle;15.7;90.9;92.4;13;0;7;petit joueur;13;RETENUE;
Allemagne;de_gtfsde;rentwertshausenbushaltestelle@50.45,10.44;rentwertshausenbushaltestelle;15.7;96.4;94;9;0;7;petit joueur;13;RETENUE;
Allemagne;de_gtfsde;lindaelster@51.85,13.09;lindaelster;15.7;89.1;96.5;17;0;7;petit joueur;13;RETENUE;
Allemagne;de_gtfsde;walddrehnabahnhof@51.77,13.62;walddrehnabahnhof;15.7;81.8;96.5;18;0;7;petit joueur;13;RETENUE;
Allemagne;de_gtfsde;schlottwitzbfoberschlottwitz@50.87,13.81;schlottwitzbfoberschlottwitz;15.7;79.1;89.4;24;0;7;petit joueur;13;RETENUE;
France;fr_sncf;UIC87481366;Machecoul;15.6;94.5;100;5;1.14;7;petit joueur;13;RETENUE;
France;fr_sncf;UIC87672139;Coarraze - Nay;15.6;79.8;99.1;10;0;7;petit joueur;13;RETENUE;
France;fr_sncf;UIC87747535;Jarrie - Vizille;15.6;88.1;100;6;0.14;7;petit joueur;13;RETENUE;
Allemagne;de_gtfsde;adelsheimnordbahnhof@49.42,9.39;adelsheimnordbahnhof;15.6;82.6;92.4;20;0;7;petit joueur;13;RETENUE;
Allemagne;de_gtfsde;halberstadtoststr@51.89,11.07;halberstadtoststr;15.6;89.9;88.6;13;0;7;petit joueur;13;RETENUE;
Allemagne;de_gtfsde;sinntalsterbfritzbahnhof@50.31,9.63;sinntalsterbfritzbahnhof;15.6;91.7;98.2;13;0;7;petit joueur;13;RETENUE;
Allemagne;de_gtfsde;arrach@49.20,13.00;arrach;15.6;30.3;88.6;30;0;7;petit joueur;13;RETENUE;
Allemagne;de_gtfsde;stubbenbbremerhaven@53.41,8.78;stubbenbbremerhaven;15.6;56;92.4;28;0;7;petit joueur;13;RETENUE;
France;fr_sncf;UIC87485185;La Jarrie;15.4;95.4;100;6;0.43;7;petit joueur;13;RETENUE;
France;fr_sncf;UIC87485193;Aigrefeuille Le Thou;15.4;96.3;100;5;0.43;7;petit joueur;13;RETENUE;
France;fr_sncf;UIC87615757;Baraqueville;15.4;80.6;100;8;0.29;7;petit joueur;13;RETENUE;
France;fr_sncf;UIC87571604;Ballan;15.4;93.5;99.1;8;0.29;7;petit joueur;13;RETENUE;
France;fr_sncf;UIC87747592;Monestier-de-Clermont;15.4;85.2;99.1;7;0.14;7;petit joueur;13;RETENUE;
France;fr_sncf;UIC87571612;Druye;15.4;88.9;100;11;0.29;7;petit joueur;13;RETENUE;
France;fr_sncf;UIC87615732;Naucelle;15.4;78.7;99.1;9;0.43;7;petit joueur;13;RETENUE;
France;fr_sncf;UIC87571653;Rivarennes;15.4;89.8;100;6;0.29;7;petit joueur;13;RETENUE;
Norvege;no_entur;geilostasjon@60.53,8.21;geilostasjon;15.4;81.5;100;67;0;7;petit joueur;13;RETENUE;
Allemagne;de_gtfsde;storkowhubertushhebhf@52.23,13.96;storkowhubertushhebhf;15.4;88.9;99.1;29;0;7;petit joueur;13;RETENUE;
Allemagne;de_gtfsde;arenshausen@51.38,9.97;arenshausen;15.4;88.9;87.1;21;0;7;petit joueur;13;RETENUE;
Allemagne;de_gtfsde;calbesaalewest@51.91,11.76;calbesaalewest;15.4;94.4;94.7;10;0;7;petit joueur;13;RETENUE;
Allemagne;de_gtfsde;sigmaringenhanfertalbhf@48.10,9.24;sigmaringenhanfertalbhf;15.4;93.5;94.7;14;0;7;petit joueur;13;RETENUE;
Allemagne;de_gtfsde;beeskowschneebergbhf@52.16,14.33;beeskowschneebergbhf;15.4;92.6;97.3;21;0;7;petit joueur;13;RETENUE;
Allemagne;de_gtfsde;hausenschwab@48.10,10.48;hausenschwab;15.4;89.8;87.1;12;0;7;petit joueur;13;RETENUE;
Allemagne;de_gtfsde;schnbergbahnhof@50.53,11.96;schnbergbahnhof;15.4;71.3;96.4;26;0;7;petit joueur;13;RETENUE;
Allemagne;de_gtfsde;vojensst@55.25,9.30;vojensst;15.4;90.7;97.3;14;0;7;petit joueur;13;RETENUE;
Allemagne;de_gtfsde;steinheimbahnhof@51.87,9.09;steinheimbahnhof;15.4;55.6;86.4;28;0;7;petit joueur;13;RETENUE;
France;fr_sncf;UIC87295568;Hautmont;15.3;87.9;100;10;0.14;7;petit joueur;13;RETENUE;
France;fr_sncf;UIC87734228;Le Breuil-sur-Couze;15.3;89.7;100;9;0.43;7;petit joueur;13;RETENUE;
France;fr_sncf;UIC87747576;Vif;15.3;89.7;99.1;6;0.14;7;petit joueur;13;RETENUE;
France;fr_sncf;UIC87747568;Saint-Georges-de-Commiers;15.3;89.7;100;6;0.14;7;petit joueur;13;RETENUE;
France;fr_sncf;UIC87752899;Pont-de-Claix l'Étoile;15.3;89.7;100;9;0.14;7;petit joueur;13;RETENUE;
Pays-Bas;nl_ovapi;zwollestadshagen@52.53,6.05;zwollestadshagen;15.3;94.4;100;36;0;7;petit joueur;13;RETENUE;
Allemagne;de_gtfsde;marienborn@52.20,11.12;marienborn;15.3;70.1;93;23;0;7;petit joueur;13;RETENUE;
Allemagne;de_gtfsde;eickendorf@51.95,11.68;eickendorf;15.3;79.4;90.7;19;0;7;petit joueur;13;RETENUE;
Allemagne;de_gtfsde;niederwrschnitzhaltepunkt@50.72,12.75;niederwrschnitzhaltepunkt;15.3;87.9;87;27;0;7;petit joueur;13;RETENUE;
Allemagne;de_gtfsde;breitenbrunnschwab@48.14,10.41;breitenbrunnschwab;15.3;88.8;89.2;14;0;7;petit joueur;13;RETENUE;
Allemagne;de_gtfsde;neuburgbahnhof@48.99,8.24;neuburgbahnhof;15.3;97.2;93;8;0;7;petit joueur;13;RETENUE;
Allemagne;de_gtfsde;hohenwarth@49.21,12.94;hohenwarth;15.3;40.2;88.4;29;0;7;petit joueur;13;RETENUE;
Allemagne;de_gtfsde;oberzentschllenbachbahnhof@49.57,9.07;oberzentschllenbachbahnhof;15.3;97.2;99.1;8;0;7;petit joueur;13;RETENUE;
France;fr_sncf;UIC87615773;Luc-Primaube;15.1;84.9;100;7;0.29;7;petit joueur;13;RETENUE;
France;fr_sncf;UIC87784561;Ille-sur-Têt;15.1;93.4;100;6;0.57;7;petit joueur;13;RETENUE;
France;fr_sncf;UIC87597039;Reuilly;15.1;92.5;100;6;0.14;7;petit joueur;13;RETENUE;
Pays-Bas;nl_ovapi;kaldenkirchen@51.33,6.20;kaldenkirchen;15.1;73.6;100;75;0;7;petit joueur;13;RETENUE;
Allemagne;de_gtfsde;mllrosebahnhof@52.24,14.43;mllrosebahnhof;15.1;89.6;86.9;31;0;7;petit joueur;13;RETENUE;
Allemagne;de_gtfsde;erndtebrckleimstruthbf@50.99,8.31;erndtebrckleimstruthbf;15.1;81.1;96.4;14;0;7;petit joueur;13;RETENUE;
Allemagne;de_gtfsde;warmbadbahnhof@50.67,13.06;warmbadbahnhof;15.1;94.3;88.3;10;0;7;petit joueur;13;RETENUE;
Allemagne;de_gtfsde;mayenostbahnhof@50.33,7.24;mayenostbahnhof;15.1;77.4;95.5;15;0;7;petit joueur;13;RETENUE;
France;fr_sncf;UIC87317222;Hesdin;15;83.8;100;13;0.14;7;petit joueur;12;RETENUE;
France;fr_sncf;UIC87484147;Tiercé;15;90.5;100;9;0.29;7;petit joueur;12;RETENUE;
France;fr_sncf;UIC87484154;Étriché - Châteauneuf;15;90.5;100;9;0.29;7;petit joueur;12;RETENUE;
France;fr_sncf;UIC87484170;Morannes;15;90.5;100;10;0.29;7;petit joueur;12;RETENUE;
France;fr_sncf;UIC87784611;Vinça;15;94.3;100;5;0.57;7;petit joueur;12;RETENUE;
France;fr_sncf;UIC87485474;La Crèche;15;95.2;100;5;0.43;7;petit joueur;12;RETENUE;
Pays-Bas;nl_ovapi;breyell@51.30,6.24;breyell;15;74.3;100;80;0;7;petit joueur;12;RETENUE;
Pays-Bas;nl_ovapi;dsseldorfflughafen@51.29,6.79;dsseldorfflughafen;15;86.7;100;17;0;7;petit joueur;12;RETENUE;
Allemagne;de_gtfsde;weidaaltstadt@50.77,12.06;weidaaltstadt;15;73.3;92.1;26;0;7;petit joueur;12;RETENUE;
Allemagne;de_gtfsde;adorfhaltepunkt@50.76,12.87;adorfhaltepunkt;15;93.3;94.6;48;0;7;petit joueur;12;RETENUE;
Allemagne;de_gtfsde;vhlschmittlotheim@51.15,8.90;vhlschmittlotheim;15;74.3;91.3;18;0;7;petit joueur;12;RETENUE;
Allemagne;de_gtfsde;ilsenburg@51.87,10.68;ilsenburg;15;66.7;93.8;23;0;7;petit joueur;12;RETENUE;
Allemagne;de_gtfsde;eckardtslebenbushaltestelle@51.07,10.68;eckardtslebenbushaltestelle;15;97.1;99.1;8;0;7;petit joueur;12;RETENUE;
Allemagne;de_gtfsde;bufleben@51.00,10.71;bufleben;15;94.3;98.1;8;0;7;petit joueur;12;RETENUE;
Allemagne;de_gtfsde;schnagr@50.86,14.22;schnagr;15;89.5;100;15;0;7;petit joueur;12;RETENUE;
Allemagne;de_gtfsde;khlungsbornmitte@54.14,11.75;khlungsbornmitte;15;89.5;97.2;58;0;7;petit joueur;12;RETENUE;
