pays;reseau;nom;cle;N;Nobs;manquant;p60;p300;p600;dispersion;annulJour;arretsSupprJour;jours;verdict;motif
Allemagne;de_gtfsde;;de_gtfsde|47089;340.3;211.5;38;32.3;62.1;74.7;42.4;0;0;4;REJETEE;identite non resolue , present 4 jours sur 6
Allemagne;de_gtfsde;;de_gtfsde|193254;329.3;175.8;47;18.5;66.9;90.8;72.3;0;0;4;REJETEE;identite non resolue , present 4 jours sur 6
Etats-Unis;us_mta_mnr;;us_mta_mnr|1;513;172.3;66;43.5;87;96.2;52.7;0;0;6;REJETEE;identite non resolue
Pays-Bas;nl_ovapi;Den Haag Centraal;nl_ovapi|denhaagcentraal@52.08,4.32;312;161.8;48;84.7;98.1;99.2;14.5;0.5;0;6;REJETEE;ponctualite 98 % > 98 %
Allemagne;de_gtfsde;;de_gtfsde|403247;253.8;161.3;36;32.6;59.5;73.8;41.2;0;0;4;REJETEE;identite non resolue , present 4 jours sur 6 , ponctualite 60 % < 60 %
Allemagne;de_gtfsde;;de_gtfsde|172045;259.8;157.5;39;12.1;69;95.9;83.8;0;0;4;REJETEE;identite non resolue , present 4 jours sur 6
Etats-Unis;us_mta_mnr;;us_mta_mnr|4;346.2;155.5;55;44.7;86.4;96;51.3;0;0;6;REJETEE;identite non resolue
Allemagne;de_gtfsde;;de_gtfsde|281863;261;155.5;40;15.1;69.3;95;79.9;0;0;4;REJETEE;identite non resolue , present 4 jours sur 6
Allemagne;de_gtfsde;;de_gtfsde|663202;294.5;155.3;47;23.5;73.8;95.5;72;0;0;4;REJETEE;identite non resolue , present 4 jours sur 6
Allemagne;de_gtfsde;;de_gtfsde|624218;258.5;152.5;41;16.6;70.7;94.6;78;0;0;4;REJETEE;identite non resolue , present 4 jours sur 6
Allemagne;de_gtfsde;;de_gtfsde|550752;258.8;151.5;41;12.4;70.1;95.2;82.8;0;0;4;REJETEE;identite non resolue , present 4 jours sur 6
Allemagne;de_gtfsde;;de_gtfsde|613092;268;147;45;31.5;62.9;77.7;46.3;0;0;4;REJETEE;identite non resolue , present 4 jours sur 6
Allemagne;de_gtfsde;;de_gtfsde|391411;281.8;144.8;49;52.7;78.8;89.6;37;0;0;4;REJETEE;identite non resolue , present 4 jours sur 6
Allemagne;de_gtfsde;;de_gtfsde|601297;249;144.8;42;19;70.5;94;75;0;0;4;REJETEE;identite non resolue , present 4 jours sur 6
Allemagne;de_gtfsde;;de_gtfsde|405191;213;139.8;34;35.1;67.3;82.5;47.4;0;0;4;REJETEE;identite non resolue , present 4 jours sur 6
Allemagne;de_gtfsde;;de_gtfsde|543581;258;138;47;33.3;62.3;77.2;43.8;0;0;4;REJETEE;identite non resolue , present 4 jours sur 6
Allemagne;de_gtfsde;;de_gtfsde|563389;206;136.3;34;20.6;45.3;62.9;42.4;0;0;4;REJETEE;identite non resolue , present 4 jours sur 6 , ponctualite 45 % < 60 %
Allemagne;de_gtfsde;;de_gtfsde|96530;241;133.3;45;20.6;70.4;94.2;73.5;0;0;4;REJETEE;identite non resolue , present 4 jours sur 6
Allemagne;de_gtfsde;;de_gtfsde|579841;245.5;130;47;14;69;94.2;80.2;0;0;4;REJETEE;identite non resolue , present 4 jours sur 6
Allemagne;de_gtfsde;;de_gtfsde|633156;244;127;48;14.8;68.7;94.5;79.7;0;0;4;REJETEE;identite non resolue , present 4 jours sur 6
Pays-Bas;nl_ovapi;Rotterdam Blaak;nl_ovapi|rotterdamblaak@51.92,4.49;207.3;125.5;39;56.2;95.2;99;42.8;0.25;0;4;REJETEE;present 4 jours sur 6
Allemagne;de_gtfsde;;de_gtfsde|41174;240.5;110.5;54;56.6;79.2;83.5;26.9;0;0;4;REJETEE;identite non resolue , present 4 jours sur 6
Allemagne;de_gtfsde;;de_gtfsde|14844;233.8;109.5;53;35.8;60;72.8;37;0;0;4;REJETEE;identite non resolue , present 4 jours sur 6
Allemagne;de_gtfsde;;de_gtfsde|228723;238.3;109;54;41.1;78.2;93.1;52.1;0;0;4;REJETEE;identite non resolue , present 4 jours sur 6
Allemagne;de_gtfsde;;de_gtfsde|441278;188;107.8;43;40.1;80.5;96.5;56.4;0;0;4;REJETEE;identite non resolue , present 4 jours sur 6
Allemagne;de_gtfsde;Köln Hbf;de_gtfsde|klnhbf@50.94,6.96;175.8;107.4;39;41.9;72.4;86;44.1;0;0;5;REJETEE;present 5 jours sur 6
Allemagne;de_gtfsde;;de_gtfsde|140668;168.5;102.5;39;44.1;69;84.6;40.5;0;0;4;REJETEE;identite non resolue , present 4 jours sur 6
Allemagne;de_gtfsde;;de_gtfsde|176911;198.3;102;49;48.3;77.9;90.2;41.9;0;0;4;REJETEE;identite non resolue , present 4 jours sur 6
Etats-Unis;us_mta_lirr;;us_mta_lirr|102;148.2;102;31;71.2;97.1;99.8;28.6;1.4;0;5;REJETEE;identite non resolue , present 5 jours sur 6
Allemagne;de_gtfsde;;de_gtfsde|279864;139;89.8;35;37.9;60.7;72.7;34.8;0;0;4;REJETEE;identite non resolue , present 4 jours sur 6
Allemagne;de_gtfsde;;de_gtfsde|297746;180;87.5;51;83.1;94.6;97.7;14.6;0;0;4;REJETEE;identite non resolue , present 4 jours sur 6
Allemagne;de_gtfsde;;de_gtfsde|377788;143;87;39;44.5;88.5;96.6;52;0;0;4;REJETEE;identite non resolue , present 4 jours sur 6
Allemagne;de_gtfsde;;de_gtfsde|89997;159;86.8;45;49;79;89.3;40.3;0;0;4;REJETEE;identite non resolue , present 4 jours sur 6
Allemagne;de_gtfsde;;de_gtfsde|650360;125.8;85.8;32;24.2;50.1;67.6;43.4;0;0;4;REJETEE;identite non resolue , present 4 jours sur 6 , ponctualite 50 % < 60 %
Allemagne;de_gtfsde;;de_gtfsde|277169;143.3;85.5;40;43.3;71.3;81.3;38;0;0;4;REJETEE;identite non resolue , present 4 jours sur 6
Allemagne;de_gtfsde;;de_gtfsde|102022;176.3;83.8;52;54.3;81.5;91;36.7;0;0;4;REJETEE;identite non resolue , present 4 jours sur 6
Allemagne;de_gtfsde;;de_gtfsde|295122;160.5;83.8;48;43.6;72.8;84.8;41.2;0;0;4;REJETEE;identite non resolue , present 4 jours sur 6
Allemagne;de_gtfsde;;de_gtfsde|14284;155.3;83;47;46.1;82.2;92.8;46.7;0;0;4;REJETEE;identite non resolue , present 4 jours sur 6
Allemagne;de_gtfsde;;de_gtfsde|652093;258;81.5;68;79.1;97.5;98.2;19;0;0;4;REJETEE;identite non resolue , present 4 jours sur 6
Allemagne;de_gtfsde;;de_gtfsde|167862;159.3;80.3;50;48.6;79.8;93.1;44.5;0;0;4;REJETEE;identite non resolue , present 4 jours sur 6
Allemagne;de_gtfsde;;de_gtfsde|2734;121.8;80;34;55.3;84.1;92.2;36.9;0;0;4;REJETEE;identite non resolue , present 4 jours sur 6
Allemagne;de_gtfsde;;de_gtfsde|452815;158.3;78;51;46.5;83.3;92;45.5;0;0;4;REJETEE;identite non resolue , present 4 jours sur 6
Etats-Unis;us_mta_mnr;;us_mta_mnr|124;217.3;77.7;64;46.4;83.5;94;47.6;0;0;6;REJETEE;identite non resolue
Allemagne;de_gtfsde;;de_gtfsde|646114;127.3;75.8;40;30.4;61.7;75.2;44.9;0;0;4;REJETEE;identite non resolue , present 4 jours sur 6
Allemagne;de_gtfsde;;de_gtfsde|601935;110.3;74.3;33;32;63;78.8;46.8;0;0;4;REJETEE;identite non resolue , present 4 jours sur 6
Allemagne;de_gtfsde;;de_gtfsde|452638;131.8;74;44;35.8;71.3;81.1;45.3;0;0;4;REJETEE;identite non resolue , present 4 jours sur 6
Allemagne;de_gtfsde;;de_gtfsde|155845;156.3;73.8;53;44.4;80.7;92.2;47.8;0;0;4;REJETEE;identite non resolue , present 4 jours sur 6
Allemagne;de_gtfsde;;de_gtfsde|223865;92.5;72;22;75.7;93.4;100;24.3;0;0;4;REJETEE;identite non resolue , present 4 jours sur 6
Etats-Unis;us_mta_lirr;;us_mta_lirr|237;99.8;71.4;28;25.8;88.5;97.5;71.7;0.6;0;5;REJETEE;identite non resolue , present 5 jours sur 6
Allemagne;de_gtfsde;;de_gtfsde|562206;96.3;70.3;27;35.2;60.9;77.2;42;0;0;4;REJETEE;identite non resolue , present 4 jours sur 6
Allemagne;de_gtfsde;;de_gtfsde|497869;141.3;69;51;51.1;73.2;87;35.9;0;0;4;REJETEE;identite non resolue , present 4 jours sur 6
Allemagne;de_gtfsde;;de_gtfsde|64656;95.5;67.8;29;36.9;71.2;82.3;45.4;0;0;4;REJETEE;identite non resolue , present 4 jours sur 6
Etats-Unis;us_mta_mnr;;us_mta_mnr|56;171.2;67.7;60;43.8;86.9;97;53.2;0;0;6;REJETEE;identite non resolue
Allemagne;de_gtfsde;;de_gtfsde|587960;107.5;67.5;37;38.5;68.9;85.6;47;0;0;4;REJETEE;identite non resolue , present 4 jours sur 6
Allemagne;de_gtfsde;;de_gtfsde|92917;131.3;65;50;55.4;76.2;87.3;31.9;0;0;4;REJETEE;identite non resolue , present 4 jours sur 6
Etats-Unis;us_mbta;South Station;us_mbta|southstation@42.35,-71.06;125.3;64.7;48;100;100;100;0;0;0;6;REJETEE;trop parfaite : 100 % a moins de 60 s
Allemagne;de_gtfsde;;de_gtfsde|219236;122.3;64.5;47;39.5;79.1;93;53.5;0;0;4;REJETEE;identite non resolue , present 4 jours sur 6
Allemagne;de_gtfsde;;de_gtfsde|232735;119;64.5;46;91.1;98.8;99.2;8.1;0;0;4;REJETEE;identite non resolue , present 4 jours sur 6 , ponctualite 99 % > 98 %
Allemagne;de_gtfsde;;de_gtfsde|75763;100.8;64.5;36;36.8;67.1;86.4;49.6;0;0;4;REJETEE;identite non resolue , present 4 jours sur 6
Allemagne;de_gtfsde;;de_gtfsde|65708;131.8;63.8;52;76.9;90.6;96.5;19.6;0;0;4;REJETEE;identite non resolue , present 4 jours sur 6
Allemagne;de_gtfsde;;de_gtfsde|537557;151.3;63.5;58;52.4;83.1;92.9;40.6;0;0;4;REJETEE;identite non resolue , present 4 jours sur 6
Allemagne;de_gtfsde;;de_gtfsde|28438;129.8;63;51;45.6;84.1;92.9;47.2;0;0;4;REJETEE;identite non resolue , present 4 jours sur 6
Allemagne;de_gtfsde;;de_gtfsde|409909;65.8;63;4;96.4;100;100;3.6;0;0;4;REJETEE;identite non resolue , present 4 jours sur 6 , trop parfaite : aucun retard superieur a 5 min
Allemagne;de_gtfsde;;de_gtfsde|397209;135;62.3;54;35.3;61.4;77.9;42.6;0;0;4;REJETEE;identite non resolue , present 4 jours sur 6
Allemagne;de_gtfsde;;de_gtfsde|234640;127.8;62;51;73;91.1;96.8;23.8;0;0;4;REJETEE;identite non resolue , present 4 jours sur 6
Allemagne;de_gtfsde;;de_gtfsde|103274;113.8;62;45;52.4;82.7;92.7;40.3;0;0;4;REJETEE;identite non resolue , present 4 jours sur 6
Allemagne;de_gtfsde;;de_gtfsde|304647;130.5;61.3;53;71.8;89;95.9;24.1;0;0;4;REJETEE;identite non resolue , present 4 jours sur 6
Allemagne;de_gtfsde;Friedewald  Haltepunkt;de_gtfsde|friedewaldhaltepunkt@51.13,13.65;130.3;61.3;53;70.6;89.4;96.7;26.1;0;0;4;REJETEE;present 4 jours sur 6
Allemagne;de_gtfsde;;de_gtfsde|243001;112;61;46;34;56.1;71.3;37.3;0;0;4;REJETEE;identite non resolue , present 4 jours sur 6 , ponctualite 56 % < 60 %
Allemagne;de_gtfsde;;de_gtfsde|500691;128.8;59.5;54;71.4;89.1;96.2;24.8;0;0;4;REJETEE;identite non resolue , present 4 jours sur 6
Allemagne;de_gtfsde;;de_gtfsde|188368;101.8;57.8;43;31.6;66.2;82.7;51.1;0;0;4;REJETEE;identite non resolue , present 4 jours sur 6
Allemagne;de_gtfsde;;de_gtfsde|425522;87;57.3;34;40.2;78.6;89.5;49.3;0;0;4;REJETEE;identite non resolue , present 4 jours sur 6
Allemagne;de_gtfsde;;de_gtfsde|208383;130.5;56.8;57;70.5;89;96;25.6;0;0;4;REJETEE;identite non resolue , present 4 jours sur 6
Allemagne;de_gtfsde;;de_gtfsde|511315;112.5;56.8;50;47.1;73.6;82.8;35.7;0;0;4;REJETEE;identite non resolue , present 4 jours sur 6
Allemagne;de_gtfsde;;de_gtfsde|179210;90.5;56.8;37;43.2;83.7;97.4;54.2;0;0;4;REJETEE;identite non resolue , present 4 jours sur 6
Allemagne;de_gtfsde;;de_gtfsde|337719;89;56.8;36;43.6;77.5;90.3;46.7;0;0;4;REJETEE;identite non resolue , present 4 jours sur 6
Etats-Unis;us_mta_mnr;;us_mta_mnr|131;99.5;56.5;43;40.1;80.2;93.2;53.1;0;0;6;REJETEE;identite non resolue
Allemagne;de_gtfsde;;de_gtfsde|127741;84;56.3;33;80.4;95.6;97.8;17.3;0;0;4;REJETEE;identite non resolue , present 4 jours sur 6
Allemagne;de_gtfsde;;de_gtfsde|380397;120.8;56;54;83.9;92;96.4;12.5;0;0;4;REJETEE;identite non resolue , present 4 jours sur 6
Allemagne;de_gtfsde;;de_gtfsde|124940;95.3;56;41;29.5;56.3;73.2;43.7;0;0;4;REJETEE;identite non resolue , present 4 jours sur 6 , ponctualite 56 % < 60 %
Allemagne;de_gtfsde;;de_gtfsde|374827;81.5;54.8;33;50.2;79;90;39.7;0;0;4;REJETEE;identite non resolue , present 4 jours sur 6
Allemagne;de_gtfsde;;de_gtfsde|279400;117;54;54;54.2;81.9;89.8;35.6;0;0;4;REJETEE;identite non resolue , present 4 jours sur 6
Pays-Bas;nl_ovapi;Rotterdam Lombardijen;nl_ovapi|rotterdamlombardijen@51.88,4.53;166.3;53.8;68;41.4;96.3;98.6;57.2;0.25;0;4;REJETEE;present 4 jours sur 6
Allemagne;de_gtfsde;;de_gtfsde|59420;64.3;53.5;17;98.6;100;100;1.4;0;0;4;REJETEE;identite non resolue , present 4 jours sur 6 , trop parfaite : 99 % a moins de 60 s
Allemagne;de_gtfsde;;de_gtfsde|521238;103.8;53;49;53.3;89.2;94.3;41;0;0;4;REJETEE;identite non resolue , present 4 jours sur 6
Pays-Bas;nl_ovapi;Utrecht Overvecht;nl_ovapi|utrechtovervecht@52.11,5.13;84.3;53;37;73.9;98.1;99.7;25.8;0.5;0;6;REJETEE;ponctualite 98 % > 98 %
Allemagne;de_gtfsde;;de_gtfsde|637878;113;52.8;53;60.2;91;96.7;36.5;0;0;4;REJETEE;identite non resolue , present 4 jours sur 6
Allemagne;de_gtfsde;;de_gtfsde|631165;102.3;52.8;48;55.9;86.3;93.8;37.9;0;0;4;REJETEE;identite non resolue , present 4 jours sur 6
Allemagne;de_gtfsde;;de_gtfsde|407432;100.5;52.8;48;52.6;87.2;94.8;42.2;0;0;4;REJETEE;identite non resolue , present 4 jours sur 6
Etats-Unis;us_mta_lirr;;us_mta_lirr|214;71;52.6;26;65.4;92;98.5;33.1;0;0;5;REJETEE;identite non resolue , present 5 jours sur 6
Allemagne;de_gtfsde;;de_gtfsde|490928;125.3;52.3;58;37.8;68.9;84.7;46.9;0;0;4;REJETEE;identite non resolue , present 4 jours sur 6
Pays-Bas;nl_ovapi;Rotterdam Zuid;nl_ovapi|rotterdamzuid@51.90,4.51;112;52.3;53;69.9;97.1;98.6;28.7;0.25;0;4;REJETEE;present 4 jours sur 6
Allemagne;de_gtfsde;;de_gtfsde|294154;106;52;51;36.1;69.7;83.7;47.6;0;0;4;REJETEE;identite non resolue , present 4 jours sur 6
Allemagne;de_gtfsde;;de_gtfsde|256285;123;51.8;58;72;93.7;97.1;25.1;0;0;4;REJETEE;identite non resolue , present 4 jours sur 6
Allemagne;de_gtfsde;;de_gtfsde|487222;98.5;51.3;48;51.2;84.9;92.7;41.5;0;0;4;REJETEE;identite non resolue , present 4 jours sur 6
Pays-Bas;nl_ovapi;Barendrecht;nl_ovapi|barendrecht@51.86,4.55;147.3;51;65;71.1;97.5;99;27.9;0.25;0;4;REJETEE;present 4 jours sur 6
Allemagne;de_gtfsde;;de_gtfsde|485206;68.8;51;26;100;100;100;0;0;0;4;REJETEE;identite non resolue , present 4 jours sur 6 , trop parfaite : 100 % a moins de 60 s
Allemagne;de_gtfsde;;de_gtfsde|243213;79.8;50.8;36;30;69.5;85.2;55.2;0;0;4;REJETEE;identite non resolue , present 4 jours sur 6
Allemagne;de_gtfsde;;de_gtfsde|228165;65.3;50.5;23;98.5;100;100;1.5;0;0;4;REJETEE;identite non resolue , present 4 jours sur 6 , trop parfaite : 99 % a moins de 60 s
Allemagne;de_gtfsde;;de_gtfsde|638286;66.8;49.3;26;94.4;100;100;5.6;0;0;4;REJETEE;identite non resolue , present 4 jours sur 6 , trop parfaite : aucun retard superieur a 5 min
Allemagne;de_gtfsde;;de_gtfsde|316827;75.5;48.8;35;67.2;95.9;99.5;32.3;0;0;4;REJETEE;identite non resolue , present 4 jours sur 6
Allemagne;de_gtfsde;;de_gtfsde|379516;105.3;48.5;54;52.1;72.2;77.3;25.3;0;0;4;REJETEE;identite non resolue , present 4 jours sur 6
Allemagne;de_gtfsde;;de_gtfsde|539704;133.8;48.3;64;89.1;100;100;10.9;0;0;4;REJETEE;identite non resolue , present 4 jours sur 6 , trop parfaite : aucun retard superieur a 5 min
Allemagne;de_gtfsde;;de_gtfsde|320215;90;48.3;46;40.4;74.1;88.6;48.2;0;0;4;REJETEE;identite non resolue , present 4 jours sur 6
Allemagne;de_gtfsde;;de_gtfsde|85706;83.5;48;43;43.8;81.8;93.8;50;0;0;4;REJETEE;identite non resolue , present 4 jours sur 6
Allemagne;de_gtfsde;;de_gtfsde|510642;96;47.8;50;40.3;63.4;76.4;36.1;0;0;4;REJETEE;identite non resolue , present 4 jours sur 6
Allemagne;de_gtfsde;;de_gtfsde|89984;72.8;47.5;35;55.8;87.4;93.2;37.4;0;0;4;REJETEE;identite non resolue , present 4 jours sur 6
Allemagne;de_gtfsde;;de_gtfsde|565227;134.3;47.3;65;29.1;57.1;77.8;48.7;0;0;4;REJETEE;identite non resolue , present 4 jours sur 6 , ponctualite 57 % < 60 %
Allemagne;de_gtfsde;;de_gtfsde|24997;83.8;47.3;44;47.1;86.2;92.6;45.5;0;0;4;REJETEE;identite non resolue , present 4 jours sur 6
Allemagne;de_gtfsde;Karlsruhe Kurt-Schumacher-Str.;de_gtfsde|karlsruhekurtschumacherstr@49.03,8.38;73.4;47.2;36;59.3;98.7;99.6;40.3;0;0;5;REJETEE;present 5 jours sur 6 , ponctualite 99 % > 98 %
Allemagne;de_gtfsde;;de_gtfsde|356625;77;46.8;39;42.8;70.1;80.2;37.4;0;0;4;REJETEE;identite non resolue , present 4 jours sur 6
Allemagne;de_gtfsde;;de_gtfsde|380418;95.3;46.5;51;60.8;90.3;96.2;35.5;0;0;4;REJETEE;identite non resolue , present 4 jours sur 6
Allemagne;de_gtfsde;;de_gtfsde|625989;69.5;46.5;33;24.7;68.3;86;61.3;0;0;4;REJETEE;identite non resolue , present 4 jours sur 6
Allemagne;de_gtfsde;;de_gtfsde|191126;127.5;46;64;81;94.6;97.3;16.3;0;0;4;REJETEE;identite non resolue , present 4 jours sur 6
Allemagne;de_gtfsde;;de_gtfsde|138191;90.8;46;49;50.5;70.7;81;30.4;0;0;4;REJETEE;identite non resolue , present 4 jours sur 6
Allemagne;de_gtfsde;;de_gtfsde|376430;75.5;46;39;42.4;78.3;89.7;47.3;0;0;4;REJETEE;identite non resolue , present 4 jours sur 6
Allemagne;de_gtfsde;;de_gtfsde|492385;72.5;46;37;69;94.6;98.9;29.9;0;0;4;REJETEE;identite non resolue , present 4 jours sur 6
Allemagne;de_gtfsde;Ettlingen Erbprinz / Schloss;de_gtfsde|ettlingenerbprinzschloss@48.94,8.40;69.6;45.6;34;58.3;96.5;97.8;39.5;0;0;5;REJETEE;present 5 jours sur 6
Allemagne;de_gtfsde;;de_gtfsde|138020;82.5;45.5;45;37.4;81.3;92.9;55.5;0;0;4;REJETEE;identite non resolue , present 4 jours sur 6
Allemagne;de_gtfsde;;de_gtfsde|400431;83.3;45.3;46;55.2;85.1;92.3;37;0;0;4;REJETEE;identite non resolue , present 4 jours sur 6
Etats-Unis;us_mta_mnr;;us_mta_mnr|74;145.7;45;69;47.8;87;96.3;48.5;0;0;6;REJETEE;identite non resolue
Etats-Unis;us_mta_mnr;;us_mta_mnr|33;132.2;45;66;42.6;85.6;97.8;55.2;0;0;6;REJETEE;identite non resolue
Allemagne;de_gtfsde;;de_gtfsde|237992;98.5;44.8;55;33.5;61.5;78.8;45.3;0;0;4;REJETEE;identite non resolue , present 4 jours sur 6
Allemagne;de_gtfsde;;de_gtfsde|652909;71.3;44.5;38;64;94.4;99.4;35.4;0;0;4;REJETEE;identite non resolue , present 4 jours sur 6
Allemagne;de_gtfsde;;de_gtfsde|393998;78.5;44.3;44;41.2;79.1;92.7;51.4;0;0;4;REJETEE;identite non resolue , present 4 jours sur 6
Allemagne;de_gtfsde;;de_gtfsde|626879;74.8;44;41;27.3;75.6;92.6;65.3;0;0;4;REJETEE;identite non resolue , present 4 jours sur 6
Etats-Unis;us_mta_mnr;;us_mta_mnr|140;125.5;43.8;65;51.3;82.1;93.9;42.6;0;0;6;REJETEE;identite non resolue
Allemagne;de_gtfsde;;de_gtfsde|468538;101.5;43.8;57;41.1;66.3;81.7;40.6;0;0;4;REJETEE;identite non resolue , present 4 jours sur 6
Allemagne;de_gtfsde;;de_gtfsde|309903;75.8;43.8;42;20;71.4;93.1;73.1;0;0;4;REJETEE;identite non resolue , present 4 jours sur 6
Etats-Unis;us_mta_mnr;;us_mta_mnr|138;80.7;43.7;46;49.6;83.2;94.7;45;0;0;6;REJETEE;identite non resolue
Etats-Unis;us_mta_mnr;;us_mta_mnr|116;104.7;43.5;58;46.7;82.4;95;48.3;0;0;6;REJETEE;identite non resolue
Etats-Unis;us_mta_mnr;;us_mta_mnr|27;104.7;43.5;58;44.1;87;97.7;53.6;0;0;6;REJETEE;identite non resolue
Etats-Unis;us_mta_mnr;;us_mta_mnr|31;103.7;43.5;58;42.9;86.2;97.7;54.8;0;0;6;REJETEE;identite non resolue
Allemagne;de_gtfsde;;de_gtfsde|99760;82.8;43.5;47;51.7;81.6;90.8;39.1;0;0;4;REJETEE;identite non resolue , present 4 jours sur 6
Allemagne;de_gtfsde;;de_gtfsde|431746;71.5;43.5;39;73;94.8;99.4;26.4;0;0;4;REJETEE;identite non resolue , present 4 jours sur 6
Allemagne;de_gtfsde;;de_gtfsde|420797;70.5;43.5;38;37.4;66.7;81;43.7;0;0;4;REJETEE;identite non resolue , present 4 jours sur 6
Allemagne;de_gtfsde;;de_gtfsde|386530;58.5;43.3;26;28.3;53.8;73.4;45.1;0;0;4;REJETEE;identite non resolue , present 4 jours sur 6 , ponctualite 54 % < 60 %
Allemagne;de_gtfsde;;de_gtfsde|625189;78.5;42.8;46;45.6;83;93;47.4;0;0;4;REJETEE;identite non resolue , present 4 jours sur 6
Allemagne;de_gtfsde;;de_gtfsde|504061;71.5;42.8;40;68.4;94.7;98.2;29.8;0;0;4;REJETEE;identite non resolue , present 4 jours sur 6
Australie;au_translink_seq;Ormiston station;au_translink_seq|ormistonstation@-27.51,153.26;69.7;42.8;39;60.7;98.4;100;39.3;0;0.33;6;REJETEE;ponctualite 98 % > 98 %
Allemagne;de_gtfsde;;de_gtfsde|324900;65.8;42.8;35;99.4;100;100;0.6;0;0;4;REJETEE;identite non resolue , present 4 jours sur 6 , trop parfaite : 99 % a moins de 60 s
Allemagne;de_gtfsde;;de_gtfsde|528705;63.3;42.8;32;90.1;100;100;9.9;0;0;4;REJETEE;identite non resolue , present 4 jours sur 6 , trop parfaite : aucun retard superieur a 5 min
Etats-Unis;us_mta_mnr;;us_mta_mnr|134;76.5;42.7;44;46.5;80.5;92.2;45.7;0;0;6;REJETEE;identite non resolue
Allemagne;de_gtfsde;;de_gtfsde|209607;96.3;42.3;56;73.4;91.7;96.4;23.1;0;0;4;REJETEE;identite non resolue , present 4 jours sur 6
Allemagne;de_gtfsde;;de_gtfsde|422951;83;42.3;49;82.8;90.5;95.9;13;0;0;4;REJETEE;identite non resolue , present 4 jours sur 6
Allemagne;de_gtfsde;;de_gtfsde|314341;75.8;42.3;44;75.1;94.7;98.2;23.1;0;0;4;REJETEE;identite non resolue , present 4 jours sur 6
Etats-Unis;us_mta_mnr;;us_mta_mnr|188;80.7;42.2;48;50.6;83.4;94.5;43.9;0;0;6;REJETEE;identite non resolue
Etats-Unis;us_mta_mnr;;us_mta_mnr|128;75;42.2;44;45.8;79.8;91.7;45.8;0;0;6;REJETEE;identite non resolue
Allemagne;de_gtfsde;;de_gtfsde|609315;74.8;42;44;75;96.4;98.2;23.2;0;0;4;REJETEE;identite non resolue , present 4 jours sur 6
Allemagne;de_gtfsde;;de_gtfsde|601351;59;42;29;22.6;72.6;91.1;68.5;0;0;4;REJETEE;identite non resolue , present 4 jours sur 6
Allemagne;de_gtfsde;;de_gtfsde|225628;56.8;42;26;24.4;42.9;56.5;32.1;0;0;4;REJETEE;identite non resolue , present 4 jours sur 6 , ponctualite 43 % < 60 %
Allemagne;de_gtfsde;;de_gtfsde|262130;95.8;41.8;56;76;91.6;96.4;20.4;0;0;4;REJETEE;identite non resolue , present 4 jours sur 6
Allemagne;de_gtfsde;;de_gtfsde|36447;93.3;41.8;55;73.7;91.6;96.4;22.8;0;0;4;REJETEE;identite non resolue , present 4 jours sur 6
Pays-Bas;nl_ovapi;Vlissingen;nl_ovapi|vlissingen@51.44,3.60;69.3;41.7;40;84.4;98.4;99.6;15.2;0.5;0;6;REJETEE;ponctualite 98 % > 98 %
Allemagne;de_gtfsde;;de_gtfsde|551572;127.5;41.5;67;80.1;95.8;97.6;17.5;0;0;4;REJETEE;identite non resolue , present 4 jours sur 6
Allemagne;de_gtfsde;;de_gtfsde|481642;78.5;41.5;47;51.2;84.3;95.2;44;0;0;4;REJETEE;identite non resolue , present 4 jours sur 6
Allemagne;de_gtfsde;;de_gtfsde|160951;76;41.5;45;32.5;74.1;95.2;62.7;0;0;4;REJETEE;identite non resolue , present 4 jours sur 6
Allemagne;de_gtfsde;;de_gtfsde|176510;75;41.5;45;41;72.3;88.6;47.6;0;0;4;REJETEE;identite non resolue , present 4 jours sur 6
Allemagne;de_gtfsde;;de_gtfsde|492334;87.5;41;53;80.5;96.3;98.8;18.3;0;0;4;REJETEE;identite non resolue , present 4 jours sur 6
Allemagne;de_gtfsde;;de_gtfsde|632461;85;41;52;75.6;89;94.5;18.9;0;0;4;REJETEE;identite non resolue , present 4 jours sur 6
Allemagne;de_gtfsde;;de_gtfsde|559150;87.5;40.8;53;36.8;56.4;70.6;33.7;0;0;4;REJETEE;identite non resolue , present 4 jours sur 6 , ponctualite 56 % < 60 %
Allemagne;de_gtfsde;;de_gtfsde|524194;96.5;40.5;58;26.5;58;85.8;59.3;0;0;4;REJETEE;identite non resolue , present 4 jours sur 6 , ponctualite 58 % < 60 %
Allemagne;de_gtfsde;;de_gtfsde|545494;72.5;40.5;44;43.2;61.1;73.5;30.2;0;0;4;REJETEE;identite non resolue , present 4 jours sur 6
Allemagne;de_gtfsde;;de_gtfsde|230198;57.5;40;30;37.5;65.6;81.9;44.4;0;0;4;REJETEE;identite non resolue , present 4 jours sur 6
Allemagne;de_gtfsde;;de_gtfsde|482229;94.8;39.8;58;80.5;92.5;95.6;15.1;0;0;4;REJETEE;identite non resolue , present 4 jours sur 6
Allemagne;de_gtfsde;;de_gtfsde|468819;87.8;39.8;55;74.8;94.3;98.1;23.3;0;0;4;REJETEE;identite non resolue , present 4 jours sur 6
Allemagne;de_gtfsde;;de_gtfsde|207847;57;39.5;31;70.3;93.7;96.2;25.9;0;0;4;REJETEE;identite non resolue , present 4 jours sur 6
Allemagne;de_gtfsde;;de_gtfsde|85137;61.3;39.3;36;32.5;78.3;94.9;62.4;0;0;4;REJETEE;identite non resolue , present 4 jours sur 6
Allemagne;de_gtfsde;;de_gtfsde|427410;80.5;39;52;75.6;89.7;94.2;18.6;0;0;4;REJETEE;identite non resolue , present 4 jours sur 6
Allemagne;de_gtfsde;;de_gtfsde|640251;72.3;39;46;53.2;84;91.7;38.5;0;0;4;REJETEE;identite non resolue , present 4 jours sur 6
Allemagne;de_gtfsde;;de_gtfsde|125795;47.5;39;18;29.5;59;82.1;52.6;0;0;4;REJETEE;identite non resolue , present 4 jours sur 6 , ponctualite 59 % < 60 %
Allemagne;de_gtfsde;;de_gtfsde|224113;67;38.5;43;39.6;71.4;86.4;46.8;0;0;4;REJETEE;identite non resolue , present 4 jours sur 6
Australie;au_translink_seq;Ormeau station;au_translink_seq|ormeaustation@-27.80,153.28;62.8;38.5;39;55.2;93.5;97.4;42.2;0;1;4;REJETEE;present 4 jours sur 6
Allemagne;de_gtfsde;;de_gtfsde|293394;61.3;38.5;37;49.4;89;93.5;44.2;0;0;4;REJETEE;identite non resolue , present 4 jours sur 6
Etats-Unis;us_mbta;Back Bay;us_mbta|backbay@42.35,-71.08;60;38.5;36;100;100;100;0;0;0;6;REJETEE;trop parfaite : 100 % a moins de 60 s
Allemagne;de_gtfsde;;de_gtfsde|83619;55.3;38.5;30;35.7;74.7;92.2;56.5;0;0;4;REJETEE;identite non resolue , present 4 jours sur 6
Etats-Unis;us_mta_mnr;;us_mta_mnr|76;138.3;38.3;72;48.3;88.7;96.5;48.3;0;0;6;REJETEE;identite non resolue
Etats-Unis;us_mta_mnr;;us_mta_mnr|145;78.8;38.3;51;57;84.8;96.1;39.1;0;0;6;REJETEE;identite non resolue
Allemagne;de_gtfsde;;de_gtfsde|496321;54.3;38.3;29;37.3;74.5;92.2;54.9;0;0;4;REJETEE;identite non resolue , present 4 jours sur 6
Australie;au_translink_seq;Helensvale station;au_translink_seq|helensvalestation@-27.93,153.34;62.3;38;39;39.5;94.7;98;58.6;0;1;4;REJETEE;present 4 jours sur 6
Allemagne;de_gtfsde;;de_gtfsde|186322;58;37.8;35;50.3;85.4;95.4;45;0;0;4;REJETEE;identite non resolue , present 4 jours sur 6
Etats-Unis;us_mta_lirr;;us_mta_lirr|349;51;37.8;26;32.3;97.4;100;67.7;0;0;5;REJETEE;identite non resolue , present 5 jours sur 6
Allemagne;de_gtfsde;Osnabrück Hbf;de_gtfsde|osnabrckhbf@52.27,8.06;59.2;37.6;36;38.3;64.4;80.3;42;0;0;5;REJETEE;present 5 jours sur 6
Etats-Unis;us_mta_mnr;;us_mta_mnr|143;82.3;37.5;54;55.1;83.1;95.1;40;0;0;6;REJETEE;identite non resolue
Australie;au_translink_seq;Hope Island station;au_translink_seq|hopeislandstation@-27.88,153.33;62.3;37.3;40;16.8;94.6;98;81.2;0;1;4;REJETEE;present 4 jours sur 6
Allemagne;de_gtfsde;;de_gtfsde|598131;129.5;37;71;85.8;98.6;98.6;12.8;0;0;4;REJETEE;identite non resolue , present 4 jours sur 6 , ponctualite 99 % > 98 %
Allemagne;de_gtfsde;;de_gtfsde|9434;63.8;37;42;39.9;79.1;93.9;54.1;0;0;4;REJETEE;identite non resolue , present 4 jours sur 6
Australie;au_translink_seq;Coomera station;au_translink_seq|coomerastation@-27.85,153.32;60.8;37;39;54.1;95.3;97.3;43.2;0;1;4;REJETEE;present 4 jours sur 6
Australie;au_translink_seq;Cleveland station;au_translink_seq|clevelandstation@-27.52,153.27;83.3;36.7;56;73.6;99.1;100;26.4;0;0.33;6;REJETEE;ponctualite 99 % > 98 %
Allemagne;de_gtfsde;;de_gtfsde|567261;73.3;36.5;50;50.7;80.8;91.1;40.4;0;0;4;REJETEE;identite non resolue , present 4 jours sur 6
Allemagne;de_gtfsde;;de_gtfsde|151703;63.5;36.5;43;22.6;60.3;83.6;61;0;0;4;REJETEE;identite non resolue , present 4 jours sur 6
Australie;au_translink_seq;Nerang station;au_translink_seq|nerangstation@-27.99,153.35;61.8;36.5;41;35.6;91.1;97.9;62.3;0;1;4;REJETEE;present 4 jours sur 6
Allemagne;de_gtfsde;;de_gtfsde|219764;58.3;36.5;37;41.8;78.8;96.6;54.8;0;0;4;REJETEE;identite non resolue , present 4 jours sur 6
Allemagne;de_gtfsde;;de_gtfsde|456135;55.5;36.5;34;21.9;83.6;98.6;76.7;0;0;4;REJETEE;identite non resolue , present 4 jours sur 6
Allemagne;de_gtfsde;;de_gtfsde|96346;53;36.5;31;34.9;68.5;77.4;42.5;0;0;4;REJETEE;identite non resolue , present 4 jours sur 6
Allemagne;de_gtfsde;Luzec p.Smrkem;de_gtfsde|luzecpsmrkem@50.89,15.16;57;36.3;36;22.8;82.8;98.6;75.9;0;0;4;REJETEE;present 4 jours sur 6
Allemagne;de_gtfsde;;de_gtfsde|118288;58.3;36;38;55.6;86.8;91;35.4;0;0;4;REJETEE;identite non resolue , present 4 jours sur 6
Allemagne;de_gtfsde;;de_gtfsde|225778;248.5;35.8;86;81.1;95.8;95.8;14.7;0;0;4;REJETEE;identite non resolue , present 4 jours sur 6
Allemagne;de_gtfsde;;de_gtfsde|461955;67;35.8;47;22.4;49.7;59.4;37.1;0;0;4;REJETEE;identite non resolue , present 4 jours sur 6 , ponctualite 50 % < 60 %
Allemagne;de_gtfsde;;de_gtfsde|666879;66.3;35.8;46;39.9;71.3;88.1;48.3;0;0;4;REJETEE;identite non resolue , present 4 jours sur 6
Australie;au_translink_seq;Pimpama station;au_translink_seq|pimpamastation@-27.82,153.30;61;35.8;41;62.9;94.4;97.2;34.3;0;1;4;REJETEE;present 4 jours sur 6
Allemagne;de_gtfsde;;de_gtfsde|250086;60.3;35.8;41;81.8;97.2;98.6;16.8;0;0;4;REJETEE;identite non resolue , present 4 jours sur 6
Allemagne;de_gtfsde;;de_gtfsde|232357;57.8;35.8;38;33.6;79.7;95.8;62.2;0;0;4;REJETEE;identite non resolue , present 4 jours sur 6
Allemagne;de_gtfsde;;de_gtfsde|459211;57;35.8;37;35.7;61.5;76.9;41.3;0;0;4;REJETEE;identite non resolue , present 4 jours sur 6
Etats-Unis;us_mta_mnr;;us_mta_mnr|114;88.8;35.5;60;48.4;85;97.7;49.3;0;0;6;REJETEE;identite non resolue
Australie;au_translink_seq;Robina station;au_translink_seq|robinastation@-28.07,153.38;61.8;35.5;43;37.3;92.3;97.9;60.6;0;1;4;REJETEE;present 4 jours sur 6
Allemagne;de_gtfsde;;de_gtfsde|185300;57.5;35.5;38;58.5;81;85.9;27.5;0;0;4;REJETEE;identite non resolue , present 4 jours sur 6
Pays-Bas;nl_ovapi;Voorschoten;nl_ovapi|voorschoten@52.13,4.43;51;35.5;30;89.2;98.6;98.6;9.4;0;0;6;REJETEE;ponctualite 99 % > 98 %
Allemagne;de_gtfsde;;de_gtfsde|549350;63.5;35.3;44;38.3;79.4;90.8;52.5;0;0;4;REJETEE;identite non resolue , present 4 jours sur 6
Pays-Bas;nl_ovapi;Best;nl_ovapi|best@51.51,5.39;50.2;35.3;30;78.8;98.6;99.5;20.8;0;0;6;REJETEE;ponctualite 99 % > 98 %
Allemagne;de_gtfsde;;de_gtfsde|536319;95.8;35;63;70.7;91.4;96.4;25.7;0;0;4;REJETEE;identite non resolue , present 4 jours sur 6
Allemagne;de_gtfsde;;de_gtfsde|159459;94.5;35;63;58.6;91.4;96.4;37.9;0;0;4;REJETEE;identite non resolue , present 4 jours sur 6
Allemagne;de_gtfsde;;de_gtfsde|216576;84.3;35;58;75;87.1;95;20;0;0;4;REJETEE;identite non resolue , present 4 jours sur 6
Allemagne;de_gtfsde;;de_gtfsde|353761;71.5;35;51;41.4;63.6;70;28.6;0;0;4;REJETEE;identite non resolue , present 4 jours sur 6
Allemagne;de_gtfsde;Karlsruhe Essenweinstraße;de_gtfsde|karlsruheessenweinstrae@49.01,8.43;46;35;24;60;87.1;88.6;28.6;0;0;4;REJETEE;present 4 jours sur 6
Allemagne;de_gtfsde;;de_gtfsde|33456;82.8;34.8;58;38.1;71.9;87.8;49.6;0;0;4;REJETEE;identite non resolue , present 4 jours sur 6
Etats-Unis;us_mta_mnr;;us_mta_mnr|190;78.5;34.8;56;57.4;85.2;96.2;38.8;0;0;6;REJETEE;identite non resolue
Allemagne;de_gtfsde;;de_gtfsde|532065;75;34.8;54;46.8;84.9;98.6;51.8;0;0;4;REJETEE;identite non resolue , present 4 jours sur 6
Allemagne;de_gtfsde;;de_gtfsde|643066;74;34.8;53;47.5;76.3;87.8;40.3;0;0;4;REJETEE;identite non resolue , present 4 jours sur 6
Allemagne;de_gtfsde;;de_gtfsde|352670;67.8;34.8;49;52.5;79.1;90.6;38.1;0;0;4;REJETEE;identite non resolue , present 4 jours sur 6
Allemagne;de_gtfsde;;de_gtfsde|102238;95.3;34.5;64;76.1;92;97.1;21;0;0;4;REJETEE;identite non resolue , present 4 jours sur 6
Allemagne;de_gtfsde;;de_gtfsde|386797;93.3;34.3;63;59.1;86.1;94.2;35;0;0;4;REJETEE;identite non resolue , present 4 jours sur 6
Etats-Unis;us_mta_mnr;;us_mta_mnr|115;88;34.3;61;48.1;85.4;97.6;49.5;0;0;6;REJETEE;identite non resolue
Allemagne;de_gtfsde;;de_gtfsde|511179;67.3;34.3;49;60.6;81.8;94.2;33.6;0;0;4;REJETEE;identite non resolue , present 4 jours sur 6
Allemagne;de_gtfsde;;de_gtfsde|11928;42;34.3;18;26.3;41.6;61.3;35;0;0;4;REJETEE;identite non resolue , present 4 jours sur 6 , ponctualite 42 % < 60 %
Allemagne;de_gtfsde;;de_gtfsde|169336;94.8;34;64;65.4;87.5;95.6;30.1;0;0;4;REJETEE;identite non resolue , present 4 jours sur 6
Allemagne;de_gtfsde;;de_gtfsde|647478;45.3;34;25;39;70.6;79.4;40.4;0;0;4;REJETEE;identite non resolue , present 4 jours sur 6
Allemagne;de_gtfsde;;de_gtfsde|371091;51.8;33.8;35;37;76.3;92.6;55.6;0;0;4;REJETEE;identite non resolue , present 4 jours sur 6
Allemagne;de_gtfsde;;de_gtfsde|18912;100.5;33.5;67;64.9;83.6;92.5;27.6;0;0;4;REJETEE;identite non resolue , present 4 jours sur 6
Allemagne;de_gtfsde;;de_gtfsde|519080;93.5;33.5;64;39.6;72.4;87.3;47.8;0;0;4;REJETEE;identite non resolue , present 4 jours sur 6
Allemagne;de_gtfsde;;de_gtfsde|339906;73.8;33.5;55;54.5;85.8;94.8;40.3;0;0;4;REJETEE;identite non resolue , present 4 jours sur 6
Allemagne;de_gtfsde;;de_gtfsde|275066;72.8;33.5;54;68.7;88.8;94.8;26.1;0;0;4;REJETEE;identite non resolue , present 4 jours sur 6
Allemagne;de_gtfsde;;de_gtfsde|184973;71.3;33.5;53;47;77.6;89.6;42.5;0;0;4;REJETEE;identite non resolue , present 4 jours sur 6
Allemagne;de_gtfsde;;de_gtfsde|574464;64.3;33.5;48;55.2;88.1;92.5;37.3;0;0;4;REJETEE;identite non resolue , present 4 jours sur 6
Allemagne;de_gtfsde;;de_gtfsde|22181;64;33.5;48;41;73.9;85.8;44.8;0;0;4;REJETEE;identite non resolue , present 4 jours sur 6
Allemagne;de_gtfsde;;de_gtfsde|321344;79.5;33.3;58;54.9;81.2;94;39.1;0;0;4;REJETEE;identite non resolue , present 4 jours sur 6
Allemagne;de_gtfsde;;de_gtfsde|458093;72.8;33.3;54;54.1;87.2;93.2;39.1;0;0;4;REJETEE;identite non resolue , present 4 jours sur 6
Pays-Bas;nl_ovapi;Feanwâlden;nl_ovapi|feanwlden@53.24,5.99;41;33.3;19;55.6;99.2;100;44.4;0;0;4;REJETEE;present 4 jours sur 6 , ponctualite 99 % > 98 %
Allemagne;de_gtfsde;;de_gtfsde|45674;78.3;32.8;58;40.5;66.4;77.1;36.6;0;0;4;REJETEE;identite non resolue , present 4 jours sur 6
Allemagne;de_gtfsde;;de_gtfsde|600870;55.3;32.8;41;29.8;85.5;98.5;68.7;0;0;4;REJETEE;identite non resolue , present 4 jours sur 6
Allemagne;de_gtfsde;;de_gtfsde|278984;47;32.8;30;31.3;80.9;96.9;65.6;0;0;4;REJETEE;identite non resolue , present 4 jours sur 6
Etats-Unis;us_mta_mnr;;us_mta_mnr|112;87.3;32.5;63;45.1;86.2;98.5;53.3;0;0;6;REJETEE;identite non resolue
Allemagne;de_gtfsde;;de_gtfsde|38426;62.5;32.5;48;52.3;83.1;90.8;38.5;0;0;4;REJETEE;identite non resolue , present 4 jours sur 6
Allemagne;de_gtfsde;;de_gtfsde|182925;46.8;32.5;30;36.9;80;94.6;57.7;0;0;4;REJETEE;identite non resolue , present 4 jours sur 6
Etats-Unis;us_mta_mnr;;us_mta_mnr|18;85.7;32.3;62;46.4;92.3;99;52.6;0;0;6;REJETEE;identite non resolue
Allemagne;de_gtfsde;;de_gtfsde|237560;82;32.3;61;45;69;84.5;39.5;0;0;4;REJETEE;identite non resolue , present 4 jours sur 6
Allemagne;de_gtfsde;;de_gtfsde|476025;70.8;32.3;54;52.7;80.6;91.5;38.8;0;0;4;REJETEE;identite non resolue , present 4 jours sur 6
Allemagne;de_gtfsde;;de_gtfsde|236752;52.3;32.3;38;31;74.4;88.4;57.4;0;0;4;REJETEE;identite non resolue , present 4 jours sur 6
Allemagne;de_gtfsde;;de_gtfsde|28403;94.8;32;66;80.5;91.4;96.1;15.6;0;0;4;REJETEE;identite non resolue , present 4 jours sur 6
Allemagne;de_gtfsde;;de_gtfsde|220392;78.5;32;59;53.9;80.5;90.6;36.7;0;0;4;REJETEE;identite non resolue , present 4 jours sur 6
Allemagne;de_gtfsde;;de_gtfsde|573218;57;32;44;55.5;86.7;93.8;38.3;0;0;4;REJETEE;identite non resolue , present 4 jours sur 6
Allemagne;de_gtfsde;;de_gtfsde|180939;49.3;32;35;46.9;77.3;91.4;44.5;0;0;4;REJETEE;identite non resolue , present 4 jours sur 6
Allemagne;de_gtfsde;;de_gtfsde|130313;65.5;31.8;52;48.8;78.7;91.3;42.5;0;0;4;REJETEE;identite non resolue , present 4 jours sur 6
Allemagne;de_gtfsde;;de_gtfsde|10828;55.8;31.8;43;33.9;63;80.3;46.5;0;0;4;REJETEE;identite non resolue , present 4 jours sur 6
Allemagne;de_gtfsde;;de_gtfsde|501500;52.8;31.8;40;44.9;87.4;95.3;50.4;0;0;4;REJETEE;identite non resolue , present 4 jours sur 6
Allemagne;de_gtfsde;;de_gtfsde|667386;47.3;31.8;33;33.1;84.3;96.1;63;0;0;4;REJETEE;identite non resolue , present 4 jours sur 6
Allemagne;de_gtfsde;;de_gtfsde|613420;89.5;31.5;65;56.3;86.5;90.5;34.1;0;0;4;REJETEE;identite non resolue , present 4 jours sur 6
Allemagne;de_gtfsde;;de_gtfsde|365614;63.8;31.5;51;57.9;92.1;99.2;41.3;0;0;4;REJETEE;identite non resolue , present 4 jours sur 6
Allemagne;de_gtfsde;Herford, Bahnhof/ZOB;de_gtfsde|herfordbahnhofzob@52.12,8.66;55.3;31.5;43;50;68.3;84.1;34.1;0;0;4;REJETEE;present 4 jours sur 6
Allemagne;de_gtfsde;;de_gtfsde|433874;53.3;31.5;41;74.6;96;97.6;23;0;0;4;REJETEE;identite non resolue , present 4 jours sur 6
Allemagne;de_gtfsde;;de_gtfsde|255750;50.3;31.5;37;34.9;64.3;74.6;39.7;0;0;4;REJETEE;identite non resolue , present 4 jours sur 6
Pays-Bas;nl_ovapi;Hollandsche Rading;nl_ovapi|hollandscherading@52.18,5.18;44.7;31.5;29;81.5;98.4;100;18.5;0;0;6;REJETEE;ponctualite 98 % > 98 %
Allemagne;de_gtfsde;;de_gtfsde|220979;91;31.3;66;41.6;82.4;92;50.4;0;0;4;REJETEE;identite non resolue , present 4 jours sur 6
Allemagne;de_gtfsde;;de_gtfsde|609404;53.8;31.3;42;48.8;70.4;84.8;36;0;0;4;REJETEE;identite non resolue , present 4 jours sur 6
Allemagne;de_gtfsde;;de_gtfsde|583676;51;31.3;39;24.8;58.4;76;51.2;0;0;4;REJETEE;identite non resolue , present 4 jours sur 6 , ponctualite 58 % < 60 %
Pays-Bas;nl_ovapi;Eindhoven Strijp-S;nl_ovapi|eindhovenstrijps@51.45,5.46;50.2;31.2;38;79.7;98.9;99.5;19.8;0;0;6;REJETEE;ponctualite 99 % > 98 %
Allemagne;de_gtfsde;;de_gtfsde|419811;87.3;31;64;62.1;78.2;88.7;26.6;0;0;4;REJETEE;identite non resolue , present 4 jours sur 6
Allemagne;de_gtfsde;Levinska Olesnice;de_gtfsde|levinskaolesnice@50.52,15.53;56.5;31;45;33.9;87.9;99.2;65.3;0;0;4;REJETEE;present 4 jours sur 6
Allemagne;de_gtfsde;;de_gtfsde|298423;55.5;31;44;16.9;82.3;97.6;80.6;0;0;4;REJETEE;identite non resolue , present 4 jours sur 6
Etats-Unis;us_mta_lirr;;us_mta_lirr|64;40.6;31;24;52.9;93.5;100;47.1;0.4;0;5;REJETEE;identite non resolue , present 5 jours sur 6
Allemagne;de_gtfsde;;de_gtfsde|8972;91.5;30.8;66;58.5;83.7;89.4;30.9;0;0;4;REJETEE;identite non resolue , present 4 jours sur 6
Allemagne;de_gtfsde;Tübingen Hauptbahnhof;de_gtfsde|tbingenhauptbahnhof@48.52,9.06;84;30.8;63;57.8;81.2;96.1;38.3;0;0;5;REJETEE;present 5 jours sur 6
Etats-Unis;us_mta_mnr;;us_mta_mnr|149;83.8;30.8;63;55.7;85.4;96.8;41.1;0;0;6;REJETEE;identite non resolue
Allemagne;de_gtfsde;;de_gtfsde|462511;47;30.8;35;30.9;79.7;95.9;65;0;0;4;REJETEE;identite non resolue , present 4 jours sur 6
Allemagne;de_gtfsde;;de_gtfsde|18667;45.8;30.8;33;29.3;66.7;86.2;56.9;0;0;4;REJETEE;identite non resolue , present 4 jours sur 6
Etats-Unis;us_mta_mnr;;us_mta_mnr|11;76.3;30.5;60;41.5;92.3;99.5;57.9;0;0;6;REJETEE;identite non resolue
Allemagne;de_gtfsde;;de_gtfsde|328064;70.8;30.5;57;36.9;64.8;73;36.1;0;0;4;REJETEE;identite non resolue , present 4 jours sur 6
Allemagne;de_gtfsde;;de_gtfsde|454321;64.5;30.5;53;42.6;80.3;92.6;50;0;0;4;REJETEE;identite non resolue , present 4 jours sur 6
Allemagne;de_gtfsde;;de_gtfsde|261151;54.8;30.5;44;18.9;47.5;59.8;41;0;0;4;REJETEE;identite non resolue , present 4 jours sur 6 , ponctualite 48 % < 60 %
Allemagne;de_gtfsde;;de_gtfsde|141397;54.8;30.5;44;40.2;80.3;92.6;52.5;0;0;4;REJETEE;identite non resolue , present 4 jours sur 6
Allemagne;de_gtfsde;;de_gtfsde|35846;48.3;30.5;37;29.5;64.8;82.8;53.3;0;0;4;REJETEE;identite non resolue , present 4 jours sur 6
Allemagne;de_gtfsde;;de_gtfsde|577089;47.3;30.5;35;27.9;69.7;93.4;65.6;0;0;4;REJETEE;identite non resolue , present 4 jours sur 6
Allemagne;de_gtfsde;;de_gtfsde|137397;45;30.5;32;44.3;77;87.7;43.4;0;0;4;REJETEE;identite non resolue , present 4 jours sur 6
Pays-Bas;nl_ovapi;Utrecht Leidsche Rijn;nl_ovapi|utrechtleidscherijn@52.10,5.07;40.5;30.5;25;86.9;98.4;99.5;12.6;0.17;0;6;REJETEE;ponctualite 98 % > 98 %
Allemagne;de_gtfsde;;de_gtfsde|404734;129.5;30.3;77;87.6;98.3;98.3;10.7;0;0;4;REJETEE;identite non resolue , present 4 jours sur 6 , ponctualite 98 % > 98 %
Allemagne;de_gtfsde;;de_gtfsde|216871;82.5;30.3;63;81.8;93.4;95.9;14;0;0;4;REJETEE;identite non resolue , present 4 jours sur 6
Etats-Unis;us_mta_mnr;;us_mta_mnr|118;82;30.3;63;45.1;84.1;97.3;52.2;0;0;6;REJETEE;identite non resolue
Allemagne;de_gtfsde;;de_gtfsde|143210;45;30.3;33;34.7;74.4;94.2;59.5;0;0;4;REJETEE;identite non resolue , present 4 jours sur 6
Pays-Bas;nl_ovapi;Buitenpost;nl_ovapi|buitenpost@53.26,6.14;37.8;30;21;39.2;97.5;100;60.8;0;0;4;REJETEE;present 4 jours sur 6
Etats-Unis;us_mta_mnr;;us_mta_mnr|110;82.7;29.8;64;45.8;86.6;98.3;52.5;0;0;6;REJETEE;identite non resolue
Etats-Unis;us_mta_mnr;;us_mta_mnr|120;82;29.8;64;45.3;84.4;97.2;52;0;0;6;REJETEE;identite non resolue
Pays-Bas;nl_ovapi;Cuijk;nl_ovapi|cuijk@51.73,5.87;56.2;29.8;47;53;92.6;97.3;44.3;1.8;0;5;REJETEE;present 5 jours sur 6
Allemagne;de_gtfsde;;de_gtfsde|315373;55.3;29.8;46;48.7;81.5;90.8;42;0;0;4;REJETEE;identite non resolue , present 4 jours sur 6
Allemagne;de_gtfsde;;de_gtfsde|649885;50;29.8;41;60.5;89.9;97.5;37;0;0;4;REJETEE;identite non resolue , present 4 jours sur 6
Allemagne;de_gtfsde;;de_gtfsde|365889;39.3;29.8;24;26.9;51.3;73.1;46.2;0;0;4;REJETEE;identite non resolue , present 4 jours sur 6 , ponctualite 51 % < 60 %
Etats-Unis;us_mta_mnr;;us_mta_mnr|622;71.3;29.7;58;42.1;88.8;98.9;56.7;0;0;6;REJETEE;identite non resolue
Allemagne;de_gtfsde;;de_gtfsde|654172;51.5;29.5;43;69.5;90.7;97.5;28;0;0;4;REJETEE;identite non resolue , present 4 jours sur 6
Allemagne;de_gtfsde;;de_gtfsde|218706;97.8;29.3;70;87.2;96.6;99.1;12;0;0;4;REJETEE;identite non resolue , present 4 jours sur 6
Allemagne;de_gtfsde;;de_gtfsde|515937;94.8;29.3;69;76.9;89.7;96.6;19.7;0;0;4;REJETEE;identite non resolue , present 4 jours sur 6
Etats-Unis;us_mta_mnr;;us_mta_mnr|108;88;29.3;67;44.3;84.7;98.3;54;0;0;6;REJETEE;identite non resolue
Etats-Unis;us_mta_mnr;;us_mta_mnr|111;82.5;29.3;64;46.6;86.9;98.3;51.7;0;0;6;REJETEE;identite non resolue
Allemagne;de_gtfsde;;de_gtfsde|528037;82;29.3;64;73.5;97.4;98.3;24.8;0;0;4;REJETEE;identite non resolue , present 4 jours sur 6
Etats-Unis;us_mta_mnr;;us_mta_mnr|121;82;29.3;64;44.9;84.7;97.2;52.3;0;0;6;REJETEE;identite non resolue
Allemagne;de_gtfsde;;de_gtfsde|441285;58.5;29.3;50;42.7;80.3;92.3;49.6;0;0;4;REJETEE;identite non resolue , present 4 jours sur 6
Australie;au_translink_seq;Boondall station;au_translink_seq|boondallstation@-27.35,153.07;52.3;29.3;44;72.6;94;98.3;25.6;0;0;4;REJETEE;present 4 jours sur 6
Etats-Unis;us_mta_mnr;;us_mta_mnr|127;55;29.2;47;48;80.6;90.3;42.3;0;0;6;REJETEE;identite non resolue
Allemagne;de_gtfsde;;de_gtfsde|91154;82;29;65;85.3;98.3;98.3;12.9;0;0;4;REJETEE;identite non resolue , present 4 jours sur 6 , ponctualite 98 % > 98 %
Australie;au_translink_seq;Nudgee station;au_translink_seq|nudgeestation@-27.37,153.08;52.3;29;44;76.7;94.8;99.1;22.4;0;0;4;REJETEE;present 4 jours sur 6
Allemagne;de_gtfsde;;de_gtfsde|192011;52;29;44;84.5;99.1;99.1;14.7;0;0;4;REJETEE;identite non resolue , present 4 jours sur 6 , ponctualite 99 % > 98 %
Allemagne;de_gtfsde;;de_gtfsde|133365;56.3;28.8;49;22.6;88.7;99.1;76.5;0;0;4;REJETEE;identite non resolue , present 4 jours sur 6
Australie;au_translink_seq;North Boondall station;au_translink_seq|northboondallstation@-27.34,153.06;51.8;28.8;44;73.9;94.8;98.3;24.3;0;0;4;REJETEE;present 4 jours sur 6
Allemagne;de_gtfsde;;de_gtfsde|475391;43;28.8;33;40;64.3;84.3;44.3;0;0;4;REJETEE;identite non resolue , present 4 jours sur 6
Etats-Unis;us_mta_mnr;;us_mta_mnr|105;84.5;28.7;66;48.3;87.2;98.3;50;0;0;6;REJETEE;identite non resolue
Etats-Unis;us_mta_mnr;;us_mta_mnr|25;77.3;28.5;63;50.3;92.4;99.4;49.1;0;0;6;REJETEE;identite non resolue
Allemagne;de_gtfsde;;de_gtfsde|619977;73;28.5;61;44.7;75.4;86.8;42.1;0;0;4;REJETEE;identite non resolue , present 4 jours sur 6
Allemagne;de_gtfsde;;de_gtfsde|520644;61.5;28.5;54;60.5;88.6;97.4;36.8;0;0;4;REJETEE;identite non resolue , present 4 jours sur 6
Allemagne;de_gtfsde;;de_gtfsde|238431;58;28.5;51;96.5;100;100;3.5;0;0;4;REJETEE;identite non resolue , present 4 jours sur 6 , trop parfaite : aucun retard superieur a 5 min
Allemagne;de_gtfsde;;de_gtfsde|20899;56.3;28.5;49;62.3;84.2;89.5;27.2;0;0;4;REJETEE;identite non resolue , present 4 jours sur 6
Allemagne;de_gtfsde;;de_gtfsde|614321;52.3;28.5;45;14;84.2;98.2;84.2;0;0;4;REJETEE;identite non resolue , present 4 jours sur 6
Allemagne;de_gtfsde;;de_gtfsde|452920;52;28.5;45;25.4;69.3;91.2;65.8;0;0;4;REJETEE;identite non resolue , present 4 jours sur 6
Allemagne;de_gtfsde;;de_gtfsde|109338;51.8;28.5;45;25.4;57;81.6;56.1;0;0;4;REJETEE;identite non resolue , present 4 jours sur 6 , ponctualite 57 % < 60 %
Allemagne;de_gtfsde;;de_gtfsde|468956;70;28.3;60;50.4;77.9;88.5;38.1;0;0;4;REJETEE;identite non resolue , present 4 jours sur 6
Allemagne;de_gtfsde;;de_gtfsde|409488;60.5;28.3;53;42.5;69.9;78.8;36.3;0;0;4;REJETEE;identite non resolue , present 4 jours sur 6
Pays-Bas;nl_ovapi;Den Helder;nl_ovapi|denhelder@52.96,4.76;49.5;28.2;43;88.2;98.2;98.8;10.7;0;0;6;REJETEE;ponctualite 98 % > 98 %
Etats-Unis;us_mta_mnr;;us_mta_mnr|22;77.3;28;64;49.4;92.9;99.4;50;0;0;6;REJETEE;identite non resolue
Etats-Unis;us_mta_mnr;;us_mta_mnr|23;77.3;28;64;50;92.3;99.4;49.4;0;0;6;REJETEE;identite non resolue
Allemagne;de_gtfsde;;de_gtfsde|649116;75.3;28;63;64.3;83.9;90.2;25.9;0;0;4;REJETEE;identite non resolue , present 4 jours sur 6
Etats-Unis;us_mta_mnr;;us_mta_mnr|16;71;28;61;41.1;92.3;99.4;58.3;0;0;6;REJETEE;identite non resolue
Etats-Unis;us_mta_mnr;;us_mta_mnr|14;71;27.8;61;39.5;92.2;99.4;59.9;0;0;6;REJETEE;identite non resolue
Allemagne;de_gtfsde;;de_gtfsde|400053;52.3;27.8;47;66.7;91.9;97.3;30.6;0;0;4;REJETEE;identite non resolue , present 4 jours sur 6
Allemagne;de_gtfsde;;de_gtfsde|452460;50.8;27.8;45;49.5;82.9;90.1;40.5;0;0;4;REJETEE;identite non resolue , present 4 jours sur 6
Allemagne;de_gtfsde;;de_gtfsde|61538;46.8;27.8;41;53.2;82;92.8;39.6;0;0;4;REJETEE;identite non resolue , present 4 jours sur 6
Etats-Unis;us_mta_lirr;;us_mta_lirr|8;37.2;27.8;25;50.4;87.8;100;49.6;0.4;0;5;REJETEE;identite non resolue , present 5 jours sur 6
Etats-Unis;us_mbta;Ruggles;us_mbta|ruggles@42.34,-71.09;40.5;27.7;32;100;100;100;0;0;0;6;REJETEE;trop parfaite : 100 % a moins de 60 s
Allemagne;de_gtfsde;;de_gtfsde|339731;95.5;27.5;71;86.4;95.5;99.1;12.7;0;0;4;REJETEE;identite non resolue , present 4 jours sur 6
Etats-Unis;us_mta_mnr;;us_mta_mnr|62;84;27.5;67;46.1;88.5;97;50.9;0;0;6;REJETEE;identite non resolue
Allemagne;de_gtfsde;;de_gtfsde|353620;55;27.5;50;95.5;100;100;4.5;0;0;4;REJETEE;identite non resolue , present 4 jours sur 6 , trop parfaite : aucun retard superieur a 5 min
Etats-Unis;us_mta_mnr;;us_mta_mnr|136;52.7;27.5;48;48.5;81.8;90.9;42.4;0;0;6;REJETEE;identite non resolue
Etats-Unis;us_mta_mnr;;us_mta_mnr|129;51.5;27.5;47;47.3;81.2;90.3;43;0;0;6;REJETEE;identite non resolue
Allemagne;de_gtfsde;;de_gtfsde|315593;43.5;27.5;37;80.9;99.1;100;19.1;0;0;4;REJETEE;identite non resolue , present 4 jours sur 6 , ponctualite 99 % > 98 %
Etats-Unis;us_mta_lirr;;us_mta_lirr|136;39.8;27.4;31;41.6;86.1;100;58.4;0.4;0;5;REJETEE;identite non resolue , present 5 jours sur 6
Allemagne;de_gtfsde;;de_gtfsde|552291;49.8;27.3;45;56;89;97.2;41.3;0;0;4;REJETEE;identite non resolue , present 4 jours sur 6
Etats-Unis;us_mta_mnr;;us_mta_mnr|39;54;27.2;50;34.4;79.1;96.3;62;0;0;6;REJETEE;identite non resolue
Allemagne;de_gtfsde;;de_gtfsde|246350;97.8;27;72;74.1;89.8;95.4;21.3;0;0;4;REJETEE;identite non resolue , present 4 jours sur 6
Etats-Unis;us_mta_mnr;;us_mta_mnr|83;70;27;61;51.2;89.5;96.9;45.7;0;0;6;REJETEE;identite non resolue
Allemagne;de_gtfsde;;de_gtfsde|151766;56.8;27;52;67.6;96.3;100;32.4;0;0;4;REJETEE;identite non resolue , present 4 jours sur 6
Etats-Unis;us_mta_mnr;;us_mta_mnr|137;52.8;27;49;47.5;80.9;90.7;43.2;0;0;6;REJETEE;identite non resolue
Allemagne;de_gtfsde;;de_gtfsde|591366;52;27;48;52.8;84.3;87;34.3;0;0;4;REJETEE;identite non resolue , present 4 jours sur 6
Allemagne;de_gtfsde;;de_gtfsde|659576;46.8;27;42;65.7;86.1;95.4;29.6;0;0;4;REJETEE;identite non resolue , present 4 jours sur 6
Allemagne;de_gtfsde;;de_gtfsde|224878;43.3;27;38;38;75.9;88;50;0;0;4;REJETEE;identite non resolue , present 4 jours sur 6
Allemagne;de_gtfsde;;de_gtfsde|282323;40.5;27;33;35.2;59.3;85.2;50;0;0;4;REJETEE;identite non resolue , present 4 jours sur 6 , ponctualite 59 % < 60 %
Etats-Unis;us_mta_lirr;;us_mta_lirr|16;35.6;27;24;54.8;94.8;100;45.2;0.4;0;5;REJETEE;identite non resolue , present 5 jours sur 6
Australie;au_translink_seq;Varsity Lakes station;au_translink_seq|varsitylakesstation@-28.10,153.40;61.2;26.8;56;67.9;96.3;97;29.1;0.2;0.8;5;REJETEE;present 5 jours sur 6
Allemagne;de_gtfsde;;de_gtfsde|493252;60.5;26.8;56;47.7;86;94.4;46.7;0;0;4;REJETEE;identite non resolue , present 4 jours sur 6
Allemagne;de_gtfsde;;de_gtfsde|446384;54.5;26.8;51;81.3;96.3;99.1;17.8;0;0;4;REJETEE;identite non resolue , present 4 jours sur 6
Australie;au_translink_seq;Deagon station;au_translink_seq|deagonstation@-27.33,153.06;51.5;26.8;48;78.5;92.5;98.1;19.6;0;0;4;REJETEE;present 4 jours sur 6
Allemagne;de_gtfsde;;de_gtfsde|239819;46.8;26.8;43;53.3;80.4;90.7;37.4;0;0;4;REJETEE;identite non resolue , present 4 jours sur 6
Allemagne;de_gtfsde;;de_gtfsde|466753;41.5;26.8;36;38.3;87.9;95.3;57;0;0;4;REJETEE;identite non resolue , present 4 jours sur 6
Allemagne;de_gtfsde;;de_gtfsde|451419;30.8;26.8;13;54.2;82.2;94.4;40.2;0;0;4;REJETEE;identite non resolue , present 4 jours sur 6
Allemagne;de_gtfsde;;de_gtfsde|579839;83;26.5;68;77.4;93.4;96.2;18.9;0;0;4;REJETEE;identite non resolue , present 4 jours sur 6
Allemagne;de_gtfsde;;de_gtfsde|2225;62;26.5;57;50;79.2;91.5;41.5;0;0;4;REJETEE;identite non resolue , present 4 jours sur 6
Allemagne;de_gtfsde;;de_gtfsde|340768;55;26.5;52;97.2;100;100;2.8;0;0;4;REJETEE;identite non resolue , present 4 jours sur 6 , trop parfaite : aucun retard superieur a 5 min
Australie;au_translink_seq;Banyo station;au_translink_seq|banyostation@-27.37,153.08;52.5;26.5;50;74.5;95.3;99.1;24.5;0;0;4;REJETEE;present 4 jours sur 6
Allemagne;de_gtfsde;;de_gtfsde|157673;51.8;26.5;49;57.5;84.9;97.2;39.6;0;0;4;REJETEE;identite non resolue , present 4 jours sur 6
Allemagne;de_gtfsde;;de_gtfsde|20197;39.5;26.5;33;88.7;97.2;99.1;10.4;0;0;4;REJETEE;identite non resolue , present 4 jours sur 6
Pays-Bas;nl_ovapi;Vleuten;nl_ovapi|vleuten@52.10,5.01;35.3;26.5;25;89.9;98.1;99.4;9.4;0.17;0;6;REJETEE;ponctualite 98 % > 98 %
Etats-Unis;us_mta_mnr;;us_mta_mnr|106;80.5;26.3;67;46.2;86.7;98.1;51.9;0;0;6;REJETEE;identite non resolue
Allemagne;de_gtfsde;;de_gtfsde|663465;58.8;26.3;55;52.4;90.5;94.3;41.9;0;0;4;REJETEE;identite non resolue , present 4 jours sur 6
Allemagne;de_gtfsde;;de_gtfsde|599229;58.5;26.3;55;98.1;100;100;1.9;0;0;4;REJETEE;identite non resolue , present 4 jours sur 6 , trop parfaite : 98 % a moins de 60 s
Australie;au_translink_seq;Bindha station;au_translink_seq|bindhastation@-27.38,153.07;52.3;26.3;50;70.5;94.3;99;28.6;0;0;4;REJETEE;present 4 jours sur 6
Allemagne;de_gtfsde;;de_gtfsde|499477;46;26.3;43;57.1;88.6;94.3;37.1;0;0;4;REJETEE;identite non resolue , present 4 jours sur 6
Pays-Bas;nl_ovapi;Mook-Molenhoek;nl_ovapi|mookmolenhoek@51.77,5.88;56.4;26.2;54;38.2;91.6;96.9;58.8;1.8;0;5;REJETEE;present 5 jours sur 6
Allemagne;de_gtfsde;;de_gtfsde|173447;94.8;26;73;76.9;91.3;95.2;18.3;0;0;4;REJETEE;identite non resolue , present 4 jours sur 6
Allemagne;de_gtfsde;;de_gtfsde|361960;75.8;26;66;41.3;80.8;91.3;50;0;0;4;REJETEE;identite non resolue , present 4 jours sur 6
Etats-Unis;us_mta_mnr;;us_mta_mnr|58;71.3;26;64;42.3;85.3;96.2;53.8;0;0;6;REJETEE;identite non resolue
Etats-Unis;us_mta_mnr;;us_mta_mnr|37;51.7;26;50;35.3;79.5;95.5;60.3;0;0;6;REJETEE;identite non resolue
Allemagne;de_gtfsde;;de_gtfsde|159307;50.8;26;49;52.9;81.7;92.3;39.4;0;0;4;REJETEE;identite non resolue , present 4 jours sur 6
Allemagne;de_gtfsde;;de_gtfsde|417928;49.5;26;47;54.8;79.8;92.3;37.5;0;0;4;REJETEE;identite non resolue , present 4 jours sur 6
Etats-Unis;us_mta_mnr;;us_mta_mnr|133;48.2;26;46;48.5;82.3;93.1;44.6;0;0;5;REJETEE;identite non resolue , present 5 jours sur 6
Allemagne;de_gtfsde;;de_gtfsde|465955;44.3;26;41;66.3;95.2;97.1;30.8;0;0;4;REJETEE;identite non resolue , present 4 jours sur 6
Allemagne;de_gtfsde;;de_gtfsde|295885;40.3;26;35;63.5;88.5;96.2;32.7;0;0;4;REJETEE;identite non resolue , present 4 jours sur 6
Allemagne;de_gtfsde;;de_gtfsde|96289;39;26;33;70.2;95.2;99;28.8;0;0;4;REJETEE;identite non resolue , present 4 jours sur 6
Allemagne;de_gtfsde;;de_gtfsde|385091;98.5;25.8;74;68;88.3;96.1;28.2;0;0;4;REJETEE;identite non resolue , present 4 jours sur 6
Allemagne;de_gtfsde;;de_gtfsde|240434;88.3;25.8;71;80.6;96.1;99;18.4;0;0;4;REJETEE;identite non resolue , present 4 jours sur 6
Allemagne;de_gtfsde;;de_gtfsde|289338;69;25.8;63;75.7;86.4;93.2;17.5;0;0;4;REJETEE;identite non resolue , present 4 jours sur 6
Etats-Unis;us_mta_mnr;;us_mta_mnr|46;57.7;25.8;55;35.5;80.6;96.8;61.3;0;0;6;REJETEE;identite non resolue
Allemagne;de_gtfsde;;de_gtfsde|469417;49.8;25.8;48;44.7;80.6;88.3;43.7;0;0;4;REJETEE;identite non resolue , present 4 jours sur 6
Allemagne;de_gtfsde;;de_gtfsde|238264;45.5;25.8;43;56.3;76.7;80.6;24.3;0;0;4;REJETEE;identite non resolue , present 4 jours sur 6
Allemagne;de_gtfsde;;de_gtfsde|609393;43.8;25.8;41;73.8;93.2;99;25.2;0;0;4;REJETEE;identite non resolue , present 4 jours sur 6
Allemagne;de_gtfsde;;de_gtfsde|344780;42.3;25.8;39;72.8;90.3;98.1;25.2;0;0;4;REJETEE;identite non resolue , present 4 jours sur 6
Allemagne;de_gtfsde;;de_gtfsde|638259;40.3;25.8;36;77.7;96.1;98.1;20.4;0;0;4;REJETEE;identite non resolue , present 4 jours sur 6
Allemagne;de_gtfsde;;de_gtfsde|637859;38.8;25.8;34;33;68.9;83.5;50.5;0;0;4;REJETEE;identite non resolue , present 4 jours sur 6
Etats-Unis;us_mta_mnr;;us_mta_mnr|84;70.8;25.7;64;49.4;89;96.8;47.4;0;0;6;REJETEE;identite non resolue
Allemagne;de_gtfsde;;de_gtfsde|480474;40.8;25.5;37;32.4;86.3;96.1;63.7;0;0;4;REJETEE;identite non resolue , present 4 jours sur 6
Pays-Bas;nl_ovapi;Alphen a/d Rijn;nl_ovapi|alphenadrijn@52.12,4.66;41;25.4;38;95.3;98.4;98.4;3.1;0.6;0;5;REJETEE;present 5 jours sur 6 , ponctualite 98 % > 98 %
Allemagne;de_gtfsde;;de_gtfsde|178117;94.8;25.3;73;78.2;91.1;93.1;14.9;0;0;4;REJETEE;identite non resolue , present 4 jours sur 6
Etats-Unis;us_mta_mnr;;us_mta_mnr|59;72;25.3;65;42.1;84.9;96.1;53.9;0;0;6;REJETEE;identite non resolue
Etats-Unis;us_mta_mnr;;us_mta_mnr|88;67.8;25.3;63;52.6;90.8;97.4;44.7;0;0;6;REJETEE;identite non resolue
Allemagne;de_gtfsde;;de_gtfsde|426868;54.8;25.3;54;98;100;100;2;0;0;4;REJETEE;identite non resolue , present 4 jours sur 6 , trop parfaite : 98 % a moins de 60 s
Allemagne;de_gtfsde;;de_gtfsde|445196;73.5;25;66;13;49;72;59;0;0;4;REJETEE;identite non resolue , present 4 jours sur 6 , ponctualite 49 % < 60 %
Allemagne;de_gtfsde;;de_gtfsde|181677;56;25;55;47;75;87;40;0;0;4;REJETEE;identite non resolue , present 4 jours sur 6
Allemagne;de_gtfsde;;de_gtfsde|12971;47;25;47;33;70;91;58;0;0;4;REJETEE;identite non resolue , present 4 jours sur 6
Allemagne;de_gtfsde;;de_gtfsde|220292;43;25;42;30;51;77;47;0;0;4;REJETEE;identite non resolue , present 4 jours sur 6 , ponctualite 51 % < 60 %
Allemagne;de_gtfsde;;de_gtfsde|93117;40;25;38;38;70;93;55;0;0;4;REJETEE;identite non resolue , present 4 jours sur 6
Allemagne;de_gtfsde;;de_gtfsde|382010;39;25;36;57;91;95;38;0;0;4;REJETEE;identite non resolue , present 4 jours sur 6
Allemagne;de_gtfsde;;de_gtfsde|193433;35.8;25;30;29;65;75;46;0;0;4;REJETEE;identite non resolue , present 4 jours sur 6
Allemagne;de_gtfsde;;de_gtfsde|103159;69.8;24.8;65;51.5;83.8;92.9;41.4;0;0;4;REJETEE;identite non resolue , present 4 jours sur 6
Allemagne;de_gtfsde;Saarbrücken Hbf;de_gtfsde|saarbrckenhbf@49.24,6.99;57;24.8;56;60.5;83.9;94.4;33.9;0;0;5;REJETEE;present 5 jours sur 6
Allemagne;de_gtfsde;;de_gtfsde|402597;56.8;24.8;56;67.7;90.9;94.9;27.3;0;0;4;REJETEE;identite non resolue , present 4 jours sur 6
Australie;au_translink_seq;Sandgate station;au_translink_seq|sandgatestation@-27.32,153.07;51.3;24.8;52;76.8;93.9;98;21.2;0;0;4;REJETEE;present 4 jours sur 6
Allemagne;de_gtfsde;;de_gtfsde|478151;49.3;24.8;50;42.4;77.8;94.9;52.5;0;0;4;REJETEE;identite non resolue , present 4 jours sur 6
Allemagne;de_gtfsde;;de_gtfsde|410538;38.5;24.8;36;38.4;76.8;85.9;47.5;0;0;4;REJETEE;identite non resolue , present 4 jours sur 6
Allemagne;de_gtfsde;;de_gtfsde|478807;38.5;24.8;36;80.8;94.9;98;17.2;0;0;4;REJETEE;identite non resolue , present 4 jours sur 6
Etats-Unis;us_mta_mnr;;us_mta_mnr|64;80.7;24.7;69;47.3;88.5;96.6;49.3;0;0;6;REJETEE;identite non resolue
Allemagne;de_gtfsde;;de_gtfsde|440958;72.3;24.5;66;34.7;69.4;77.6;42.9;0;0;4;REJETEE;identite non resolue , present 4 jours sur 6
Allemagne;de_gtfsde;;de_gtfsde|502918;59.8;24.5;59;34.7;74.5;94.9;60.2;0;0;4;REJETEE;identite non resolue , present 4 jours sur 6
Allemagne;de_gtfsde;;de_gtfsde|521176;52.8;24.5;54;55.1;90.8;96.9;41.8;0;0;4;REJETEE;identite non resolue , present 4 jours sur 6
Allemagne;de_gtfsde;;de_gtfsde|559328;51;24.5;52;58.2;76.5;92.9;34.7;0;0;4;REJETEE;identite non resolue , present 4 jours sur 6
Allemagne;de_gtfsde;;de_gtfsde|646128;44.3;24.5;45;84.7;98;99;14.3;0;0;4;REJETEE;identite non resolue , present 4 jours sur 6
Allemagne;de_gtfsde;;de_gtfsde|260908;43.8;24.5;44;67.3;91.8;98;30.6;0;0;4;REJETEE;identite non resolue , present 4 jours sur 6
Allemagne;de_gtfsde;;de_gtfsde|15618;41.5;24.5;41;89.8;100;100;10.2;0;0;4;REJETEE;identite non resolue , present 4 jours sur 6 , trop parfaite : aucun retard superieur a 5 min
Allemagne;de_gtfsde;;de_gtfsde|234741;38;24.5;36;33.7;76.5;89.8;56.1;0;0;4;REJETEE;identite non resolue , present 4 jours sur 6
Pays-Bas;nl_ovapi;Arnhem Presikhaaf;nl_ovapi|arnhempresikhaaf@51.99,5.94;36.4;24.4;33;73;95.9;99.2;26.2;0.2;0;5;REJETEE;present 5 jours sur 6
Allemagne;de_gtfsde;;de_gtfsde|430815;97.8;24.3;75;82.5;93.8;97.9;15.5;0;0;4;REJETEE;identite non resolue , present 4 jours sur 6
Allemagne;de_gtfsde;;de_gtfsde|223335;50.5;24.3;52;49.5;80.4;91.8;42.3;0;0;4;REJETEE;identite non resolue , present 4 jours sur 6
Allemagne;de_gtfsde;;de_gtfsde|159463;48.3;24.3;50;84.5;100;100;15.5;0;0;4;REJETEE;identite non resolue , present 4 jours sur 6 , trop parfaite : aucun retard superieur a 5 min
Allemagne;de_gtfsde;;de_gtfsde|498988;39;24.3;38;81.4;99;100;18.6;0;0;4;REJETEE;identite non resolue , present 4 jours sur 6 , ponctualite 99 % > 98 %
Allemagne;de_gtfsde;;de_gtfsde|239194;38;24.3;36;72.2;97.9;100;27.8;0;0;4;REJETEE;identite non resolue , present 4 jours sur 6
Etats-Unis;us_mta_lirr;;us_mta_lirr|125;31;24.3;22;53.6;87.6;100;46.4;0.25;0;4;REJETEE;identite non resolue , present 4 jours sur 6
Etats-Unis;us_mta_mnr;;us_mta_mnr|65;80.8;24.2;70;46.9;88.3;96.6;49.7;0;0;6;REJETEE;identite non resolue
Pays-Bas;nl_ovapi;Velp;nl_ovapi|velp@52.00,5.98;36.4;24.2;34;70.2;95.9;99.2;28.9;0.2;0;5;REJETEE;present 5 jours sur 6
Etats-Unis;us_mbta;North Station;us_mbta|northstation@42.37,-71.06;36.2;24.2;33;100;100;100;0;0;0;6;REJETEE;trop parfaite : 100 % a moins de 60 s
Pays-Bas;nl_ovapi;Tegelen;nl_ovapi|tegelen@51.34,6.14;29.6;24.2;18;24;93.4;99.2;75.2;0;0;5;REJETEE;present 5 jours sur 6
Pays-Bas;nl_ovapi;Reuver;nl_ovapi|reuver@51.28,6.08;29.2;24.2;17;43.8;97.5;100;56.2;0;0;5;REJETEE;present 5 jours sur 6
Allemagne;de_gtfsde;;de_gtfsde|583924;60.8;24;60;61.5;89.6;94.8;33.3;0;0;4;REJETEE;identite non resolue , present 4 jours sur 6
Allemagne;de_gtfsde;;de_gtfsde|576465;50;24;52;78.1;93.8;94.8;16.7;0;0;4;REJETEE;identite non resolue , present 4 jours sur 6
Allemagne;de_gtfsde;;de_gtfsde|162085;46.8;24;49;78.1;100;100;21.9;0;0;4;REJETEE;identite non resolue , present 4 jours sur 6 , trop parfaite : aucun retard superieur a 5 min
Allemagne;de_gtfsde;;de_gtfsde|248747;46.5;24;48;59.4;89.6;94.8;35.4;0;0;4;REJETEE;identite non resolue , present 4 jours sur 6
Allemagne;de_gtfsde;;de_gtfsde|175964;43;24;44;63.5;90.6;97.9;34.4;0;0;4;REJETEE;identite non resolue , present 4 jours sur 6
Allemagne;de_gtfsde;;de_gtfsde|575001;39.8;24;40;63.5;84.4;91.7;28.1;0;0;4;REJETEE;identite non resolue , present 4 jours sur 6
Allemagne;de_gtfsde;;de_gtfsde|562979;82.3;23.8;71;54.7;90.5;97.9;43.2;0;0;4;REJETEE;identite non resolue , present 4 jours sur 6
Etats-Unis;us_mta_mnr;;us_mta_mnr|66;80.7;23.8;70;46.9;88.1;96.5;49.7;0;0;6;REJETEE;identite non resolue
Etats-Unis;us_mta_mnr;;us_mta_mnr|57;68;23.8;65;40.6;86.7;96.5;55.9;0;0;6;REJETEE;identite non resolue
Etats-Unis;us_mta_mnr;;us_mta_mnr|86;63.2;23.8;62;49.7;89.5;97.2;47.6;0;0;6;REJETEE;identite non resolue
Allemagne;de_gtfsde;;de_gtfsde|63682;58;23.8;59;97.9;100;100;2.1;0;0;4;REJETEE;identite non resolue , present 4 jours sur 6 , trop parfaite : aucun retard superieur a 5 min
Etats-Unis;us_mta_mnr;;us_mta_mnr|49;50.8;23.8;53;35;79;96.5;61.5;0;0;6;REJETEE;identite non resolue
Allemagne;de_gtfsde;;de_gtfsde|478867;46.3;23.8;49;29.5;69.5;81.1;51.6;0;0;4;REJETEE;identite non resolue , present 4 jours sur 6
Allemagne;de_gtfsde;;de_gtfsde|360551;42.5;23.8;44;50.5;76.8;93.7;43.2;0;0;4;REJETEE;identite non resolue , present 4 jours sur 6
Allemagne;de_gtfsde;;de_gtfsde|315362;41.8;23.8;43;65.3;92.6;98.9;33.7;0;0;4;REJETEE;identite non resolue , present 4 jours sur 6
Allemagne;de_gtfsde;;de_gtfsde|528770;40;23.8;41;69.5;96.8;97.9;28.4;0;0;4;REJETEE;identite non resolue , present 4 jours sur 6
Allemagne;de_gtfsde;;de_gtfsde|528819;39.8;23.8;40;73.7;96.8;100;26.3;0;0;4;REJETEE;identite non resolue , present 4 jours sur 6
Allemagne;de_gtfsde;;de_gtfsde|182221;39.3;23.8;39;36.8;78.9;95.8;58.9;0;0;4;REJETEE;identite non resolue , present 4 jours sur 6
Etats-Unis;us_mta_mnr;;us_mta_mnr|71;82.2;23.7;71;38;84.5;95.8;57.7;0;0;6;REJETEE;identite non resolue
Etats-Unis;us_mta_mnr;;us_mta_mnr|61;69.3;23.7;66;45.1;87.3;96.5;51.4;0;0;6;REJETEE;identite non resolue
Etats-Unis;us_mta_mnr;;us_mta_mnr|30;68.2;23.7;65;52.8;94.4;100;47.2;0;0;6;REJETEE;identite non resolue
Allemagne;de_gtfsde;;de_gtfsde|635189;94.8;23.5;75;74.5;91.5;95.7;21.3;0;0;4;REJETEE;identite non resolue , present 4 jours sur 6
Etats-Unis;us_mta_mnr;;us_mta_mnr|94;87.2;23.5;73;51.8;95.7;98.6;46.8;0;0;6;REJETEE;identite non resolue
Etats-Unis;us_mta_mnr;;us_mta_mnr|55;66.3;23.5;65;40.4;86.5;96.5;56;0;0;6;REJETEE;identite non resolue
Etats-Unis;us_mta_mnr;;us_mta_mnr|54;66.3;23.5;65;41.1;86.5;96.5;55.3;0;0;6;REJETEE;identite non resolue
Allemagne;de_gtfsde;;de_gtfsde|508916;51.3;23.5;54;31.9;70.2;87.2;55.3;0;0;4;REJETEE;identite non resolue , present 4 jours sur 6
Allemagne;de_gtfsde;;de_gtfsde|282662;42.5;23.5;45;50;74.5;84;34;0;0;4;REJETEE;identite non resolue , present 4 jours sur 6
Allemagne;de_gtfsde;;de_gtfsde|294917;36.5;23.5;36;45.7;89.4;92.6;46.8;0;0;4;REJETEE;identite non resolue , present 4 jours sur 6
Allemagne;de_gtfsde;;de_gtfsde|460693;35.8;23.5;34;76.6;93.6;95.7;19.1;0;0;4;REJETEE;identite non resolue , present 4 jours sur 6
Pays-Bas;nl_ovapi;Swalmen;nl_ovapi|swalmen@51.24,6.03;28.8;23.4;19;42.7;97.4;100;57.3;0;0;5;REJETEE;present 5 jours sur 6
Etats-Unis;us_mta_mnr;;us_mta_mnr|9;54.7;23.3;57;42.9;93.6;100;57.1;0;0;6;REJETEE;identite non resolue
Allemagne;de_gtfsde;;de_gtfsde|211157;51;23.3;54;34.4;68.8;88.2;53.8;0;0;4;REJETEE;identite non resolue , present 4 jours sur 6
Allemagne;de_gtfsde;;de_gtfsde|216163;44.5;23.3;48;63.4;87.1;95.7;32.3;0;0;4;REJETEE;identite non resolue , present 4 jours sur 6
Allemagne;de_gtfsde;;de_gtfsde|520269;44.5;23.3;48;58.1;89.2;94.6;36.6;0;0;4;REJETEE;identite non resolue , present 4 jours sur 6
Allemagne;de_gtfsde;;de_gtfsde|70193;42;23.3;45;34.4;86;96.8;62.4;0;0;4;REJETEE;identite non resolue , present 4 jours sur 6
Allemagne;de_gtfsde;;de_gtfsde|607405;40.3;23.3;42;40.9;88.2;95.7;54.8;0;0;4;REJETEE;identite non resolue , present 4 jours sur 6
Allemagne;de_gtfsde;;de_gtfsde|68586;38.3;23.3;39;36.6;71;84.9;48.4;0;0;4;REJETEE;identite non resolue , present 4 jours sur 6
Allemagne;de_gtfsde;;de_gtfsde|572861;34.5;23.3;33;35.5;64.5;78.5;43;0;0;4;REJETEE;identite non resolue , present 4 jours sur 6
Allemagne;de_gtfsde;;de_gtfsde|507356;32;23.3;27;29;71;81.7;52.7;0;0;4;REJETEE;identite non resolue , present 4 jours sur 6
Etats-Unis;us_mta_mnr;;us_mta_mnr|72;82.2;23.2;72;39.6;84.2;95.7;56.1;0;0;6;REJETEE;identite non resolue
Etats-Unis;us_mta_mnr;;us_mta_mnr|91;66.7;23.2;65;52.5;92.1;97.8;45.3;0;0;6;REJETEE;identite non resolue
Etats-Unis;us_mta_mnr;;us_mta_mnr|10;54.7;23.2;58;43.2;93.5;100;56.8;0;0;6;REJETEE;identite non resolue
Allemagne;de_gtfsde;Leipzig Coppiplatz;de_gtfsde|leipzigcoppiplatz@51.37,12.37;38.2;23.2;39;67.2;96.6;100;32.8;0;0;5;REJETEE;present 5 jours sur 6
Etats-Unis;us_mta_mnr;;us_mta_mnr|81;62.7;23;63;50.7;89.1;96.4;45.7;0;0;6;REJETEE;identite non resolue
Allemagne;de_gtfsde;;de_gtfsde|225933;45.8;23;50;81.5;100;100;18.5;0;0;4;REJETEE;identite non resolue , present 4 jours sur 6 , trop parfaite : aucun retard superieur a 5 min
Allemagne;de_gtfsde;;de_gtfsde|349450;45.8;23;50;80.4;100;100;19.6;0;0;4;REJETEE;identite non resolue , present 4 jours sur 6 , trop parfaite : aucun retard superieur a 5 min
Allemagne;de_gtfsde;;de_gtfsde|628254;39;23;41;18.5;68.5;91.3;72.8;0;0;4;REJETEE;identite non resolue , present 4 jours sur 6
Allemagne;de_gtfsde;;de_gtfsde|544943;38.8;23;41;34.8;77.2;93.5;58.7;0;0;4;REJETEE;identite non resolue , present 4 jours sur 6
Pays-Bas;nl_ovapi;Oudenbosch;nl_ovapi|oudenbosch@51.59,4.53;35.2;23;35;89.6;100;100;10.4;0.2;0;5;REJETEE;present 5 jours sur 6 , trop parfaite : aucun retard superieur a 5 min
Allemagne;de_gtfsde;;de_gtfsde|333631;32.8;23;30;25;45.7;63;38;0;0;4;REJETEE;identite non resolue , present 4 jours sur 6 , ponctualite 46 % < 60 %
Allemagne;de_gtfsde;;de_gtfsde|215342;30.5;23;25;54.3;87;91.3;37;0;0;4;REJETEE;identite non resolue , present 4 jours sur 6
Etats-Unis;us_mta_mnr;;us_mta_mnr|68;86.3;22.8;74;43.1;87.6;96.4;53.3;0;0;6;REJETEE;identite non resolue
Etats-Unis;us_mta_mnr;;us_mta_mnr|29;64.2;22.8;64;54.7;94.9;100;45.3;0;0;6;REJETEE;identite non resolue
Etats-Unis;us_mta_mnr;;us_mta_mnr|43;52.5;22.8;57;36.5;78.8;95.6;59.1;0;0;6;REJETEE;identite non resolue
Allemagne;de_gtfsde;;de_gtfsde|482051;43.5;22.8;48;38.5;80.2;95.6;57.1;0;0;4;REJETEE;identite non resolue , present 4 jours sur 6
Allemagne;de_gtfsde;;de_gtfsde|495953;42.3;22.8;46;52.7;70.3;78;25.3;0;0;4;REJETEE;identite non resolue , present 4 jours sur 6
Allemagne;de_gtfsde;;de_gtfsde|358586;39.8;22.8;43;48.4;90.1;96.7;48.4;0;0;4;REJETEE;identite non resolue , present 4 jours sur 6
Pays-Bas;nl_ovapi;Overveen;nl_ovapi|overveen@52.39,4.61;39.3;22.8;42;45.1;98.9;100;54.9;0;0;4;REJETEE;present 4 jours sur 6 , ponctualite 99 % > 98 %
Etats-Unis;us_mta_lirr;;us_mta_lirr|211;31;22.8;27;59.3;95.6;100;40.7;0;0;4;REJETEE;identite non resolue , present 4 jours sur 6
Etats-Unis;us_mta_mnr;;us_mta_mnr|90;62.5;22.7;64;51.5;90.4;97.8;46.3;0;0;6;REJETEE;identite non resolue
Etats-Unis;us_mta_mnr;;us_mta_mnr|89;62.5;22.7;64;51.5;90.4;97.8;46.3;0;0;6;REJETEE;identite non resolue
Etats-Unis;us_mta_mnr;;us_mta_mnr|17;56.8;22.7;60;44.1;92.6;100;55.9;0;0;6;REJETEE;identite non resolue
Etats-Unis;us_mta_mnr;;us_mta_mnr|42;52.5;22.7;57;35.3;78.7;95.6;60.3;0;0;6;REJETEE;identite non resolue
Allemagne;de_gtfsde;;de_gtfsde|574972;63;22.5;64;76.7;96.7;97.8;21.1;0;0;4;REJETEE;identite non resolue , present 4 jours sur 6
Allemagne;de_gtfsde;;de_gtfsde|483779;56;22.5;60;57.8;85.6;95.6;37.8;0;0;4;REJETEE;identite non resolue , present 4 jours sur 6
Allemagne;de_gtfsde;;de_gtfsde|8816;44.3;22.5;49;46.7;80;92.2;45.6;0;0;4;REJETEE;identite non resolue , present 4 jours sur 6
Allemagne;de_gtfsde;;de_gtfsde|98988;43.8;22.5;49;32.2;80;95.6;63.3;0;0;4;REJETEE;identite non resolue , present 4 jours sur 6
Allemagne;de_gtfsde;;de_gtfsde|260163;43.5;22.5;48;52.2;80;93.3;41.1;0;0;4;REJETEE;identite non resolue , present 4 jours sur 6
Allemagne;de_gtfsde;;de_gtfsde|320412;42.3;22.5;47;70;91.1;98.9;28.9;0;0;4;REJETEE;identite non resolue , present 4 jours sur 6
Allemagne;de_gtfsde;;de_gtfsde|33426;38.3;22.5;41;60;80;94.4;34.4;0;0;4;REJETEE;identite non resolue , present 4 jours sur 6
Pays-Bas;nl_ovapi;Haarlem Spaarnwoude;nl_ovapi|haarlemspaarnwoude@52.38,4.67;37;22.5;39;62.2;98.5;99.3;37;0.17;0;6;REJETEE;ponctualite 99 % > 98 %
Allemagne;de_gtfsde;;de_gtfsde|649682;36;22.5;38;32.2;74.4;91.1;58.9;0;0;4;REJETEE;identite non resolue , present 4 jours sur 6
Allemagne;de_gtfsde;;de_gtfsde|354640;34.5;22.5;35;81.1;97.8;100;18.9;0;0;4;REJETEE;identite non resolue , present 4 jours sur 6
Etats-Unis;us_mta_mnr;;us_mta_mnr|85;59.7;22.3;63;49.3;89.6;97.8;48.5;0;0;6;REJETEE;identite non resolue
Allemagne;de_gtfsde;;de_gtfsde|89764;47.8;22.3;53;92.1;100;100;7.9;0;0;4;REJETEE;identite non resolue , present 4 jours sur 6 , trop parfaite : aucun retard superieur a 5 min
Allemagne;de_gtfsde;Meckenheim Lüftelberg Kottenforst Bf;de_gtfsde|meckenheimlftelbergkottenforstbf@50.66,7.02;46;22.3;52;74.2;100;100;25.8;0;0;4;REJETEE;present 4 jours sur 6 , trop parfaite : aucun retard superieur a 5 min
Allemagne;de_gtfsde;;de_gtfsde|57505;41.5;22.3;46;33.7;65.2;83.1;49.4;0;0;4;REJETEE;identite non resolue , present 4 jours sur 6
Allemagne;de_gtfsde;;de_gtfsde|361117;40.5;22.3;45;58.4;86.5;93.3;34.8;0;0;4;REJETEE;identite non resolue , present 4 jours sur 6
Allemagne;de_gtfsde;;de_gtfsde|572869;39.5;22.3;44;58.4;83.1;88.8;30.3;0;0;4;REJETEE;identite non resolue , present 4 jours sur 6
Allemagne;de_gtfsde;;de_gtfsde|120864;37.3;22.3;40;70.8;94.4;96.6;25.8;0;0;4;REJETEE;identite non resolue , present 4 jours sur 6
Allemagne;de_gtfsde;;de_gtfsde|307823;33;22.3;33;34.8;55.1;78.7;43.8;0;0;4;REJETEE;identite non resolue , present 4 jours sur 6 , ponctualite 55 % < 60 %
Etats-Unis;us_mta_lirr;;us_mta_lirr|225;29;22.3;23;43.8;94.4;100;56.2;0.75;0;4;REJETEE;identite non resolue , present 4 jours sur 6
Allemagne;de_gtfsde;;de_gtfsde|624898;58;22;62;98.9;100;100;1.1;0;0;4;REJETEE;identite non resolue , present 4 jours sur 6 , trop parfaite : 99 % a moins de 60 s
Allemagne;de_gtfsde;;de_gtfsde|334806;42;22;48;48.9;75;88.6;39.8;0;0;4;REJETEE;identite non resolue , present 4 jours sur 6
Allemagne;de_gtfsde;;de_gtfsde|400737;34.5;22;36;27.3;67;90.9;63.6;0;0;4;REJETEE;identite non resolue , present 4 jours sur 6
Allemagne;de_gtfsde;;de_gtfsde|237772;33.5;22;34;75;95.5;98.9;23.9;0;0;4;REJETEE;identite non resolue , present 4 jours sur 6
Allemagne;de_gtfsde;;de_gtfsde|154307;33.3;22;34;23.9;64.8;88.6;64.8;0;0;4;REJETEE;identite non resolue , present 4 jours sur 6
Allemagne;de_gtfsde;;de_gtfsde|125133;32.5;22;32;29.5;47.7;61.4;31.8;0;0;4;REJETEE;identite non resolue , present 4 jours sur 6 , ponctualite 48 % < 60 %
Allemagne;de_gtfsde;;de_gtfsde|36493;31.5;22;30;13.6;68.2;95.5;81.8;0;0;4;REJETEE;identite non resolue , present 4 jours sur 6
Allemagne;de_gtfsde;;de_gtfsde|89195;55.3;21.8;61;54;75.9;87.4;33.3;0;0;4;REJETEE;identite non resolue , present 4 jours sur 6
Allemagne;de_gtfsde;;de_gtfsde|265432;51.5;21.8;58;39.1;74.7;89.7;50.6;0;0;4;REJETEE;identite non resolue , present 4 jours sur 6
Allemagne;de_gtfsde;;de_gtfsde|390526;41.8;21.8;48;57.5;87.4;100;42.5;0;0;4;REJETEE;identite non resolue , present 4 jours sur 6
Allemagne;de_gtfsde;;de_gtfsde|149672;41.3;21.8;47;42.5;81.6;95.4;52.9;0;0;4;REJETEE;identite non resolue , present 4 jours sur 6
Allemagne;de_gtfsde;;de_gtfsde|394825;38;21.8;43;49.4;88.5;94.3;44.8;0;0;4;REJETEE;identite non resolue , present 4 jours sur 6
Etats-Unis;us_mta_lirr;;us_mta_lirr|55;29.4;21.8;26;56;89;99.1;43.1;0.2;0;5;REJETEE;identite non resolue , present 5 jours sur 6
Etats-Unis;us_mta_lirr;;us_mta_lirr|183;28.8;21.8;24;40.2;90.8;100;59.8;0.75;0;4;REJETEE;identite non resolue , present 4 jours sur 6
Etats-Unis;us_mta_mnr;;us_mta_mnr|24;62.2;21.7;65;56.2;93.8;100;43.8;0;0;6;REJETEE;identite non resolue
Allemagne;de_gtfsde;;de_gtfsde|663923;74.5;21.5;71;84.9;96.5;100;15.1;0;0;4;REJETEE;identite non resolue , present 4 jours sur 6
Etats-Unis;us_mta_mnr;;us_mta_mnr|80;61.3;21.5;65;49.6;88.4;96.1;46.5;0;0;6;REJETEE;identite non resolue
Allemagne;de_gtfsde;;de_gtfsde|515396;58;21.5;63;96.5;100;100;3.5;0;0;4;REJETEE;identite non resolue , present 4 jours sur 6 , trop parfaite : aucun retard superieur a 5 min
Allemagne;de_gtfsde;;de_gtfsde|638451;54.8;21.5;61;46.5;75.6;86;39.5;0;0;4;REJETEE;identite non resolue , present 4 jours sur 6
Allemagne;de_gtfsde;;de_gtfsde|523731;49;21.5;56;36;68.6;90.7;54.7;0;0;4;REJETEE;identite non resolue , present 4 jours sur 6
Allemagne;de_gtfsde;;de_gtfsde|386789;47.8;21.5;55;48.8;81.4;89.5;40.7;0;0;4;REJETEE;identite non resolue , present 4 jours sur 6
Allemagne;de_gtfsde;;de_gtfsde|571564;45.3;21.5;52;82.6;100;100;17.4;0;0;4;REJETEE;identite non resolue , present 4 jours sur 6 , trop parfaite : aucun retard superieur a 5 min
Allemagne;de_gtfsde;;de_gtfsde|559557;41.5;21.5;48;54.7;82.6;94.2;39.5;0;0;4;REJETEE;identite non resolue , present 4 jours sur 6
Allemagne;de_gtfsde;;de_gtfsde|31426;37.3;21.5;42;96.5;98.8;100;3.5;0;0;4;REJETEE;identite non resolue , present 4 jours sur 6 , ponctualite 99 % > 98 %
Allemagne;de_gtfsde;;de_gtfsde|434268;35.3;21.5;39;97.7;98.8;100;2.3;0;0;4;REJETEE;identite non resolue , present 4 jours sur 6 , ponctualite 99 % > 98 %
Allemagne;de_gtfsde;;de_gtfsde|405319;34.5;21.5;38;65.1;91.9;94.2;29.1;0;0;4;REJETEE;identite non resolue , present 4 jours sur 6
Pays-Bas;nl_ovapi;Lansingerland-Zoetermeer;nl_ovapi|lansingerlandzoetermeer@52.04,4.52;30.7;21.5;30;65.9;99.2;100;34.1;0;0;6;REJETEE;ponctualite 99 % > 98 %
Pays-Bas;nl_ovapi;Tiel;nl_ovapi|tiel@51.89,5.42;32.6;21.4;34;57.9;80.4;95.3;37.4;0.2;0;5;REJETEE;present 5 jours sur 6
Allemagne;de_gtfsde;;de_gtfsde|569172;74.5;21.3;71;78.8;96.5;97.6;18.8;0;0;4;REJETEE;identite non resolue , present 4 jours sur 6
Allemagne;de_gtfsde;;de_gtfsde|583761;46;21.3;54;49.4;87.1;95.3;45.9;0;0;4;REJETEE;identite non resolue , present 4 jours sur 6
Allemagne;de_gtfsde;;de_gtfsde|23981;44.5;21.3;52;65.9;94.1;96.5;30.6;0;0;4;REJETEE;identite non resolue , present 4 jours sur 6
Allemagne;de_gtfsde;;de_gtfsde|634559;37.3;21.3;43;27.1;75.3;94.1;67.1;0;0;4;REJETEE;identite non resolue , present 4 jours sur 6
Allemagne;de_gtfsde;Immenreuth;de_gtfsde|immenreuth@49.91,11.87;35.5;21.3;40;70.6;96.5;100;29.4;0;0;4;REJETEE;present 4 jours sur 6
Allemagne;de_gtfsde;;de_gtfsde|455526;31.5;21.3;33;28.2;52.9;67.1;38.8;0;0;4;REJETEE;identite non resolue , present 4 jours sur 6 , ponctualite 53 % < 60 %
Etats-Unis;us_mta_lirr;;us_mta_lirr|92;38.4;21.2;45;49.1;83;95.3;46.2;0;0;5;REJETEE;identite non resolue , present 5 jours sur 6
Allemagne;de_gtfsde;;de_gtfsde|640485;49.8;21;58;46.4;79.8;89.3;42.9;0;0;4;REJETEE;identite non resolue , present 4 jours sur 6
Allemagne;de_gtfsde;;de_gtfsde|480696;41.5;21;49;61.9;79.8;92.9;31;0;0;4;REJETEE;identite non resolue , present 4 jours sur 6
Allemagne;de_gtfsde;;de_gtfsde|581739;39;21;46;67.9;79.8;94;26.2;0;0;4;REJETEE;identite non resolue , present 4 jours sur 6
Allemagne;de_gtfsde;;de_gtfsde|69012;31.3;21;33;14.3;73.8;95.2;81;0;0;4;REJETEE;identite non resolue , present 4 jours sur 6
Allemagne;de_gtfsde;;de_gtfsde|44498;31;21;32;10.7;65.5;92.9;82.1;0;0;4;REJETEE;identite non resolue , present 4 jours sur 6
Allemagne;de_gtfsde;;de_gtfsde|20525;25.5;21;18;58.3;82.1;92.9;34.5;0;0;4;REJETEE;identite non resolue , present 4 jours sur 6
Allemagne;de_gtfsde;;de_gtfsde|526362;89.8;20.8;77;79.5;96.4;100;20.5;0;0;4;REJETEE;identite non resolue , present 4 jours sur 6
Allemagne;de_gtfsde;;de_gtfsde|67279;59.3;20.8;65;95.2;100;100;4.8;0;0;4;REJETEE;identite non resolue , present 4 jours sur 6 , trop parfaite : aucun retard superieur a 5 min
Allemagne;de_gtfsde;;de_gtfsde|543897;47;20.8;56;49.4;75.9;83.1;33.7;0;0;4;REJETEE;identite non resolue , present 4 jours sur 6
Allemagne;de_gtfsde;;de_gtfsde|30923;40.3;20.8;48;37.3;73.5;91.6;54.2;0;0;4;REJETEE;identite non resolue , present 4 jours sur 6
Allemagne;de_gtfsde;;de_gtfsde|448771;38.5;20.8;46;53;83.1;91.6;38.6;0;0;4;REJETEE;identite non resolue , present 4 jours sur 6
Allemagne;de_gtfsde;;de_gtfsde|51823;38.3;20.8;46;55.4;73.5;79.5;24.1;0;0;4;REJETEE;identite non resolue , present 4 jours sur 6
Allemagne;de_gtfsde;;de_gtfsde|247110;36.8;20.8;44;68.7;98.8;100;31.3;0;0;4;REJETEE;identite non resolue , present 4 jours sur 6 , ponctualite 99 % > 98 %
Etats-Unis;us_mbta;Readville;us_mbta|readville@42.24,-71.13;33.5;20.8;38;100;100;100;0;0;0;6;REJETEE;trop parfaite : 100 % a moins de 60 s
Allemagne;de_gtfsde;;de_gtfsde|666236;30.5;20.8;32;20.5;69.9;94;73.5;0;0;4;REJETEE;identite non resolue , present 4 jours sur 6
Etats-Unis;us_mta_mnr;;us_mta_mnr|19;56.8;20.7;64;46.8;92.7;100;53.2;0;0;6;REJETEE;identite non resolue
Allemagne;de_gtfsde;;de_gtfsde|500038;51.5;20.5;60;51.2;87.8;91.5;40.2;0;0;4;REJETEE;identite non resolue , present 4 jours sur 6
Allemagne;de_gtfsde;;de_gtfsde|104025;42.8;20.5;52;53.7;81.7;89;35.4;0;0;4;REJETEE;identite non resolue , present 4 jours sur 6
Allemagne;de_gtfsde;;de_gtfsde|492320;39.5;20.5;48;67.1;91.5;98.8;31.7;0;0;4;REJETEE;identite non resolue , present 4 jours sur 6
Allemagne;de_gtfsde;;de_gtfsde|587142;36;20.5;43;41.5;79.3;93.9;52.4;0;0;4;REJETEE;identite non resolue , present 4 jours sur 6
Pays-Bas;nl_ovapi;Zoetermeer;nl_ovapi|zoetermeer@52.05,4.48;30.7;20.5;33;82.1;99.2;100;17.9;0;0;6;REJETEE;ponctualite 99 % > 98 %
Pays-Bas;nl_ovapi;Hurdegaryp;nl_ovapi|hurdegaryp@53.22,5.93;24.5;20.5;16;35.4;95.1;100;64.6;0;0;4;REJETEE;present 4 jours sur 6
Allemagne;de_gtfsde;Mirow;de_gtfsde|mirow@53.27,12.82;52.5;20.3;61;55.6;81.5;90.1;34.6;0;0;4;REJETEE;present 4 jours sur 6
Allemagne;de_gtfsde;;de_gtfsde|106869;41.5;20.3;51;58;81.5;93.8;35.8;0;0;4;REJETEE;identite non resolue , present 4 jours sur 6
Allemagne;de_gtfsde;;de_gtfsde|100988;38.5;20.3;47;60.5;88.9;93.8;33.3;0;0;4;REJETEE;identite non resolue , present 4 jours sur 6
Allemagne;de_gtfsde;;de_gtfsde|659145;37.8;20.3;46;65.4;96.3;100;34.6;0;0;4;REJETEE;identite non resolue , present 4 jours sur 6
Allemagne;de_gtfsde;;de_gtfsde|152053;36.8;20.3;45;28.4;56.8;80.2;51.9;0;0;4;REJETEE;identite non resolue , present 4 jours sur 6 , ponctualite 57 % < 60 %
Allemagne;de_gtfsde;;de_gtfsde|542538;36.3;20.3;44;46.9;85.2;96.3;49.4;0;0;4;REJETEE;identite non resolue , present 4 jours sur 6
Allemagne;de_gtfsde;;de_gtfsde|116389;33.8;20.3;40;59.3;91.4;96.3;37;0;0;4;REJETEE;identite non resolue , present 4 jours sur 6
Allemagne;de_gtfsde;;de_gtfsde|654008;33.3;20.3;39;34.6;63;72.8;38.3;0;0;4;REJETEE;identite non resolue , present 4 jours sur 6
Allemagne;de_gtfsde;;de_gtfsde|620730;29;20.3;30;50.6;80.2;96.3;45.7;0;0;4;REJETEE;identite non resolue , present 4 jours sur 6
Pays-Bas;nl_ovapi;Beverwijk;nl_ovapi|beverwijk@52.48,4.66;30.7;20.2;34;83.5;98.3;99.2;15.7;0.17;0;6;REJETEE;ponctualite 98 % > 98 %
Allemagne;de_gtfsde;;de_gtfsde|485199;58;20;66;97.5;100;100;2.5;0;0;4;REJETEE;identite non resolue , present 4 jours sur 6 , trop parfaite : aucun retard superieur a 5 min
Allemagne;de_gtfsde;;de_gtfsde|589564;49.3;20;59;68.8;93.8;95;26.2;0;0;4;REJETEE;identite non resolue , present 4 jours sur 6
Allemagne;de_gtfsde;;de_gtfsde|449163;46.3;20;57;55;82.5;87.5;32.5;0;0;4;REJETEE;identite non resolue , present 4 jours sur 6
Allemagne;de_gtfsde;;de_gtfsde|70959;45.5;20;56;12.5;58.8;86.3;73.8;0;0;4;REJETEE;identite non resolue , present 4 jours sur 6 , ponctualite 59 % < 60 %
Etats-Unis;us_mta_lirr;;us_mta_lirr|27;41.6;20;52;51;87;96;45;1;0;5;REJETEE;identite non resolue , present 5 jours sur 6
Allemagne;de_gtfsde;;de_gtfsde|77804;37.8;20;47;67.5;85;93.8;26.2;0;0;4;REJETEE;identite non resolue , present 4 jours sur 6
Allemagne;de_gtfsde;;de_gtfsde|222126;34.8;20;42;77.5;92.5;95;17.5;0;0;4;REJETEE;identite non resolue , present 4 jours sur 6
Allemagne;de_gtfsde;;de_gtfsde|453131;33.5;20;40;81.3;97.5;98.8;17.5;0;0;4;REJETEE;identite non resolue , present 4 jours sur 6
Allemagne;de_gtfsde;;de_gtfsde|226347;33.5;20;40;58.8;93.8;97.5;38.7;0;0;4;REJETEE;identite non resolue , present 4 jours sur 6
Allemagne;de_gtfsde;;de_gtfsde|550591;32.3;20;38;51.2;88.8;100;48.8;0;0;4;REJETEE;identite non resolue , present 4 jours sur 6
Etats-Unis;us_mta_lirr;;us_mta_lirr|187;30.5;20;34;41.3;90;100;58.8;0.5;0;4;REJETEE;identite non resolue , present 4 jours sur 6
Allemagne;de_gtfsde;;de_gtfsde|482360;29.8;20;33;37.5;88.8;100;62.5;0;0;4;REJETEE;identite non resolue , present 4 jours sur 6
Allemagne;de_gtfsde;;de_gtfsde|422912;43.5;19.8;55;27.8;70.9;88.6;60.8;0;0;4;REJETEE;identite non resolue , present 4 jours sur 6
Allemagne;de_gtfsde;;de_gtfsde|155506;39.5;19.8;50;51.9;81;96.2;44.3;0;0;4;REJETEE;identite non resolue , present 4 jours sur 6
Allemagne;de_gtfsde;;de_gtfsde|599929;38;19.8;48;34.2;75.9;91.1;57;0;0;4;REJETEE;identite non resolue , present 4 jours sur 6
Allemagne;de_gtfsde;;de_gtfsde|223139;36.8;19.8;46;58.2;79.7;84.8;26.6;0;0;4;REJETEE;identite non resolue , present 4 jours sur 6
Allemagne;de_gtfsde;;de_gtfsde|11786;33.8;19.8;41;20.3;44.3;54.4;34.2;0;0;4;REJETEE;identite non resolue , present 4 jours sur 6 , ponctualite 44 % < 60 %
Allemagne;de_gtfsde;;de_gtfsde|302611;33.3;19.8;41;46.8;81;88.6;41.8;0;0;4;REJETEE;identite non resolue , present 4 jours sur 6
Allemagne;de_gtfsde;;de_gtfsde|326469;33.3;19.8;41;41.8;91.1;97.5;55.7;0;0;4;REJETEE;identite non resolue , present 4 jours sur 6
Allemagne;de_gtfsde;;de_gtfsde|601482;32;19.8;38;17.7;34.2;62;44.3;0;0;4;REJETEE;identite non resolue , present 4 jours sur 6 , ponctualite 34 % < 60 %
Allemagne;de_gtfsde;;de_gtfsde|388486;31;19.8;36;53.2;93.7;96.2;43;0;0;4;REJETEE;identite non resolue , present 4 jours sur 6
Allemagne;de_gtfsde;;de_gtfsde|590897;30.8;19.8;36;45.6;89.9;98.7;53.2;0;0;4;REJETEE;identite non resolue , present 4 jours sur 6
Pays-Bas;nl_ovapi;Den Haag Ypenburg;nl_ovapi|denhaagypenburg@52.06,4.39;30.7;19.8;35;81.5;98.3;100;18.5;0;0;6;REJETEE;ponctualite 98 % > 98 %
Allemagne;de_gtfsde;;de_gtfsde|357149;30;19.8;34;30.4;43;63.3;32.9;0;0;4;REJETEE;identite non resolue , present 4 jours sur 6 , ponctualite 43 % < 60 %
Allemagne;de_gtfsde;Böblingen;de_gtfsde|bblingen@48.69,9.00;49;19.6;60;68.4;92.9;95.9;27.6;0;0;5;REJETEE;present 5 jours sur 6
Australie;au_translink_seq;Springfield Central station;au_translink_seq|springfieldcentralstation@-27.67,152.90;65;19.5;70;79.5;98.3;98.3;18.8;0;0;6;REJETEE;ponctualite 98 % > 98 %
Allemagne;de_gtfsde;;de_gtfsde|252874;57.5;19.5;66;42.3;69.2;89.7;47.4;0;0;4;REJETEE;identite non resolue , present 4 jours sur 6
Allemagne;de_gtfsde;;de_gtfsde|541439;42.8;19.5;54;73.1;92.3;100;26.9;0;0;4;REJETEE;identite non resolue , present 4 jours sur 6
Allemagne;de_gtfsde;;de_gtfsde|131499;39.8;19.5;51;41;80.8;93.6;52.6;0;0;4;REJETEE;identite non resolue , present 4 jours sur 6
Allemagne;de_gtfsde;;de_gtfsde|389370;32.3;19.5;40;44.9;85.9;96.2;51.3;0;0;4;REJETEE;identite non resolue , present 4 jours sur 6
Allemagne;de_gtfsde;;de_gtfsde|101259;32;19.5;39;79.5;98.7;98.7;19.2;0;0;4;REJETEE;identite non resolue , present 4 jours sur 6 , ponctualite 99 % > 98 %
Pays-Bas;nl_ovapi;Leeuwarden Camminghaburen;nl_ovapi|leeuwardencamminghaburen@53.20,5.84;23.8;19.5;18;11.5;98.7;100;88.5;0;0;4;REJETEE;present 4 jours sur 6 , ponctualite 99 % > 98 %
Pays-Bas;nl_ovapi;De Westereen;nl_ovapi|dewestereen@53.25,6.04;23.8;19.5;18;39.7;97.4;100;60.3;0;0;4;REJETEE;present 4 jours sur 6
Etats-Unis;us_mta_mnr;;us_mta_mnr|20;58.8;19.3;67;51.7;92.2;100;48.3;0;0;6;REJETEE;identite non resolue
Allemagne;de_gtfsde;;de_gtfsde|47670;52;19.3;63;94.8;98.7;98.7;3.9;0;0;4;REJETEE;identite non resolue , present 4 jours sur 6 , ponctualite 99 % > 98 %
Allemagne;de_gtfsde;;de_gtfsde|665253;50.5;19.3;62;42.9;62.3;85.7;42.9;0;0;4;REJETEE;identite non resolue , present 4 jours sur 6
Allemagne;de_gtfsde;;de_gtfsde|12594;31.5;19.3;39;45.5;61;83.1;37.7;0;0;4;REJETEE;identite non resolue , present 4 jours sur 6
Allemagne;de_gtfsde;;de_gtfsde|43340;30.3;19.3;36;53.2;88.3;92.2;39;0;0;4;REJETEE;identite non resolue , present 4 jours sur 6
Allemagne;de_gtfsde;Quickborn Süd;de_gtfsde|quickbornsd@53.72,9.91;33;19.2;42;47.9;81.3;84.4;36.5;0;0;5;REJETEE;present 5 jours sur 6
Pays-Bas;nl_ovapi;Voorburg;nl_ovapi|voorburg@52.07,4.36;30.7;19.2;38;82.6;99.1;100;17.4;0;0;6;REJETEE;ponctualite 99 % > 98 %
Etats-Unis;us_mta_lirr;;us_mta_lirr|117;25.6;19.2;25;52.1;84.4;99;46.9;0.4;0;5;REJETEE;identite non resolue , present 5 jours sur 6
Etats-Unis;us_mta_mnr;;us_mta_mnr|78;56.5;19;66;48.2;87.7;96.5;48.2;0;0;6;REJETEE;identite non resolue
Allemagne;de_gtfsde;;de_gtfsde|198666;50;19;62;53.9;85.5;92.1;38.2;0;0;4;REJETEE;identite non resolue , present 4 jours sur 6
Allemagne;de_gtfsde;;de_gtfsde|357257;49.3;19;61;76.3;94.7;98.7;22.4;0;0;4;REJETEE;identite non resolue , present 4 jours sur 6
Allemagne;de_gtfsde;;de_gtfsde|516504;47.3;19;60;47.4;80.3;90.8;43.4;0;0;4;REJETEE;identite non resolue , present 4 jours sur 6
Allemagne;de_gtfsde;;de_gtfsde|558952;46.3;19;59;75;97.4;98.7;23.7;0;0;4;REJETEE;identite non resolue , present 4 jours sur 6
Allemagne;de_gtfsde;;de_gtfsde|521900;39;19;51;67.1;97.4;98.7;31.6;0;0;4;REJETEE;identite non resolue , present 4 jours sur 6
Allemagne;de_gtfsde;Calbe(Saale) West;de_gtfsde|calbesaalewest@51.91,11.76;37.5;19;49;15.8;36.8;57.9;42.1;0;0;4;REJETEE;present 4 jours sur 6 , ponctualite 37 % < 60 %
Allemagne;de_gtfsde;;de_gtfsde|571911;37;19;49;31.6;77.6;94.7;63.2;0;0;4;REJETEE;identite non resolue , present 4 jours sur 6
Allemagne;de_gtfsde;;de_gtfsde|123348;33.8;19;44;55.3;92.1;97.4;42.1;0;0;4;REJETEE;identite non resolue , present 4 jours sur 6
Allemagne;de_gtfsde;;de_gtfsde|628831;32.8;19;42;46.1;88.2;96.1;50;0;0;4;REJETEE;identite non resolue , present 4 jours sur 6
Allemagne;de_gtfsde;;de_gtfsde|486726;30;19;37;31.6;82.9;90.8;59.2;0;0;4;REJETEE;identite non resolue , present 4 jours sur 6
Etats-Unis;us_mta_lirr;;us_mta_lirr|38;25.6;19;26;54.7;86.3;100;45.3;0.4;0;5;REJETEE;identite non resolue , present 5 jours sur 6
Pays-Bas;nl_ovapi;Nijmegen Heyendaal;nl_ovapi|nijmegenheyendaal@51.83,5.87;63.2;18.8;70;66;96.8;98.9;33;1.8;0;5;REJETEE;present 5 jours sur 6
Allemagne;de_gtfsde;;de_gtfsde|342056;43;18.8;56;29.3;65.3;77.3;48;0;0;4;REJETEE;identite non resolue , present 4 jours sur 6
Allemagne;de_gtfsde;;de_gtfsde|621790;40.8;18.8;54;62.7;90.7;97.3;34.7;0;0;4;REJETEE;identite non resolue , present 4 jours sur 6
Allemagne;de_gtfsde;;de_gtfsde|595548;37.8;18.8;50;66.7;89.3;96;29.3;0;0;4;REJETEE;identite non resolue , present 4 jours sur 6
Pays-Bas;nl_ovapi;Halfweg-Zwanenburg;nl_ovapi|halfwegzwanenburg@52.38,4.75;37;18.8;49;77.9;99.1;99.1;21.2;0.17;0;6;REJETEE;ponctualite 99 % > 98 %
Allemagne;de_gtfsde;;de_gtfsde|48525;35.5;18.8;47;84;92;94.7;10.7;0;0;4;REJETEE;identite non resolue , present 4 jours sur 6
Allemagne;de_gtfsde;;de_gtfsde|158163;34.5;18.8;46;54.7;89.3;90.7;36;0;0;4;REJETEE;identite non resolue , present 4 jours sur 6
Allemagne;de_gtfsde;;de_gtfsde|306854;33.8;18.8;44;56;93.3;98.7;42.7;0;0;4;REJETEE;identite non resolue , present 4 jours sur 6
Allemagne;de_gtfsde;;de_gtfsde|576694;31;18.8;40;56;92;96;40;0;0;4;REJETEE;identite non resolue , present 4 jours sur 6
Allemagne;de_gtfsde;;de_gtfsde|218283;30.3;18.8;38;45.3;92;96;50.7;0;0;4;REJETEE;identite non resolue , present 4 jours sur 6
Allemagne;de_gtfsde;;de_gtfsde|52195;29.8;18.8;37;37.3;89.3;100;62.7;0;0;4;REJETEE;identite non resolue , present 4 jours sur 6
Pays-Bas;nl_ovapi;Zuidhorn;nl_ovapi|zuidhorn@53.25,6.41;28.5;18.8;34;22.7;93.3;100;77.3;0;0;4;REJETEE;present 4 jours sur 6
Allemagne;de_gtfsde;;de_gtfsde|327861;40.8;18.5;55;63.5;86.5;100;36.5;0;0;4;REJETEE;identite non resolue , present 4 jours sur 6
Allemagne;de_gtfsde;;de_gtfsde|326982;38.8;18.5;52;58.1;77;93.2;35.1;0;0;4;REJETEE;identite non resolue , present 4 jours sur 6
Allemagne;de_gtfsde;Stift Keppel-Allenbach Bf;de_gtfsde|stiftkeppelallenbachbf@50.98,8.09;35.3;18.5;48;73;94.6;98.6;25.7;0;0;4;REJETEE;present 4 jours sur 6
Allemagne;de_gtfsde;;de_gtfsde|85465;32.3;18.5;43;28.4;66.2;79.7;51.4;0;0;4;REJETEE;identite non resolue , present 4 jours sur 6
Allemagne;de_gtfsde;;de_gtfsde|374203;31;18.5;40;28.4;81.1;91.9;63.5;0;0;4;REJETEE;identite non resolue , present 4 jours sur 6
Pays-Bas;nl_ovapi;Zoetermeer Oost;nl_ovapi|zoetermeeroost@52.05,4.49;30.7;18.5;40;73.9;99.1;100;26.1;0;0;6;REJETEE;ponctualite 99 % > 98 %
Allemagne;de_gtfsde;;de_gtfsde|78758;23.3;18.5;20;52.7;86.5;95.9;43.2;0;0;4;REJETEE;identite non resolue , present 4 jours sur 6
Pays-Bas;nl_ovapi;Bodegraven;nl_ovapi|bodegraven@52.08,4.75;29.8;18.4;38;79.3;95.7;96.7;17.4;0.2;0;5;REJETEE;present 5 jours sur 6
Etats-Unis;us_mta_lirr;;us_mta_lirr|135;24.8;18.4;26;28.3;78.3;100;71.7;0.4;0;5;REJETEE;identite non resolue , present 5 jours sur 6
Etats-Unis;us_mta_lirr;;us_mta_lirr|226;24;18.4;23;48.9;94.6;100;51.1;0.6;0;5;REJETEE;identite non resolue , present 5 jours sur 6
Allemagne;de_gtfsde;;de_gtfsde|640296;129.8;18.3;86;80.8;100;100;19.2;0;0;4;REJETEE;identite non resolue , present 4 jours sur 6 , trop parfaite : aucun retard superieur a 5 min
Allemagne;de_gtfsde;;de_gtfsde|338772;68;18.3;73;78.1;95.9;98.6;20.5;0;0;4;REJETEE;identite non resolue , present 4 jours sur 6
Allemagne;de_gtfsde;;de_gtfsde|287873;55.5;18.3;67;54.8;86.3;95.9;41.1;0;0;4;REJETEE;identite non resolue , present 4 jours sur 6
Allemagne;de_gtfsde;;de_gtfsde|1544;38;18.3;52;16.4;58.9;84.9;68.5;0;0;4;REJETEE;identite non resolue , present 4 jours sur 6 , ponctualite 59 % < 60 %
Allemagne;de_gtfsde;;de_gtfsde|555463;36.5;18.3;50;52.1;78.1;89;37;0;0;4;REJETEE;identite non resolue , present 4 jours sur 6
Allemagne;de_gtfsde;;de_gtfsde|78865;35.8;18.3;49;32.9;63;80.8;47.9;0;0;4;REJETEE;identite non resolue , present 4 jours sur 6
Allemagne;de_gtfsde;;de_gtfsde|664223;35.8;18.3;49;28.8;71.2;76.7;47.9;0;0;4;REJETEE;identite non resolue , present 4 jours sur 6
Allemagne;de_gtfsde;;de_gtfsde|390803;35.3;18.3;48;27.4;56.2;72.6;45.2;0;0;4;REJETEE;identite non resolue , present 4 jours sur 6 , ponctualite 56 % < 60 %
Allemagne;de_gtfsde;;de_gtfsde|389314;35;18.3;48;41.1;78.1;89;47.9;0;0;4;REJETEE;identite non resolue , present 4 jours sur 6
Allemagne;de_gtfsde;;de_gtfsde|96964;34;18.3;46;61.6;90.4;95.9;34.2;0;0;4;REJETEE;identite non resolue , present 4 jours sur 6
Allemagne;de_gtfsde;;de_gtfsde|547153;30.5;18.3;40;38.4;75.3;91.8;53.4;0;0;4;REJETEE;identite non resolue , present 4 jours sur 6
Allemagne;de_gtfsde;;de_gtfsde|32222;28.3;18.3;35;16.4;74;89;72.6;0;0;4;REJETEE;identite non resolue , present 4 jours sur 6
Etats-Unis;us_mta_mnr;;us_mta_mnr|51;51.2;18.2;64;35.8;81.7;96.3;60.6;0;0;6;REJETEE;identite non resolue
Allemagne;de_gtfsde;;de_gtfsde|69147;93;18;81;68.1;91.7;100;31.9;0;0;4;REJETEE;identite non resolue , present 4 jours sur 6
Allemagne;de_gtfsde;;de_gtfsde|143346;58.5;18;69;100;100;100;0;0;0;4;REJETEE;identite non resolue , present 4 jours sur 6 , trop parfaite : 100 % a moins de 60 s
Allemagne;de_gtfsde;Frankfurt (Main) Lokalbahnhof;de_gtfsde|frankfurtmainlokalbahnhof@50.10,8.69;40.3;18;55;62.5;77.8;95.8;33.3;0;0;4;REJETEE;present 4 jours sur 6
Allemagne;de_gtfsde;;de_gtfsde|385105;32.5;18;45;15.3;62.5;83.3;68.1;0;0;4;REJETEE;identite non resolue , present 4 jours sur 6
Allemagne;de_gtfsde;;de_gtfsde|177477;30;18;40;84.7;97.2;100;15.3;0;0;4;REJETEE;identite non resolue , present 4 jours sur 6
Pays-Bas;nl_ovapi;Oisterwijk;nl_ovapi|oisterwijk@51.58,5.19;29.8;18;40;71.3;99.1;99.1;27.8;0;0;6;REJETEE;ponctualite 99 % > 98 %
Allemagne;de_gtfsde;;de_gtfsde|55611;28.3;18;36;48.6;81.9;93.1;44.4;0;0;4;REJETEE;identite non resolue , present 4 jours sur 6
Allemagne;de_gtfsde;;de_gtfsde|471808;68.3;17.8;74;78.9;94.4;100;21.1;0;0;4;REJETEE;identite non resolue , present 4 jours sur 6
Allemagne;de_gtfsde;;de_gtfsde|359108;37.8;17.8;53;59.2;77.5;91.5;32.4;0;0;4;REJETEE;identite non resolue , present 4 jours sur 6
Allemagne;de_gtfsde;;de_gtfsde|422999;37.8;17.8;53;18.3;62;87.3;69;0;0;4;REJETEE;identite non resolue , present 4 jours sur 6
Allemagne;de_gtfsde;;de_gtfsde|614272;35.5;17.8;50;56.3;94.4;100;43.7;0;0;4;REJETEE;identite non resolue , present 4 jours sur 6
Allemagne;de_gtfsde;Hörselgau;de_gtfsde|hrselgau@50.92,10.58;34.4;17.8;48;61.8;86.5;100;38.2;0;0;5;REJETEE;present 5 jours sur 6
Allemagne;de_gtfsde;;de_gtfsde|545919;32.3;17.8;45;15.5;67.6;83.1;67.6;0;0;4;REJETEE;identite non resolue , present 4 jours sur 6
Allemagne;de_gtfsde;;de_gtfsde|64463;32.3;17.8;45;53.5;93;97.2;43.7;0;0;4;REJETEE;identite non resolue , present 4 jours sur 6
Allemagne;de_gtfsde;;de_gtfsde|510439;30.3;17.8;41;71.8;90.1;95.8;23.9;0;0;4;REJETEE;identite non resolue , present 4 jours sur 6
Allemagne;de_gtfsde;;de_gtfsde|616909;30;17.8;41;50.7;83.1;94.4;43.7;0;0;4;REJETEE;identite non resolue , present 4 jours sur 6
Pays-Bas;nl_ovapi;Leiden Lammenschans;nl_ovapi|leidenlammenschans@52.15,4.49;30;17.8;41;76.4;98.9;98.9;22.5;0.2;0;5;REJETEE;present 5 jours sur 6 , ponctualite 99 % > 98 %
Allemagne;de_gtfsde;;de_gtfsde|455673;29.8;17.8;40;60.6;90.1;95.8;35.2;0;0;4;REJETEE;identite non resolue , present 4 jours sur 6
Allemagne;de_gtfsde;;de_gtfsde|421108;29;17.8;39;77.5;94.4;97.2;19.7;0;0;4;REJETEE;identite non resolue , present 4 jours sur 6
Allemagne;de_gtfsde;;de_gtfsde|140644;28.5;17.8;38;23.9;77.5;95.8;71.8;0;0;4;REJETEE;identite non resolue , present 4 jours sur 6
Allemagne;de_gtfsde;;de_gtfsde|266415;27.8;17.8;36;80.3;95.8;100;19.7;0;0;4;REJETEE;identite non resolue , present 4 jours sur 6
Allemagne;de_gtfsde;;de_gtfsde|159479;26.8;17.8;34;60.6;95.8;97.2;36.6;0;0;4;REJETEE;identite non resolue , present 4 jours sur 6
Allemagne;de_gtfsde;;de_gtfsde|210857;26.3;17.8;32;62;85.9;91.5;29.6;0;0;4;REJETEE;identite non resolue , present 4 jours sur 6
Pays-Bas;nl_ovapi;Zevenaar;nl_ovapi|zevenaar@51.92,6.07;24.6;17.8;28;48.3;89.9;94.4;46.1;0.4;0;5;REJETEE;present 5 jours sur 6
Etats-Unis;us_mta_lirr;;us_mta_lirr|107;24.2;17.8;26;56.2;88.8;98.9;42.7;0;0;5;REJETEE;identite non resolue , present 5 jours sur 6
Etats-Unis;us_mbta;Quincy Center;us_mbta|quincycenter@42.25,-71.01;29.7;17.7;40;100;100;100;0;0;0;6;REJETEE;trop parfaite : 100 % a moins de 60 s
Pays-Bas;nl_ovapi;Zevenbergen;nl_ovapi|zevenbergen@51.64,4.61;35.2;17.6;50;80.7;100;100;19.3;0.2;0;5;REJETEE;present 5 jours sur 6 , trop parfaite : aucun retard superieur a 5 min
Pays-Bas;nl_ovapi;Kropswolde;nl_ovapi|kropswolde@53.16,6.72;24.8;17.6;29;69.3;98.9;100;30.7;0;0;5;REJETEE;present 5 jours sur 6 , ponctualite 99 % > 98 %
Allemagne;de_gtfsde;Potsdam, Golm Bhf;de_gtfsde|potsdamgolmbhf@52.41,12.97;51;17.5;66;85.7;97.1;98.6;12.9;0;0;4;REJETEE;present 4 jours sur 6
Pays-Bas;nl_ovapi;Zandvoort aan Zee;nl_ovapi|zandvoortaanzee@52.38,4.53;41.5;17.5;58;87.6;99;100;12.4;0;0;6;REJETEE;ponctualite 99 % > 98 %
Pays-Bas;nl_ovapi;Winterswijk;nl_ovapi|winterswijk@51.97,6.72;35.5;17.5;51;85.7;100;100;14.3;0.5;0;4;REJETEE;present 4 jours sur 6 , trop parfaite : aucun retard superieur a 5 min
Allemagne;de_gtfsde;;de_gtfsde|181544;35;17.5;50;47.1;74.3;87.1;40;0;0;4;REJETEE;identite non resolue , present 4 jours sur 6
Allemagne;de_gtfsde;;de_gtfsde|348557;33.8;17.5;48;58.6;92.9;100;41.4;0;0;4;REJETEE;identite non resolue , present 4 jours sur 6
Allemagne;de_gtfsde;;de_gtfsde|629621;31.3;17.5;44;50;82.9;92.9;42.9;0;0;4;REJETEE;identite non resolue , present 4 jours sur 6
Allemagne;de_gtfsde;;de_gtfsde|648423;28;17.5;38;47.1;82.9;95.7;48.6;0;0;4;REJETEE;identite non resolue , present 4 jours sur 6
Pays-Bas;nl_ovapi;Grijpskerk;nl_ovapi|grijpskerk@53.26,6.31;23.8;17.5;26;58.6;97.1;100;41.4;0;0;4;REJETEE;present 4 jours sur 6
Allemagne;de_gtfsde;Kerpen Horrem Bf;de_gtfsde|kerpenhorrembf@50.92,6.71;38;17.4;54;49.4;81.6;94.3;44.8;0;0;5;REJETEE;present 5 jours sur 6
Pays-Bas;nl_ovapi;Rheden;nl_ovapi|rheden@52.01,6.03;36.4;17.4;52;77;94.3;98.9;21.8;0.2;0;5;REJETEE;present 5 jours sur 6
Allemagne;de_gtfsde;;de_gtfsde|73835;52.3;17.3;67;55.1;84.1;95.7;40.6;0;0;4;REJETEE;identite non resolue , present 4 jours sur 6
Allemagne;de_gtfsde;;de_gtfsde|187446;37;17.3;53;53.6;82.6;92.8;39.1;0;0;4;REJETEE;identite non resolue , present 4 jours sur 6
Allemagne;de_gtfsde;;de_gtfsde|412879;35;17.3;51;50.7;89.9;98.6;47.8;0;0;4;REJETEE;identite non resolue , present 4 jours sur 6
Allemagne;de_gtfsde;;de_gtfsde|502242;34;17.3;49;72.5;95.7;98.6;26.1;0;0;4;REJETEE;identite non resolue , present 4 jours sur 6
Allemagne;de_gtfsde;;de_gtfsde|470895;33.8;17.3;49;72.5;92.8;97.1;24.6;0;0;4;REJETEE;identite non resolue , present 4 jours sur 6
Allemagne;de_gtfsde;;de_gtfsde|209785;32;17.3;46;15.9;63.8;75.4;59.4;0;0;4;REJETEE;identite non resolue , present 4 jours sur 6
Allemagne;de_gtfsde;;de_gtfsde|82687;30.8;17.3;44;58;95.7;98.6;40.6;0;0;4;REJETEE;identite non resolue , present 4 jours sur 6
Allemagne;de_gtfsde;;de_gtfsde|388332;30.3;17.3;43;33.3;75.4;91.3;58;0;0;4;REJETEE;identite non resolue , present 4 jours sur 6
Allemagne;de_gtfsde;;de_gtfsde|541823;28.5;17.3;39;34.8;89.9;95.7;60.9;0;0;4;REJETEE;identite non resolue , present 4 jours sur 6
Allemagne;de_gtfsde;;de_gtfsde|51103;28.5;17.3;39;36.2;63.8;79.7;43.5;0;0;4;REJETEE;identite non resolue , present 4 jours sur 6
Allemagne;de_gtfsde;;de_gtfsde|321250;28;17.3;38;40.6;89.9;95.7;55.1;0;0;4;REJETEE;identite non resolue , present 4 jours sur 6
Allemagne;de_gtfsde;;de_gtfsde|281649;27.5;17.3;37;37.7;69.6;87;49.3;0;0;4;REJETEE;identite non resolue , present 4 jours sur 6
Allemagne;de_gtfsde;;de_gtfsde|6805;25.3;17.3;32;42;84.1;97.1;55.1;0;0;4;REJETEE;identite non resolue , present 4 jours sur 6
Etats-Unis;us_mbta;Uphams Corner;us_mbta|uphamscorner@42.32,-71.07;23.8;17.2;28;100;100;100;0;0;0;6;REJETEE;trop parfaite : 100 % a moins de 60 s
Allemagne;de_gtfsde;;de_gtfsde|544572;70.3;17;76;85.3;94.1;98.5;13.2;0;0;4;REJETEE;identite non resolue , present 4 jours sur 6
Allemagne;de_gtfsde;;de_gtfsde|256494;55.5;17;69;45.6;75;89.7;44.1;0;0;4;REJETEE;identite non resolue , present 4 jours sur 6
Allemagne;de_gtfsde;Nürnberg-Dürrenhof;de_gtfsde|nrnbergdrrenhof@49.45,11.10;34.8;17;51;84.7;97.6;98.8;14.1;0;0;5;REJETEE;present 5 jours sur 6
Allemagne;de_gtfsde;;de_gtfsde|142719;33.8;17;50;48.5;85.3;100;51.5;0;0;4;REJETEE;identite non resolue , present 4 jours sur 6
Allemagne;de_gtfsde;;de_gtfsde|161954;29.8;17;43;58.8;77.9;86.8;27.9;0;0;4;REJETEE;identite non resolue , present 4 jours sur 6
Allemagne;de_gtfsde;;de_gtfsde|101119;26.8;17;36;42.6;76.5;89.7;47.1;0;0;4;REJETEE;identite non resolue , present 4 jours sur 6
Etats-Unis;us_mta_lirr;;us_mta_lirr|215;25.6;17;34;43.5;91.8;100;56.5;0.6;0;5;REJETEE;identite non resolue , present 5 jours sur 6
Pays-Bas;nl_ovapi;Tiel Passewaaij;nl_ovapi|tielpassewaaij@51.87,5.39;25.2;17;33;16.5;74.1;92.9;76.5;0.2;0;5;REJETEE;present 5 jours sur 6
Allemagne;de_gtfsde;;de_gtfsde|406978;23.5;17;28;20.6;38.2;76.5;55.9;0;0;4;REJETEE;identite non resolue , present 4 jours sur 6 , ponctualite 38 % < 60 %
Etats-Unis;us_mbta;Newmarket;us_mbta|newmarket@42.33,-71.07;23;17;26;100;100;100;0;0;0;6;REJETEE;trop parfaite : 100 % a moins de 60 s
Allemagne;de_gtfsde;;de_gtfsde|657147;36.8;16.8;54;56.7;86.6;98.5;41.8;0;0;4;REJETEE;identite non resolue , present 4 jours sur 6
Allemagne;de_gtfsde;;de_gtfsde|40550;31;16.8;46;52.2;94;97;44.8;0;0;4;REJETEE;identite non resolue , present 4 jours sur 6
Allemagne;de_gtfsde;;de_gtfsde|227345;29;16.8;42;37.3;83.6;97;59.7;0;0;4;REJETEE;identite non resolue , present 4 jours sur 6
Allemagne;de_gtfsde;;de_gtfsde|399693;28.3;16.8;41;74.6;100;100;25.4;0;0;4;REJETEE;identite non resolue , present 4 jours sur 6 , trop parfaite : aucun retard superieur a 5 min
Allemagne;de_gtfsde;;de_gtfsde|33211;27.3;16.8;39;86.6;100;100;13.4;0;0;4;REJETEE;identite non resolue , present 4 jours sur 6 , trop parfaite : aucun retard superieur a 5 min
Allemagne;de_gtfsde;Frantiskov nad Ploucnici;de_gtfsde|frantiskovnadploucnici@50.72,14.33;25.5;16.8;34;19.4;74.6;88.1;68.7;0;0;4;REJETEE;present 4 jours sur 6
Allemagne;de_gtfsde;;de_gtfsde|133477;21.5;16.8;22;34.3;79.1;91;56.7;0;0;4;REJETEE;identite non resolue , present 4 jours sur 6
Allemagne;de_gtfsde;;de_gtfsde|306343;49.8;16.5;67;71.2;93.9;98.5;27.3;0;0;4;REJETEE;identite non resolue , present 4 jours sur 6
Allemagne;de_gtfsde;;de_gtfsde|179273;35.3;16.5;53;36.4;68.2;83.3;47;0;0;4;REJETEE;identite non resolue , present 4 jours sur 6
Allemagne;de_gtfsde;;de_gtfsde|518985;34.8;16.5;53;51.5;93.9;100;48.5;0;0;4;REJETEE;identite non resolue , present 4 jours sur 6
Allemagne;de_gtfsde;;de_gtfsde|525163;34;16.5;51;83.3;97;98.5;15.2;0;0;4;REJETEE;identite non resolue , present 4 jours sur 6
Allemagne;de_gtfsde;;de_gtfsde|268148;33;16.5;50;71.2;93.9;95.5;24.2;0;0;4;REJETEE;identite non resolue , present 4 jours sur 6
Allemagne;de_gtfsde;;de_gtfsde|317139;31.5;16.5;48;48.5;78.8;93.9;45.5;0;0;4;REJETEE;identite non resolue , present 4 jours sur 6
Allemagne;de_gtfsde;;de_gtfsde|619028;31;16.5;47;51.5;80.3;97;45.5;0;0;4;REJETEE;identite non resolue , present 4 jours sur 6
Allemagne;de_gtfsde;;de_gtfsde|9622;30.8;16.5;46;50;90.9;95.5;45.5;0;0;4;REJETEE;identite non resolue , present 4 jours sur 6
Allemagne;de_gtfsde;;de_gtfsde|100714;30.3;16.5;45;43.9;80.3;95.5;51.5;0;0;4;REJETEE;identite non resolue , present 4 jours sur 6
Allemagne;de_gtfsde;;de_gtfsde|655484;29.5;16.5;44;39.4;78.8;84.8;45.5;0;0;4;REJETEE;identite non resolue , present 4 jours sur 6
Allemagne;de_gtfsde;;de_gtfsde|21122;29.3;16.5;44;66.7;98.5;100;33.3;0;0;4;REJETEE;identite non resolue , present 4 jours sur 6 , ponctualite 98 % > 98 %
Allemagne;de_gtfsde;;de_gtfsde|356854;25.3;16.5;35;45.5;69.7;78.8;33.3;0;0;4;REJETEE;identite non resolue , present 4 jours sur 6
Allemagne;de_gtfsde;;de_gtfsde|134889;24.5;16.5;33;74.2;95.5;98.5;24.2;0;0;4;REJETEE;identite non resolue , present 4 jours sur 6
Allemagne;de_gtfsde;;de_gtfsde|55440;23.8;16.5;31;87.9;100;100;12.1;0;0;4;REJETEE;identite non resolue , present 4 jours sur 6 , trop parfaite : aucun retard superieur a 5 min
Pays-Bas;nl_ovapi;Mariënberg;nl_ovapi|marinberg@52.51,6.57;23.2;16.5;29;62.6;99;100;37.4;0.33;0;6;REJETEE;ponctualite 99 % > 98 %
Pays-Bas;nl_ovapi;Hardenberg;nl_ovapi|hardenberg@52.57,6.63;22.7;16.5;27;46.5;99;100;53.5;0.33;0;6;REJETEE;ponctualite 99 % > 98 %
Allemagne;de_gtfsde;;de_gtfsde|321722;19.8;16.5;16;39.4;72.7;87.9;48.5;0;0;4;REJETEE;identite non resolue , present 4 jours sur 6
Pays-Bas;nl_ovapi;Vught;nl_ovapi|vught@51.66,5.29;21;16.4;22;43.9;97.6;98.8;54.9;0;0;5;REJETEE;present 5 jours sur 6
Allemagne;de_gtfsde;;de_gtfsde|239197;55.8;16.3;71;56.9;80;84.6;27.7;0;0;4;REJETEE;identite non resolue , present 4 jours sur 6
Allemagne;de_gtfsde;;de_gtfsde|617378;33;16.3;51;44.6;89.2;93.8;49.2;0;0;4;REJETEE;identite non resolue , present 4 jours sur 6
Allemagne;de_gtfsde;;de_gtfsde|292408;32.5;16.3;50;43.1;72.3;83.1;40;0;0;4;REJETEE;identite non resolue , present 4 jours sur 6
Allemagne;de_gtfsde;;de_gtfsde|270098;30;16.3;46;56.9;100;100;43.1;0;0;4;REJETEE;identite non resolue , present 4 jours sur 6 , trop parfaite : aucun retard superieur a 5 min
Allemagne;de_gtfsde;;de_gtfsde|623465;29.5;16.3;45;52.3;100;100;47.7;0;0;4;REJETEE;identite non resolue , present 4 jours sur 6 , trop parfaite : aucun retard superieur a 5 min
Allemagne;de_gtfsde;;de_gtfsde|101081;25.8;16.3;37;60;86.2;95.4;35.4;0;0;4;REJETEE;identite non resolue , present 4 jours sur 6
Allemagne;de_gtfsde;;de_gtfsde|344104;24.8;16.3;34;36.9;61.5;69.2;32.3;0;0;4;REJETEE;identite non resolue , present 4 jours sur 6
Allemagne;de_gtfsde;;de_gtfsde|450509;22.8;16.3;29;29.2;92.3;98.5;69.2;0;0;4;REJETEE;identite non resolue , present 4 jours sur 6
Allemagne;de_gtfsde;;de_gtfsde|39545;38.8;16;59;42.2;78.1;92.2;50;0;0;4;REJETEE;identite non resolue , present 4 jours sur 6
Allemagne;de_gtfsde;;de_gtfsde|404344;37.3;16;57;48.4;78.1;82.8;34.4;0;0;4;REJETEE;identite non resolue , present 4 jours sur 6
Allemagne;de_gtfsde;;de_gtfsde|536878;34.5;16;54;51.6;78.1;87.5;35.9;0;0;4;REJETEE;identite non resolue , present 4 jours sur 6
Allemagne;de_gtfsde;;de_gtfsde|326244;34;16;53;84.4;92.2;95.3;10.9;0;0;4;REJETEE;identite non resolue , present 4 jours sur 6
Allemagne;de_gtfsde;;de_gtfsde|139410;31.5;16;49;57.8;89.1;98.4;40.6;0;0;4;REJETEE;identite non resolue , present 4 jours sur 6
Allemagne;de_gtfsde;;de_gtfsde|16018;31.3;16;49;75;93.8;96.9;21.9;0;0;4;REJETEE;identite non resolue , present 4 jours sur 6
Allemagne;de_gtfsde;;de_gtfsde|133102;30;16;47;37.5;67.2;79.7;42.2;0;0;4;REJETEE;identite non resolue , present 4 jours sur 6
Allemagne;de_gtfsde;;de_gtfsde|630276;27.3;16;41;64.1;93.8;98.4;34.4;0;0;4;REJETEE;identite non resolue , present 4 jours sur 6
Allemagne;de_gtfsde;;de_gtfsde|350025;27.3;16;41;46.9;67.2;89.1;42.2;0;0;4;REJETEE;identite non resolue , present 4 jours sur 6
Allemagne;de_gtfsde;;de_gtfsde|236812;27.3;16;41;79.7;95.3;98.4;18.8;0;0;4;REJETEE;identite non resolue , present 4 jours sur 6
Pays-Bas;nl_ovapi;Sauwerd;nl_ovapi|sauwerd@53.29,6.54;27;16;41;55;100;100;45;0;0;5;REJETEE;present 5 jours sur 6 , trop parfaite : aucun retard superieur a 5 min
Allemagne;de_gtfsde;;de_gtfsde|97741;25.5;16;37;64.1;89.1;93.8;29.7;0;0;4;REJETEE;identite non resolue , present 4 jours sur 6
Pays-Bas;nl_ovapi;Martenshoek;nl_ovapi|martenshoek@53.16,6.74;24.8;16;35;63.7;98.8;100;36.3;0;0;5;REJETEE;present 5 jours sur 6 , ponctualite 99 % > 98 %
Allemagne;de_gtfsde;;de_gtfsde|133500;136;15.8;88;81;92.1;100;19;0;0;4;REJETEE;identite non resolue , present 4 jours sur 6
Allemagne;de_gtfsde;;de_gtfsde|255739;48;15.8;67;63.5;92.1;96.8;33.3;0;0;4;REJETEE;identite non resolue , present 4 jours sur 6
Allemagne;de_gtfsde;;de_gtfsde|482128;33.3;15.8;53;44.4;77.8;96.8;52.4;0;0;4;REJETEE;identite non resolue , present 4 jours sur 6
Allemagne;de_gtfsde;;de_gtfsde|657946;32.8;15.8;52;31.7;66.7;79.4;47.6;0;0;4;REJETEE;identite non resolue , present 4 jours sur 6
Allemagne;de_gtfsde;;de_gtfsde|495676;30;15.8;48;22.2;74.6;87.3;65.1;0;0;4;REJETEE;identite non resolue , present 4 jours sur 6
Allemagne;de_gtfsde;;de_gtfsde|576031;29.3;15.8;46;44.4;84.1;95.2;50.8;0;0;4;REJETEE;identite non resolue , present 4 jours sur 6
Allemagne;de_gtfsde;;de_gtfsde|285549;28.8;15.8;45;36.5;65.1;84.1;47.6;0;0;4;REJETEE;identite non resolue , present 4 jours sur 6
Allemagne;de_gtfsde;;de_gtfsde|410777;28.5;15.8;45;71.4;88.9;96.8;25.4;0;0;4;REJETEE;identite non resolue , present 4 jours sur 6
Allemagne;de_gtfsde;;de_gtfsde|102606;28;15.8;44;57.1;95.2;98.4;41.3;0;0;4;REJETEE;identite non resolue , present 4 jours sur 6
Allemagne;de_gtfsde;;de_gtfsde|81598;27.5;15.8;43;74.6;100;100;25.4;0;0;4;REJETEE;identite non resolue , present 4 jours sur 6 , trop parfaite : aucun retard superieur a 5 min
Allemagne;de_gtfsde;;de_gtfsde|229123;27.5;15.8;43;58.7;88.9;95.2;36.5;0;0;4;REJETEE;identite non resolue , present 4 jours sur 6
Allemagne;de_gtfsde;;de_gtfsde|337110;26.3;15.8;40;41.3;85.7;98.4;57.1;0;0;4;REJETEE;identite non resolue , present 4 jours sur 6
Allemagne;de_gtfsde;;de_gtfsde|153915;25;15.8;37;22.2;69.8;87.3;65.1;0;0;4;REJETEE;identite non resolue , present 4 jours sur 6
Allemagne;de_gtfsde;;de_gtfsde|150503;24.5;15.8;36;19;69.8;87.3;68.3;0;0;4;REJETEE;identite non resolue , present 4 jours sur 6
Allemagne;de_gtfsde;;de_gtfsde|210921;24.3;15.8;35;31.7;68.3;79.4;47.6;0;0;4;REJETEE;identite non resolue , present 4 jours sur 6
Allemagne;de_gtfsde;Kreuzstraße;de_gtfsde|kreuzstrae@47.92,11.76;23;15.8;32;14.3;69.8;93.7;79.4;0;0;4;REJETEE;present 4 jours sur 6
Allemagne;de_gtfsde;;de_gtfsde|166484;22.3;15.8;29;87.3;100;100;12.7;0;0;4;REJETEE;identite non resolue , present 4 jours sur 6 , trop parfaite : aucun retard superieur a 5 min
France;fr_sncf;Lille Flandres;fr_sncf|UIC87286005;83;15.6;81;80.8;87.2;97.4;16.7;0.8;0.4;5;REJETEE;present 5 jours sur 6
Pays-Bas;nl_ovapi;Brummen;nl_ovapi|brummen@52.09,6.15;36.4;15.6;57;69.2;96.2;98.7;29.5;0.2;0;5;REJETEE;present 5 jours sur 6
Allemagne;de_gtfsde;;de_gtfsde|338161;139.3;15.5;89;75.8;88.7;98.4;22.6;0;0;4;REJETEE;identite non resolue , present 4 jours sur 6
Allemagne;de_gtfsde;;de_gtfsde|34045;53.8;15.5;71;61.3;82.3;91.9;30.6;0;0;4;REJETEE;identite non resolue , present 4 jours sur 6
Allemagne;de_gtfsde;;de_gtfsde|456267;41;15.5;62;41.9;77.4;90.3;48.4;0;0;4;REJETEE;identite non resolue , present 4 jours sur 6
Allemagne;de_gtfsde;;de_gtfsde|113985;37.3;15.5;58;41.9;79;93.5;51.6;0;0;4;REJETEE;identite non resolue , present 4 jours sur 6
Allemagne;de_gtfsde;;de_gtfsde|440901;34.8;15.5;55;58.1;91.9;95.2;37.1;0;0;4;REJETEE;identite non resolue , present 4 jours sur 6
Allemagne;de_gtfsde;Dautphetal-Buchenau (Lahn) Bahnhof;de_gtfsde|dautphetalbuchenaulahnbahnhof@50.87,8.60;29.3;15.5;47;87.1;98.4;100;12.9;0;0;4;REJETEE;present 4 jours sur 6 , ponctualite 98 % > 98 %
Allemagne;de_gtfsde;;de_gtfsde|147898;29.3;15.5;47;48.4;85.5;96.8;48.4;0;0;4;REJETEE;identite non resolue , present 4 jours sur 6
Allemagne;de_gtfsde;;de_gtfsde|219628;28.5;15.5;46;67.7;88.7;98.4;30.6;0;0;4;REJETEE;identite non resolue , present 4 jours sur 6
Allemagne;de_gtfsde;;de_gtfsde|280936;25.3;15.5;39;48.4;82.3;90.3;41.9;0;0;4;REJETEE;identite non resolue , present 4 jours sur 6
Allemagne;de_gtfsde;;de_gtfsde|430306;24.8;15.5;37;27.4;72.6;83.9;56.5;0;0;4;REJETEE;identite non resolue , present 4 jours sur 6
Allemagne;de_gtfsde;;de_gtfsde|228298;23.5;15.5;34;17.7;53.2;79;61.3;0;0;4;REJETEE;identite non resolue , present 4 jours sur 6 , ponctualite 53 % < 60 %
Allemagne;de_gtfsde;;de_gtfsde|612078;23;15.5;33;30.6;56.5;77.4;46.8;0;0;4;REJETEE;identite non resolue , present 4 jours sur 6 , ponctualite 56 % < 60 %
Allemagne;de_gtfsde;;de_gtfsde|191592;21.8;15.5;29;61.3;91.9;95.2;33.9;0;0;4;REJETEE;identite non resolue , present 4 jours sur 6
Etats-Unis;us_mbta;Canton Junction;us_mbta|cantonjunction@42.16,-71.15;20.3;15.5;24;100;100;100;0;0;0;6;REJETEE;trop parfaite : 100 % a moins de 60 s
Allemagne;de_gtfsde;Burgau (Schwab);de_gtfsde|burgauschwab@48.42,10.43;31.8;15.4;52;28.6;45.5;74;45.5;0;0;5;REJETEE;present 5 jours sur 6 , ponctualite 45 % < 60 %
Pays-Bas;nl_ovapi;Hoogezand-Sappemeer;nl_ovapi|hoogezandsappemeer@53.16,6.77;24.8;15.4;38;57.1;98.7;100;42.9;0;0;5;REJETEE;present 5 jours sur 6 , ponctualite 99 % > 98 %
Etats-Unis;us_mta_lirr;;us_mta_lirr|20;20.6;15.4;25;55.8;84.4;96.1;40.3;0;0;5;REJETEE;identite non resolue , present 5 jours sur 6
Allemagne;de_gtfsde;;de_gtfsde|31169;76.5;15.3;80;57.4;82;86.9;29.5;0;0;4;REJETEE;identite non resolue , present 4 jours sur 6
Allemagne;de_gtfsde;Ritschenhausen (Bushaltestelle);de_gtfsde|ritschenhausenbushaltestelle@50.51,10.43;38.3;15.3;60;70.5;93.4;96.7;26.2;0;0;4;REJETEE;present 4 jours sur 6
Pays-Bas;nl_ovapi;Oosterbeek;nl_ovapi|oosterbeek@51.99,5.84;32;15.3;52;70.5;98.4;100;29.5;0;0;4;REJETEE;present 4 jours sur 6 , ponctualite 98 % > 98 %
Allemagne;de_gtfsde;;de_gtfsde|260634;31.3;15.3;51;83.6;98.4;100;16.4;0;0;4;REJETEE;identite non resolue , present 4 jours sur 6 , ponctualite 98 % > 98 %
Allemagne;de_gtfsde;;de_gtfsde|347136;29.3;15.3;48;57.4;88.5;100;42.6;0;0;4;REJETEE;identite non resolue , present 4 jours sur 6
Allemagne;de_gtfsde;;de_gtfsde|198410;28.3;15.3;46;44.3;78.7;91.8;47.5;0;0;4;REJETEE;identite non resolue , present 4 jours sur 6
Allemagne;de_gtfsde;;de_gtfsde|589399;28.3;15.3;46;19.7;82;95.1;75.4;0;0;4;REJETEE;identite non resolue , present 4 jours sur 6
Allemagne;de_gtfsde;;de_gtfsde|73338;27.3;15.3;44;44.3;80.3;91.8;47.5;0;0;4;REJETEE;identite non resolue , present 4 jours sur 6
Allemagne;de_gtfsde;;de_gtfsde|448112;26.8;15.3;43;44.3;85.2;95.1;50.8;0;0;4;REJETEE;identite non resolue , present 4 jours sur 6
Allemagne;de_gtfsde;;de_gtfsde|477973;25;15.3;39;23;65.6;77;54.1;0;0;4;REJETEE;identite non resolue , present 4 jours sur 6
Allemagne;de_gtfsde;;de_gtfsde|508469;24.8;15.3;38;60.7;90.2;95.1;34.4;0;0;4;REJETEE;identite non resolue , present 4 jours sur 6
Allemagne;de_gtfsde;;de_gtfsde|46109;24.3;15.3;37;59;85.2;90.2;31.1;0;0;4;REJETEE;identite non resolue , present 4 jours sur 6
Allemagne;de_gtfsde;;de_gtfsde|609368;24.3;15.3;37;59;83.6;88.5;29.5;0;0;4;REJETEE;identite non resolue , present 4 jours sur 6
Allemagne;de_gtfsde;;de_gtfsde|9475;24;15.3;36;42.6;73.8;83.6;41;0;0;4;REJETEE;identite non resolue , present 4 jours sur 6
Allemagne;de_gtfsde;;de_gtfsde|82764;23.8;15.3;36;52.5;90.2;95.1;42.6;0;0;4;REJETEE;identite non resolue , present 4 jours sur 6
Allemagne;de_gtfsde;;de_gtfsde|181635;23.3;15.3;34;45.9;72.1;91.8;45.9;0;0;4;REJETEE;identite non resolue , present 4 jours sur 6
Allemagne;de_gtfsde;;de_gtfsde|510916;22.8;15.3;33;32.8;47.5;65.6;32.8;0;0;4;REJETEE;identite non resolue , present 4 jours sur 6 , ponctualite 48 % < 60 %
Allemagne;de_gtfsde;;de_gtfsde|118;22.5;15.3;32;62.3;96.7;100;37.7;0;0;4;REJETEE;identite non resolue , present 4 jours sur 6
Allemagne;de_gtfsde;;de_gtfsde|20202;22.3;15.3;31;62.3;91.8;95.1;32.8;0;0;4;REJETEE;identite non resolue , present 4 jours sur 6
Allemagne;de_gtfsde;;de_gtfsde|328105;21;15.3;27;57.4;82;86.9;29.5;0;0;4;REJETEE;identite non resolue , present 4 jours sur 6
Allemagne;de_gtfsde;Friedland(Kr Göttingen);de_gtfsde|friedlandkrgttingen@51.42,9.91;35.8;15.2;58;71.1;96.1;98.7;27.6;0;0;5;REJETEE;present 5 jours sur 6
Pays-Bas;nl_ovapi;Groningen Noord;nl_ovapi|groningennoord@53.23,6.56;26.8;15.2;43;61.8;100;100;38.2;0;0;5;REJETEE;present 5 jours sur 6 , trop parfaite : aucun retard superieur a 5 min
Etats-Unis;us_mbta;Four Corners/Geneva;us_mbta|fourcornersgeneva@42.31,-71.08;24.7;15.2;39;100;100;100;0;0;0;6;REJETEE;trop parfaite : 100 % a moins de 60 s
Allemagne;de_gtfsde;;de_gtfsde|618702;58;15;74;98.3;100;100;1.7;0;0;4;REJETEE;identite non resolue , present 4 jours sur 6 , trop parfaite : 98 % a moins de 60 s
Allemagne;de_gtfsde;;de_gtfsde|45952;39;15;62;66.7;80;88.3;21.7;0;0;4;REJETEE;identite non resolue , present 4 jours sur 6
Allemagne;de_gtfsde;;de_gtfsde|615354;31.5;15;52;63.3;90;93.3;30;0;0;4;REJETEE;identite non resolue , present 4 jours sur 6
Allemagne;de_gtfsde;;de_gtfsde|204028;30;15;50;75;93.3;95;20;0;0;4;REJETEE;identite non resolue , present 4 jours sur 6
Allemagne;de_gtfsde;;de_gtfsde|567693;29.3;15;49;63.3;88.3;93.3;30;0;0;4;REJETEE;identite non resolue , present 4 jours sur 6
Allemagne;de_gtfsde;;de_gtfsde|593836;27.8;15;46;23.3;61.7;80;56.7;0;0;4;REJETEE;identite non resolue , present 4 jours sur 6
Allemagne;de_gtfsde;;de_gtfsde|258793;26.5;15;43;31.7;71.7;86.7;55;0;0;4;REJETEE;identite non resolue , present 4 jours sur 6
Etats-Unis;us_mbta;East Taunton;us_mbta|easttaunton@41.87,-71.06;25.2;15;40;100;100;100;0;0;0;5;REJETEE;present 5 jours sur 6 , trop parfaite : 100 % a moins de 60 s
Allemagne;de_gtfsde;;de_gtfsde|24312;23.3;15;35;71.7;96.7;96.7;25;0;0;4;REJETEE;identite non resolue , present 4 jours sur 6
Pays-Bas;nl_ovapi;Maastricht Randwyck;nl_ovapi|maastrichtrandwyck@50.84,5.72;21.8;15;31;93.3;100;100;6.7;0.25;0;4;REJETEE;present 4 jours sur 6 , trop parfaite : aucun retard superieur a 5 min
Allemagne;de_gtfsde;;de_gtfsde|149352;21.5;15;30;46.7;80;95;48.3;0;0;4;REJETEE;identite non resolue , present 4 jours sur 6
Allemagne;de_gtfsde;;de_gtfsde|271935;21;15;29;35;70;88.3;53.3;0;0;4;REJETEE;identite non resolue , present 4 jours sur 6
Allemagne;de_gtfsde;;de_gtfsde|596525;71.5;14.8;79;81.4;93.2;98.3;16.9;0;0;4;REJETEE;identite non resolue , present 4 jours sur 6 , volume observe 14.8 < 15
Allemagne;de_gtfsde;;de_gtfsde|429241;69;14.8;79;79.7;94.9;100;20.3;0;0;4;REJETEE;identite non resolue , present 4 jours sur 6 , volume observe 14.8 < 15
France;fr_sncf;Valence Ville;fr_sncf|UIC87761007;49.2;14.8;70;56.2;67.4;74.2;18;1.17;0.17;6;REJETEE;volume observe 14.8 < 15
Allemagne;de_gtfsde;;de_gtfsde|150974;43.8;14.8;66;59.3;88.1;91.5;32.2;0;0;4;REJETEE;identite non resolue , present 4 jours sur 6 , volume observe 14.8 < 15
Allemagne;de_gtfsde;;de_gtfsde|665386;40;14.8;63;45.8;72.9;83.1;37.3;0;0;4;REJETEE;identite non resolue , present 4 jours sur 6 , volume observe 14.8 < 15
Allemagne;de_gtfsde;;de_gtfsde|128388;32.8;14.8;55;55.9;88.1;89.8;33.9;0;0;4;REJETEE;identite non resolue , present 4 jours sur 6 , volume observe 14.8 < 15
Allemagne;de_gtfsde;;de_gtfsde|66583;29.5;14.8;50;33.9;79.7;91.5;57.6;0;0;4;REJETEE;identite non resolue , present 4 jours sur 6 , volume observe 14.8 < 15
Allemagne;de_gtfsde;;de_gtfsde|426780;27.8;14.8;47;42.4;69.5;84.7;42.4;0;0;4;REJETEE;identite non resolue , present 4 jours sur 6 , volume observe 14.8 < 15
Allemagne;de_gtfsde;;de_gtfsde|80169;27.3;14.8;46;47.5;74.6;84.7;37.3;0;0;4;REJETEE;identite non resolue , present 4 jours sur 6 , volume observe 14.8 < 15
Allemagne;de_gtfsde;;de_gtfsde|457796;25.3;14.8;42;59.3;91.5;98.3;39;0;0;4;REJETEE;identite non resolue , present 4 jours sur 6 , volume observe 14.8 < 15
Allemagne;de_gtfsde;;de_gtfsde|64288;24.8;14.8;40;32.2;66.1;88.1;55.9;0;0;4;REJETEE;identite non resolue , present 4 jours sur 6 , volume observe 14.8 < 15
Allemagne;de_gtfsde;Löhne, Remarqueplatz/Bhf;de_gtfsde|lhneremarqueplatzbhf@52.20,8.71;23.8;14.8;38;54.2;71.2;84.7;30.5;0;0;4;REJETEE;present 4 jours sur 6 , volume observe 14.8 < 15
Allemagne;de_gtfsde;Umrathshausen Ort;de_gtfsde|umrathshausenort@47.81,12.33;23;14.8;36;59.3;84.7;94.9;35.6;0;0;4;REJETEE;present 4 jours sur 6 , volume observe 14.8 < 15
Allemagne;de_gtfsde;;de_gtfsde|20344;23;14.8;36;64.4;93.2;96.6;32.2;0;0;4;REJETEE;identite non resolue , present 4 jours sur 6 , volume observe 14.8 < 15
Allemagne;de_gtfsde;;de_gtfsde|30944;22.8;14.8;35;62.7;79.7;88.1;25.4;0;0;4;REJETEE;identite non resolue , present 4 jours sur 6 , volume observe 14.8 < 15
Allemagne;de_gtfsde;;de_gtfsde|315797;22.8;14.8;35;33.9;57.6;72.9;39;0;0;4;REJETEE;identite non resolue , present 4 jours sur 6 , volume observe 14.8 < 15 , ponctualite 58 % < 60 %
Allemagne;de_gtfsde;;de_gtfsde|545463;22.3;14.8;34;89.8;100;100;10.2;0;0;4;REJETEE;identite non resolue , present 4 jours sur 6 , volume observe 14.8 < 15 , trop parfaite : aucun retard superieur a 5 min
Allemagne;de_gtfsde;;de_gtfsde|268460;22;14.8;33;42.4;72.9;86.4;44.1;0;0;4;REJETEE;identite non resolue , present 4 jours sur 6 , volume observe 14.8 < 15
Allemagne;de_gtfsde;;de_gtfsde|167508;21.8;14.8;32;66.1;94.9;96.6;30.5;0;0;4;REJETEE;identite non resolue , present 4 jours sur 6 , volume observe 14.8 < 15
Allemagne;de_gtfsde;Schallstadt Bahnhof;de_gtfsde|schallstadtbahnhof@47.96,7.75;21.3;14.8;31;69.5;91.5;93.2;23.7;0;0;4;REJETEE;present 4 jours sur 6 , volume observe 14.8 < 15
Allemagne;de_gtfsde;;de_gtfsde|388851;21;14.8;30;67.8;94.9;98.3;30.5;0;0;4;REJETEE;identite non resolue , present 4 jours sur 6 , volume observe 14.8 < 15
Allemagne;de_gtfsde;;de_gtfsde|291893;20.8;14.8;29;81.4;94.9;96.6;15.3;0;0;4;REJETEE;identite non resolue , present 4 jours sur 6 , volume observe 14.8 < 15
Allemagne;de_gtfsde;Friedrichsh. Stadtbahnhof;de_gtfsde|friedrichshstadtbahnhof@47.65,9.47;29.3;14.7;50;68.2;93.2;98.9;30.7;0;0;6;REJETEE;volume observe 14.7 < 15
Pays-Bas;nl_ovapi;;nl_ovapi|;24.2;14.7;39;70.5;95.5;98.9;28.4;0.33;0;6;REJETEE;identite non resolue , volume observe 14.7 < 15
Allemagne;de_gtfsde;Gt-Avenw/Bhf, Bahnhof;de_gtfsde|gtavenwbhfbahnhof@51.94,8.44;23.8;14.7;38;37.5;86.4;95.5;58;0;0;6;REJETEE;volume observe 14.7 < 15
Pays-Bas;nl_ovapi;Haren;nl_ovapi|haren@53.18,6.62;19.2;14.7;23;63.6;94.3;98.9;35.2;0.5;0;6;REJETEE;volume observe 14.7 < 15
Pays-Bas;nl_ovapi;Westervoort;nl_ovapi|westervoort@51.96,5.97;19.2;14.6;24;47.9;94.5;95.9;47.9;0.4;0;5;REJETEE;present 5 jours sur 6 , volume observe 14.6 < 15
Allemagne;de_gtfsde;;de_gtfsde|580139;57;14.5;75;65.5;89.7;94.8;29.3;0;0;4;REJETEE;identite non resolue , present 4 jours sur 6 , volume observe 14.5 < 15
Allemagne;de_gtfsde;;de_gtfsde|515245;34.3;14.5;58;56.9;86.2;94.8;37.9;0;0;4;REJETEE;identite non resolue , present 4 jours sur 6 , volume observe 14.5 < 15
Allemagne;de_gtfsde;;de_gtfsde|433460;34;14.5;57;67.2;82.8;86.2;19;0;0;4;REJETEE;identite non resolue , present 4 jours sur 6 , volume observe 14.5 < 15
Allemagne;de_gtfsde;;de_gtfsde|166958;33.8;14.5;57;74.1;94.8;94.8;20.7;0;0;4;REJETEE;identite non resolue , present 4 jours sur 6 , volume observe 14.5 < 15
Allemagne;de_gtfsde;;de_gtfsde|277730;28.8;14.5;50;58.6;87.9;96.6;37.9;0;0;4;REJETEE;identite non resolue , present 4 jours sur 6 , volume observe 14.5 < 15
Allemagne;de_gtfsde;;de_gtfsde|143625;28.5;14.5;49;46.6;86.2;100;53.4;0;0;4;REJETEE;identite non resolue , present 4 jours sur 6 , volume observe 14.5 < 15
Allemagne;de_gtfsde;;de_gtfsde|645078;27.3;14.5;47;75.9;100;100;24.1;0;0;4;REJETEE;identite non resolue , present 4 jours sur 6 , volume observe 14.5 < 15 , trop parfaite : aucun retard superieur a 5 min
Allemagne;de_gtfsde;;de_gtfsde|263717;27.3;14.5;47;75.9;94.8;98.3;22.4;0;0;4;REJETEE;identite non resolue , present 4 jours sur 6 , volume observe 14.5 < 15
Allemagne;de_gtfsde;;de_gtfsde|13718;25.3;14.5;43;96.6;100;100;3.4;0;0;4;REJETEE;identite non resolue , present 4 jours sur 6 , volume observe 14.5 < 15 , trop parfaite : aucun retard superieur a 5 min
Etats-Unis;us_mbta;Morton Street;us_mbta|mortonstreet@42.28,-71.09;24.3;14.5;40;100;100;100;0;0;0;6;REJETEE;volume observe 14.5 < 15 , trop parfaite : 100 % a moins de 60 s
Allemagne;de_gtfsde;;de_gtfsde|467280;24;14.5;40;43.1;79.3;89.7;46.6;0;0;4;REJETEE;identite non resolue , present 4 jours sur 6 , volume observe 14.5 < 15
Allemagne;de_gtfsde;;de_gtfsde|189251;23.5;14.5;38;69;93.1;96.6;27.6;0;0;4;REJETEE;identite non resolue , present 4 jours sur 6 , volume observe 14.5 < 15
Allemagne;de_gtfsde;;de_gtfsde|389850;23.3;14.5;38;15.5;31;74.1;58.6;0;0;4;REJETEE;identite non resolue , present 4 jours sur 6 , volume observe 14.5 < 15 , ponctualite 31 % < 60 %
Allemagne;de_gtfsde;;de_gtfsde|597369;23.3;14.5;38;43.1;72.4;94.8;51.7;0;0;4;REJETEE;identite non resolue , present 4 jours sur 6 , volume observe 14.5 < 15
Allemagne;de_gtfsde;;de_gtfsde|441655;23.3;14.5;38;48.3;86.2;94.8;46.6;0;0;4;REJETEE;identite non resolue , present 4 jours sur 6 , volume observe 14.5 < 15
Pays-Bas;nl_ovapi;Obdam;nl_ovapi|obdam@52.68,4.91;23.2;14.5;37;57.5;100;100;42.5;0.17;0;6;REJETEE;volume observe 14.5 < 15 , trop parfaite : aucun retard superieur a 5 min
Allemagne;de_gtfsde;;de_gtfsde|639552;22.5;14.5;36;53.4;75.9;87.9;34.5;0;0;4;REJETEE;identite non resolue , present 4 jours sur 6 , volume observe 14.5 < 15
Allemagne;de_gtfsde;Sluknov;de_gtfsde|sluknov@51.01,14.46;21.8;14.5;33;53.4;67.2;75.9;22.4;0;0;4;REJETEE;present 4 jours sur 6 , volume observe 14.5 < 15
Pays-Bas;nl_ovapi;Apeldoorn Osseveld;nl_ovapi|apeldoornosseveld@52.22,6.01;21.5;14.5;33;56.3;90.8;100;43.7;0;0;6;REJETEE;volume observe 14.5 < 15
Allemagne;de_gtfsde;;de_gtfsde|636189;19.8;14.5;27;70.7;84.5;89.7;19;0;0;4;REJETEE;identite non resolue , present 4 jours sur 6 , volume observe 14.5 < 15
Allemagne;de_gtfsde;;de_gtfsde|167094;19.5;14.5;26;62.1;84.5;91.4;29.3;0;0;4;REJETEE;identite non resolue , present 4 jours sur 6 , volume observe 14.5 < 15
Allemagne;de_gtfsde;Mauer, Bahnhof;de_gtfsde|mauerbahnhof@49.34,8.80;24.8;14.4;42;44.4;72.2;90.3;45.8;0;0;5;REJETEE;present 5 jours sur 6 , volume observe 14.4 < 15
Pays-Bas;nl_ovapi;Zuidbroek;nl_ovapi|zuidbroek@53.16,6.87;24.8;14.4;42;52.8;98.6;100;47.2;0;0;5;REJETEE;present 5 jours sur 6 , volume observe 14.4 < 15 , ponctualite 99 % > 98 %
Pays-Bas;nl_ovapi;Didam;nl_ovapi|didam@51.93,6.13;19.6;14.4;27;41.7;95.8;97.2;55.6;0.4;0;5;REJETEE;present 5 jours sur 6 , volume observe 14.4 < 15
Allemagne;de_gtfsde;BASF, Bahnhof Mitte;de_gtfsde|basfbahnhofmitte@49.51,8.43;57;14.3;75;87.7;94.7;96.5;8.8;0;0;4;REJETEE;present 4 jours sur 6 , volume observe 14.3 < 15
France;fr_sncf;Orry-la-Ville - Coye;fr_sncf|UIC87276279;38.3;14.3;63;66.3;86;91.9;25.6;4;0;6;REJETEE;volume observe 14.3 < 15
Allemagne;de_gtfsde;;de_gtfsde|545004;29;14.3;51;40.4;89.5;96.5;56.1;0;0;4;REJETEE;identite non resolue , present 4 jours sur 6 , volume observe 14.3 < 15
Allemagne;de_gtfsde;;de_gtfsde|497349;27.8;14.3;49;77.2;94.7;98.2;21.1;0;0;4;REJETEE;identite non resolue , present 4 jours sur 6 , volume observe 14.3 < 15
Allemagne;de_gtfsde;;de_gtfsde|422823;27.8;14.3;49;71.9;87.7;93;21.1;0;0;4;REJETEE;identite non resolue , present 4 jours sur 6 , volume observe 14.3 < 15
Allemagne;de_gtfsde;;de_gtfsde|230518;26.5;14.3;46;45.6;66.7;78.9;33.3;0;0;4;REJETEE;identite non resolue , present 4 jours sur 6 , volume observe 14.3 < 15
Allemagne;de_gtfsde;;de_gtfsde|439660;24.8;14.3;42;8.8;66.7;82.5;73.7;0;0;4;REJETEE;identite non resolue , present 4 jours sur 6 , volume observe 14.3 < 15
Allemagne;de_gtfsde;;de_gtfsde|39436;24.5;14.3;42;42.1;91.2;94.7;52.6;0;0;4;REJETEE;identite non resolue , present 4 jours sur 6 , volume observe 14.3 < 15
Allemagne;de_gtfsde;;de_gtfsde|63565;24.5;14.3;42;86;98.2;100;14;0;0;4;REJETEE;identite non resolue , present 4 jours sur 6 , volume observe 14.3 < 15 , ponctualite 98 % > 98 %
Allemagne;de_gtfsde;;de_gtfsde|639647;24.5;14.3;42;10.5;86;94.7;84.2;0;0;4;REJETEE;identite non resolue , present 4 jours sur 6 , volume observe 14.3 < 15
Allemagne;de_gtfsde;;de_gtfsde|511339;24.3;14.3;41;26.3;45.6;64.9;38.6;0;0;4;REJETEE;identite non resolue , present 4 jours sur 6 , volume observe 14.3 < 15 , ponctualite 46 % < 60 %
Allemagne;de_gtfsde;;de_gtfsde|213627;22.8;14.3;37;42.1;64.9;82.5;40.4;0;0;4;REJETEE;identite non resolue , present 4 jours sur 6 , volume observe 14.3 < 15
Allemagne;de_gtfsde;;de_gtfsde|543041;21.5;14.3;34;49.1;82.5;87.7;38.6;0;0;4;REJETEE;identite non resolue , present 4 jours sur 6 , volume observe 14.3 < 15
Allemagne;de_gtfsde;;de_gtfsde|336906;20.3;14.3;30;43.9;78.9;94.7;50.9;0;0;4;REJETEE;identite non resolue , present 4 jours sur 6 , volume observe 14.3 < 15
France;fr_sncf;Cannes;fr_sncf|UIC87757625;60.3;14.2;77;49.4;81.2;84.7;35.3;1.17;0.5;6;REJETEE;volume observe 14.2 < 15
France;fr_sncf;Valence TGV Rhône-Alpes Sud;fr_sncf|UIC87763029;50;14.2;72;32.9;49.4;55.3;22.4;0.67;0.83;6;REJETEE;volume observe 14.2 < 15 , ponctualite 49 % < 60 %
Allemagne;de_gtfsde;Ahaus, Bahnhof;de_gtfsde|ahausbahnhof@52.08,7.02;46.4;14.2;69;63.4;93;97.2;33.8;0;0;5;REJETEE;present 5 jours sur 6 , volume observe 14.2 < 15
Pays-Bas;nl_ovapi;Santpoort Zuid;nl_ovapi|santpoortzuid@52.42,4.63;30;14.2;53;69.4;96.5;98.8;29.4;0.17;0;6;REJETEE;volume observe 14.2 < 15
Pays-Bas;nl_ovapi;Utrecht Zuilen;nl_ovapi|utrechtzuilen@52.10,5.09;23.2;14.2;39;89.4;96.5;100;10.6;0;0;6;REJETEE;volume observe 14.2 < 15
Etats-Unis;us_mta_mnr;;us_mta_mnr|161;21.3;14.2;34;23.5;82.4;97.6;74.1;0;0;6;REJETEE;identite non resolue , volume observe 14.2 < 15
Pays-Bas;nl_ovapi;Duiven;nl_ovapi|duiven@51.94,6.01;19.2;14.2;26;40.8;94.4;95.8;54.9;0.4;0;5;REJETEE;present 5 jours sur 6 , volume observe 14.2 < 15
Pays-Bas;nl_ovapi;Ommen;nl_ovapi|ommen@52.51,6.42;18.7;14.2;24;60;98.8;100;40;0.5;0;6;REJETEE;volume observe 14.2 < 15 , ponctualite 99 % > 98 %
Pays-Bas;nl_ovapi;Nijkerk;nl_ovapi|nijkerk@52.22,5.49;18.7;14.2;24;63.5;92.9;100;36.5;0;0;6;REJETEE;volume observe 14.2 < 15
Allemagne;de_gtfsde;;de_gtfsde|375378;36.8;14;62;46.4;73.2;96.4;50;0;0;4;REJETEE;identite non resolue , present 4 jours sur 6 , volume observe 14.0 < 15
Allemagne;de_gtfsde;;de_gtfsde|601013;35.5;14;61;35.7;76.8;89.3;53.6;0;0;4;REJETEE;identite non resolue , present 4 jours sur 6 , volume observe 14.0 < 15
Allemagne;de_gtfsde;;de_gtfsde|100839;30.8;14;54;48.2;82.1;94.6;46.4;0;0;4;REJETEE;identite non resolue , present 4 jours sur 6 , volume observe 14.0 < 15
Allemagne;de_gtfsde;;de_gtfsde|324079;29;14;52;58.9;83.9;89.3;30.4;0;0;4;REJETEE;identite non resolue , present 4 jours sur 6 , volume observe 14.0 < 15
Allemagne;de_gtfsde;;de_gtfsde|502466;28.5;14;51;33.9;57.1;89.3;55.4;0;0;4;REJETEE;identite non resolue , present 4 jours sur 6 , volume observe 14.0 < 15 , ponctualite 57 % < 60 %
Allemagne;de_gtfsde;;de_gtfsde|91817;27.8;14;50;76.8;96.4;98.2;21.4;0;0;4;REJETEE;identite non resolue , present 4 jours sur 6 , volume observe 14.0 < 15
Allemagne;de_gtfsde;;de_gtfsde|665645;27.3;14;49;69.6;96.4;100;30.4;0;0;4;REJETEE;identite non resolue , present 4 jours sur 6 , volume observe 14.0 < 15
Allemagne;de_gtfsde;;de_gtfsde|61107;26.8;14;48;30.4;71.4;92.9;62.5;0;0;4;REJETEE;identite non resolue , present 4 jours sur 6 , volume observe 14.0 < 15
Allemagne;de_gtfsde;;de_gtfsde|247103;26.8;14;48;76.8;100;100;23.2;0;0;4;REJETEE;identite non resolue , present 4 jours sur 6 , volume observe 14.0 < 15 , trop parfaite : aucun retard superieur a 5 min
Allemagne;de_gtfsde;;de_gtfsde|201623;26.3;14;47;26.8;69.6;83.9;57.1;0;0;4;REJETEE;identite non resolue , present 4 jours sur 6 , volume observe 14.0 < 15
Allemagne;de_gtfsde;;de_gtfsde|583473;26.3;14;47;23.2;58.9;76.8;53.6;0;0;4;REJETEE;identite non resolue , present 4 jours sur 6 , volume observe 14.0 < 15 , ponctualite 59 % < 60 %
Allemagne;de_gtfsde;Dülmen, Bahnhof;de_gtfsde|dlmenbahnhof@51.83,7.29;24.5;14;43;35.7;62.5;82.1;46.4;0;0;4;REJETEE;present 4 jours sur 6 , volume observe 14.0 < 15
Allemagne;de_gtfsde;;de_gtfsde|66783;24.3;14;42;66.1;94.6;100;33.9;0;0;4;REJETEE;identite non resolue , present 4 jours sur 6 , volume observe 14.0 < 15
Allemagne;de_gtfsde;;de_gtfsde|274104;22.8;14;38;53.6;89.3;100;46.4;0;0;4;REJETEE;identite non resolue , present 4 jours sur 6 , volume observe 14.0 < 15
Allemagne;de_gtfsde;;de_gtfsde|8569;22;14;36;46.4;78.6;92.9;46.4;0;0;4;REJETEE;identite non resolue , present 4 jours sur 6 , volume observe 14.0 < 15
Allemagne;de_gtfsde;;de_gtfsde|358266;22;14;36;35.7;78.6;96.4;60.7;0;0;4;REJETEE;identite non resolue , present 4 jours sur 6 , volume observe 14.0 < 15
Etats-Unis;us_mta_mnr;;us_mta_mnr|160;21.3;14;34;23.8;82.1;97.6;73.8;0;0;6;REJETEE;identite non resolue , volume observe 14.0 < 15
Etats-Unis;us_mta_mnr;;us_mta_mnr|162;21.3;14;34;22.6;83.3;97.6;75;0;0;6;REJETEE;identite non resolue , volume observe 14.0 < 15
Allemagne;de_gtfsde;;de_gtfsde|306806;20.5;14;32;44.6;94.6;100;55.4;0;0;4;REJETEE;identite non resolue , present 4 jours sur 6 , volume observe 14.0 < 15
Allemagne;de_gtfsde;;de_gtfsde|323010;20.3;14;31;71.4;92.9;96.4;25;0;0;4;REJETEE;identite non resolue , present 4 jours sur 6 , volume observe 14.0 < 15
Allemagne;de_gtfsde;;de_gtfsde|295671;19.5;14;28;55.4;83.9;91.1;35.7;0;0;4;REJETEE;identite non resolue , present 4 jours sur 6 , volume observe 14.0 < 15
Allemagne;de_gtfsde;;de_gtfsde|545269;18;14;22;28.6;55.4;76.8;48.2;0;0;4;REJETEE;identite non resolue , present 4 jours sur 6 , volume observe 14.0 < 15 , ponctualite 55 % < 60 %
Allemagne;de_gtfsde;;de_gtfsde|213078;48.3;13.8;72;65.5;96.4;100;34.5;0;0;4;REJETEE;identite non resolue , present 4 jours sur 6 , volume observe 13.8 < 15
Allemagne;de_gtfsde;;de_gtfsde|356878;25.8;13.8;47;29.1;69.1;85.5;56.4;0;0;4;REJETEE;identite non resolue , present 4 jours sur 6 , volume observe 13.8 < 15
Allemagne;de_gtfsde;;de_gtfsde|358034;25;13.8;45;25.5;60;85.5;60;0;0;4;REJETEE;identite non resolue , present 4 jours sur 6 , volume observe 13.8 < 15
Etats-Unis;us_mbta;Braintree;us_mbta|braintree@42.21,-71.00;24.5;13.8;44;100;100;100;0;0;0;6;REJETEE;volume observe 13.8 < 15 , trop parfaite : 100 % a moins de 60 s
Allemagne;de_gtfsde;;de_gtfsde|36832;21.3;13.8;35;36.4;70.9;80;43.6;0;0;4;REJETEE;identite non resolue , present 4 jours sur 6 , volume observe 13.8 < 15
Allemagne;de_gtfsde;;de_gtfsde|72721;21;13.8;35;32.7;70.9;89.1;56.4;0;0;4;REJETEE;identite non resolue , present 4 jours sur 6 , volume observe 13.8 < 15
Allemagne;de_gtfsde;;de_gtfsde|588716;20.5;13.8;33;52.7;96.4;100;47.3;0;0;4;REJETEE;identite non resolue , present 4 jours sur 6 , volume observe 13.8 < 15
Allemagne;de_gtfsde;;de_gtfsde|56130;20;13.8;31;40;74.5;89.1;49.1;0;0;4;REJETEE;identite non resolue , present 4 jours sur 6 , volume observe 13.8 < 15
Allemagne;de_gtfsde;Tacherting;de_gtfsde|tacherting@48.08,12.57;27.5;13.7;50;47.6;90.2;91.5;43.9;0;0;6;REJETEE;volume observe 13.7 < 15
Etats-Unis;us_mta_mnr;;us_mta_mnr|158;21.3;13.7;36;22;80.5;96.3;74.4;0;0;6;REJETEE;identite non resolue , volume observe 13.7 < 15
Pays-Bas;nl_ovapi;Beilen;nl_ovapi|beilen@52.85,6.52;18.5;13.7;26;78;91.5;95.1;17.1;0.5;0;6;REJETEE;volume observe 13.7 < 15
Allemagne;de_gtfsde;Leipzig-Möckern;de_gtfsde|leipzigmckern@51.36,12.35;23.8;13.6;43;63.2;94.1;100;36.8;0;0;5;REJETEE;present 5 jours sur 6 , volume observe 13.6 < 15
Etats-Unis;us_mta_lirr;;us_mta_lirr|220;21;13.6;35;55.9;88.2;94.1;38.2;0.6;0;5;REJETEE;identite non resolue , present 5 jours sur 6 , volume observe 13.6 < 15
Etats-Unis;us_mta_lirr;;us_mta_lirr|29;21;13.6;35;48.5;89.7;95.6;47.1;0.6;0;5;REJETEE;identite non resolue , present 5 jours sur 6 , volume observe 13.6 < 15
Allemagne;de_gtfsde;;de_gtfsde|17381;32;13.5;58;40.7;88.9;100;59.3;0;0;4;REJETEE;identite non resolue , present 4 jours sur 6 , volume observe 13.5 < 15
Allemagne;de_gtfsde;;de_gtfsde|222747;31.3;13.5;57;90.7;100;100;9.3;0;0;4;REJETEE;identite non resolue , present 4 jours sur 6 , volume observe 13.5 < 15 , trop parfaite : aucun retard superieur a 5 min
Allemagne;de_gtfsde;;de_gtfsde|333022;30.8;13.5;56;51.9;100;100;48.1;0;0;4;REJETEE;identite non resolue , present 4 jours sur 6 , volume observe 13.5 < 15 , trop parfaite : aucun retard superieur a 5 min
Allemagne;de_gtfsde;;de_gtfsde|19928;28.3;13.5;52;57.4;88.9;100;42.6;0;0;4;REJETEE;identite non resolue , present 4 jours sur 6 , volume observe 13.5 < 15
Allemagne;de_gtfsde;;de_gtfsde|97433;27.5;13.5;51;66.7;83.3;96.3;29.6;0;0;4;REJETEE;identite non resolue , present 4 jours sur 6 , volume observe 13.5 < 15
Allemagne;de_gtfsde;;de_gtfsde|282742;27;13.5;50;83.3;96.3;100;16.7;0;0;4;REJETEE;identite non resolue , present 4 jours sur 6 , volume observe 13.5 < 15
Allemagne;de_gtfsde;;de_gtfsde|56967;25.8;13.5;48;48.1;77.8;85.2;37;0;0;4;REJETEE;identite non resolue , present 4 jours sur 6 , volume observe 13.5 < 15
Allemagne;de_gtfsde;;de_gtfsde|156218;22.5;13.5;40;68.5;88.9;94.4;25.9;0;0;4;REJETEE;identite non resolue , present 4 jours sur 6 , volume observe 13.5 < 15
Allemagne;de_gtfsde;;de_gtfsde|486278;22.3;13.5;39;48.1;88.9;96.3;48.1;0;0;4;REJETEE;identite non resolue , present 4 jours sur 6 , volume observe 13.5 < 15
Allemagne;de_gtfsde;;de_gtfsde|314577;22;13.5;39;31.5;75.9;88.9;57.4;0;0;4;REJETEE;identite non resolue , present 4 jours sur 6 , volume observe 13.5 < 15
Etats-Unis;us_mbta;Route 128;us_mbta|route128@42.21,-71.15;21.2;13.5;36;100;100;100;0;0;0;6;REJETEE;volume observe 13.5 < 15 , trop parfaite : 100 % a moins de 60 s
Pays-Bas;nl_ovapi;Bunnik;nl_ovapi|bunnik@52.06,5.20;20.7;13.5;35;77.8;98.8;100;22.2;0;0;6;REJETEE;volume observe 13.5 < 15 , ponctualite 99 % > 98 %
Allemagne;de_gtfsde;;de_gtfsde|575661;20.5;13.5;34;75.9;96.3;98.1;22.2;0;0;4;REJETEE;identite non resolue , present 4 jours sur 6 , volume observe 13.5 < 15
Allemagne;de_gtfsde;;de_gtfsde|513140;19.5;13.5;31;50;87;100;50;0;0;4;REJETEE;identite non resolue , present 4 jours sur 6 , volume observe 13.5 < 15
Etats-Unis;us_mta_lirr;;us_mta_lirr|59;20.2;13.4;34;59.7;89.6;95.5;35.8;0.6;0;5;REJETEE;identite non resolue , present 5 jours sur 6 , volume observe 13.4 < 15
Pays-Bas;nl_ovapi;Barneveld Noord;nl_ovapi|barneveldnoord@52.16,5.60;14.6;13.4;8;43.3;100;100;56.7;0;0;5;REJETEE;present 5 jours sur 6 , volume observe 13.4 < 15 , trop parfaite : aucun retard superieur a 5 min
France;fr_sncf;Rennes;fr_sncf|UIC87471003;63.2;13.3;79;65;80;87.5;22.5;0.33;0;6;REJETEE;volume observe 13.3 < 15
France;fr_sncf;Nîmes Centre;fr_sncf|UIC87775007;52;13.3;74;43.8;62.5;68.8;25;1;1.33;6;REJETEE;volume observe 13.3 < 15
Allemagne;de_gtfsde;;de_gtfsde|371905;30.5;13.3;57;73.6;90.6;92.5;18.9;0;0;4;REJETEE;identite non resolue , present 4 jours sur 6 , volume observe 13.3 < 15
Allemagne;de_gtfsde;;de_gtfsde|446600;30.3;13.3;56;52.8;79.2;90.6;37.7;0;0;4;REJETEE;identite non resolue , present 4 jours sur 6 , volume observe 13.3 < 15
Allemagne;de_gtfsde;;de_gtfsde|482543;30;13.3;56;56.6;86.8;90.6;34;0;0;4;REJETEE;identite non resolue , present 4 jours sur 6 , volume observe 13.3 < 15
Allemagne;de_gtfsde;;de_gtfsde|374938;29.5;13.3;55;39.6;69.8;88.7;49.1;0;0;4;REJETEE;identite non resolue , present 4 jours sur 6 , volume observe 13.3 < 15
Allemagne;de_gtfsde;;de_gtfsde|72324;28.5;13.3;54;35.8;64.2;77.4;41.5;0;0;4;REJETEE;identite non resolue , present 4 jours sur 6 , volume observe 13.3 < 15
Allemagne;de_gtfsde;;de_gtfsde|208846;22.3;13.3;40;90.6;100;100;9.4;0;0;4;REJETEE;identite non resolue , present 4 jours sur 6 , volume observe 13.3 < 15 , trop parfaite : aucun retard superieur a 5 min
Allemagne;de_gtfsde;;de_gtfsde|269979;21.5;13.3;38;64.2;90.6;96.2;32.1;0;0;4;REJETEE;identite non resolue , present 4 jours sur 6 , volume observe 13.3 < 15
Allemagne;de_gtfsde;;de_gtfsde|207127;21.5;13.3;38;32.1;62.3;84.9;52.8;0;0;4;REJETEE;identite non resolue , present 4 jours sur 6 , volume observe 13.3 < 15
Allemagne;de_gtfsde;;de_gtfsde|461302;21.5;13.3;38;73.6;90.6;96.2;22.6;0;0;4;REJETEE;identite non resolue , present 4 jours sur 6 , volume observe 13.3 < 15
Allemagne;de_gtfsde;;de_gtfsde|58697;20.3;13.3;35;43.4;73.6;90.6;47.2;0;0;4;REJETEE;identite non resolue , present 4 jours sur 6 , volume observe 13.3 < 15
Pays-Bas;nl_ovapi;Dalfsen;nl_ovapi|dalfsen@52.50,6.26;18;13.3;26;58.8;98.8;100;41.3;0.33;0;6;REJETEE;volume observe 13.3 < 15 , ponctualite 99 % > 98 %
Pays-Bas;nl_ovapi;Coevorden;nl_ovapi|coevorden@52.66,6.74;18;13.3;26;78.8;98.8;100;21.3;0.33;0;6;REJETEE;volume observe 13.3 < 15 , ponctualite 99 % > 98 %
Pays-Bas;nl_ovapi;Varsseveld;nl_ovapi|varsseveld@51.94,6.46;17;13.3;22;52.8;98.1;100;47.2;0.5;0;4;REJETEE;present 4 jours sur 6 , volume observe 13.3 < 15 , ponctualite 98 % > 98 %
Pays-Bas;nl_ovapi;Antwerpen-Centraal;nl_ovapi|antwerpencentraal@51.22,4.42;54.5;13.2;76;63.3;82.3;88.6;25.3;0.5;0;6;REJETEE;volume observe 13.2 < 15
Etats-Unis;us_mbta;Talbot Avenue;us_mbta|talbotavenue@42.29,-71.08;24.2;13.2;46;100;100;100;0;0;0;6;REJETEE;volume observe 13.2 < 15 , trop parfaite : 100 % a moins de 60 s
Etats-Unis;us_mbta;Blue Hill Avenue;us_mbta|bluehillavenue@42.27,-71.10;23.8;13.2;45;100;100;100;0;0;0;6;REJETEE;volume observe 13.2 < 15 , trop parfaite : 100 % a moins de 60 s
Pays-Bas;nl_ovapi;Wehl;nl_ovapi|wehl@51.96,6.21;19.4;13.2;32;57.6;95.5;98.5;40.9;0.4;0;5;REJETEE;present 5 jours sur 6 , volume observe 13.2 < 15
Pays-Bas;nl_ovapi;Putten;nl_ovapi|putten@52.27,5.58;19;13.2;31;64.6;92.4;100;35.4;0;0;6;REJETEE;volume observe 13.2 < 15
Allemagne;de_gtfsde;;de_gtfsde|458298;58;13;78;98.1;100;100;1.9;0;0;4;REJETEE;identite non resolue , present 4 jours sur 6 , volume observe 13.0 < 15 , trop parfaite : 98 % a moins de 60 s
Allemagne;de_gtfsde;;de_gtfsde|604455;51.3;13;75;71.2;90.4;94.2;23.1;0;0;4;REJETEE;identite non resolue , present 4 jours sur 6 , volume observe 13.0 < 15
Allemagne;de_gtfsde;;de_gtfsde|169592;34;13;62;44.2;86.5;98.1;53.8;0;0;4;REJETEE;identite non resolue , present 4 jours sur 6 , volume observe 13.0 < 15
Allemagne;de_gtfsde;;de_gtfsde|10745;29.8;13;56;73.1;90.4;94.2;21.2;0;0;4;REJETEE;identite non resolue , present 4 jours sur 6 , volume observe 13.0 < 15
Allemagne;de_gtfsde;;de_gtfsde|612650;28;13;54;71.2;88.5;98.1;26.9;0;0;4;REJETEE;identite non resolue , present 4 jours sur 6 , volume observe 13.0 < 15
Allemagne;de_gtfsde;;de_gtfsde|465036;26.5;13;51;30.8;61.5;82.7;51.9;0;0;4;REJETEE;identite non resolue , present 4 jours sur 6 , volume observe 13.0 < 15
Allemagne;de_gtfsde;;de_gtfsde|418734;24.3;13;46;25;65.4;86.5;61.5;0;0;4;REJETEE;identite non resolue , present 4 jours sur 6 , volume observe 13.0 < 15
Allemagne;de_gtfsde;;de_gtfsde|400344;23.8;13;45;51.9;84.6;94.2;42.3;0;0;4;REJETEE;identite non resolue , present 4 jours sur 6 , volume observe 13.0 < 15
Allemagne;de_gtfsde;;de_gtfsde|71375;22.3;13;42;38.5;86.5;96.2;57.7;0;0;4;REJETEE;identite non resolue , present 4 jours sur 6 , volume observe 13.0 < 15
Allemagne;de_gtfsde;;de_gtfsde|398442;22;13;41;55.8;86.5;90.4;34.6;0;0;4;REJETEE;identite non resolue , present 4 jours sur 6 , volume observe 13.0 < 15
Allemagne;de_gtfsde;;de_gtfsde|519560;22;13;41;46.2;76.9;92.3;46.2;0;0;4;REJETEE;identite non resolue , present 4 jours sur 6 , volume observe 13.0 < 15
Allemagne;de_gtfsde;;de_gtfsde|260901;21;13;38;36.5;71.2;90.4;53.8;0;0;4;REJETEE;identite non resolue , present 4 jours sur 6 , volume observe 13.0 < 15
Allemagne;de_gtfsde;;de_gtfsde|545100;19.5;13;33;69.2;96.2;100;30.8;0;0;4;REJETEE;identite non resolue , present 4 jours sur 6 , volume observe 13.0 < 15
Pays-Bas;nl_ovapi;Doetinchem De Huet;nl_ovapi|doetinchemdehuet@51.96,6.26;19.4;13;33;69.2;98.5;98.5;29.2;0.4;0;5;REJETEE;present 5 jours sur 6 , volume observe 13.0 < 15 , ponctualite 98 % > 98 %
Pays-Bas;nl_ovapi;Barneveld Zuid;nl_ovapi|barneveldzuid@52.13,5.60;14.6;13;11;40;100;100;60;0;0;5;REJETEE;present 5 jours sur 6 , volume observe 13.0 < 15 , trop parfaite : aucun retard superieur a 5 min
Allemagne;de_gtfsde;;de_gtfsde|158056;32;12.8;60;68.6;90.2;100;31.4;0;0;4;REJETEE;identite non resolue , present 4 jours sur 6 , volume observe 12.8 < 15
Allemagne;de_gtfsde;Wicklesgreuth;de_gtfsde|wicklesgreuth@49.31,10.71;30.2;12.8;57;58.4;80.5;85.7;27.3;0;0;6;REJETEE;volume observe 12.8 < 15
Allemagne;de_gtfsde;;de_gtfsde|121627;29;12.8;56;80.4;90.2;96.1;15.7;0;0;4;REJETEE;identite non resolue , present 4 jours sur 6 , volume observe 12.8 < 15
Allemagne;de_gtfsde;;de_gtfsde|109298;28.5;12.8;55;58.8;90.2;94.1;35.3;0;0;4;REJETEE;identite non resolue , present 4 jours sur 6 , volume observe 12.8 < 15
Allemagne;de_gtfsde;;de_gtfsde|194678;27.5;12.8;54;74.5;100;100;25.5;0;0;4;REJETEE;identite non resolue , present 4 jours sur 6 , volume observe 12.8 < 15 , trop parfaite : aucun retard superieur a 5 min
Allemagne;de_gtfsde;;de_gtfsde|620038;25.3;12.8;50;49;94.1;100;51;0;0;4;REJETEE;identite non resolue , present 4 jours sur 6 , volume observe 12.8 < 15
Allemagne;de_gtfsde;;de_gtfsde|119184;24.8;12.8;48;98;98;100;2;0;0;4;REJETEE;identite non resolue , present 4 jours sur 6 , volume observe 12.8 < 15 , trop parfaite : 98 % a moins de 60 s
Allemagne;de_gtfsde;Schlierbach-Ziegelhausen, Bhf;de_gtfsde|schlierbachziegelhausenbhf@49.42,8.76;23.6;12.8;46;56.3;87.5;96.9;40.6;0;0;5;REJETEE;present 5 jours sur 6 , volume observe 12.8 < 15
Allemagne;de_gtfsde;;de_gtfsde|614448;23.3;12.8;45;74.5;94.1;98;23.5;0;0;4;REJETEE;identite non resolue , present 4 jours sur 6 , volume observe 12.8 < 15
Allemagne;de_gtfsde;;de_gtfsde|400692;22.5;12.8;43;43.1;82.4;94.1;51;0;0;4;REJETEE;identite non resolue , present 4 jours sur 6 , volume observe 12.8 < 15
Etats-Unis;us_mbta;Fairmount;us_mbta|fairmount@42.25,-71.12;22.2;12.8;42;100;100;100;0;0;0;6;REJETEE;volume observe 12.8 < 15 , trop parfaite : 100 % a moins de 60 s
Allemagne;de_gtfsde;Appenweier Bahnhof;de_gtfsde|appenweierbahnhof@48.54,7.97;22;12.8;42;46.9;81.3;89.1;42.2;0;0;5;REJETEE;present 5 jours sur 6 , volume observe 12.8 < 15
Allemagne;de_gtfsde;;de_gtfsde|249873;21.3;12.8;40;58.8;82.4;90.2;31.4;0;0;4;REJETEE;identite non resolue , present 4 jours sur 6 , volume observe 12.8 < 15
Allemagne;de_gtfsde;;de_gtfsde|417522;21.3;12.8;40;39.2;80.4;94.1;54.9;0;0;4;REJETEE;identite non resolue , present 4 jours sur 6 , volume observe 12.8 < 15
Etats-Unis;us_mta_lirr;;us_mta_lirr|44;20;12.8;36;64.1;89.1;95.3;31.3;0.6;0;5;REJETEE;identite non resolue , present 5 jours sur 6 , volume observe 12.8 < 15
Pays-Bas;nl_ovapi;Harderwijk;nl_ovapi|harderwijk@52.34,5.62;18.7;12.8;31;71.4;93.5;100;28.6;0;0;6;REJETEE;volume observe 12.8 < 15
Allemagne;de_gtfsde;;de_gtfsde|225806;18.3;12.8;30;13.7;62.7;100;86.3;0;0;4;REJETEE;identite non resolue , present 4 jours sur 6 , volume observe 12.8 < 15
Pays-Bas;nl_ovapi;Gaanderen;nl_ovapi|gaanderen@51.93,6.35;17;12.8;25;45.1;98;100;54.9;0.5;0;4;REJETEE;present 4 jours sur 6 , volume observe 12.8 < 15 , ponctualite 98 % > 98 %
Pays-Bas;nl_ovapi;Hoevelaken;nl_ovapi|hoevelaken@52.17,5.46;14.6;12.8;12;59.4;100;100;40.6;0;0;5;REJETEE;present 5 jours sur 6 , volume observe 12.8 < 15 , trop parfaite : aucun retard superieur a 5 min
Allemagne;de_gtfsde;;de_gtfsde|288030;13.3;12.8;4;80.4;94.1;98;17.6;0;0;4;REJETEE;identite non resolue , present 4 jours sur 6 , volume observe 12.8 < 15
Etats-Unis;us_mta_mnr;;us_mta_mnr|163;21.3;12.7;41;23.7;84.2;97.4;73.7;0;0;6;REJETEE;identite non resolue , volume observe 12.7 < 15
Etats-Unis;us_mta_lirr;;us_mta_lirr|91;21.4;12.6;41;25.4;74.6;100;74.6;0;0;5;REJETEE;identite non resolue , present 5 jours sur 6 , volume observe 12.6 < 15
France;fr_sncf;Versailles Chantiers;fr_sncf|UIC87393009;48;12.5;74;77.3;93.3;96;18.7;1.83;0;6;REJETEE;volume observe 12.5 < 15
Allemagne;de_gtfsde;;de_gtfsde|106404;38.3;12.5;67;54;76;88;34;0;0;4;REJETEE;identite non resolue , present 4 jours sur 6 , volume observe 12.5 < 15
Allemagne;de_gtfsde;;de_gtfsde|84638;29.5;12.5;58;66;86;98;32;0;0;4;REJETEE;identite non resolue , present 4 jours sur 6 , volume observe 12.5 < 15
Allemagne;de_gtfsde;;de_gtfsde|547036;28.8;12.5;57;52;82;98;46;0;0;4;REJETEE;identite non resolue , present 4 jours sur 6 , volume observe 12.5 < 15
Allemagne;de_gtfsde;;de_gtfsde|538854;27;12.5;54;76;100;100;24;0;0;4;REJETEE;identite non resolue , present 4 jours sur 6 , volume observe 12.5 < 15 , trop parfaite : aucun retard superieur a 5 min
Allemagne;de_gtfsde;;de_gtfsde|630071;23.5;12.5;47;30;72;96;66;0;0;4;REJETEE;identite non resolue , present 4 jours sur 6 , volume observe 12.5 < 15
Allemagne;de_gtfsde;;de_gtfsde|181079;20.3;12.5;38;14;98;100;86;0;0;4;REJETEE;identite non resolue , present 4 jours sur 6 , volume observe 12.5 < 15
Allemagne;de_gtfsde;;de_gtfsde|228101;20.3;12.5;38;78;96;98;20;0;0;4;REJETEE;identite non resolue , present 4 jours sur 6 , volume observe 12.5 < 15
Allemagne;de_gtfsde;;de_gtfsde|239395;20.3;12.5;38;48;80;94;46;0;0;4;REJETEE;identite non resolue , present 4 jours sur 6 , volume observe 12.5 < 15
Allemagne;de_gtfsde;;de_gtfsde|44954;20;12.5;38;58;94;100;42;0;0;4;REJETEE;identite non resolue , present 4 jours sur 6 , volume observe 12.5 < 15
Allemagne;de_gtfsde;;de_gtfsde|563699;19.5;12.5;36;88;98;98;10;0;0;4;REJETEE;identite non resolue , present 4 jours sur 6 , volume observe 12.5 < 15
Allemagne;de_gtfsde;;de_gtfsde|555965;19.3;12.5;35;50;88;94;44;0;0;4;REJETEE;identite non resolue , present 4 jours sur 6 , volume observe 12.5 < 15
Allemagne;de_gtfsde;;de_gtfsde|618594;18;12.5;31;92;100;100;8;0;0;4;REJETEE;identite non resolue , present 4 jours sur 6 , volume observe 12.5 < 15 , trop parfaite : aucun retard superieur a 5 min
Pays-Bas;nl_ovapi;Nieuw Amsterdam;nl_ovapi|nieuwamsterdam@52.72,6.85;17.8;12.5;30;74.7;100;100;25.3;0.33;0;6;REJETEE;volume observe 12.5 < 15 , trop parfaite : aucun retard superieur a 5 min
Pays-Bas;nl_ovapi;Barneveld Centrum;nl_ovapi|barneveldcentrum@52.14,5.59;14;12.5;11;72;98.7;98.7;26.7;0;0;6;REJETEE;volume observe 12.5 < 15 , ponctualite 99 % > 98 %
Pays-Bas;nl_ovapi;Wolfheze;nl_ovapi|wolfheze@52.01,5.79;27.8;12.4;55;54.8;98.4;100;45.2;0;0;5;REJETEE;present 5 jours sur 6 , volume observe 12.4 < 15 , ponctualite 98 % > 98 %
Allemagne;de_gtfsde;Munderkingen Bahnhof;de_gtfsde|munderkingenbahnhof@48.24,9.65;19.4;12.4;36;56.5;90.3;98.4;41.9;0;0;5;REJETEE;present 5 jours sur 6 , volume observe 12.4 < 15
France;fr_sncf;Antibes;fr_sncf|UIC87757674;58.2;12.3;79;56.8;79.7;83.8;27;1.17;0.5;6;REJETEE;volume observe 12.3 < 15
France;fr_sncf;Bourgoin-Jallieu;fr_sncf|UIC87723429;48.2;12.3;74;54.1;73;78.4;24.3;3.33;0.67;6;REJETEE;volume observe 12.3 < 15
Allemagne;de_gtfsde;;de_gtfsde|300689;32;12.3;62;38.8;71.4;89.8;51;0;0;4;REJETEE;identite non resolue , present 4 jours sur 6 , volume observe 12.3 < 15
Allemagne;de_gtfsde;;de_gtfsde|108677;29.5;12.3;58;53.1;93.9;100;46.9;0;0;4;REJETEE;identite non resolue , present 4 jours sur 6 , volume observe 12.3 < 15
Allemagne;de_gtfsde;;de_gtfsde|133819;28.3;12.3;57;83.7;98;100;16.3;0;0;4;REJETEE;identite non resolue , present 4 jours sur 6 , volume observe 12.3 < 15
Allemagne;de_gtfsde;;de_gtfsde|658301;27.5;12.3;55;71.4;87.8;98;26.5;0;0;4;REJETEE;identite non resolue , present 4 jours sur 6 , volume observe 12.3 < 15
Allemagne;de_gtfsde;;de_gtfsde|65839;26.8;12.3;54;51;87.8;100;49;0;0;4;REJETEE;identite non resolue , present 4 jours sur 6 , volume observe 12.3 < 15
Allemagne;de_gtfsde;;de_gtfsde|640002;21.8;12.3;44;22.4;71.4;93.9;71.4;0;0;4;REJETEE;identite non resolue , present 4 jours sur 6 , volume observe 12.3 < 15
Allemagne;de_gtfsde;Oberlichtenau;de_gtfsde|oberlichtenau@50.91,12.96;20.3;12.3;39;64.9;83.8;90.5;25.7;0;0;6;REJETEE;volume observe 12.3 < 15
Allemagne;de_gtfsde;;de_gtfsde|246993;20.3;12.3;40;40.8;89.8;95.9;55.1;0;0;4;REJETEE;identite non resolue , present 4 jours sur 6 , volume observe 12.3 < 15
Allemagne;de_gtfsde;;de_gtfsde|278394;20;12.3;39;81.6;93.9;100;18.4;0;0;4;REJETEE;identite non resolue , present 4 jours sur 6 , volume observe 12.3 < 15
Allemagne;de_gtfsde;;de_gtfsde|643532;20;12.3;39;73.5;95.9;98;24.5;0;0;4;REJETEE;identite non resolue , present 4 jours sur 6 , volume observe 12.3 < 15
Allemagne;de_gtfsde;;de_gtfsde|96685;18.3;12.3;33;59.2;95.9;100;40.8;0;0;4;REJETEE;identite non resolue , present 4 jours sur 6 , volume observe 12.3 < 15
Pays-Bas;nl_ovapi;Emmen Zuid;nl_ovapi|emmenzuid@52.75,6.87;18.2;12.3;32;74.3;100;100;25.7;0.33;0;6;REJETEE;volume observe 12.3 < 15 , trop parfaite : aucun retard superieur a 5 min
Allemagne;de_gtfsde;;de_gtfsde|159663;17;12.3;28;30.6;93.9;100;69.4;0;0;4;REJETEE;identite non resolue , present 4 jours sur 6 , volume observe 12.3 < 15
Allemagne;de_gtfsde;;de_gtfsde|632407;16.5;12.3;26;53.1;75.5;83.7;30.6;0;0;4;REJETEE;identite non resolue , present 4 jours sur 6 , volume observe 12.3 < 15
Allemagne;de_gtfsde;;de_gtfsde|448068;16.5;12.3;26;81.6;98;100;18.4;0;0;4;REJETEE;identite non resolue , present 4 jours sur 6 , volume observe 12.3 < 15
Allemagne;de_gtfsde;S Frohnau (Berlin);de_gtfsde|sfrohnauberlin@52.63,13.29;24.8;12.2;51;53.4;86.3;91.8;38.4;0;0;6;REJETEE;volume observe 12.2 < 15
Etats-Unis;us_mta_lirr;;us_mta_lirr|33;19.6;12.2;38;70.5;93.4;98.4;27.9;0.6;0;5;REJETEE;identite non resolue , present 5 jours sur 6 , volume observe 12.2 < 15
Pays-Bas;nl_ovapi;Nunspeet;nl_ovapi|nunspeet@52.37,5.78;18.7;12.2;35;65.8;91.8;98.6;32.9;0;0;6;REJETEE;volume observe 12.2 < 15
France;fr_sncf;Grenoble;fr_sncf|UIC87747006;62.5;12;81;73.6;83.3;84.7;11.1;4.17;0.17;6;REJETEE;volume observe 12.0 < 15
France;fr_sncf;Paris Austerlitz;fr_sncf|UIC87547000;47.3;12;75;76.4;81.9;86.1;9.7;3.17;0.67;6;REJETEE;volume observe 12.0 < 15
Allemagne;de_gtfsde;;de_gtfsde|239108;33.8;12;64;43.8;75;91.7;47.9;0;0;4;REJETEE;identite non resolue , present 4 jours sur 6 , volume observe 12.0 < 15
Allemagne;de_gtfsde;;de_gtfsde|660306;32;12;63;45.8;83.3;97.9;52.1;0;0;4;REJETEE;identite non resolue , present 4 jours sur 6 , volume observe 12.0 < 15
Allemagne;de_gtfsde;;de_gtfsde|267171;25.8;12;53;66.7;87.5;95.8;29.2;0;0;4;REJETEE;identite non resolue , present 4 jours sur 6 , volume observe 12.0 < 15
Allemagne;de_gtfsde;;de_gtfsde|12852;21.5;12;44;75;100;100;25;0;0;4;REJETEE;identite non resolue , present 4 jours sur 6 , volume observe 12.0 < 15 , trop parfaite : aucun retard superieur a 5 min
Allemagne;de_gtfsde;;de_gtfsde|119684;21.3;12;44;43.8;85.4;93.8;50;0;0;4;REJETEE;identite non resolue , present 4 jours sur 6 , volume observe 12.0 < 15
Allemagne;de_gtfsde;;de_gtfsde|187554;19;12;37;50;60.4;77.1;27.1;0;0;4;REJETEE;identite non resolue , present 4 jours sur 6 , volume observe 12.0 < 15
Allemagne;de_gtfsde;;de_gtfsde|627634;19;12;37;70.8;95.8;100;29.2;0;0;4;REJETEE;identite non resolue , present 4 jours sur 6 , volume observe 12.0 < 15
Allemagne;de_gtfsde;;de_gtfsde|283614;18.8;12;36;37.5;79.2;85.4;47.9;0;0;4;REJETEE;identite non resolue , present 4 jours sur 6 , volume observe 12.0 < 15
Allemagne;de_gtfsde;;de_gtfsde|286647;18.8;12;36;18.8;70.8;97.9;79.2;0;0;4;REJETEE;identite non resolue , present 4 jours sur 6 , volume observe 12.0 < 15
Allemagne;de_gtfsde;;de_gtfsde|385722;16.3;12;26;12.5;66.7;100;87.5;0;0;4;REJETEE;identite non resolue , present 4 jours sur 6 , volume observe 12.0 < 15
Etats-Unis;us_mta_lirr;;us_mta_lirr|204;15.4;12;22;43.3;83.3;95;51.7;0.6;0;5;REJETEE;identite non resolue , present 5 jours sur 6 , volume observe 12.0 < 15
Pays-Bas;nl_ovapi;Lunteren;nl_ovapi|lunteren@52.09,5.62;14.4;12;17;43.3;100;100;56.7;0;0;5;REJETEE;present 5 jours sur 6 , volume observe 12.0 < 15 , trop parfaite : aucun retard superieur a 5 min
Allemagne;de_gtfsde;;de_gtfsde|14212;43.3;11.8;73;83;95.7;97.9;14.9;0;0;4;REJETEE;identite non resolue , present 4 jours sur 6 , volume observe 11.8 < 15
Allemagne;de_gtfsde;;de_gtfsde|648403;39.8;11.8;70;53.2;76.6;78.7;25.5;0;0;4;REJETEE;identite non resolue , present 4 jours sur 6 , volume observe 11.8 < 15
Allemagne;de_gtfsde;;de_gtfsde|209635;29.5;11.8;60;74.5;89.4;95.7;21.3;0;0;4;REJETEE;identite non resolue , present 4 jours sur 6 , volume observe 11.8 < 15
Allemagne;de_gtfsde;;de_gtfsde|18721;26.3;11.8;55;63.8;95.7;97.9;34;0;0;4;REJETEE;identite non resolue , present 4 jours sur 6 , volume observe 11.8 < 15
Allemagne;de_gtfsde;;de_gtfsde|406072;26;11.8;55;74.5;91.5;97.9;23.4;0;0;4;REJETEE;identite non resolue , present 4 jours sur 6 , volume observe 11.8 < 15
Allemagne;de_gtfsde;;de_gtfsde|624472;25.8;11.8;54;100;100;100;0;0;0;4;REJETEE;identite non resolue , present 4 jours sur 6 , volume observe 11.8 < 15 , trop parfaite : 100 % a moins de 60 s
Allemagne;de_gtfsde;;de_gtfsde|202182;23.3;11.8;49;74.5;89.4;97.9;23.4;0;0;4;REJETEE;identite non resolue , present 4 jours sur 6 , volume observe 11.8 < 15
Allemagne;de_gtfsde;;de_gtfsde|382629;22.8;11.8;48;57.4;74.5;83;25.5;0;0;4;REJETEE;identite non resolue , present 4 jours sur 6 , volume observe 11.8 < 15
Allemagne;de_gtfsde;;de_gtfsde|581239;22.5;11.8;48;74.5;91.5;95.7;21.3;0;0;4;REJETEE;identite non resolue , present 4 jours sur 6 , volume observe 11.8 < 15
Allemagne;de_gtfsde;;de_gtfsde|285857;20.8;11.8;43;36.2;63.8;89.4;53.2;0;0;4;REJETEE;identite non resolue , present 4 jours sur 6 , volume observe 11.8 < 15
Allemagne;de_gtfsde;;de_gtfsde|878;20.3;11.8;42;66;87.2;95.7;29.8;0;0;4;REJETEE;identite non resolue , present 4 jours sur 6 , volume observe 11.8 < 15
Allemagne;de_gtfsde;;de_gtfsde|663604;19.8;11.8;41;89.4;97.9;97.9;8.5;0;0;4;REJETEE;identite non resolue , present 4 jours sur 6 , volume observe 11.8 < 15
Pays-Bas;nl_ovapi;'t Harde;nl_ovapi|tharde@52.41,5.89;19;11.8;38;73.2;88.7;98.6;25.4;0;0;6;REJETEE;volume observe 11.8 < 15
Pays-Bas;nl_ovapi;Landgraaf;nl_ovapi|landgraaf@50.90,6.02;18.3;11.8;36;53.2;95.7;100;46.8;1;0;4;REJETEE;present 4 jours sur 6 , volume observe 11.8 < 15
Allemagne;de_gtfsde;;de_gtfsde|67845;17;11.8;31;19.1;42.6;66;46.8;0;0;4;REJETEE;identite non resolue , present 4 jours sur 6 , volume observe 11.8 < 15 , ponctualite 43 % < 60 %
Pays-Bas;nl_ovapi;Doetinchem;nl_ovapi|doetinchem@51.96,6.30;16.7;11.8;29;76.1;97.2;98.6;22.5;0.33;0;6;REJETEE;volume observe 11.8 < 15
Pays-Bas;nl_ovapi;Ede Centrum;nl_ovapi|edecentrum@52.04,5.67;14.4;11.8;18;42.4;100;100;57.6;0;0;5;REJETEE;present 5 jours sur 6 , volume observe 11.8 < 15 , trop parfaite : aucun retard superieur a 5 min
Allemagne;de_gtfsde;;de_gtfsde|629737;14;11.8;16;57.4;85.1;91.5;34;0;0;4;REJETEE;identite non resolue , present 4 jours sur 6 , volume observe 11.8 < 15
France;fr_sncf;Nice-Ville;fr_sncf|UIC87756056;63.5;11.7;82;65.7;85.7;90;24.3;1.17;0.33;6;REJETEE;volume observe 11.7 < 15
France;fr_sncf;La Tour-du-Pin;fr_sncf|UIC87723478;48.7;11.7;76;55.7;71.4;78.6;22.9;3.33;0.67;6;REJETEE;volume observe 11.7 < 15
France;fr_sncf;Montpellier Saint-Roch;fr_sncf|UIC87773002;46;11.7;75;44.3;61.4;68.6;24.3;0.83;1;6;REJETEE;volume observe 11.7 < 15
Pays-Bas;nl_ovapi;Ermelo;nl_ovapi|ermelo@52.30,5.61;18.7;11.7;38;71.4;92.9;100;28.6;0;0;6;REJETEE;volume observe 11.7 < 15
Pays-Bas;nl_ovapi;Emmen;nl_ovapi|emmen@52.79,6.90;18.3;11.7;36;71.4;100;100;28.6;0.33;0;6;REJETEE;volume observe 11.7 < 15 , trop parfaite : aucun retard superieur a 5 min
Etats-Unis;us_mta_lirr;;us_mta_lirr|26;15.4;11.6;25;44.8;84.5;94.8;50;0.6;0;5;REJETEE;identite non resolue , present 5 jours sur 6 , volume observe 11.6 < 15
Allemagne;de_gtfsde;;de_gtfsde|190319;40.3;11.5;71;41.3;80.4;97.8;56.5;0;0;4;REJETEE;identite non resolue , present 4 jours sur 6 , volume observe 11.5 < 15
Allemagne;de_gtfsde;;de_gtfsde|207348;38.8;11.5;70;63;84.8;97.8;34.8;0;0;4;REJETEE;identite non resolue , present 4 jours sur 6 , volume observe 11.5 < 15
Allemagne;de_gtfsde;;de_gtfsde|428983;36.3;11.5;68;50;89.1;91.3;41.3;0;0;4;REJETEE;identite non resolue , present 4 jours sur 6 , volume observe 11.5 < 15
Allemagne;de_gtfsde;;de_gtfsde|78627;33.8;11.5;66;34.8;87;97.8;63;0;0;4;REJETEE;identite non resolue , present 4 jours sur 6 , volume observe 11.5 < 15
Allemagne;de_gtfsde;;de_gtfsde|598947;29.8;11.5;61;58.7;89.1;93.5;34.8;0;0;4;REJETEE;identite non resolue , present 4 jours sur 6 , volume observe 11.5 < 15
Allemagne;de_gtfsde;;de_gtfsde|182314;28.3;11.5;59;65.2;91.3;95.7;30.4;0;0;4;REJETEE;identite non resolue , present 4 jours sur 6 , volume observe 11.5 < 15
Allemagne;de_gtfsde;Dörverden;de_gtfsde|drverden@52.85,9.25;27.3;11.5;58;68.1;92.8;94.2;26.1;0;0;6;REJETEE;volume observe 11.5 < 15
Pays-Bas;nl_ovapi;Hillegom;nl_ovapi|hillegom@52.30,4.57;26.2;11.5;56;49.3;97.1;97.1;47.8;0;0;6;REJETEE;volume observe 11.5 < 15
Allemagne;de_gtfsde;;de_gtfsde|352636;24.5;11.5;53;73.9;95.7;97.8;23.9;0;0;4;REJETEE;identite non resolue , present 4 jours sur 6 , volume observe 11.5 < 15
Allemagne;de_gtfsde;;de_gtfsde|541036;22.8;11.5;49;67.4;93.5;93.5;26.1;0;0;4;REJETEE;identite non resolue , present 4 jours sur 6 , volume observe 11.5 < 15
Allemagne;de_gtfsde;;de_gtfsde|28394;22.8;11.5;49;84.8;97.8;100;15.2;0;0;4;REJETEE;identite non resolue , present 4 jours sur 6 , volume observe 11.5 < 15
Allemagne;de_gtfsde;;de_gtfsde|130851;21.3;11.5;46;84.8;97.8;100;15.2;0;0;4;REJETEE;identite non resolue , present 4 jours sur 6 , volume observe 11.5 < 15
Allemagne;de_gtfsde;;de_gtfsde|152442;20.8;11.5;45;50;84.8;93.5;43.5;0;0;4;REJETEE;identite non resolue , present 4 jours sur 6 , volume observe 11.5 < 15
Etats-Unis;us_mbta;Framingham;us_mbta|framingham@42.28,-71.42;20.2;11.5;43;100;100;100;0;0;0;6;REJETEE;volume observe 11.5 < 15 , trop parfaite : 100 % a moins de 60 s
Allemagne;de_gtfsde;;de_gtfsde|566189;19.3;11.5;40;63;89.1;93.5;30.4;0;0;4;REJETEE;identite non resolue , present 4 jours sur 6 , volume observe 11.5 < 15
Allemagne;de_gtfsde;;de_gtfsde|235743;19;11.5;39;34.8;78.3;97.8;63;0;0;4;REJETEE;identite non resolue , present 4 jours sur 6 , volume observe 11.5 < 15
Allemagne;de_gtfsde;;de_gtfsde|187656;18.8;11.5;39;34.8;78.3;91.3;56.5;0;0;4;REJETEE;identite non resolue , present 4 jours sur 6 , volume observe 11.5 < 15
Allemagne;de_gtfsde;;de_gtfsde|153215;18.3;11.5;37;60.9;80.4;84.8;23.9;0;0;4;REJETEE;identite non resolue , present 4 jours sur 6 , volume observe 11.5 < 15
Allemagne;de_gtfsde;;de_gtfsde|316021;17.8;11.5;35;21.7;78.3;97.8;76.1;0;0;4;REJETEE;identite non resolue , present 4 jours sur 6 , volume observe 11.5 < 15
Allemagne;de_gtfsde;;de_gtfsde|263807;17;11.5;32;41.3;67.4;84.8;43.5;0;0;4;REJETEE;identite non resolue , present 4 jours sur 6 , volume observe 11.5 < 15
Pays-Bas;nl_ovapi;Terborg;nl_ovapi|terborg@51.92,6.36;17;11.5;32;71.7;100;100;28.3;0.5;0;4;REJETEE;present 4 jours sur 6 , volume observe 11.5 < 15 , trop parfaite : aucun retard superieur a 5 min
Pays-Bas;nl_ovapi;Aalten;nl_ovapi|aalten@51.92,6.58;17;11.5;32;84.8;100;100;15.2;0.5;0;4;REJETEE;present 4 jours sur 6 , volume observe 11.5 < 15 , trop parfaite : aucun retard superieur a 5 min
Allemagne;de_gtfsde;;de_gtfsde|370256;16.3;11.5;29;23.9;80.4;97.8;73.9;0;0;4;REJETEE;identite non resolue , present 4 jours sur 6 , volume observe 11.5 < 15
Allemagne;de_gtfsde;Zivonin;de_gtfsde|zivonin@50.39,14.61;16;11.5;28;13;67.4;100;87;0;0;4;REJETEE;present 4 jours sur 6 , volume observe 11.5 < 15
Allemagne;de_gtfsde;Barmstedt Brunnenstraße;de_gtfsde|barmstedtbrunnenstrae@53.79,9.76;15.3;11.5;25;45.7;78.3;91.3;45.7;0;0;4;REJETEE;present 4 jours sur 6 , volume observe 11.5 < 15
France;fr_sncf;Roquebrune-Cap-Martin;fr_sncf|UIC87756460;43.4;11.4;74;31.6;45.6;77.2;45.6;0;0.6;5;REJETEE;present 5 jours sur 6 , volume observe 11.4 < 15 , ponctualite 46 % < 60 %
Pays-Bas;nl_ovapi;Helmond Brandevoort;nl_ovapi|helmondbrandevoort@51.46,5.61;14;11.4;19;45.6;94.7;100;54.4;0;0;5;REJETEE;present 5 jours sur 6 , volume observe 11.4 < 15
Pays-Bas;nl_ovapi;Antwerpen-Berchem;nl_ovapi|antwerpenberchem@51.20,4.43;40;11.3;72;37.8;80;84.4;46.7;0.5;0;4;REJETEE;present 4 jours sur 6 , volume observe 11.3 < 15
Allemagne;de_gtfsde;;de_gtfsde|227535;28.5;11.3;61;51.1;84.4;100;48.9;0;0;4;REJETEE;identite non resolue , present 4 jours sur 6 , volume observe 11.3 < 15
Allemagne;de_gtfsde;;de_gtfsde|379575;26.3;11.3;57;42.2;88.9;97.8;55.6;0;0;4;REJETEE;identite non resolue , present 4 jours sur 6 , volume observe 11.3 < 15
Allemagne;de_gtfsde;;de_gtfsde|82350;25.8;11.3;56;71.1;100;100;28.9;0;0;4;REJETEE;identite non resolue , present 4 jours sur 6 , volume observe 11.3 < 15 , trop parfaite : aucun retard superieur a 5 min
Allemagne;de_gtfsde;;de_gtfsde|276668;25.8;11.3;56;64.4;91.1;97.8;33.3;0;0;4;REJETEE;identite non resolue , present 4 jours sur 6 , volume observe 11.3 < 15
Allemagne;de_gtfsde;;de_gtfsde|544323;25.5;11.3;56;68.9;91.1;93.3;24.4;0;0;4;REJETEE;identite non resolue , present 4 jours sur 6 , volume observe 11.3 < 15
France;fr_sncf;Ecully Arrêt TCL Demi-Lune Vauboin;fr_sncf|UIC87698274;24.8;11.3;54;26.5;89.7;94.1;67.6;0;0;6;REJETEE;volume observe 11.3 < 15
Allemagne;de_gtfsde;Pleinfeld;de_gtfsde|pleinfeld@49.11,10.98;23;11.3;51;55.6;86.7;91.1;35.6;0;0;4;REJETEE;present 4 jours sur 6 , volume observe 11.3 < 15
Allemagne;de_gtfsde;;de_gtfsde|445663;22.5;11.3;50;68.9;93.3;100;31.1;0;0;4;REJETEE;identite non resolue , present 4 jours sur 6 , volume observe 11.3 < 15
Allemagne;de_gtfsde;;de_gtfsde|649510;22.3;11.3;49;64.4;86.7;97.8;33.3;0;0;4;REJETEE;identite non resolue , present 4 jours sur 6 , volume observe 11.3 < 15
Allemagne;de_gtfsde;;de_gtfsde|446264;21.3;11.3;47;66.7;88.9;95.6;28.9;0;0;4;REJETEE;identite non resolue , present 4 jours sur 6 , volume observe 11.3 < 15
Allemagne;de_gtfsde;;de_gtfsde|88808;20.5;11.3;45;62.2;95.6;100;37.8;0;0;4;REJETEE;identite non resolue , present 4 jours sur 6 , volume observe 11.3 < 15
Allemagne;de_gtfsde;Speele;de_gtfsde|speele@51.38,9.56;20.2;11.3;44;76.5;92.6;94.1;17.6;0;0;6;REJETEE;volume observe 11.3 < 15
Allemagne;de_gtfsde;;de_gtfsde|432692;19.8;11.3;43;42.2;86.7;100;57.8;0;0;4;REJETEE;identite non resolue , present 4 jours sur 6 , volume observe 11.3 < 15
Allemagne;de_gtfsde;;de_gtfsde|166568;19.8;11.3;43;40;82.2;91.1;51.1;0;0;4;REJETEE;identite non resolue , present 4 jours sur 6 , volume observe 11.3 < 15
Allemagne;de_gtfsde;;de_gtfsde|153331;15.8;11.3;29;20;77.8;97.8;77.8;0;0;4;REJETEE;identite non resolue , present 4 jours sur 6 , volume observe 11.3 < 15
Etats-Unis;us_mta_lirr;;us_mta_lirr|163;15.8;11.3;29;33.3;75.6;91.1;57.8;0.5;0;4;REJETEE;identite non resolue , present 4 jours sur 6 , volume observe 11.3 < 15
Etats-Unis;us_mta_lirr;;us_mta_lirr|216;15.8;11.3;29;22.2;97.8;100;77.8;0;0;4;REJETEE;identite non resolue , present 4 jours sur 6 , volume observe 11.3 < 15
France;fr_sncf;Monaco-Monte-Carlo;fr_sncf|UIC87756403;54.6;11.2;79;60.7;83.9;91.1;30.4;0.2;0.2;5;REJETEE;present 5 jours sur 6 , volume observe 11.2 < 15
France;fr_sncf;Menton;fr_sncf|UIC87756486;44.2;11.2;75;35.7;48.2;64.3;28.6;0;0.6;5;REJETEE;present 5 jours sur 6 , volume observe 11.2 < 15 , ponctualite 48 % < 60 %
France;fr_sncf;Avignon TGV;fr_sncf|UIC87318964;36.3;11.2;69;26.9;58.2;68.7;41.8;0;0.17;6;REJETEE;volume observe 11.2 < 15 , ponctualite 58 % < 60 %
France;fr_sncf;Ambérieu-en-Bugey;fr_sncf|UIC87743716;35.8;11.2;69;65.7;89.6;94;28.4;0.33;0.33;6;REJETEE;volume observe 11.2 < 15
Allemagne;de_gtfsde;Herzberg am Harz;de_gtfsde|herzbergamharz@51.64,10.33;19.2;11.2;42;82.1;98.2;100;17.9;0;0;5;REJETEE;present 5 jours sur 6 , volume observe 11.2 < 15 , ponctualite 98 % > 98 %
Allemagne;de_gtfsde;Herbertshofen;de_gtfsde|herbertshofen@48.53,10.85;13.2;11.2;15;60.7;91.1;96.4;35.7;0;0;5;REJETEE;present 5 jours sur 6 , volume observe 11.2 < 15
Allemagne;de_gtfsde;;de_gtfsde|243713;68.8;11;84;65.9;93.2;100;34.1;0;0;4;REJETEE;identite non resolue , present 4 jours sur 6 , volume observe 11.0 < 15
France;fr_sncf;Béziers;fr_sncf|UIC87781005;37.2;11;70;30.3;53;59.1;28.8;1;0.5;6;REJETEE;volume observe 11.0 < 15 , ponctualite 53 % < 60 %
Allemagne;de_gtfsde;Dresden S-Bahnhof Dobritz;de_gtfsde|dresdensbahnhofdobritz@51.01,13.81;26;11;58;43.2;72.7;86.4;43.2;0;0;4;REJETEE;present 4 jours sur 6 , volume observe 11.0 < 15
Allemagne;de_gtfsde;;de_gtfsde|58770;25.5;11;57;70.5;90.9;95.5;25;0;0;4;REJETEE;identite non resolue , present 4 jours sur 6 , volume observe 11.0 < 15
Allemagne;de_gtfsde;;de_gtfsde|246250;24.5;11;55;50;86.4;97.7;47.7;0;0;4;REJETEE;identite non resolue , present 4 jours sur 6 , volume observe 11.0 < 15
Allemagne;de_gtfsde;GLA West Bf;de_gtfsde|glawestbf@51.58,6.98;22.2;11;50;45.5;81.8;89.4;43.9;0;0;6;REJETEE;volume observe 11.0 < 15
Pays-Bas;nl_ovapi;Scheemda;nl_ovapi|scheemda@53.17,6.98;22;11;50;58.2;98.2;100;41.8;0;0;5;REJETEE;present 5 jours sur 6 , volume observe 11.0 < 15 , ponctualite 98 % > 98 %
Allemagne;de_gtfsde;;de_gtfsde|70546;21.3;11;48;59.1;77.3;90.9;31.8;0;0;4;REJETEE;identite non resolue , present 4 jours sur 6 , volume observe 11.0 < 15
Allemagne;de_gtfsde;;de_gtfsde|381942;21;11;48;38.6;79.5;86.4;47.7;0;0;4;REJETEE;identite non resolue , present 4 jours sur 6 , volume observe 11.0 < 15
Allemagne;de_gtfsde;;de_gtfsde|419935;20.5;11;46;45.5;88.6;100;54.5;0;0;4;REJETEE;identite non resolue , present 4 jours sur 6 , volume observe 11.0 < 15
Allemagne;de_gtfsde;;de_gtfsde|309435;19.5;11;44;56.8;79.5;93.2;36.4;0;0;4;REJETEE;identite non resolue , present 4 jours sur 6 , volume observe 11.0 < 15
Allemagne;de_gtfsde;;de_gtfsde|317403;18.5;11;41;52.3;84.1;95.5;43.2;0;0;4;REJETEE;identite non resolue , present 4 jours sur 6 , volume observe 11.0 < 15
Allemagne;de_gtfsde;;de_gtfsde|223749;17.8;11;38;25;81.8;100;75;0;0;4;REJETEE;identite non resolue , present 4 jours sur 6 , volume observe 11.0 < 15
Pays-Bas;nl_ovapi;Warffum;nl_ovapi|warffum@53.39,6.57;17.8;11;38;54.5;100;100;45.5;0;0;4;REJETEE;present 4 jours sur 6 , volume observe 11.0 < 15 , trop parfaite : aucun retard superieur a 5 min
Allemagne;de_gtfsde;;de_gtfsde|652439;16.8;11;34;27.3;65.9;86.4;59.1;0;0;4;REJETEE;identite non resolue , present 4 jours sur 6 , volume observe 11.0 < 15
Allemagne;de_gtfsde;;de_gtfsde|527150;16.3;11;32;79.5;95.5;97.7;18.2;0;0;4;REJETEE;identite non resolue , present 4 jours sur 6 , volume observe 11.0 < 15
Allemagne;de_gtfsde;;de_gtfsde|56293;15.8;11;30;18.2;77.3;97.7;79.5;0;0;4;REJETEE;identite non resolue , present 4 jours sur 6 , volume observe 11.0 < 15
Pays-Bas;nl_ovapi;Helmond 't Hout;nl_ovapi|helmondthout@51.47,5.63;14;11;21;63.6;94.5;100;36.4;0;0;5;REJETEE;present 5 jours sur 6 , volume observe 11.0 < 15
Allemagne;de_gtfsde;Waldsolms-Hasselborn;de_gtfsde|waldsolmshasselborn@50.41,8.50;27;10.8;60;58.5;86.2;98.5;40;0;0;6;REJETEE;volume observe 10.8 < 15
Allemagne;de_gtfsde;;de_gtfsde|531201;27;10.8;60;72.1;100;100;27.9;0;0;4;REJETEE;identite non resolue , present 4 jours sur 6 , volume observe 10.8 < 15 , trop parfaite : aucun retard superieur a 5 min
Allemagne;de_gtfsde;;de_gtfsde|518745;25.5;10.8;58;48.8;69.8;81.4;32.6;0;0;4;REJETEE;identite non resolue , present 4 jours sur 6 , volume observe 10.8 < 15
Allemagne;de_gtfsde;;de_gtfsde|620332;23.5;10.8;54;60.5;97.7;100;39.5;0;0;4;REJETEE;identite non resolue , present 4 jours sur 6 , volume observe 10.8 < 15
Allemagne;de_gtfsde;;de_gtfsde|118842;22.3;10.8;52;39.5;67.4;95.3;55.8;0;0;4;REJETEE;identite non resolue , present 4 jours sur 6 , volume observe 10.8 < 15
Allemagne;de_gtfsde;;de_gtfsde|163501;22.3;10.8;52;23.3;55.8;79.1;55.8;0;0;4;REJETEE;identite non resolue , present 4 jours sur 6 , volume observe 10.8 < 15 , ponctualite 56 % < 60 %
Allemagne;de_gtfsde;;de_gtfsde|228502;21.5;10.8;50;58.1;79.1;88.4;30.2;0;0;4;REJETEE;identite non resolue , present 4 jours sur 6 , volume observe 10.8 < 15
France;fr_sncf;Mitry - Claye;fr_sncf|UIC87271528;21.5;10.8;50;69.8;93;97.7;27.9;0;0;4;REJETEE;present 4 jours sur 6 , volume observe 10.8 < 15
Etats-Unis;us_mta_mnr;;us_mta_mnr|164;21.3;10.8;49;27.7;86.2;96.9;69.2;0;0;6;REJETEE;identite non resolue , volume observe 10.8 < 15
Allemagne;de_gtfsde;;de_gtfsde|317600;20.5;10.8;48;60.5;86;95.3;34.9;0;0;4;REJETEE;identite non resolue , present 4 jours sur 6 , volume observe 10.8 < 15
Allemagne;de_gtfsde;;de_gtfsde|31734;20.3;10.8;47;34.9;62.8;79.1;44.2;0;0;4;REJETEE;identite non resolue , present 4 jours sur 6 , volume observe 10.8 < 15
Allemagne;de_gtfsde;;de_gtfsde|445350;20.3;10.8;47;39.5;69.8;76.7;37.2;0;0;4;REJETEE;identite non resolue , present 4 jours sur 6 , volume observe 10.8 < 15
Etats-Unis;us_mbta;Norwood Central;us_mbta|norwoodcentral@42.19,-71.20;20.2;10.8;47;100;100;100;0;0;0;5;REJETEE;present 5 jours sur 6 , volume observe 10.8 < 15 , trop parfaite : 100 % a moins de 60 s
Allemagne;de_gtfsde;;de_gtfsde|546202;19.5;10.8;45;69.8;81.4;95.3;25.6;0;0;4;REJETEE;identite non resolue , present 4 jours sur 6 , volume observe 10.8 < 15
Allemagne;de_gtfsde;;de_gtfsde|30156;18.8;10.8;43;55.8;76.7;86;30.2;0;0;4;REJETEE;identite non resolue , present 4 jours sur 6 , volume observe 10.8 < 15
Allemagne;de_gtfsde;;de_gtfsde|424491;18.8;10.8;43;41.9;67.4;81.4;39.5;0;0;4;REJETEE;identite non resolue , present 4 jours sur 6 , volume observe 10.8 < 15
Allemagne;de_gtfsde;;de_gtfsde|297813;18.5;10.8;42;27.9;60.5;81.4;53.5;0;0;4;REJETEE;identite non resolue , present 4 jours sur 6 , volume observe 10.8 < 15
Pays-Bas;nl_ovapi;Winsum;nl_ovapi|winsum@53.33,6.52;17.8;10.8;39;55.8;100;100;44.2;0;0;4;REJETEE;present 4 jours sur 6 , volume observe 10.8 < 15 , trop parfaite : aucun retard superieur a 5 min
Pays-Bas;nl_ovapi;Baflo;nl_ovapi|baflo@53.36,6.52;17.8;10.8;39;62.8;100;100;37.2;0;0;4;REJETEE;present 4 jours sur 6 , volume observe 10.8 < 15 , trop parfaite : aucun retard superieur a 5 min
Allemagne;de_gtfsde;;de_gtfsde|3378;16.5;10.8;35;55.8;79.1;95.3;39.5;0;0;4;REJETEE;identite non resolue , present 4 jours sur 6 , volume observe 10.8 < 15
Allemagne;de_gtfsde;;de_gtfsde|419248;15.8;10.8;32;14;72.1;100;86;0;0;4;REJETEE;identite non resolue , present 4 jours sur 6 , volume observe 10.8 < 15
Allemagne;de_gtfsde;;de_gtfsde|89754;15.8;10.8;32;18.6;74.4;100;81.4;0;0;4;REJETEE;identite non resolue , present 4 jours sur 6 , volume observe 10.8 < 15
Allemagne;de_gtfsde;;de_gtfsde|183999;15.8;10.8;32;90.7;100;100;9.3;0;0;4;REJETEE;identite non resolue , present 4 jours sur 6 , volume observe 10.8 < 15 , trop parfaite : aucun retard superieur a 5 min
Etats-Unis;us_mta_lirr;;us_mta_lirr|184;15.8;10.8;32;60.5;97.7;97.7;37.2;0;0;4;REJETEE;identite non resolue , present 4 jours sur 6 , volume observe 10.8 < 15
Pays-Bas;nl_ovapi;Maarn;nl_ovapi|maarn@52.06,5.37;15.2;10.8;29;63;100;100;37;0;0;5;REJETEE;present 5 jours sur 6 , volume observe 10.8 < 15 , trop parfaite : aucun retard superieur a 5 min
Etats-Unis;us_mta_lirr;;us_mta_lirr|157;13.4;10.8;19;44.4;88.9;98.1;53.7;0.6;0;5;REJETEE;identite non resolue , present 5 jours sur 6 , volume observe 10.8 < 15
France;fr_sncf;Paris Est;fr_sncf|UIC87113001;53.7;10.7;80;67.2;84.4;84.4;17.2;0;0;6;REJETEE;volume observe 10.7 < 15
Australie;au_translink_seq;Walloon station;au_translink_seq|walloonstation@-27.61,152.67;28;10.7;62;37.5;100;100;62.5;0;0;6;REJETEE;volume observe 10.7 < 15 , trop parfaite : aucun retard superieur a 5 min
France;fr_sncf;Carnoles;fr_sncf|UIC87756478;43.4;10.6;76;34;47.2;67.9;34;0;0.6;5;REJETEE;present 5 jours sur 6 , volume observe 10.6 < 15 , ponctualite 47 % < 60 %
Pays-Bas;nl_ovapi;Helmond Brouwhuis;nl_ovapi|helmondbrouwhuis@51.47,5.70;14;10.6;24;73.6;98.1;100;26.4;0;0;5;REJETEE;present 5 jours sur 6 , volume observe 10.6 < 15 , ponctualite 98 % > 98 %
Etats-Unis;us_mta_lirr;;us_mta_lirr|74;13.4;10.6;21;41.5;88.7;98.1;56.6;0.6;0;5;REJETEE;identite non resolue , present 5 jours sur 6 , volume observe 10.6 < 15
France;fr_sncf;Avignon Centre;fr_sncf|UIC87765008;49.5;10.5;79;74.6;87.3;93.7;19;1.17;0.33;6;REJETEE;volume observe 10.5 < 15
France;fr_sncf;Toulouse Matabiau;fr_sncf|UIC87611004;47.5;10.5;78;66.7;74.6;77.8;11.1;1.83;0;6;REJETEE;volume observe 10.5 < 15
Allemagne;de_gtfsde;;de_gtfsde|531425;26.3;10.5;60;61.9;85.7;97.6;35.7;0;0;4;REJETEE;identite non resolue , present 4 jours sur 6 , volume observe 10.5 < 15
Allemagne;de_gtfsde;;de_gtfsde|239801;21;10.5;50;64.3;88.1;100;35.7;0;0;4;REJETEE;identite non resolue , present 4 jours sur 6 , volume observe 10.5 < 15
Allemagne;de_gtfsde;;de_gtfsde|385373;19.5;10.5;46;57.1;88.1;95.2;38.1;0;0;4;REJETEE;identite non resolue , present 4 jours sur 6 , volume observe 10.5 < 15
Etats-Unis;us_mbta;Lansdowne;us_mbta|lansdowne@42.35,-71.10;19.3;10.5;46;100;100;100;0;0;0;6;REJETEE;volume observe 10.5 < 15 , trop parfaite : 100 % a moins de 60 s
Allemagne;de_gtfsde;;de_gtfsde|214879;17.3;10.5;39;45.2;88.1;100;54.8;0;0;4;REJETEE;identite non resolue , present 4 jours sur 6 , volume observe 10.5 < 15
Allemagne;de_gtfsde;;de_gtfsde|146557;17;10.5;38;50;83.3;97.6;47.6;0;0;4;REJETEE;identite non resolue , present 4 jours sur 6 , volume observe 10.5 < 15
Allemagne;de_gtfsde;;de_gtfsde|341105;16;10.5;34;90.5;100;100;9.5;0;0;4;REJETEE;identite non resolue , present 4 jours sur 6 , volume observe 10.5 < 15 , trop parfaite : aucun retard superieur a 5 min
Allemagne;de_gtfsde;Elend Drw_Eld 007 P7;de_gtfsde|elenddrweld007p7@51.76,10.70;15.5;10.5;32;35.7;88.1;100;64.3;0;0;4;REJETEE;present 4 jours sur 6 , volume observe 10.5 < 15
Etats-Unis;us_mbta;Windsor Gardens;us_mbta|windsorgardens@42.17,-71.22;19.4;10.4;46;100;100;100;0;0;0;5;REJETEE;present 5 jours sur 6 , volume observe 10.4 < 15 , trop parfaite : 100 % a moins de 60 s
Pays-Bas;nl_ovapi;Oldenzaal;nl_ovapi|oldenzaal@52.31,6.93;15.8;10.4;34;88.5;98.1;98.1;9.6;0.6;0;5;REJETEE;present 5 jours sur 6 , volume observe 10.4 < 15 , ponctualite 98 % > 98 %
Allemagne;de_gtfsde;;de_gtfsde|506529;30.3;10.3;66;56.1;95.1;100;43.9;0;0;4;REJETEE;identite non resolue , present 4 jours sur 6 , volume observe 10.3 < 15
Allemagne;de_gtfsde;;de_gtfsde|161443;26;10.3;61;92.7;100;100;7.3;0;0;4;REJETEE;identite non resolue , present 4 jours sur 6 , volume observe 10.3 < 15 , trop parfaite : aucun retard superieur a 5 min
Allemagne;de_gtfsde;;de_gtfsde|473472;24.5;10.3;58;80.5;97.6;100;19.5;0;0;4;REJETEE;identite non resolue , present 4 jours sur 6 , volume observe 10.3 < 15
Allemagne;de_gtfsde;;de_gtfsde|113617;22.3;10.3;54;46.3;80.5;87.8;41.5;0;0;4;REJETEE;identite non resolue , present 4 jours sur 6 , volume observe 10.3 < 15
Allemagne;de_gtfsde;;de_gtfsde|281484;22;10.3;53;61;92.7;92.7;31.7;0;0;4;REJETEE;identite non resolue , present 4 jours sur 6 , volume observe 10.3 < 15
Allemagne;de_gtfsde;;de_gtfsde|468628;21.8;10.3;53;53.7;68.3;70.7;17.1;0;0;4;REJETEE;identite non resolue , present 4 jours sur 6 , volume observe 10.3 < 15
Allemagne;de_gtfsde;;de_gtfsde|403169;20.5;10.3;50;56.1;90.2;100;43.9;0;0;4;REJETEE;identite non resolue , present 4 jours sur 6 , volume observe 10.3 < 15
Allemagne;de_gtfsde;Wolmirstedt;de_gtfsde|wolmirstedt@52.25,11.64;19.2;10.3;46;50;82.3;90.3;40.3;0;0;6;REJETEE;volume observe 10.3 < 15
Allemagne;de_gtfsde;;de_gtfsde|641333;18.8;10.3;45;22;87.8;100;78;0;0;4;REJETEE;identite non resolue , present 4 jours sur 6 , volume observe 10.3 < 15
Allemagne;de_gtfsde;;de_gtfsde|60170;17;10.3;40;85.4;97.6;100;14.6;0;0;4;REJETEE;identite non resolue , present 4 jours sur 6 , volume observe 10.3 < 15
Allemagne;de_gtfsde;Mosbach, Bahnhof;de_gtfsde|mosbachbahnhof@49.35,9.14;16.5;10.3;37;58.1;93.5;95.2;37.1;0;0;6;REJETEE;volume observe 10.3 < 15
Allemagne;de_gtfsde;;de_gtfsde|637665;15.8;10.3;35;85.4;97.6;97.6;12.2;0;0;4;REJETEE;identite non resolue , present 4 jours sur 6 , volume observe 10.3 < 15
France;fr_sncf;Narbonne;fr_sncf|UIC87781104;41.7;10.2;76;47.5;68.9;73.8;26.2;0.67;0.5;6;REJETEE;volume observe 10.2 < 15
France;fr_sncf;Lyon Gorge de Loup;fr_sncf|UIC87721175;24.8;10.2;59;55.7;88.5;95.1;39.3;0;0;6;REJETEE;volume observe 10.2 < 15
Etats-Unis;us_mbta;Pawtucket/Central Falls;us_mbta|pawtucketcentralfalls@41.88,-71.39;20.6;10.2;50;100;100;100;0;0;0;5;REJETEE;present 5 jours sur 6 , volume observe 10.2 < 15 , trop parfaite : 100 % a moins de 60 s
Etats-Unis;us_mbta;West Natick;us_mbta|westnatick@42.28,-71.39;18.2;10.2;44;100;100;100;0;0;0;6;REJETEE;volume observe 10.2 < 15 , trop parfaite : 100 % a moins de 60 s
France;fr_sncf;Cap-d'Ail;fr_sncf|UIC87756395;53.4;10;81;56;82;90;34;0.2;0.2;5;REJETEE;present 5 jours sur 6 , volume observe 10.0 < 15
Etats-Unis;us_mta_mnr;;us_mta_mnr|153;38.3;10;74;28.3;76.7;88.3;60;0;0;6;REJETEE;identite non resolue , volume observe 10.0 < 15
Australie;au_translink_seq;Wulkuraka station;au_translink_seq|wulkurakastation@-27.61,152.73;27.5;10;64;88.3;100;100;11.7;0;0;6;REJETEE;volume observe 10.0 < 15 , trop parfaite : aucun retard superieur a 5 min
Allemagne;de_gtfsde;;de_gtfsde|352450;27;10;63;70;95;100;30;0;0;4;REJETEE;identite non resolue , present 4 jours sur 6 , volume observe 10.0 < 15
Allemagne;de_gtfsde;;de_gtfsde|239336;26.5;10;62;92.5;95;100;7.5;0;0;4;REJETEE;identite non resolue , present 4 jours sur 6 , volume observe 10.0 < 15
Allemagne;de_gtfsde;;de_gtfsde|12654;25.5;10;61;85;100;100;15;0;0;4;REJETEE;identite non resolue , present 4 jours sur 6 , volume observe 10.0 < 15 , trop parfaite : aucun retard superieur a 5 min
Pays-Bas;nl_ovapi;Winschoten;nl_ovapi|winschoten@53.14,7.03;22.2;10;55;78;98;100;22;0;0;5;REJETEE;present 5 jours sur 6 , volume observe 10.0 < 15
Allemagne;de_gtfsde;;de_gtfsde|246220;20;10;50;40;85;97.5;57.5;0;0;4;REJETEE;identite non resolue , present 4 jours sur 6 , volume observe 10.0 < 15
Allemagne;de_gtfsde;;de_gtfsde|12883;19.8;10;49;50;87.5;95;45;0;0;4;REJETEE;identite non resolue , present 4 jours sur 6 , volume observe 10.0 < 15
Allemagne;de_gtfsde;;de_gtfsde|621427;19.5;10;49;27.5;72.5;92.5;65;0;0;4;REJETEE;identite non resolue , present 4 jours sur 6 , volume observe 10.0 < 15
Allemagne;de_gtfsde;Meckenbeuren Kehlen, Bahnhof;de_gtfsde|meckenbeurenkehlenbahnhof@47.68,9.55;19.3;10;48;67.5;92.5;97.5;30;0;0;4;REJETEE;present 4 jours sur 6 , volume observe 10.0 < 15
Allemagne;de_gtfsde;Haarhausen;de_gtfsde|haarhausen@50.87,10.91;19.2;10;48;56;94;98;42;0;0;5;REJETEE;present 5 jours sur 6 , volume observe 10.0 < 15
Allemagne;de_gtfsde;;de_gtfsde|538508;18.8;10;47;22.5;82.5;95;72.5;0;0;4;REJETEE;identite non resolue , present 4 jours sur 6 , volume observe 10.0 < 15
Allemagne;de_gtfsde;;de_gtfsde|612837;18.5;10;46;60;82.5;90;30;0;0;4;REJETEE;identite non resolue , present 4 jours sur 6 , volume observe 10.0 < 15
Allemagne;de_gtfsde;;de_gtfsde|369347;18.3;10;45;30;57.5;65;35;0;0;4;REJETEE;identite non resolue , present 4 jours sur 6 , volume observe 10.0 < 15 , ponctualite 57 % < 60 %
Pays-Bas;nl_ovapi;Usquert;nl_ovapi|usquert@53.40,6.61;17.8;10;44;80;100;100;20;0;0;4;REJETEE;present 4 jours sur 6 , volume observe 10.0 < 15 , trop parfaite : aucun retard superieur a 5 min
Allemagne;de_gtfsde;;de_gtfsde|132246;16.8;10;40;40;80;90;50;0;0;4;REJETEE;identite non resolue , present 4 jours sur 6 , volume observe 10.0 < 15
Allemagne;de_gtfsde;;de_gtfsde|582235;14.8;10;32;77.5;100;100;22.5;0;0;4;REJETEE;identite non resolue , present 4 jours sur 6 , volume observe 10.0 < 15 , trop parfaite : aucun retard superieur a 5 min
Etats-Unis;us_mta_lirr;;us_mta_lirr|219;14.8;10;32;50;100;100;50;0;0;4;REJETEE;identite non resolue , present 4 jours sur 6 , volume observe 10.0 < 15 , trop parfaite : aucun retard superieur a 5 min
Etats-Unis;us_mta_lirr;;us_mta_lirr|142;14.8;10;32;20;95;100;80;0;0;4;REJETEE;identite non resolue , present 4 jours sur 6 , volume observe 10.0 < 15
Etats-Unis;us_mbta;JFK/UMass;us_mbta|jfkumass@42.32,-71.05;14.5;10;31;100;100;100;0;0;0;4;REJETEE;present 4 jours sur 6 , volume observe 10.0 < 15 , trop parfaite : 100 % a moins de 60 s
Allemagne;de_gtfsde;;de_gtfsde|286910;13.8;10;27;40;77.5;85;45;0;0;4;REJETEE;identite non resolue , present 4 jours sur 6 , volume observe 10.0 < 15
Etats-Unis;us_mta_lirr;;us_mta_lirr|100;13.4;10;25;44;86;96;52;0.6;0;5;REJETEE;identite non resolue , present 5 jours sur 6 , volume observe 10.0 < 15
Allemagne;de_gtfsde;;de_gtfsde|255174;45.8;9.8;79;35.9;82.1;94.9;59;0;0;4;REJETEE;identite non resolue , present 4 jours sur 6 , volume observe 9.8 < 15
Pays-Bas;nl_ovapi;Deventer Colmschate;nl_ovapi|deventercolmschate@52.25,6.22;34.5;9.8;72;59;89.7;97.4;38.5;0;0;4;REJETEE;present 4 jours sur 6 , volume observe 9.8 < 15
Pays-Bas;nl_ovapi;Rijssen;nl_ovapi|rijssen@52.31,6.52;34.5;9.8;72;69.2;89.7;94.9;25.6;0;0;4;REJETEE;present 4 jours sur 6 , volume observe 9.8 < 15
Allemagne;de_gtfsde;;de_gtfsde|501567;30.5;9.8;68;43.6;66.7;82.1;38.5;0;0;4;REJETEE;identite non resolue , present 4 jours sur 6 , volume observe 9.8 < 15
Allemagne;de_gtfsde;;de_gtfsde|492485;23;9.8;58;30.8;74.4;94.9;64.1;0;0;4;REJETEE;identite non resolue , present 4 jours sur 6 , volume observe 9.8 < 15
Allemagne;de_gtfsde;;de_gtfsde|102528;22.8;9.8;57;43.6;66.7;92.3;48.7;0;0;4;REJETEE;identite non resolue , present 4 jours sur 6 , volume observe 9.8 < 15
Allemagne;de_gtfsde;;de_gtfsde|605202;22.5;9.8;57;56.4;84.6;87.2;30.8;0;0;4;REJETEE;identite non resolue , present 4 jours sur 6 , volume observe 9.8 < 15
Allemagne;de_gtfsde;;de_gtfsde|99291;22;9.8;56;59;87.2;87.2;28.2;0;0;4;REJETEE;identite non resolue , present 4 jours sur 6 , volume observe 9.8 < 15
Allemagne;de_gtfsde;;de_gtfsde|638657;21.3;9.8;54;51.3;92.3;94.9;43.6;0;0;4;REJETEE;identite non resolue , present 4 jours sur 6 , volume observe 9.8 < 15
Etats-Unis;us_mbta;Attleboro;us_mbta|attleboro@41.94,-71.29;21;9.8;53;100;100;100;0;0;0;5;REJETEE;present 5 jours sur 6 , volume observe 9.8 < 15 , trop parfaite : 100 % a moins de 60 s
Allemagne;de_gtfsde;;de_gtfsde|549051;18.8;9.8;48;66.7;97.4;97.4;30.8;0;0;4;REJETEE;identite non resolue , present 4 jours sur 6 , volume observe 9.8 < 15
Allemagne;de_gtfsde;;de_gtfsde|87969;18.3;9.8;47;41;69.2;89.7;48.7;0;0;4;REJETEE;identite non resolue , present 4 jours sur 6 , volume observe 9.8 < 15
Allemagne;de_gtfsde;;de_gtfsde|45452;18.3;9.8;47;79.5;87.2;94.9;15.4;0;0;4;REJETEE;identite non resolue , present 4 jours sur 6 , volume observe 9.8 < 15
Allemagne;de_gtfsde;;de_gtfsde|55303;17.5;9.8;44;69.2;94.9;100;30.8;0;0;4;REJETEE;identite non resolue , present 4 jours sur 6 , volume observe 9.8 < 15
Etats-Unis;us_mta_lirr;;us_mta_lirr|205;16.8;9.8;42;59.2;87.8;100;40.8;0;0;5;REJETEE;identite non resolue , present 5 jours sur 6 , volume observe 9.8 < 15
Allemagne;de_gtfsde;;de_gtfsde|169035;16;9.8;39;56.4;84.6;97.4;41;0;0;4;REJETEE;identite non resolue , present 4 jours sur 6 , volume observe 9.8 < 15
Allemagne;de_gtfsde;;de_gtfsde|137615;15.8;9.8;38;71.8;100;100;28.2;0;0;4;REJETEE;identite non resolue , present 4 jours sur 6 , volume observe 9.8 < 15 , trop parfaite : aucun retard superieur a 5 min
Allemagne;de_gtfsde;;de_gtfsde|25315;15.3;9.8;36;46.2;87.2;100;53.8;0;0;4;REJETEE;identite non resolue , present 4 jours sur 6 , volume observe 9.8 < 15
Pays-Bas;nl_ovapi;Veenendaal West;nl_ovapi|veenendaalwest@52.03,5.53;15.2;9.8;36;69.4;98;100;30.6;0;0;5;REJETEE;present 5 jours sur 6 , volume observe 9.8 < 15
Allemagne;de_gtfsde;;de_gtfsde|513203;12;9.8;19;46.2;74.4;89.7;43.6;0;0;4;REJETEE;identite non resolue , present 4 jours sur 6 , volume observe 9.8 < 15
France;fr_sncf;Nancy;fr_sncf|UIC87141002;54.3;9.7;82;79.3;84.5;91.4;12.1;0.17;0.17;6;REJETEE;volume observe 9.7 < 15
France;fr_sncf;Sète;fr_sncf|UIC87773200;35;9.7;72;29.3;53.4;60.3;31;0;0.5;6;REJETEE;volume observe 9.7 < 15 , ponctualite 53 % < 60 %
Australie;au_translink_seq;Karrabin station;au_translink_seq|karrabinstation@-27.60,152.71;28.3;9.7;66;60.3;100;100;39.7;0;0;6;REJETEE;volume observe 9.7 < 15 , trop parfaite : aucun retard superieur a 5 min
Pays-Bas;nl_ovapi;Purmerend Overwhere;nl_ovapi|purmerendoverwhere@52.51,4.97;18.8;9.7;49;58.6;94.8;96.6;37.9;0.5;0;6;REJETEE;volume observe 9.7 < 15
Etats-Unis;us_mbta;Sharon;us_mbta|sharon@42.12,-71.18;16.8;9.7;43;100;100;100;0;0;0;6;REJETEE;volume observe 9.7 < 15 , trop parfaite : 100 % a moins de 60 s
France;fr_sncf;Èze;fr_sncf|UIC87756387;53.4;9.6;82;58.3;83.3;89.6;31.3;0.2;0.2;5;REJETEE;present 5 jours sur 6 , volume observe 9.6 < 15
Etats-Unis;us_mbta;Middleborough;us_mbta|middleborough@41.89,-70.92;20.2;9.6;52;100;100;100;0;0;0;5;REJETEE;present 5 jours sur 6 , volume observe 9.6 < 15 , trop parfaite : 100 % a moins de 60 s
Allemagne;de_gtfsde;Peiting Nord;de_gtfsde|peitingnord@47.80,10.93;19.6;9.6;51;45.8;93.8;97.9;52.1;0;0;5;REJETEE;present 5 jours sur 6 , volume observe 9.6 < 15
Allemagne;de_gtfsde;;de_gtfsde|635309;52;9.5;82;68.4;86.8;94.7;26.3;0;0;4;REJETEE;identite non resolue , present 4 jours sur 6 , volume observe 9.5 < 15
France;fr_sncf;Tours;fr_sncf|UIC87571000;47.2;9.5;80;84.2;91.2;91.2;7;0.33;0;6;REJETEE;volume observe 9.5 < 15
Etats-Unis;us_mta_mnr;;us_mta_mnr|154;38.3;9.5;75;28.1;77.2;89.5;61.4;0;0;6;REJETEE;identite non resolue , volume observe 9.5 < 15
Pays-Bas;nl_ovapi;Holten;nl_ovapi|holten@52.28,6.42;34.5;9.5;72;76.3;89.5;94.7;18.4;0;0;4;REJETEE;present 4 jours sur 6 , volume observe 9.5 < 15
Allemagne;de_gtfsde;;de_gtfsde|645129;29.3;9.5;68;44.7;84.2;100;55.3;0;0;4;REJETEE;identite non resolue , present 4 jours sur 6 , volume observe 9.5 < 15
Australie;au_translink_seq;Thagoona station;au_translink_seq|thagoonastation@-27.63,152.63;26.8;9.5;65;38.6;100;100;61.4;0;0;6;REJETEE;volume observe 9.5 < 15 , trop parfaite : aucun retard superieur a 5 min
Etats-Unis;us_mta_mnr;;us_mta_mnr|98;24;9.5;60;50.9;98.2;100;49.1;0;0;6;REJETEE;identite non resolue , volume observe 9.5 < 15 , ponctualite 98 % > 98 %
Allemagne;de_gtfsde;;de_gtfsde|109906;23;9.5;59;68.4;94.7;100;31.6;0;0;4;REJETEE;identite non resolue , present 4 jours sur 6 , volume observe 9.5 < 15
Allemagne;de_gtfsde;;de_gtfsde|159692;21.3;9.5;55;86.8;100;100;13.2;0;0;4;REJETEE;identite non resolue , present 4 jours sur 6 , volume observe 9.5 < 15 , trop parfaite : aucun retard superieur a 5 min
Etats-Unis;us_mbta;Boston Landing;us_mbta|bostonlanding@42.36,-71.14;19.2;9.5;50;100;100;100;0;0;0;6;REJETEE;volume observe 9.5 < 15 , trop parfaite : 100 % a moins de 60 s
Allemagne;de_gtfsde;;de_gtfsde|153311;18.5;9.5;49;26.3;55.3;78.9;52.6;0;0;4;REJETEE;identite non resolue , present 4 jours sur 6 , volume observe 9.5 < 15 , ponctualite 55 % < 60 %
Allemagne;de_gtfsde;;de_gtfsde|350554;16.3;9.5;42;89.5;100;100;10.5;0;0;4;REJETEE;identite non resolue , present 4 jours sur 6 , volume observe 9.5 < 15 , trop parfaite : aucun retard superieur a 5 min
Pays-Bas;nl_ovapi;Sneek;nl_ovapi|sneek@53.03,5.65;16.3;9.5;42;100;100;100;0;0;0;4;REJETEE;present 4 jours sur 6 , volume observe 9.5 < 15 , trop parfaite : 100 % a moins de 60 s
Allemagne;de_gtfsde;;de_gtfsde|414600;16;9.5;41;18.4;76.3;97.4;78.9;0;0;4;REJETEE;identite non resolue , present 4 jours sur 6 , volume observe 9.5 < 15
Allemagne;de_gtfsde;;de_gtfsde|141729;15.5;9.5;39;39.5;84.2;92.1;52.6;0;0;4;REJETEE;identite non resolue , present 4 jours sur 6 , volume observe 9.5 < 15
Allemagne;de_gtfsde;Salzburg Aiglhof;de_gtfsde|salzburgaiglhof@47.81,13.03;14.3;9.5;34;47.4;93;98.2;50.9;0;0;6;REJETEE;volume observe 9.5 < 15
Pays-Bas;nl_ovapi;Akkrum;nl_ovapi|akkrum@53.05,5.84;13.8;9.5;31;77.2;94.7;98.2;21.1;0;0;6;REJETEE;volume observe 9.5 < 15
Pays-Bas;nl_ovapi;Wolvega;nl_ovapi|wolvega@52.88,6.00;13.7;9.5;30;68.4;94.7;96.5;28.1;0;0;6;REJETEE;volume observe 9.5 < 15
Pays-Bas;nl_ovapi;Veenendaal Centrum;nl_ovapi|veenendaalcentrum@52.02,5.55;15.2;9.4;38;91.5;100;100;8.5;0;0;5;REJETEE;present 5 jours sur 6 , volume observe 9.4 < 15 , trop parfaite : aucun retard superieur a 5 min
Allemagne;de_gtfsde;;de_gtfsde|479553;70.3;9.3;87;83.8;91.9;97.3;13.5;0;0;4;REJETEE;identite non resolue , present 4 jours sur 6 , volume observe 9.3 < 15
France;fr_sncf;Mulhouse;fr_sncf|UIC87182063;47;9.3;80;64.3;83.9;87.5;23.2;0;0;6;REJETEE;volume observe 9.3 < 15
Allemagne;de_gtfsde;;de_gtfsde|45525;35;9.3;74;64.9;86.5;91.9;27;0;0;4;REJETEE;identite non resolue , present 4 jours sur 6 , volume observe 9.3 < 15
Allemagne;de_gtfsde;;de_gtfsde|503411;24.5;9.3;62;35.1;75.7;86.5;51.4;0;0;4;REJETEE;identite non resolue , present 4 jours sur 6 , volume observe 9.3 < 15
Allemagne;de_gtfsde;;de_gtfsde|273389;22.3;9.3;58;43.2;86.5;86.5;43.2;0;0;4;REJETEE;identite non resolue , present 4 jours sur 6 , volume observe 9.3 < 15
Allemagne;de_gtfsde;;de_gtfsde|483914;21.8;9.3;57;62.2;91.9;91.9;29.7;0;0;4;REJETEE;identite non resolue , present 4 jours sur 6 , volume observe 9.3 < 15
Allemagne;de_gtfsde;;de_gtfsde|37611;19.5;9.3;53;81.1;100;100;18.9;0;0;4;REJETEE;identite non resolue , present 4 jours sur 6 , volume observe 9.3 < 15 , trop parfaite : aucun retard superieur a 5 min
Pays-Bas;nl_ovapi;Purmerend;nl_ovapi|purmerend@52.50,4.95;17.5;9.3;47;66.1;94.6;96.4;30.4;0.5;0;6;REJETEE;volume observe 9.3 < 15
Allemagne;de_gtfsde;;de_gtfsde|504367;16.5;9.3;44;64.9;100;100;35.1;0;0;4;REJETEE;identite non resolue , present 4 jours sur 6 , volume observe 9.3 < 15 , trop parfaite : aucun retard superieur a 5 min
Etats-Unis;us_mbta;Islington;us_mbta|islington@42.22,-71.18;16.3;9.3;43;100;100;100;0;0;0;6;REJETEE;volume observe 9.3 < 15 , trop parfaite : 100 % a moins de 60 s
Allemagne;de_gtfsde;;de_gtfsde|515015;15.3;9.3;39;54.1;81.1;91.9;37.8;0;0;4;REJETEE;identite non resolue , present 4 jours sur 6 , volume observe 9.3 < 15
Allemagne;de_gtfsde;;de_gtfsde|306807;14.5;9.3;36;70.3;94.6;97.3;27;0;0;4;REJETEE;identite non resolue , present 4 jours sur 6 , volume observe 9.3 < 15
Allemagne;de_gtfsde;;de_gtfsde|309410;14.5;9.3;36;35.1;62.2;70.3;35.1;0;0;4;REJETEE;identite non resolue , present 4 jours sur 6 , volume observe 9.3 < 15
Etats-Unis;us_mta_lirr;;us_mta_lirr|124;13.8;9.3;33;40.5;91.9;100;59.5;0;0;4;REJETEE;identite non resolue , present 4 jours sur 6 , volume observe 9.3 < 15
Etats-Unis;us_mta_lirr;;us_mta_lirr|85;13.8;9.3;33;40.5;89.2;100;59.5;0;0;4;REJETEE;identite non resolue , present 4 jours sur 6 , volume observe 9.3 < 15
Etats-Unis;us_mbta;Canton Center;us_mbta|cantoncenter@42.16,-71.15;10;9.3;7;100;100;100;0;0;0;4;REJETEE;present 4 jours sur 6 , volume observe 9.3 < 15 , trop parfaite : 100 % a moins de 60 s
France;fr_sncf;Beaulieu-sur-Mer;fr_sncf|UIC87756379;53.8;9.2;83;56.5;84.8;91.3;34.8;0.2;0.2;5;REJETEE;present 5 jours sur 6 , volume observe 9.2 < 15
France;fr_sncf;Montmélian;fr_sncf|UIC87741181;41.8;9.2;78;43.6;69.1;76.4;32.7;0.5;0.5;6;REJETEE;volume observe 9.2 < 15
Allemagne;de_gtfsde;Rollhofen;de_gtfsde|rollhofen@49.54,11.34;20.2;9.2;55;70.9;100;100;29.1;0;0;6;REJETEE;volume observe 9.2 < 15 , trop parfaite : aucun retard superieur a 5 min
Pays-Bas;nl_ovapi;Purmerend Weidevenne;nl_ovapi|purmerendweidevenne@52.50,4.94;17.5;9.2;48;65.5;94.5;96.4;30.9;0.5;0;6;REJETEE;volume observe 9.2 < 15
Allemagne;de_gtfsde;Brilon Wald, Bahnhof;de_gtfsde|brilonwaldbahnhof@51.35,8.58;16.4;9.2;44;78.3;91.3;100;21.7;0;0;5;REJETEE;present 5 jours sur 6 , volume observe 9.2 < 15
Allemagne;de_gtfsde;Norsingen Bahnhof;de_gtfsde|norsingenbahnhof@47.94,7.73;13.4;9.2;31;56.5;91.3;95.7;39.1;0;0;5;REJETEE;present 5 jours sur 6 , volume observe 9.2 < 15
France;fr_sncf;Aix-les-Bains le Revard;fr_sncf|UIC87741132;51.7;9;83;53.7;72.2;83.3;29.6;1;0.33;6;REJETEE;volume observe 9.0 < 15
Etats-Unis;us_mta_mnr;;us_mta_mnr|155;51.3;9;82;25.9;75.9;88.9;63;0;0;6;REJETEE;identite non resolue , volume observe 9.0 < 15
France;fr_sncf;Biganos Facture;fr_sncf|UIC87582478;32.2;9;72;44.4;83.3;92.6;48.1;8.5;5.5;6;REJETEE;volume observe 9.0 < 15
France;fr_sncf;Clermont-Ferrand;fr_sncf|UIC87734004;30.7;9;71;88.9;94.4;96.3;7.4;0;0;6;REJETEE;volume observe 9.0 < 15
Allemagne;de_gtfsde;;de_gtfsde|291767;24.8;9;64;47.2;91.7;97.2;50;0;0;4;REJETEE;identite non resolue , present 4 jours sur 6 , volume observe 9.0 < 15
Allemagne;de_gtfsde;;de_gtfsde|427535;24.8;9;64;61.1;88.9;91.7;30.6;0;0;4;REJETEE;identite non resolue , present 4 jours sur 6 , volume observe 9.0 < 15
Allemagne;de_gtfsde;;de_gtfsde|101590;24.5;9;63;58.3;86.1;91.7;33.3;0;0;4;REJETEE;identite non resolue , present 4 jours sur 6 , volume observe 9.0 < 15
Etats-Unis;us_mta_mnr;;us_mta_mnr|97;24;9;63;51.9;98.1;100;48.1;0;0;6;REJETEE;identite non resolue , volume observe 9.0 < 15 , ponctualite 98 % > 98 %
Etats-Unis;us_mta_mnr;;us_mta_mnr|100;24;9;63;48.1;98.1;100;51.9;0;0;6;REJETEE;identite non resolue , volume observe 9.0 < 15 , ponctualite 98 % > 98 %
Allemagne;de_gtfsde;;de_gtfsde|237021;20;9;55;58.3;88.9;94.4;36.1;0;0;4;REJETEE;identite non resolue , present 4 jours sur 6 , volume observe 9.0 < 15
Allemagne;de_gtfsde;;de_gtfsde|168036;18.3;9;51;50;83.3;94.4;44.4;0;0;4;REJETEE;identite non resolue , present 4 jours sur 6 , volume observe 9.0 < 15
Etats-Unis;us_mbta;Mansfield;us_mbta|mansfield@42.03,-71.22;18;9;50;100;100;100;0;0;0;6;REJETEE;volume observe 9.0 < 15 , trop parfaite : 100 % a moins de 60 s
France;fr_sncf;Le Méridien La Ferrière;fr_sncf|UIC87721522;17.8;9;49;60;80;88.9;28.9;0;0;5;REJETEE;present 5 jours sur 6 , volume observe 9.0 < 15
France;fr_sncf;Tassin-le-Baraillon;fr_sncf|UIC87698738;17.8;9;49;13.3;86.7;91.1;77.8;0;0;5;REJETEE;present 5 jours sur 6 , volume observe 9.0 < 15
Allemagne;de_gtfsde;;de_gtfsde|359138;17;9;47;58.3;94.4;97.2;38.9;0;0;4;REJETEE;identite non resolue , present 4 jours sur 6 , volume observe 9.0 < 15
Etats-Unis;us_mta_lirr;;us_mta_lirr|40;16.6;9;46;48.9;77.8;100;51.1;0;0;5;REJETEE;identite non resolue , present 5 jours sur 6 , volume observe 9.0 < 15
Allemagne;de_gtfsde;Feldkirch;de_gtfsde|feldkirch@47.24,9.60;16.3;9;45;58.3;80.6;94.4;36.1;0;0;4;REJETEE;present 4 jours sur 6 , volume observe 9.0 < 15
Allemagne;de_gtfsde;;de_gtfsde|424322;15.5;9;42;47.2;61.1;86.1;38.9;0;0;4;REJETEE;identite non resolue , present 4 jours sur 6 , volume observe 9.0 < 15
Allemagne;de_gtfsde;;de_gtfsde|559728;15.5;9;42;38.9;75;88.9;50;0;0;4;REJETEE;identite non resolue , present 4 jours sur 6 , volume observe 9.0 < 15
Allemagne;de_gtfsde;;de_gtfsde|509138;14.8;9;39;8.3;52.8;86.1;77.8;0;0;4;REJETEE;identite non resolue , present 4 jours sur 6 , volume observe 9.0 < 15 , ponctualite 53 % < 60 %
Allemagne;de_gtfsde;;de_gtfsde|66334;14.3;9;37;13.9;38.9;50;36.1;0;0;4;REJETEE;identite non resolue , present 4 jours sur 6 , volume observe 9.0 < 15 , ponctualite 39 % < 60 %
Pays-Bas;nl_ovapi;Kampen;nl_ovapi|kampen@52.56,5.92;14.3;9;37;100;100;100;0;0;0;4;REJETEE;present 4 jours sur 6 , volume observe 9.0 < 15 , trop parfaite : 100 % a moins de 60 s
Allemagne;de_gtfsde;Handeloh;de_gtfsde|handeloh@53.24,9.84;14;9;36;55.6;84.4;91.1;35.6;0;0;5;REJETEE;present 5 jours sur 6 , volume observe 9.0 < 15
Allemagne;de_gtfsde;;de_gtfsde|648069;13.5;9;33;22.2;63.9;97.2;75;0;0;4;REJETEE;identite non resolue , present 4 jours sur 6 , volume observe 9.0 < 15
France;fr_sncf;Lyon-Saint-Paul Quai de Bondy;fr_sncf|UIC87698332;13.4;9;33;100;100;100;0;0;0;5;REJETEE;present 5 jours sur 6 , volume observe 9.0 < 15 , trop parfaite : 100 % a moins de 60 s
Pays-Bas;nl_ovapi;Almere Buiten;nl_ovapi|almerebuiten@52.39,5.28;77;8.8;89;54.3;97.1;100;45.7;0.75;0;4;REJETEE;present 4 jours sur 6 , volume observe 8.8 < 15
Allemagne;de_gtfsde;Knittlingen-Kleinvillars;de_gtfsde|knittlingenkleinvillars@48.99,8.74;27.3;8.8;68;85.7;100;100;14.3;0;0;4;REJETEE;present 4 jours sur 6 , volume observe 8.8 < 15 , trop parfaite : aucun retard superieur a 5 min
France;fr_sncf;Lille Europe;fr_sncf|UIC87223263;27;8.8;68;51.4;71.4;82.9;31.4;0;0.25;4;REJETEE;present 4 jours sur 6 , volume observe 8.8 < 15
Australie;au_translink_seq;Rosewood station;au_translink_seq|rosewoodstation@-27.64,152.59;23.3;8.8;62;79.2;100;100;20.8;0;0;6;REJETEE;volume observe 8.8 < 15 , trop parfaite : aucun retard superieur a 5 min
Allemagne;de_gtfsde;Taben, Bahnhof;de_gtfsde|tabenbahnhof@49.55,6.60;23.2;8.8;62;68.2;90.9;95.5;27.3;0;0;5;REJETEE;present 5 jours sur 6 , volume observe 8.8 < 15
Allemagne;de_gtfsde;Iserl., Letmathe Bf;de_gtfsde|iserlletmathebf@51.36,7.62;20.2;8.8;56;61.4;81.8;90.9;29.5;0;0;5;REJETEE;present 5 jours sur 6 , volume observe 8.8 < 15
Allemagne;de_gtfsde;;de_gtfsde|363441;19.3;8.8;55;77.1;94.3;97.1;20;0;0;4;REJETEE;identite non resolue , present 4 jours sur 6 , volume observe 8.8 < 15
Pays-Bas;nl_ovapi;Enschede Kennispark;nl_ovapi|enschedekennispark@52.24,6.84;18.5;8.8;52;60.4;94.3;100;39.6;0;0;6;REJETEE;volume observe 8.8 < 15
Allemagne;de_gtfsde;;de_gtfsde|211196;18;8.8;51;37.1;77.1;82.9;45.7;0;0;4;REJETEE;identite non resolue , present 4 jours sur 6 , volume observe 8.8 < 15
France;fr_sncf;Charbonnières-les-Bains;fr_sncf|UIC87721530;17.8;8.8;51;59.1;81.8;88.6;29.5;0;0;5;REJETEE;present 5 jours sur 6 , volume observe 8.8 < 15
Etats-Unis;us_mta_lirr;;us_mta_lirr|179;17.2;8.8;49;45.5;93.2;97.7;52.3;0.6;0;5;REJETEE;identite non resolue , present 5 jours sur 6 , volume observe 8.8 < 15
Etats-Unis;us_mbta;Dedham Corporate Center;us_mbta|dedhamcorporatecenter@42.23,-71.17;16.5;8.8;46;100;100;100;0;0;0;6;REJETEE;volume observe 8.8 < 15 , trop parfaite : 100 % a moins de 60 s
Pays-Bas;nl_ovapi;Sneek Noord;nl_ovapi|sneeknoord@53.04,5.66;16;8.8;45;65.7;100;100;34.3;0;0;4;REJETEE;present 4 jours sur 6 , volume observe 8.8 < 15 , trop parfaite : aucun retard superieur a 5 min
Allemagne;de_gtfsde;;de_gtfsde|63811;15.3;8.8;43;45.7;74.3;85.7;40;0;0;4;REJETEE;identite non resolue , present 4 jours sur 6 , volume observe 8.8 < 15
Allemagne;de_gtfsde;;de_gtfsde|32630;15;8.8;42;45.7;77.1;94.3;48.6;0;0;4;REJETEE;identite non resolue , present 4 jours sur 6 , volume observe 8.8 < 15
Etats-Unis;us_mbta;Forest Hills;us_mbta|foresthills@42.30,-71.11;14.8;8.8;41;100;100;100;0;0;0;4;REJETEE;present 4 jours sur 6 , volume observe 8.8 < 15 , trop parfaite : 100 % a moins de 60 s
Allemagne;de_gtfsde;;de_gtfsde|64748;14;8.8;38;37.1;85.7;94.3;57.1;0;0;4;REJETEE;identite non resolue , present 4 jours sur 6 , volume observe 8.8 < 15
Allemagne;de_gtfsde;;de_gtfsde|410758;13.8;8.8;36;54.3;71.4;80;25.7;0;0;4;REJETEE;identite non resolue , present 4 jours sur 6 , volume observe 8.8 < 15
Allemagne;de_gtfsde;;de_gtfsde|474117;13.5;8.8;35;91.4;100;100;8.6;0;0;4;REJETEE;identite non resolue , present 4 jours sur 6 , volume observe 8.8 < 15 , trop parfaite : aucun retard superieur a 5 min
Allemagne;de_gtfsde;;de_gtfsde|262633;11.8;8.8;26;14.3;60;97.1;82.9;0;0;4;REJETEE;identite non resolue , present 4 jours sur 6 , volume observe 8.8 < 15
Pays-Bas;nl_ovapi;Voorhout;nl_ovapi|voorhout@52.22,4.48;26.2;8.7;67;75;96.2;96.2;21.2;0;0;6;REJETEE;volume observe 8.7 < 15
Etats-Unis;us_mta_mnr;;us_mta_mnr|176;23;8.7;62;50;98.1;100;50;0;0;6;REJETEE;identite non resolue , volume observe 8.7 < 15 , ponctualite 98 % > 98 %
France;fr_sncf;Pessac;fr_sncf|UIC87581751;33.4;8.6;74;46.5;86;93;46.5;10;4.2;5;REJETEE;present 5 jours sur 6 , volume observe 8.6 < 15
France;fr_sncf;L'Arbresle;fr_sncf|UIC87721431;27.4;8.6;69;81.4;95.3;95.3;14;0;0;5;REJETEE;present 5 jours sur 6 , volume observe 8.6 < 15
France;fr_sncf;Casino Lacroix Laval;fr_sncf|UIC87208553;17.8;8.6;52;55.8;81.4;88.4;32.6;0;0;5;REJETEE;present 5 jours sur 6 , volume observe 8.6 < 15
Allemagne;de_gtfsde;Bingen-Gaulsheim;de_gtfsde|bingengaulsheim@49.97,7.95;16.2;8.6;47;23.3;65.1;90.7;67.4;0;0;5;REJETEE;present 5 jours sur 6 , volume observe 8.6 < 15
Allemagne;de_gtfsde;Dortmund Kirchderne Bf;de_gtfsde|dortmundkirchdernebf@51.55,7.51;12;8.6;28;25.6;65.1;81.4;55.8;0;0;5;REJETEE;present 5 jours sur 6 , volume observe 8.6 < 15
France;fr_sncf;Le Mans;fr_sncf|UIC87396002;55.7;8.5;85;54.9;76.5;84.3;29.4;0.67;0;6;REJETEE;volume observe 8.5 < 15
France;fr_sncf;Saint-Étienne Châteaucreux;fr_sncf|UIC87726000;42;8.5;80;86.3;96.1;98;11.8;0.5;0;6;REJETEE;volume observe 8.5 < 15
Etats-Unis;us_mta_mnr;;us_mta_mnr|101;24;8.5;65;49;98;100;51;0;0;6;REJETEE;identite non resolue , volume observe 8.5 < 15 , ponctualite 98 % > 98 %
Allemagne;de_gtfsde;;de_gtfsde|47738;21.8;8.5;61;55.9;82.4;82.4;26.5;0;0;4;REJETEE;identite non resolue , present 4 jours sur 6 , volume observe 8.5 < 15
Allemagne;de_gtfsde;;de_gtfsde|388345;21.5;8.5;60;79.4;100;100;20.6;0;0;4;REJETEE;identite non resolue , present 4 jours sur 6 , volume observe 8.5 < 15 , trop parfaite : aucun retard superieur a 5 min
Etats-Unis;us_mta_mnr;;us_mta_mnr|165;21.3;8.5;60;33.3;90.2;98;64.7;0;0;6;REJETEE;identite non resolue , volume observe 8.5 < 15
Allemagne;de_gtfsde;;de_gtfsde|135066;21.3;8.5;60;47.1;73.5;79.4;32.4;0;0;4;REJETEE;identite non resolue , present 4 jours sur 6 , volume observe 8.5 < 15
Allemagne;de_gtfsde;;de_gtfsde|193337;19.5;8.5;56;58.8;88.2;91.2;32.4;0;0;4;REJETEE;identite non resolue , present 4 jours sur 6 , volume observe 8.5 < 15
Allemagne;de_gtfsde;Baltersweiler;de_gtfsde|baltersweiler@49.49,7.17;18.2;8.5;53;49;88.2;96.1;47.1;0;0;6;REJETEE;volume observe 8.5 < 15
Allemagne;de_gtfsde;;de_gtfsde|499594;18;8.5;53;94.1;97.1;100;5.9;0;0;4;REJETEE;identite non resolue , present 4 jours sur 6 , volume observe 8.5 < 15
Etats-Unis;us_mbta;Norwood Depot;us_mbta|norwooddepot@42.20,-71.20;16.8;8.5;50;100;100;100;0;0;0;6;REJETEE;volume observe 8.5 < 15 , trop parfaite : 100 % a moins de 60 s
Etats-Unis;us_mbta;Endicott;us_mbta|endicott@42.23,-71.16;16.3;8.5;48;100;100;100;0;0;0;6;REJETEE;volume observe 8.5 < 15 , trop parfaite : 100 % a moins de 60 s
Allemagne;de_gtfsde;;de_gtfsde|609803;15.8;8.5;46;50;76.5;82.4;32.4;0;0;4;REJETEE;identite non resolue , present 4 jours sur 6 , volume observe 8.5 < 15
Allemagne;de_gtfsde;;de_gtfsde|286293;14;8.5;39;35.3;64.7;82.4;47.1;0;0;4;REJETEE;identite non resolue , present 4 jours sur 6 , volume observe 8.5 < 15
Allemagne;de_gtfsde;;de_gtfsde|560179;12.5;8.5;32;61.8;97.1;97.1;35.3;0;0;4;REJETEE;identite non resolue , present 4 jours sur 6 , volume observe 8.5 < 15
France;fr_sncf;Nice Riquier;fr_sncf|UIC87756353;53.8;8.4;84;52.4;83.3;90.5;38.1;0.2;0.2;5;REJETEE;present 5 jours sur 6 , volume observe 8.4 < 15
France;fr_sncf;Villefranche-sur-Mer;fr_sncf|UIC87756361;53.8;8.4;84;54.8;83.3;90.5;35.7;0.2;0.2;5;REJETEE;present 5 jours sur 6 , volume observe 8.4 < 15
Pays-Bas;nl_ovapi;Heino;nl_ovapi|heino@52.43,6.22;14.6;8.4;42;81;97.6;100;19;0;0;5;REJETEE;present 5 jours sur 6 , volume observe 8.4 < 15
Allemagne;de_gtfsde;Mergelstetten Bahnhof;de_gtfsde|mergelstettenbahnhof@48.65,10.16;12.8;8.4;34;54.8;81;83.3;28.6;0;0;5;REJETEE;present 5 jours sur 6 , volume observe 8.4 < 15
France;fr_sncf;Sélestat;fr_sncf|UIC87214056;50.3;8.3;84;78.8;93.9;93.9;15.2;0;0;4;REJETEE;present 4 jours sur 6 , volume observe 8.3 < 15
France;fr_sncf;Juan les Pins;fr_sncf|UIC87757666;45.8;8.3;82;54;86;88;34;1.17;0.33;6;REJETEE;volume observe 8.3 < 15
France;fr_sncf;Creil;fr_sncf|UIC87276006;34.5;8.3;76;90;96;96;6;0.83;0.17;6;REJETEE;volume observe 8.3 < 15
Allemagne;de_gtfsde;;de_gtfsde|85585;32.8;8.3;75;51.5;87.9;93.9;42.4;0;0;4;REJETEE;identite non resolue , present 4 jours sur 6 , volume observe 8.3 < 15
France;fr_sncf;Mouans-Sartoux;fr_sncf|UIC87401323;32.8;8.3;75;75.8;93.9;97;21.2;0;0;4;REJETEE;present 4 jours sur 6 , volume observe 8.3 < 15
Allemagne;de_gtfsde;;de_gtfsde|345621;26.5;8.3;69;39.4;57.6;69.7;30.3;0;0;4;REJETEE;identite non resolue , present 4 jours sur 6 , volume observe 8.3 < 15 , ponctualite 58 % < 60 %
Etats-Unis;us_mta_mnr;;us_mta_mnr|177;23;8.3;64;52;98;100;48;0;0;6;REJETEE;identite non resolue , volume observe 8.3 < 15
Allemagne;de_gtfsde;Potsdam, Park Sanssouci Bhf;de_gtfsde|potsdamparksanssoucibhf@52.39,13.02;21.3;8.3;61;66.7;84.8;87.9;21.2;0;0;4;REJETEE;present 4 jours sur 6 , volume observe 8.3 < 15
Allemagne;de_gtfsde;;de_gtfsde|667932;20;8.3;59;42.4;84.8;97;54.5;0;0;4;REJETEE;identite non resolue , present 4 jours sur 6 , volume observe 8.3 < 15
Allemagne;de_gtfsde;;de_gtfsde|213946;20;8.3;59;48.5;78.8;97;48.5;0;0;4;REJETEE;identite non resolue , present 4 jours sur 6 , volume observe 8.3 < 15
Etats-Unis;us_mbta;Ashland;us_mbta|ashland@42.26,-71.48;15.8;8.3;47;100;100;100;0;0;0;6;REJETEE;volume observe 8.3 < 15 , trop parfaite : 100 % a moins de 60 s
Pays-Bas;nl_ovapi;Mantgum;nl_ovapi|mantgum@53.13,5.71;15.8;8.3;48;60.6;100;100;39.4;0;0;4;REJETEE;present 4 jours sur 6 , volume observe 8.3 < 15 , trop parfaite : aucun retard superieur a 5 min
Etats-Unis;us_mbta;Natick Center;us_mbta|natickcenter@42.29,-71.35;15.2;8.3;45;100;100;100;0;0;0;6;REJETEE;volume observe 8.3 < 15 , trop parfaite : 100 % a moins de 60 s
Allemagne;de_gtfsde;;de_gtfsde|360354;15;8.3;45;93.9;100;100;6.1;0;0;4;REJETEE;identite non resolue , present 4 jours sur 6 , volume observe 8.3 < 15 , trop parfaite : aucun retard superieur a 5 min
Pays-Bas;nl_ovapi;Raalte;nl_ovapi|raalte@52.39,6.28;14.3;8.3;42;70;100;100;30;0;0;6;REJETEE;volume observe 8.3 < 15 , trop parfaite : aucun retard superieur a 5 min
Allemagne;de_gtfsde;;de_gtfsde|357178;13.5;8.3;39;57.6;75.8;87.9;30.3;0;0;4;REJETEE;identite non resolue , present 4 jours sur 6 , volume observe 8.3 < 15
Etats-Unis;us_mbta;Hyde Park;us_mbta|hydepark@42.26,-71.13;11.8;8.3;30;100;100;100;0;0;0;6;REJETEE;volume observe 8.3 < 15 , trop parfaite : 100 % a moins de 60 s
Allemagne;de_gtfsde;;de_gtfsde|180907;11.8;8.3;30;15.2;60.6;93.9;78.8;0;0;4;REJETEE;identite non resolue , present 4 jours sur 6 , volume observe 8.3 < 15
Allemagne;de_gtfsde;;de_gtfsde|69983;11.3;8.3;27;18.2;87.9;97;78.8;0;0;4;REJETEE;identite non resolue , present 4 jours sur 6 , volume observe 8.3 < 15
Pays-Bas;nl_ovapi;Dalen;nl_ovapi|dalen@52.69,6.76;11.2;8.3;25;22;98;100;78;0.17;0;6;REJETEE;volume observe 8.3 < 15
Allemagne;de_gtfsde;;de_gtfsde|117294;11;8.3;25;57.6;90.9;100;42.4;0;0;4;REJETEE;identite non resolue , present 4 jours sur 6 , volume observe 8.3 < 15
France;fr_sncf;La Tour-de-Salvagny Hippodrome;fr_sncf|UIC87698316;17.8;8.2;54;46.3;75.6;87.8;41.5;0;0;5;REJETEE;present 5 jours sur 6 , volume observe 8.2 < 15
Pays-Bas;nl_ovapi;Nijverdal;nl_ovapi|nijverdal@52.37,6.47;14.3;8.2;43;93.9;98;100;6.1;0;0;6;REJETEE;volume observe 8.2 < 15
Etats-Unis;us_mta_lirr;;us_mta_lirr|198;11.2;8.2;27;22;68.3;87.8;65.9;0.4;0;5;REJETEE;identite non resolue , present 5 jours sur 6 , volume observe 8.2 < 15
France;fr_sncf;Saint-Pierre-des-Corps;fr_sncf|UIC87571240;44.3;8;82;56.3;81.3;83.3;27.1;1;0;6;REJETEE;volume observe 8.0 < 15
France;fr_sncf;Grasse;fr_sncf|UIC87757724;32.8;8;76;87.5;100;100;12.5;0;0.25;4;REJETEE;present 4 jours sur 6 , volume observe 8.0 < 15 , trop parfaite : aucun retard superieur a 5 min
France;fr_sncf;Vienne;fr_sncf|UIC87722587;30.3;8;74;60.4;77.1;81.3;20.8;0.33;1.17;6;REJETEE;volume observe 8.0 < 15
France;fr_sncf;Aix-en-Provence TGV;fr_sncf|UIC87319012;23.3;8;66;47.9;66.7;77.1;29.2;0;0.17;6;REJETEE;volume observe 8.0 < 15
Allemagne;de_gtfsde;;de_gtfsde|98278;21.8;8;63;62.5;84.4;87.5;25;0;0;4;REJETEE;identite non resolue , present 4 jours sur 6 , volume observe 8.0 < 15
Allemagne;de_gtfsde;;de_gtfsde|514869;18.8;8;57;50;84.4;93.8;43.8;0;0;4;REJETEE;identite non resolue , present 4 jours sur 6 , volume observe 8.0 < 15
France;fr_sncf;Sain-Bel;fr_sncf|UIC87721605;17.8;8;55;80;87.5;92.5;12.5;0;0;5;REJETEE;present 5 jours sur 6 , volume observe 8.0 < 15
France;fr_sncf;La Tour-de-Salvagny Centre;fr_sncf|UIC87698324;17.8;8;55;42.5;75;87.5;45;0;0;5;REJETEE;present 5 jours sur 6 , volume observe 8.0 < 15
Allemagne;de_gtfsde;;de_gtfsde|327528;17.3;8;54;43.8;71.9;87.5;43.8;0;0;4;REJETEE;identite non resolue , present 4 jours sur 6 , volume observe 8.0 < 15
Pays-Bas;nl_ovapi;Almelo de Riet;nl_ovapi|almeloderiet@52.34,6.67;17;8;53;81.3;97.9;100;18.8;0;0;6;REJETEE;volume observe 8.0 < 15
Allemagne;de_gtfsde;;de_gtfsde|589763;16.3;8;51;43.8;68.8;87.5;43.8;0;0;4;REJETEE;identite non resolue , present 4 jours sur 6 , volume observe 8.0 < 15
Pays-Bas;nl_ovapi;Rhenen;nl_ovapi|rhenen@51.96,5.58;15.4;8;48;87.5;100;100;12.5;0;0;5;REJETEE;present 5 jours sur 6 , volume observe 8.0 < 15 , trop parfaite : aucun retard superieur a 5 min
Allemagne;de_gtfsde;;de_gtfsde|372831;13.8;8;42;62.5;96.9;100;37.5;0;0;4;REJETEE;identite non resolue , present 4 jours sur 6 , volume observe 8.0 < 15
Allemagne;de_gtfsde;;de_gtfsde|296219;13.3;8;40;59.4;71.9;84.4;25;0;0;4;REJETEE;identite non resolue , present 4 jours sur 6 , volume observe 8.0 < 15
Allemagne;de_gtfsde;;de_gtfsde|634045;11.8;8;32;31.3;65.6;93.8;62.5;0;0;4;REJETEE;identite non resolue , present 4 jours sur 6 , volume observe 8.0 < 15
Pays-Bas;nl_ovapi;Kerkrade Centrum;nl_ovapi|kerkradecentrum@50.86,6.06;11;8;27;93.8;100;100;6.3;0;0;4;REJETEE;present 4 jours sur 6 , volume observe 8.0 < 15 , trop parfaite : aucun retard superieur a 5 min
Etats-Unis;us_mbta;West Roxbury;us_mbta|westroxbury@42.28,-71.16;10.8;8;26;100;100;100;0;0;0;4;REJETEE;present 4 jours sur 6 , volume observe 8.0 < 15 , trop parfaite : 100 % a moins de 60 s
Allemagne;de_gtfsde;Ramsbach Birkhof;de_gtfsde|ramsbachbirkhof@48.49,8.15;71.2;7.8;89;76.9;87.2;87.2;10.3;0;0;5;REJETEE;present 5 jours sur 6 , volume observe 7.8 < 15
Allemagne;de_gtfsde;;de_gtfsde|347805;27.8;7.8;72;71;96.8;96.8;25.8;0;0;4;REJETEE;identite non resolue , present 4 jours sur 6 , volume observe 7.8 < 15
Allemagne;de_gtfsde;;de_gtfsde|279346;21.8;7.8;64;51.6;87.1;96.8;45.2;0;0;4;REJETEE;identite non resolue , present 4 jours sur 6 , volume observe 7.8 < 15
Allemagne;de_gtfsde;;de_gtfsde|318031;19.8;7.8;61;58.1;77.4;87.1;29;0;0;4;REJETEE;identite non resolue , present 4 jours sur 6 , volume observe 7.8 < 15
Etats-Unis;us_mbta;Campello;us_mbta|campello@42.06,-71.01;19.4;7.8;60;100;100;100;0;0;0;5;REJETEE;present 5 jours sur 6 , volume observe 7.8 < 15 , trop parfaite : 100 % a moins de 60 s
Etats-Unis;us_mbta;Holbrook/Randolph;us_mbta|holbrookrandolph@42.16,-71.03;19;7.8;59;100;100;100;0;0;0;5;REJETEE;present 5 jours sur 6 , volume observe 7.8 < 15 , trop parfaite : 100 % a moins de 60 s
Allemagne;de_gtfsde;;de_gtfsde|249717;16.8;7.8;54;80.6;100;100;19.4;0;0;4;REJETEE;identite non resolue , present 4 jours sur 6 , volume observe 7.8 < 15 , trop parfaite : aucun retard superieur a 5 min
Allemagne;de_gtfsde;;de_gtfsde|638132;14.8;7.8;47;51.6;90.3;96.8;45.2;0;0;4;REJETEE;identite non resolue , present 4 jours sur 6 , volume observe 7.8 < 15
Etats-Unis;us_mbta;Chelsea;us_mbta|chelsea@42.40,-71.04;14.5;7.8;47;100;100;100;0;0;0;4;REJETEE;present 4 jours sur 6 , volume observe 7.8 < 15 , trop parfaite : 100 % a moins de 60 s
Allemagne;de_gtfsde;;de_gtfsde|350930;13.8;7.8;44;51.6;74.2;80.6;29;0;0;4;REJETEE;identite non resolue , present 4 jours sur 6 , volume observe 7.8 < 15
Allemagne;de_gtfsde;;de_gtfsde|519135;12.5;7.8;38;38.7;67.7;77.4;38.7;0;0;4;REJETEE;identite non resolue , present 4 jours sur 6 , volume observe 7.8 < 15
Allemagne;de_gtfsde;;de_gtfsde|523784;11.8;7.8;34;48.4;71;96.8;48.4;0;0;4;REJETEE;identite non resolue , present 4 jours sur 6 , volume observe 7.8 < 15
Allemagne;de_gtfsde;Herrnburg Bahnhof;de_gtfsde|herrnburgbahnhof@53.84,10.76;11.3;7.8;31;38.7;93.5;93.5;54.8;0;0;4;REJETEE;present 4 jours sur 6 , volume observe 7.8 < 15
Pays-Bas;nl_ovapi;Gramsbergen;nl_ovapi|gramsbergen@52.61,6.68;11.2;7.8;30;44.7;97.9;100;55.3;0.17;0;6;REJETEE;volume observe 7.8 < 15
Allemagne;de_gtfsde;;de_gtfsde|661323;10.5;7.8;26;3.2;25.8;54.8;51.6;0;0;4;REJETEE;identite non resolue , present 4 jours sur 6 , volume observe 7.8 < 15 , ponctualite 26 % < 60 %
Etats-Unis;us_mbta;Hersey;us_mbta|hersey@42.28,-71.22;10.5;7.8;26;100;100;100;0;0;0;4;REJETEE;present 4 jours sur 6 , volume observe 7.8 < 15 , trop parfaite : 100 % a moins de 60 s
Etats-Unis;us_mta_lirr;;us_mta_lirr|140;10.5;7.8;26;25.8;71;90.3;64.5;0.5;0;4;REJETEE;identite non resolue , present 4 jours sur 6 , volume observe 7.8 < 15
France;fr_sncf;Libourne;fr_sncf|UIC87584052;28.7;7.7;73;69.6;84.8;95.7;26.1;1.83;0.17;6;REJETEE;volume observe 7.7 < 15
Pays-Bas;nl_ovapi;Valkenburg;nl_ovapi|valkenburg@50.87,5.83;34.4;7.6;78;89.5;100;100;10.5;0;0;5;REJETEE;present 5 jours sur 6 , volume observe 7.6 < 15 , trop parfaite : aucun retard superieur a 5 min
France;fr_sncf;Chantilly - Gouvieux;fr_sncf|UIC87276113;23.4;7.6;68;63.2;86.8;94.7;31.6;0.4;0.2;5;REJETEE;present 5 jours sur 6 , volume observe 7.6 < 15
Etats-Unis;us_mbta;Lynn Interim;us_mbta|lynninterim@42.47,-70.94;12.6;7.6;40;100;100;100;0;0;0;5;REJETEE;present 5 jours sur 6 , volume observe 7.6 < 15 , trop parfaite : 100 % a moins de 60 s
Pays-Bas;nl_ovapi;Soest;nl_ovapi|soest@52.17,5.31;9.6;7.6;21;78.9;94.7;100;21.1;0;0;5;REJETEE;present 5 jours sur 6 , volume observe 7.6 < 15
Allemagne;de_gtfsde;;de_gtfsde|246709;28.3;7.5;73;36.7;60;73.3;36.7;0;0;4;REJETEE;identite non resolue , present 4 jours sur 6 , volume observe 7.5 < 15
Allemagne;de_gtfsde;;de_gtfsde|226154;22;7.5;66;50;80;90;40;0;0;4;REJETEE;identite non resolue , present 4 jours sur 6 , volume observe 7.5 < 15
Allemagne;de_gtfsde;;de_gtfsde|604800;21.3;7.5;65;46.7;66.7;80;33.3;0;0;4;REJETEE;identite non resolue , present 4 jours sur 6 , volume observe 7.5 < 15
Allemagne;de_gtfsde;;de_gtfsde|609323;21;7.5;64;56.7;93.3;100;43.3;0;0;4;REJETEE;identite non resolue , present 4 jours sur 6 , volume observe 7.5 < 15
Allemagne;de_gtfsde;;de_gtfsde|314369;19.3;7.5;61;56.7;73.3;90;33.3;0;0;4;REJETEE;identite non resolue , present 4 jours sur 6 , volume observe 7.5 < 15
Allemagne;de_gtfsde;;de_gtfsde|637449;17.3;7.5;57;63.3;96.7;96.7;33.3;0;0;4;REJETEE;identite non resolue , present 4 jours sur 6 , volume observe 7.5 < 15
Allemagne;de_gtfsde;;de_gtfsde|375162;17;7.5;56;73.3;90;100;26.7;0;0;4;REJETEE;identite non resolue , present 4 jours sur 6 , volume observe 7.5 < 15
Etats-Unis;us_mbta;Providence;us_mbta|providence@41.83,-71.41;16;7.5;53;100;100;100;0;0;0;6;REJETEE;volume observe 7.5 < 15 , trop parfaite : 100 % a moins de 60 s
Allemagne;de_gtfsde;;de_gtfsde|354371;15.5;7.5;52;40;76.7;93.3;53.3;0;0;4;REJETEE;identite non resolue , present 4 jours sur 6 , volume observe 7.5 < 15
Etats-Unis;us_mbta;Southborough;us_mbta|southborough@42.27,-71.52;15.3;7.5;51;100;100;100;0;0;0;6;REJETEE;volume observe 7.5 < 15 , trop parfaite : 100 % a moins de 60 s
Allemagne;de_gtfsde;;de_gtfsde|483019;13.8;7.5;45;56.7;83.3;86.7;30;0;0;4;REJETEE;identite non resolue , present 4 jours sur 6 , volume observe 7.5 < 15
Allemagne;de_gtfsde;;de_gtfsde|271001;13.5;7.5;44;70;100;100;30;0;0;4;REJETEE;identite non resolue , present 4 jours sur 6 , volume observe 7.5 < 15 , trop parfaite : aucun retard superieur a 5 min
Allemagne;de_gtfsde;;de_gtfsde|439968;11;7.5;32;56.7;83.3;93.3;36.7;0;0;4;REJETEE;identite non resolue , present 4 jours sur 6 , volume observe 7.5 < 15
Etats-Unis;us_mbta;Bellevue;us_mbta|bellevue@42.29,-71.15;10.3;7.5;27;100;100;100;0;0;0;4;REJETEE;present 4 jours sur 6 , volume observe 7.5 < 15 , trop parfaite : 100 % a moins de 60 s
Etats-Unis;us_mbta;Needham Center;us_mbta|needhamcenter@42.28,-71.24;10;7.5;25;100;100;100;0;0;0;4;REJETEE;present 4 jours sur 6 , volume observe 7.5 < 15 , trop parfaite : 100 % a moins de 60 s
France;fr_sncf;Caen;fr_sncf|UIC87444000;31.4;7.4;76;75.7;83.8;86.5;10.8;0;0;5;REJETEE;present 5 jours sur 6 , volume observe 7.4 < 15
France;fr_sncf;VENTIMIGLIA;fr_sncf|UIC83045013;29.2;7.4;75;45.9;56.8;73;27;0;0.4;5;REJETEE;present 5 jours sur 6 , volume observe 7.4 < 15 , ponctualite 57 % < 60 %
France;fr_sncf;Massy-Palaiseau;fr_sncf|UIC87393579;19.8;7.4;63;81.1;91.9;91.9;10.8;2.2;0.2;5;REJETEE;present 5 jours sur 6 , volume observe 7.4 < 15
Etats-Unis;us_mbta;Church Street;us_mbta|churchstreet@41.67,-70.94;10.8;7.4;31;100;100;100;0;0;0;5;REJETEE;present 5 jours sur 6 , volume observe 7.4 < 15 , trop parfaite : 100 % a moins de 60 s
Pays-Bas;nl_ovapi;Soest Zuid;nl_ovapi|soestzuid@52.17,5.30;9.6;7.4;23;45.9;97.3;100;54.1;0;0;5;REJETEE;present 5 jours sur 6 , volume observe 7.4 < 15
France;fr_sncf;Nice Saint-Augustin;fr_sncf|UIC87756254;45.8;7.3;84;59.1;86.4;93.2;34.1;1.17;0.33;6;REJETEE;volume observe 7.3 < 15
Allemagne;de_gtfsde;;de_gtfsde|380250;34.8;7.3;79;79.3;93.1;100;20.7;0;0;4;REJETEE;identite non resolue , present 4 jours sur 6 , volume observe 7.3 < 15
France;fr_sncf;Agde;fr_sncf|UIC87781278;28.2;7.3;74;29.5;54.5;59.1;29.5;0;0.5;6;REJETEE;volume observe 7.3 < 15 , ponctualite 55 % < 60 %
Australie;au_translink_seq;Thomas Street station;au_translink_seq|thomasstreetstation@-27.61,152.75;27.5;7.3;73;72.7;100;100;27.3;0;0;6;REJETEE;volume observe 7.3 < 15 , trop parfaite : aucun retard superieur a 5 min
Allemagne;de_gtfsde;Hodenhagen;de_gtfsde|hodenhagen@52.77,9.60;21;7.3;65;24.1;79.3;96.6;72.4;0;0;4;REJETEE;present 4 jours sur 6 , volume observe 7.3 < 15
Allemagne;de_gtfsde;;de_gtfsde|91051;19.8;7.3;63;55.2;89.7;96.6;41.4;0;0;4;REJETEE;identite non resolue , present 4 jours sur 6 , volume observe 7.3 < 15
Pays-Bas;nl_ovapi;Uithuizermeeden;nl_ovapi|uithuizermeeden@53.41,6.72;17.8;7.3;59;93.1;100;100;6.9;0;0;4;REJETEE;present 4 jours sur 6 , volume observe 7.3 < 15 , trop parfaite : aucun retard superieur a 5 min
Pays-Bas;nl_ovapi;Roodeschool;nl_ovapi|roodeschool@53.42,6.76;17.8;7.3;59;86.2;100;100;13.8;0;0;4;REJETEE;present 4 jours sur 6 , volume observe 7.3 < 15 , trop parfaite : aucun retard superieur a 5 min
Allemagne;de_gtfsde;Frankfurt (Oder), Bahnhof;de_gtfsde|frankfurtoderbahnhof@52.34,14.55;16.8;7.3;57;31;65.5;82.8;51.7;0;0;4;REJETEE;present 4 jours sur 6 , volume observe 7.3 < 15
Allemagne;de_gtfsde;;de_gtfsde|261318;16;7.3;55;44.8;79.3;82.8;37.9;0;0;4;REJETEE;identite non resolue , present 4 jours sur 6 , volume observe 7.3 < 15
Etats-Unis;us_mbta;Westborough;us_mbta|westborough@42.27,-71.65;15.5;7.3;53;100;100;100;0;0;0;6;REJETEE;volume observe 7.3 < 15 , trop parfaite : 100 % a moins de 60 s
Allemagne;de_gtfsde;;de_gtfsde|162744;15.3;7.3;52;41.4;69;75.9;34.5;0;0;4;REJETEE;identite non resolue , present 4 jours sur 6 , volume observe 7.3 < 15
Allemagne;de_gtfsde;;de_gtfsde|626165;13.8;7.3;47;17.2;58.6;75.9;58.6;0;0;4;REJETEE;identite non resolue , present 4 jours sur 6 , volume observe 7.3 < 15 , ponctualite 59 % < 60 %
Allemagne;de_gtfsde;;de_gtfsde|360498;12;7.3;40;51.7;82.8;89.7;37.9;0;0;4;REJETEE;identite non resolue , present 4 jours sur 6 , volume observe 7.3 < 15
Allemagne;de_gtfsde;Alte Veste;de_gtfsde|alteveste@49.45,10.97;11.3;7.3;36;69;89.7;96.6;27.6;0;0;4;REJETEE;present 4 jours sur 6 , volume observe 7.3 < 15
Etats-Unis;us_mbta;Needham Junction;us_mbta|needhamjunction@42.27,-71.24;10.5;7.3;31;100;100;100;0;0;0;4;REJETEE;present 4 jours sur 6 , volume observe 7.3 < 15 , trop parfaite : 100 % a moins de 60 s
Australie;au_translink_seq;;au_translink_seq|600187;7.8;7.3;6;89.7;96.6;96.6;6.9;0;0;4;REJETEE;identite non resolue , present 4 jours sur 6 , volume observe 7.3 < 15
France;fr_sncf;Cagnes-sur-Mer;fr_sncf|UIC87756320;45.8;7.2;84;60.5;86;93;32.6;1.17;0.33;6;REJETEE;volume observe 7.2 < 15
France;fr_sncf;Saint-Laurent-du-Var;fr_sncf|UIC87756346;45.8;7.2;84;55.8;86;93;37.2;1.17;0.33;6;REJETEE;volume observe 7.2 < 15
France;fr_sncf;La Verpillière;fr_sncf|UIC87723395;27.5;7.2;74;53.5;62.8;69.8;16.3;3.33;0;6;REJETEE;volume observe 7.2 < 15
France;fr_sncf;Dax;fr_sncf|UIC87673202;27.2;7.2;74;55.8;76.7;86;30.2;1.83;4.33;6;REJETEE;volume observe 7.2 < 15
Etats-Unis;us_mbta;Montello;us_mbta|montello@42.11,-71.02;19;7.2;62;100;100;100;0;0;0;5;REJETEE;present 5 jours sur 6 , volume observe 7.2 < 15 , trop parfaite : 100 % a moins de 60 s
Allemagne;de_gtfsde;Kraftsdorf;de_gtfsde|kraftsdorf@50.88,11.93;18.8;7.2;62;83.7;97.7;100;16.3;0;0;6;REJETEE;volume observe 7.2 < 15
Pays-Bas;nl_ovapi;Wezep;nl_ovapi|wezep@52.45,6.00;18.7;7.2;62;65.1;88.4;100;34.9;0;0;6;REJETEE;volume observe 7.2 < 15
France;fr_sncf;Lentilly Charpenay;fr_sncf|UIC87566919;17.8;7.2;60;41.7;83.3;88.9;47.2;0;0;5;REJETEE;present 5 jours sur 6 , volume observe 7.2 < 15
Pays-Bas;nl_ovapi;Soestdijk;nl_ovapi|soestdijk@52.18,5.30;9.6;7.2;25;44.4;94.4;100;55.6;0;0;5;REJETEE;present 5 jours sur 6 , volume observe 7.2 < 15
France;fr_sncf;Angers Saint-Laud;fr_sncf|UIC87484006;46;7;85;54.8;71.4;78.6;23.8;1.17;0;6;REJETEE;volume observe 7.0 < 15
France;fr_sncf;Molsheim;fr_sncf|UIC87214577;42.5;7;84;100;100;100;0;0;0;4;REJETEE;present 4 jours sur 6 , volume observe 7.0 < 15 , trop parfaite : 100 % a moins de 60 s
France;fr_sncf;Arras;fr_sncf|UIC87342014;42;7;83;67.9;89.3;100;32.1;0;0;4;REJETEE;present 4 jours sur 6 , volume observe 7.0 < 15
France;fr_sncf;Dijon;fr_sncf|UIC87713040;36.8;7;81;71.4;90.5;90.5;19;0.17;0.17;6;REJETEE;volume observe 7.0 < 15
France;fr_sncf;Perpignan;fr_sncf|UIC87784009;27.2;7;74;64.3;76.2;83.3;19;0.17;0;6;REJETEE;volume observe 7.0 < 15
Allemagne;de_gtfsde;;de_gtfsde|454911;25;7;72;64.3;92.9;96.4;32.1;0;0;4;REJETEE;identite non resolue , present 4 jours sur 6 , volume observe 7.0 < 15
Allemagne;de_gtfsde;;de_gtfsde|286311;21.3;7;67;42.9;64.3;78.6;35.7;0;0;4;REJETEE;identite non resolue , present 4 jours sur 6 , volume observe 7.0 < 15
Etats-Unis;us_mbta;Brockton;us_mbta|brockton@42.08,-71.02;19.6;7;64;100;100;100;0;0;0;5;REJETEE;present 5 jours sur 6 , volume observe 7.0 < 15 , trop parfaite : 100 % a moins de 60 s
Etats-Unis;us_mbta;Bridgewater;us_mbta|bridgewater@41.98,-70.97;19.4;7;64;100;100;100;0;0;0;5;REJETEE;present 5 jours sur 6 , volume observe 7.0 < 15 , trop parfaite : 100 % a moins de 60 s
Pays-Bas;nl_ovapi;Zaandam Kogerveld;nl_ovapi|zaandamkogerveld@52.46,4.82;17.5;7;60;59.5;95.2;97.6;38.1;0.5;0;6;REJETEE;volume observe 7.0 < 15
Allemagne;de_gtfsde;;de_gtfsde|273298;16.8;7;58;82.1;92.9;100;17.9;0;0;4;REJETEE;identite non resolue , present 4 jours sur 6 , volume observe 7.0 < 15
Allemagne;de_gtfsde;;de_gtfsde|553590;16.3;7;57;75;89.3;92.9;17.9;0;0;4;REJETEE;identite non resolue , present 4 jours sur 6 , volume observe 7.0 < 15
Etats-Unis;us_mbta;Grafton;us_mbta|grafton@42.25,-71.69;14.8;7;53;100;100;100;0;0;0;6;REJETEE;volume observe 7.0 < 15 , trop parfaite : 100 % a moins de 60 s
Pays-Bas;nl_ovapi;Zwolle Stadshagen;nl_ovapi|zwollestadshagen@52.53,6.05;14.3;7;51;100;100;100;0;0;0;4;REJETEE;present 4 jours sur 6 , volume observe 7.0 < 15 , trop parfaite : 100 % a moins de 60 s
Pays-Bas;nl_ovapi;Grou-Jirnsum;nl_ovapi|groujirnsum@53.09,5.82;13.7;7;49;61.9;92.9;97.6;35.7;0;0;6;REJETEE;volume observe 7.0 < 15
Allemagne;de_gtfsde;;de_gtfsde|650683;12.8;7;45;78.6;100;100;21.4;0;0;4;REJETEE;identite non resolue , present 4 jours sur 6 , volume observe 7.0 < 15 , trop parfaite : aucun retard superieur a 5 min
Pays-Bas;nl_ovapi;Dortmund Hbf;nl_ovapi|dortmundhbf@51.52,7.46;11.8;7;40;25;42.9;57.1;32.1;0.25;0;4;REJETEE;present 4 jours sur 6 , volume observe 7.0 < 15 , ponctualite 43 % < 60 %
Etats-Unis;us_mbta;Kingston;us_mbta|kingston@41.98,-70.72;10.4;7;33;100;100;100;0;0;0;5;REJETEE;present 5 jours sur 6 , volume observe 7.0 < 15 , trop parfaite : 100 % a moins de 60 s
France;fr_sncf;Amiens;fr_sncf|UIC87313874;44.3;6.8;85;81.5;96.3;96.3;14.8;0;0;4;REJETEE;present 4 jours sur 6 , volume observe 6.8 < 15
France;fr_sncf;Orléans;fr_sncf|UIC87543009;33.5;6.8;80;85.2;88.9;92.6;7.4;0.25;0;4;REJETEE;present 4 jours sur 6 , volume observe 6.8 < 15
France;fr_sncf;Miramas;fr_sncf|UIC87753004;28.8;6.8;76;70.7;87.8;92.7;22;0.5;0.17;6;REJETEE;volume observe 6.8 < 15
France;fr_sncf;Vitrolles Aéroport Marseille P;fr_sncf|UIC87439554;24.7;6.8;72;75.6;92.7;95.1;19.5;0.17;0.17;6;REJETEE;volume observe 6.8 < 15
Australie;au_translink_seq;Ascot station;au_translink_seq|ascotstation@-27.43,153.06;21.7;6.8;68;51.2;100;100;48.8;0;0;6;REJETEE;volume observe 6.8 < 15 , trop parfaite : aucun retard superieur a 5 min
Allemagne;de_gtfsde;;de_gtfsde|548300;21;6.8;68;37;66.7;85.2;48.1;0;0;4;REJETEE;identite non resolue , present 4 jours sur 6 , volume observe 6.8 < 15
France;fr_sncf;Gujan-Mestras;fr_sncf|UIC87582619;20;6.8;66;63;96.3;100;37;6.25;1;4;REJETEE;present 4 jours sur 6 , volume observe 6.8 < 15
France;fr_sncf;La Hume;fr_sncf|UIC87582635;20;6.8;66;66.7;92.6;96.3;29.6;6.25;1;4;REJETEE;present 4 jours sur 6 , volume observe 6.8 < 15
Allemagne;de_gtfsde;;de_gtfsde|476355;15.5;6.8;56;29.6;40.7;51.9;22.2;0;0;4;REJETEE;identite non resolue , present 4 jours sur 6 , volume observe 6.8 < 15 , ponctualite 41 % < 60 %
Etats-Unis;us_mbta;Wellesley Farms;us_mbta|wellesleyfarms@42.32,-71.27;14.7;6.8;53;100;100;100;0;0;0;6;REJETEE;volume observe 6.8 < 15 , trop parfaite : 100 % a moins de 60 s
Allemagne;de_gtfsde;Buseck-Großen-Buseck Bahnhof;de_gtfsde|buseckgroenbuseckbahnhof@50.61,8.78;14.4;6.8;53;41.2;91.2;100;58.8;0;0;5;REJETEE;present 5 jours sur 6 , volume observe 6.8 < 15
Etats-Unis;us_mbta;Wellesley Square;us_mbta|wellesleysquare@42.30,-71.29;14;6.8;51;100;100;100;0;0;0;6;REJETEE;volume observe 6.8 < 15 , trop parfaite : 100 % a moins de 60 s
Etats-Unis;us_mbta;Norfolk;us_mbta|norfolk@42.12,-71.33;13;6.8;48;100;100;100;0;0;0;5;REJETEE;present 5 jours sur 6 , volume observe 6.8 < 15 , trop parfaite : 100 % a moins de 60 s
Pays-Bas;nl_ovapi;Hannover Hbf;nl_ovapi|hannoverhbf@52.38,9.74;12.8;6.8;47;29.3;43.9;68.3;39;0;0;6;REJETEE;volume observe 6.8 < 15 , ponctualite 44 % < 60 %
Allemagne;de_gtfsde;Bad Sooden-Allendorf;de_gtfsde|badsoodenallendorf@51.27,9.97;12.8;6.8;47;74.1;92.6;100;25.9;0;0;4;REJETEE;present 4 jours sur 6 , volume observe 6.8 < 15
Allemagne;de_gtfsde;Graal-Müritz Koppelweg;de_gtfsde|graalmritzkoppelweg@54.25,12.24;12.4;6.8;45;41.2;82.4;97.1;55.9;0;0;5;REJETEE;present 5 jours sur 6 , volume observe 6.8 < 15
Allemagne;de_gtfsde;;de_gtfsde|136894;10.8;6.8;37;51.9;77.8;85.2;33.3;0;0;4;REJETEE;identite non resolue , present 4 jours sur 6 , volume observe 6.8 < 15
Allemagne;de_gtfsde;Mühlen(Oldb);de_gtfsde|mhlenoldb@52.62,8.21;10.3;6.8;34;26.8;56.1;68.3;41.5;0;0;6;REJETEE;volume observe 6.8 < 15 , ponctualite 56 % < 60 %
Allemagne;de_gtfsde;;de_gtfsde|532166;9.8;6.8;31;33.3;63;88.9;55.6;0;0;4;REJETEE;identite non resolue , present 4 jours sur 6 , volume observe 6.8 < 15
Etats-Unis;us_mta_mnr;;us_mta_mnr|157;51.3;6.7;87;27.5;80;90;62.5;0;0;6;REJETEE;identite non resolue , volume observe 6.7 < 15
France;fr_sncf;Genève Cornavin;fr_sncf|UIC85010082;45.7;6.7;85;87.5;90;95;7.5;0.5;0;6;REJETEE;volume observe 6.7 < 15
France;fr_sncf;Cenon;fr_sncf|UIC87581595;29.7;6.7;78;72.5;82.5;95;22.5;2;0.17;6;REJETEE;volume observe 6.7 < 15
Etats-Unis;us_mbta;Worcester;us_mbta|worcester@42.26,-71.79;12.5;6.7;47;100;100;100;0;0;0;6;REJETEE;volume observe 6.7 < 15 , trop parfaite : 100 % a moins de 60 s
France;fr_sncf;Limoges Bénédictins;fr_sncf|UIC87592006;33;6.6;80;78.8;93.9;97;18.2;0.8;0;5;REJETEE;present 5 jours sur 6 , volume observe 6.6 < 15
France;fr_sncf;Fleurieux RN7;fr_sncf|UIC87698282;17.8;6.6;63;66.7;90.9;90.9;24.2;0;0;5;REJETEE;present 5 jours sur 6 , volume observe 6.6 < 15
France;fr_sncf;Lentilly;fr_sncf|UIC87721555;17.8;6.6;63;48.5;87.9;90.9;42.4;0;0;5;REJETEE;present 5 jours sur 6 , volume observe 6.6 < 15
Allemagne;de_gtfsde;Gladbeck-Zweckel Bf;de_gtfsde|gladbeckzweckelbf@51.59,6.98;16.4;6.6;60;69.7;87.9;97;27.3;0;0;5;REJETEE;present 5 jours sur 6 , volume observe 6.6 < 15
Allemagne;de_gtfsde;Neu Wokern, Bahnhof;de_gtfsde|neuwokernbahnhof@53.76,12.50;10;6.6;34;87.9;100;100;12.1;0;0;5;REJETEE;present 5 jours sur 6 , volume observe 6.6 < 15 , trop parfaite : aucun retard superieur a 5 min
Allemagne;de_gtfsde;Schortens-Heidmühle;de_gtfsde|schortensheidmhle@53.54,7.95;8;6.6;18;51.5;54.5;69.7;18.2;0;0;5;REJETEE;present 5 jours sur 6 , volume observe 6.6 < 15 , ponctualite 55 % < 60 %
France;fr_sncf;Toulon;fr_sncf|UIC87755009;29.8;6.5;78;43.6;69.2;76.9;33.3;0.83;0;6;REJETEE;volume observe 6.5 < 15
Allemagne;de_gtfsde;;de_gtfsde|308799;28.3;6.5;77;46.2;76.9;96.2;50;0;0;4;REJETEE;identite non resolue , present 4 jours sur 6 , volume observe 6.5 < 15
Pays-Bas;nl_ovapi;Noorderkempen;nl_ovapi|noorderkempen@51.36,4.63;27;6.5;76;38.5;88.5;96.2;57.7;0.5;0;4;REJETEE;present 4 jours sur 6 , volume observe 6.5 < 15
Allemagne;de_gtfsde;;de_gtfsde|520882;25.8;6.5;75;50;61.5;80.8;30.8;0;0;4;REJETEE;identite non resolue , present 4 jours sur 6 , volume observe 6.5 < 15
France;fr_sncf;Pierrelatte;fr_sncf|UIC87764308;24.8;6.5;74;50;84.6;88.5;38.5;0.25;0.25;4;REJETEE;present 4 jours sur 6 , volume observe 6.5 < 15
Allemagne;de_gtfsde;;de_gtfsde|473703;23.5;6.5;72;80.8;100;100;19.2;0;0;4;REJETEE;identite non resolue , present 4 jours sur 6 , volume observe 6.5 < 15 , trop parfaite : aucun retard superieur a 5 min
France;fr_sncf;Lyon Jean Macé;fr_sncf|UIC87282624;21.8;6.5;70;69.2;79.5;84.6;15.4;1;0;6;REJETEE;volume observe 6.5 < 15
France;fr_sncf;La Teste;fr_sncf|UIC87582643;21;6.5;69;69.2;92.3;96.2;26.9;6.25;1.25;4;REJETEE;present 4 jours sur 6 , volume observe 6.5 < 15
Allemagne;de_gtfsde;;de_gtfsde|4987;19.5;6.5;67;69.2;92.3;100;30.8;0;0;4;REJETEE;identite non resolue , present 4 jours sur 6 , volume observe 6.5 < 15
France;fr_sncf;Angoulême;fr_sncf|UIC87583005;19.2;6.5;66;30.8;61.5;76.9;46.2;0.17;0;6;REJETEE;volume observe 6.5 < 15
Allemagne;de_gtfsde;;de_gtfsde|97270;18.5;6.5;65;50;88.5;100;50;0;0;4;REJETEE;identite non resolue , present 4 jours sur 6 , volume observe 6.5 < 15
Allemagne;de_gtfsde;;de_gtfsde|166325;16.5;6.5;61;30.8;73.1;88.5;57.7;0;0;4;REJETEE;identite non resolue , present 4 jours sur 6 , volume observe 6.5 < 15
Allemagne;de_gtfsde;;de_gtfsde|593667;16.3;6.5;60;30.8;76.9;92.3;61.5;0;0;4;REJETEE;identite non resolue , present 4 jours sur 6 , volume observe 6.5 < 15
Allemagne;de_gtfsde;;de_gtfsde|160195;15.8;6.5;59;88.5;100;100;11.5;0;0;4;REJETEE;identite non resolue , present 4 jours sur 6 , volume observe 6.5 < 15 , trop parfaite : aucun retard superieur a 5 min
Allemagne;de_gtfsde;;de_gtfsde|4308;14.8;6.5;56;19.2;61.5;88.5;69.2;0;0;4;REJETEE;identite non resolue , present 4 jours sur 6 , volume observe 6.5 < 15
Allemagne;de_gtfsde;Burg(Dithm);de_gtfsde|burgdithm@54.01,9.25;14;6.5;54;69.2;92.3;96.2;26.9;0;0;4;REJETEE;present 4 jours sur 6 , volume observe 6.5 < 15
Allemagne;de_gtfsde;;de_gtfsde|124577;12;6.5;46;34.6;80.8;88.5;53.8;0;0;4;REJETEE;identite non resolue , present 4 jours sur 6 , volume observe 6.5 < 15
Allemagne;de_gtfsde;;de_gtfsde|344510;11.5;6.5;43;88.5;100;100;11.5;0;0;4;REJETEE;identite non resolue , present 4 jours sur 6 , volume observe 6.5 < 15 , trop parfaite : aucun retard superieur a 5 min
Allemagne;de_gtfsde;;de_gtfsde|606442;11.5;6.5;43;73.1;80.8;88.5;15.4;0;0;4;REJETEE;identite non resolue , present 4 jours sur 6 , volume observe 6.5 < 15
Allemagne;de_gtfsde;Westerstetten Bahnhof;de_gtfsde|westerstettenbahnhof@48.52,9.95;11.3;6.5;42;53.8;92.3;96.2;42.3;0;0;4;REJETEE;present 4 jours sur 6 , volume observe 6.5 < 15
Etats-Unis;us_mta_lirr;;us_mta_lirr|21;9.3;6.5;30;38.5;73.1;92.3;53.8;0.5;0;4;REJETEE;identite non resolue , present 4 jours sur 6 , volume observe 6.5 < 15
Pays-Bas;nl_ovapi;Workum;nl_ovapi|workum@52.97,5.46;9;6.5;28;38.5;100;100;61.5;0;0;4;REJETEE;present 4 jours sur 6 , volume observe 6.5 < 15 , trop parfaite : aucun retard superieur a 5 min
France;fr_sncf;Rouen Rive Droite;fr_sncf|UIC87411017;36.6;6.4;83;68.8;84.4;96.9;28.1;0;0;5;REJETEE;present 5 jours sur 6 , volume observe 6.4 < 15
France;fr_sncf;Romans - Bourg-de-Péage;fr_sncf|UIC87761650;20;6.4;68;40.6;56.3;65.6;25;0.4;0.8;5;REJETEE;present 5 jours sur 6 , volume observe 6.4 < 15 , ponctualite 56 % < 60 %
Allemagne;de_gtfsde;Langenwang (Schwab);de_gtfsde|langenwangschwab@47.44,10.28;15.4;6.4;58;56.3;75;84.4;28.1;0;0;5;REJETEE;present 5 jours sur 6 , volume observe 6.4 < 15
Etats-Unis;us_mbta;Franklin;us_mbta|franklin@42.08,-71.40;12.2;6.4;48;100;100;100;0;0;0;5;REJETEE;present 5 jours sur 6 , volume observe 6.4 < 15 , trop parfaite : 100 % a moins de 60 s
Etats-Unis;us_mbta;Walpole;us_mbta|walpole@42.15,-71.26;12.2;6.4;48;100;100;100;0;0;0;5;REJETEE;present 5 jours sur 6 , volume observe 6.4 < 15 , trop parfaite : 100 % a moins de 60 s
Etats-Unis;us_mbta;Abington;us_mbta|abington@42.11,-70.93;10;6.4;36;100;100;100;0;0;0;5;REJETEE;present 5 jours sur 6 , volume observe 6.4 < 15 , trop parfaite : 100 % a moins de 60 s
France;fr_sncf;Le Péage-de-Roussillon;fr_sncf|UIC87722678;25.5;6.3;75;50;76.3;78.9;28.9;0.33;1.17;6;REJETEE;volume observe 6.3 < 15
France;fr_sncf;Tain-l'Hermitage - Tournon;fr_sncf|UIC87761163;25.2;6.3;75;50;68.4;68.4;18.4;0.33;0.17;6;REJETEE;volume observe 6.3 < 15
France;fr_sncf;Talence-Médoquine;fr_sncf|UIC87748350;24.3;6.3;74;52;88;92;40;6.5;1;4;REJETEE;present 4 jours sur 6 , volume observe 6.3 < 15
Allemagne;de_gtfsde;;de_gtfsde|340034;21.8;6.3;71;40;60;76;36;0;0;4;REJETEE;identite non resolue , present 4 jours sur 6 , volume observe 6.3 < 15
Australie;au_translink_seq;Hendra station;au_translink_seq|hendrastation@-27.42,153.06;21.3;6.3;70;52.6;100;100;47.4;0;0;6;REJETEE;volume observe 6.3 < 15 , trop parfaite : aucun retard superieur a 5 min
France;fr_sncf;Le Teich;fr_sncf|UIC87582601;20;6.3;69;60;96;100;40;6.25;1;4;REJETEE;present 4 jours sur 6 , volume observe 6.3 < 15
Allemagne;de_gtfsde;Oberkirch Bahnhof;de_gtfsde|oberkirchbahnhof@48.53,8.08;18.8;6.3;67;48;84;88;40;0;0;4;REJETEE;present 4 jours sur 6 , volume observe 6.3 < 15
Allemagne;de_gtfsde;;de_gtfsde|364085;18.3;6.3;66;64;96;96;32;0;0;4;REJETEE;identite non resolue , present 4 jours sur 6 , volume observe 6.3 < 15
Pays-Bas;nl_ovapi;Borne;nl_ovapi|borne@52.30,6.75;17;6.3;63;84.2;97.4;100;15.8;0;0;6;REJETEE;volume observe 6.3 < 15
Allemagne;de_gtfsde;;de_gtfsde|502253;16.5;6.3;62;24;56;72;48;0;0;4;REJETEE;identite non resolue , present 4 jours sur 6 , volume observe 6.3 < 15 , ponctualite 56 % < 60 %
Allemagne;de_gtfsde;;de_gtfsde|281530;16;6.3;61;36;68;84;48;0;0;4;REJETEE;identite non resolue , present 4 jours sur 6 , volume observe 6.3 < 15
Etats-Unis;us_mbta;Wellesley Hills;us_mbta|wellesleyhills@42.31,-71.28;14.2;6.3;55;100;100;100;0;0;0;6;REJETEE;volume observe 6.3 < 15 , trop parfaite : 100 % a moins de 60 s
Pays-Bas;nl_ovapi;Berlin-Spandau;nl_ovapi|berlinspandau@52.53,13.20;13.3;6.3;53;28.9;60.5;78.9;50;0;0;6;REJETEE;volume observe 6.3 < 15
Allemagne;de_gtfsde;;de_gtfsde|82194;10.3;6.3;39;48;72;88;40;0;0;4;REJETEE;identite non resolue , present 4 jours sur 6 , volume observe 6.3 < 15
Allemagne;de_gtfsde;;de_gtfsde|530125;9.3;6.3;32;56;76;88;32;0;0;4;REJETEE;identite non resolue , present 4 jours sur 6 , volume observe 6.3 < 15
Allemagne;de_gtfsde;;de_gtfsde|232984;9;6.3;31;56;68;88;32;0;0;4;REJETEE;identite non resolue , present 4 jours sur 6 , volume observe 6.3 < 15
Pays-Bas;nl_ovapi;Hindeloopen;nl_ovapi|hindeloopen@52.95,5.42;9;6.3;31;52;100;100;48;0;0;4;REJETEE;present 4 jours sur 6 , volume observe 6.3 < 15 , trop parfaite : aucun retard superieur a 5 min
Etats-Unis;us_mbta;Halifax;us_mbta|halifax@42.01,-70.82;8.7;6.3;27;100;100;100;0;0;0;6;REJETEE;volume observe 6.3 < 15 , trop parfaite : 100 % a moins de 60 s
Etats-Unis;us_mbta;Stoughton;us_mbta|stoughton@42.12,-71.10;7;6.3;11;100;100;100;0;0;0;4;REJETEE;present 4 jours sur 6 , volume observe 6.3 < 15 , trop parfaite : 100 % a moins de 60 s
France;fr_sncf;Nîmes Pont du Gard;fr_sncf|UIC87703975;26.3;6.2;77;45.9;59.5;67.6;21.6;0.17;0.17;6;REJETEE;volume observe 6.2 < 15 , ponctualite 59 % < 60 %
France;fr_sncf;Saint-Clair - Les Roches;fr_sncf|UIC87722652;23.5;6.2;74;54.1;78.4;78.4;24.3;0.33;1;6;REJETEE;volume observe 6.2 < 15
Australie;au_translink_seq;Doomben station;au_translink_seq|doombenstation@-27.43,153.07;21.2;6.2;71;56.8;100;100;43.2;0;0;6;REJETEE;volume observe 6.2 < 15 , trop parfaite : aucun retard superieur a 5 min
Allemagne;de_gtfsde;Dedenhausen Bahnhof;de_gtfsde|dedenhausenbahnhof@52.43,10.24;14.4;6.2;57;61.3;96.8;100;38.7;0;0;5;REJETEE;present 5 jours sur 6 , volume observe 6.2 < 15
Etats-Unis;us_mbta;Hanson;us_mbta|hanson@42.04,-70.88;9.8;6.2;37;100;100;100;0;0;0;5;REJETEE;present 5 jours sur 6 , volume observe 6.2 < 15 , trop parfaite : 100 % a moins de 60 s
Etats-Unis;us_mbta;West Hingham;us_mbta|westhingham@42.24,-70.90;9.8;6.2;37;100;100;100;0;0;0;5;REJETEE;present 5 jours sur 6 , volume observe 6.2 < 15 , trop parfaite : 100 % a moins de 60 s
France;fr_sncf;Colmar;fr_sncf|UIC87182014;35.4;6;83;76.7;90;90;13.3;0;0;5;REJETEE;present 5 jours sur 6 , volume observe 6.0 < 15
France;fr_sncf;Vierzon;fr_sncf|UIC87576009;32.6;6;82;53.3;73.3;80;26.7;1.2;0;5;REJETEE;present 5 jours sur 6 , volume observe 6.0 < 15
France;fr_sncf;Annecy;fr_sncf|UIC87746008;32.3;6;81;86.1;94.4;97.2;11.1;0.67;0.5;6;REJETEE;volume observe 6.0 < 15
France;fr_sncf;Bollène la Croisière;fr_sncf|UIC87764357;24;6;75;50;83.3;95.8;45.8;0.25;0.25;4;REJETEE;present 4 jours sur 6 , volume observe 6.0 < 15
France;fr_sncf;Saint-Raphaël Valescure;fr_sncf|UIC87757526;23.2;6;74;44.4;75;86.1;41.7;0.17;0.33;6;REJETEE;volume observe 6.0 < 15
Allemagne;de_gtfsde;Oberweimar;de_gtfsde|oberweimar@50.97,11.35;22.5;6;73;66.7;91.7;100;33.3;0;0;4;REJETEE;present 4 jours sur 6 , volume observe 6.0 < 15
France;fr_sncf;Baillargues;fr_sncf|UIC87773457;22.3;6;73;44.4;61.1;66.7;22.2;0;0.33;6;REJETEE;volume observe 6.0 < 15
Allemagne;de_gtfsde;;de_gtfsde|592693;21.5;6;72;33.3;62.5;70.8;37.5;0;0;4;REJETEE;identite non resolue , present 4 jours sur 6 , volume observe 6.0 < 15
Australie;au_translink_seq;Clayfield station;au_translink_seq|clayfieldstation@-27.42,153.06;21.3;6;72;75;100;100;25;0;0;6;REJETEE;volume observe 6.0 < 15 , trop parfaite : aucun retard superieur a 5 min
France;fr_sncf;Saint-Quentin en Yvelines;fr_sncf|UIC87393843;17.3;6;65;83.3;100;100;16.7;0;0;4;REJETEE;present 4 jours sur 6 , volume observe 6.0 < 15 , trop parfaite : aucun retard superieur a 5 min
France;fr_sncf;Arcachon;fr_sncf|UIC87582668;17.2;6;65;77.8;94.4;94.4;16.7;5.83;2.5;6;REJETEE;volume observe 6.0 < 15
Allemagne;de_gtfsde;;de_gtfsde|600179;16.3;6;63;16.7;41.7;83.3;66.7;0;0;4;REJETEE;identite non resolue , present 4 jours sur 6 , volume observe 6.0 < 15 , ponctualite 42 % < 60 %
Etats-Unis;us_mbta;Beverly;us_mbta|beverly@42.55,-70.89;12.4;6;52;100;100;100;0;0;0;5;REJETEE;present 5 jours sur 6 , volume observe 6.0 < 15 , trop parfaite : 100 % a moins de 60 s
Etats-Unis;us_mbta;Swampscott;us_mbta|swampscott@42.47,-70.92;12.4;6;52;100;100;100;0;0;0;5;REJETEE;present 5 jours sur 6 , volume observe 6.0 < 15 , trop parfaite : 100 % a moins de 60 s
Etats-Unis;us_mbta;Salem;us_mbta|salem@42.52,-70.90;12.2;6;51;100;100;100;0;0;0;5;REJETEE;present 5 jours sur 6 , volume observe 6.0 < 15 , trop parfaite : 100 % a moins de 60 s
Allemagne;de_gtfsde;;de_gtfsde|300328;11.5;6;48;41.7;66.7;100;58.3;0;0;4;REJETEE;identite non resolue , present 4 jours sur 6 , volume observe 6.0 < 15
Allemagne;de_gtfsde;Schkeuditz;de_gtfsde|schkeuditz@51.40,12.22;11.3;6;47;75;86.1;97.2;22.2;0;0;6;REJETEE;volume observe 6.0 < 15
Allemagne;de_gtfsde;;de_gtfsde|577528;11.3;6;47;45.8;70.8;87.5;41.7;0;0;4;REJETEE;identite non resolue , present 4 jours sur 6 , volume observe 6.0 < 15
Etats-Unis;us_mbta;Freetown;us_mbta|freetown@41.77,-71.09;11.2;6;46;100;100;100;0;0;0;6;REJETEE;volume observe 6.0 < 15 , trop parfaite : 100 % a moins de 60 s
Allemagne;de_gtfsde;;de_gtfsde|571141;10.5;6;43;16.7;50;75;58.3;0;0;4;REJETEE;identite non resolue , present 4 jours sur 6 , volume observe 6.0 < 15 , ponctualite 50 % < 60 %
Allemagne;de_gtfsde;;de_gtfsde|133069;10.5;6;43;58.3;83.3;83.3;25;0;0;4;REJETEE;identite non resolue , present 4 jours sur 6 , volume observe 6.0 < 15
Etats-Unis;us_mbta;Roslindale Village;us_mbta|roslindalevillage@42.29,-71.13;10.5;6;43;100;100;100;0;0;0;4;REJETEE;present 4 jours sur 6 , volume observe 6.0 < 15 , trop parfaite : 100 % a moins de 60 s
Etats-Unis;us_mbta;Highland;us_mbta|highland@42.28,-71.15;10.3;6;41;100;100;100;0;0;0;4;REJETEE;present 4 jours sur 6 , volume observe 6.0 < 15 , trop parfaite : 100 % a moins de 60 s
Etats-Unis;us_mbta;North Scituate;us_mbta|northscituate@42.22,-70.79;10.2;6;41;100;100;100;0;0;0;5;REJETEE;present 5 jours sur 6 , volume observe 6.0 < 15 , trop parfaite : 100 % a moins de 60 s
Etats-Unis;us_mbta;Whitman;us_mbta|whitman@42.08,-70.92;9.8;6;39;100;100;100;0;0;0;5;REJETEE;present 5 jours sur 6 , volume observe 6.0 < 15 , trop parfaite : 100 % a moins de 60 s
Etats-Unis;us_mbta;South Weymouth;us_mbta|southweymouth@42.16,-70.95;9.2;6;35;100;100;100;0;0;0;5;REJETEE;present 5 jours sur 6 , volume observe 6.0 < 15 , trop parfaite : 100 % a moins de 60 s
Etats-Unis;us_mbta;Wilmington;us_mbta|wilmington@42.55,-71.17;8;6;25;100;100;100;0;0;0;5;REJETEE;present 5 jours sur 6 , volume observe 6.0 < 15 , trop parfaite : 100 % a moins de 60 s
Etats-Unis;us_mta_lirr;;us_mta_lirr|233;7.8;6;23;58.3;75;91.7;33.3;0.25;0;4;REJETEE;identite non resolue , present 4 jours sur 6 , volume observe 6.0 < 15
Allemagne;de_gtfsde;Barnten/Bahnhof;de_gtfsde|barntenbahnhof@52.20,9.81;7.5;6;20;41.7;88.9;88.9;47.2;0;0;6;REJETEE;volume observe 6.0 < 15
Etats-Unis;us_mta_lirr;;us_mta_lirr|141;7.5;6;20;20.8;75;91.7;70.8;0.25;0;4;REJETEE;identite non resolue , present 4 jours sur 6 , volume observe 6.0 < 15
France;fr_sncf;Valenciennes;fr_sncf|UIC87343004;34.8;5.8;83;87;95.7;100;13;0;0;4;REJETEE;present 4 jours sur 6 , volume observe 5.8 < 15
France;fr_sncf;Le Bosquet;fr_sncf|UIC87757757;32.8;5.8;82;60.9;95.7;95.7;34.8;0;0;4;REJETEE;present 4 jours sur 6 , volume observe 5.8 < 15
France;fr_sncf;La Frayère;fr_sncf|UIC87757740;32.8;5.8;82;73.9;100;100;26.1;0;0;4;REJETEE;present 4 jours sur 6 , volume observe 5.8 < 15 , trop parfaite : aucun retard superieur a 5 min
France;fr_sncf;Ranguin;fr_sncf|UIC87757732;32.8;5.8;82;73.9;100;100;26.1;0;0;4;REJETEE;present 4 jours sur 6 , volume observe 5.8 < 15 , trop parfaite : aucun retard superieur a 5 min
Pays-Bas;nl_ovapi;Bad Nieuweschans;nl_ovapi|badnieuweschans@53.18,7.20;30.3;5.8;81;69.6;95.7;100;30.4;0;0;4;REJETEE;present 4 jours sur 6 , volume observe 5.8 < 15
France;fr_sncf;Brive-la-Gaillarde;fr_sncf|UIC87594002;30.2;5.8;81;80;85.7;85.7;5.7;1;0;6;REJETEE;volume observe 5.8 < 15
France;fr_sncf;Menton Garavan;fr_sncf|UIC87756494;28.8;5.8;80;37.9;51.7;69;31;0;0.4;5;REJETEE;present 5 jours sur 6 , volume observe 5.8 < 15 , ponctualite 52 % < 60 %
France;fr_sncf;Grenoble Universités - Gières;fr_sncf|UIC87747402;27.8;5.8;79;71.4;80;85.7;14.3;1.5;1;6;REJETEE;volume observe 5.8 < 15
France;fr_sncf;Pessac-Alouette;fr_sncf|UIC87581793;20;5.8;71;47.8;91.3;95.7;47.8;6.25;1;4;REJETEE;present 4 jours sur 6 , volume observe 5.8 < 15
France;fr_sncf;Dourdan;fr_sncf|UIC87545525;19.8;5.8;71;60.9;73.9;100;39.1;0.5;0;4;REJETEE;present 4 jours sur 6 , volume observe 5.8 < 15
France;fr_sncf;Dammartin - Juilly - Saint-Mard;fr_sncf|UIC87271536;16.8;5.8;66;87;100;100;13;0;0;4;REJETEE;present 4 jours sur 6 , volume observe 5.8 < 15 , trop parfaite : aucun retard superieur a 5 min
Allemagne;de_gtfsde;;de_gtfsde|651427;13;5.8;56;39.1;69.6;78.3;39.1;0;0;4;REJETEE;identite non resolue , present 4 jours sur 6 , volume observe 5.8 < 15
Allemagne;de_gtfsde;Vellmar-Obervellmar Bahnhof;de_gtfsde|vellmarobervellmarbahnhof@51.36,9.45;13;5.8;56;82.6;95.7;95.7;13;0;0;4;REJETEE;present 4 jours sur 6 , volume observe 5.8 < 15
Allemagne;de_gtfsde;;de_gtfsde|150345;12.5;5.8;54;73.9;100;100;26.1;0;0;4;REJETEE;identite non resolue , present 4 jours sur 6 , volume observe 5.8 < 15 , trop parfaite : aucun retard superieur a 5 min
Allemagne;de_gtfsde;;de_gtfsde|440630;10.5;5.8;45;73.9;100;100;26.1;0;0;4;REJETEE;identite non resolue , present 4 jours sur 6 , volume observe 5.8 < 15 , trop parfaite : aucun retard superieur a 5 min
Etats-Unis;us_mbta;East Weymouth;us_mbta|eastweymouth@42.22,-70.92;9.8;5.8;41;100;100;100;0;0;0;5;REJETEE;present 5 jours sur 6 , volume observe 5.8 < 15 , trop parfaite : 100 % a moins de 60 s
Allemagne;de_gtfsde;;de_gtfsde|612986;9.8;5.8;41;43.5;82.6;100;56.5;0;0;4;REJETEE;identite non resolue , present 4 jours sur 6 , volume observe 5.8 < 15
Allemagne;de_gtfsde;;de_gtfsde|502562;9.5;5.8;39;78.3;95.7;100;21.7;0;0;4;REJETEE;identite non resolue , present 4 jours sur 6 , volume observe 5.8 < 15
Etats-Unis;us_mbta;Weymouth Landing/East Braintree;us_mbta|weymouthlandingeastbraintree@42.22,-70.97;9.4;5.8;38;100;100;100;0;0;0;5;REJETEE;present 5 jours sur 6 , volume observe 5.8 < 15 , trop parfaite : 100 % a moins de 60 s
Pays-Bas;nl_ovapi;Koudum-Molkwerum;nl_ovapi|koudummolkwerum@52.90,5.41;9;5.8;36;78.3;100;100;21.7;0;0;4;REJETEE;present 4 jours sur 6 , volume observe 5.8 < 15 , trop parfaite : aucun retard superieur a 5 min
Pays-Bas;nl_ovapi;IJlst;nl_ovapi|ijlst@53.01,5.62;9;5.8;36;60.9;100;100;39.1;0;0;4;REJETEE;present 4 jours sur 6 , volume observe 5.8 < 15 , trop parfaite : aucun retard superieur a 5 min
Etats-Unis;us_mbta;Wakefield;us_mbta|wakefield@42.50,-71.08;8.3;5.8;30;100;100;100;0;0;0;4;REJETEE;present 4 jours sur 6 , volume observe 5.8 < 15 , trop parfaite : 100 % a moins de 60 s
Etats-Unis;us_mbta;Reading;us_mbta|reading@42.52,-71.11;8;5.8;28;100;100;100;0;0;0;4;REJETEE;present 4 jours sur 6 , volume observe 5.8 < 15 , trop parfaite : 100 % a moins de 60 s
Etats-Unis;us_mta_lirr;;us_mta_lirr|83;7.5;5.8;23;47.8;87;95.7;47.8;0.25;0;4;REJETEE;identite non resolue , present 4 jours sur 6 , volume observe 5.8 < 15
France;fr_sncf;Bellegarde;fr_sncf|UIC87745000;33.2;5.7;83;70.6;82.4;88.2;17.6;0.5;0;6;REJETEE;volume observe 5.7 < 15
France;fr_sncf;Paris Saint-Lazare;fr_sncf|UIC87384008;32.2;5.7;82;70.6;85.3;85.3;14.7;0.33;0;6;REJETEE;volume observe 5.7 < 15
France;fr_sncf;Massy TGV;fr_sncf|UIC87393702;26.5;5.7;79;52.9;73.5;76.5;23.5;0;0;6;REJETEE;volume observe 5.7 < 15
France;fr_sncf;Saint-Pierre-d'Albigny;fr_sncf|UIC87741223;25.2;5.7;77;32.4;64.7;73.5;41.2;0;0;6;REJETEE;volume observe 5.7 < 15
Allemagne;de_gtfsde;Zeutern;de_gtfsde|zeutern@49.18,8.68;8.2;5.6;32;71.4;100;100;28.6;0;0;5;REJETEE;present 5 jours sur 6 , volume observe 5.6 < 15 , trop parfaite : aucun retard superieur a 5 min
Pays-Bas;nl_ovapi;Brussel-Zuid;nl_ovapi|brusselzuid@50.83,4.34;43.7;5.5;87;100;100;100;0;0.33;0;6;REJETEE;volume observe 5.5 < 15 , trop parfaite : 100 % a moins de 60 s
France;fr_sncf;Poitiers;fr_sncf|UIC87575001;26.5;5.5;79;30.3;57.6;78.8;48.5;0.33;0;6;REJETEE;volume observe 5.5 < 15 , ponctualite 58 % < 60 %
France;fr_sncf;Golfe Juan Vallauris;fr_sncf|UIC87757641;25.8;5.5;79;48.5;97;97;48.5;0.5;0;6;REJETEE;volume observe 5.5 < 15
France;fr_sncf;Nevers;fr_sncf|UIC87696005;24;5.5;77;63.6;81.8;90.9;27.3;0.5;0;4;REJETEE;present 4 jours sur 6 , volume observe 5.5 < 15
France;fr_sncf;Saint-Rambert-d'Albon;fr_sncf|UIC87761106;23.5;5.5;77;45.5;63.6;63.6;18.2;0.33;0.17;6;REJETEE;volume observe 5.5 < 15
Allemagne;de_gtfsde;;de_gtfsde|529704;20.5;5.5;73;72.7;81.8;86.4;13.6;0;0;4;REJETEE;identite non resolue , present 4 jours sur 6 , volume observe 5.5 < 15
Pays-Bas;nl_ovapi;Oberhausen Hbf;nl_ovapi|oberhausenhbf@51.48,6.85;17.2;5.5;68;36.4;66.7;75.8;39.4;0;0;6;REJETEE;volume observe 5.5 < 15
Allemagne;de_gtfsde;;de_gtfsde|56901;14.3;5.5;61;54.5;95.5;100;45.5;0;0;4;REJETEE;identite non resolue , present 4 jours sur 6 , volume observe 5.5 < 15
Allemagne;de_gtfsde;Hamburg, Rahlstedt;de_gtfsde|hamburgrahlstedt@53.60,10.15;13.8;5.5;60;59.1;90.9;100;40.9;0;0;4;REJETEE;present 4 jours sur 6 , volume observe 5.5 < 15
Allemagne;de_gtfsde;;de_gtfsde|279378;10.5;5.5;48;50;90.9;90.9;40.9;0;0;4;REJETEE;identite non resolue , present 4 jours sur 6 , volume observe 5.5 < 15
Allemagne;de_gtfsde;;de_gtfsde|575165;10.3;5.5;46;81.8;95.5;100;18.2;0;0;4;REJETEE;identite non resolue , present 4 jours sur 6 , volume observe 5.5 < 15
Allemagne;de_gtfsde;Rüsselsheim Opelwerk Bahnhof;de_gtfsde|rsselsheimopelwerkbahnhof@49.99,8.40;10;5.5;45;40.9;72.7;90.9;50;0;0;4;REJETEE;present 4 jours sur 6 , volume observe 5.5 < 15
Allemagne;de_gtfsde;Hagen Oberhagen;de_gtfsde|hagenoberhagen@51.35,7.48;9.8;5.5;44;13.6;59.1;95.5;81.8;0;0;4;REJETEE;present 4 jours sur 6 , volume observe 5.5 < 15 , ponctualite 59 % < 60 %
Allemagne;de_gtfsde;;de_gtfsde|541360;9.3;5.5;41;54.5;72.7;86.4;31.8;0;0;4;REJETEE;identite non resolue , present 4 jours sur 6 , volume observe 5.5 < 15
Pays-Bas;nl_ovapi;Stavoren;nl_ovapi|stavoren@52.89,5.36;9;5.5;39;90.9;100;100;9.1;0;0;4;REJETEE;present 4 jours sur 6 , volume observe 5.5 < 15 , trop parfaite : aucun retard superieur a 5 min
Etats-Unis;us_mbta;Cohasset;us_mbta|cohasset@42.24,-70.84;8.7;5.5;37;100;100;100;0;0;0;6;REJETEE;volume observe 5.5 < 15 , trop parfaite : 100 % a moins de 60 s
Allemagne;de_gtfsde;Wörrstadt, Bahnhof;de_gtfsde|wrrstadtbahnhof@49.85,8.11;10;5.4;46;29.6;74.1;92.6;63;0;0;5;REJETEE;present 5 jours sur 6 , volume observe 5.4 < 15
Pays-Bas;nl_ovapi;Almere Oostvaarders;nl_ovapi|almereoostvaarders@52.40,5.30;90;5.3;94;61.9;90.5;100;38.1;0;0;4;REJETEE;present 4 jours sur 6 , volume observe 5.3 < 15
France;fr_sncf;Laon;fr_sncf|UIC87296012;24;5.3;78;90.5;90.5;95.2;4.8;0;0;4;REJETEE;present 4 jours sur 6 , volume observe 5.3 < 15
France;fr_sncf;Saint-Vallier sur Rhône;fr_sncf|UIC87761130;23.5;5.3;77;50;68.8;68.8;18.8;0.33;0.17;6;REJETEE;volume observe 5.3 < 15
France;fr_sncf;Frontignan;fr_sncf|UIC87773556;21;5.3;75;37.5;62.5;65.6;28.1;0;0.5;6;REJETEE;volume observe 5.3 < 15
France;fr_sncf;Gazinet - Cestas;fr_sncf|UIC87582403;20;5.3;74;52.4;90.5;95.2;42.9;6.25;1;4;REJETEE;present 4 jours sur 6 , volume observe 5.3 < 15
Allemagne;de_gtfsde;;de_gtfsde|646453;19.5;5.3;73;57.1;90.5;100;42.9;0;0;4;REJETEE;identite non resolue , present 4 jours sur 6 , volume observe 5.3 < 15
Allemagne;de_gtfsde;;de_gtfsde|576177;12.5;5.3;58;57.1;76.2;90.5;33.3;0;0;4;REJETEE;identite non resolue , present 4 jours sur 6 , volume observe 5.3 < 15
Allemagne;de_gtfsde;;de_gtfsde|131350;12;5.3;56;76.2;100;100;23.8;0;0;4;REJETEE;identite non resolue , present 4 jours sur 6 , volume observe 5.3 < 15 , trop parfaite : aucun retard superieur a 5 min
Allemagne;de_gtfsde;;de_gtfsde|257581;11;5.3;52;66.7;90.5;90.5;23.8;0;0;4;REJETEE;identite non resolue , present 4 jours sur 6 , volume observe 5.3 < 15
Etats-Unis;us_mta_mnr;;us_mta_mnr|151;11;5.3;52;47.6;81;100;52.4;0;0;4;REJETEE;identite non resolue , present 4 jours sur 6 , volume observe 5.3 < 15
Allemagne;de_gtfsde;;de_gtfsde|143091;10.8;5.3;51;61.9;95.2;100;38.1;0;0;4;REJETEE;identite non resolue , present 4 jours sur 6 , volume observe 5.3 < 15
Allemagne;de_gtfsde;;de_gtfsde|176910;10.5;5.3;50;42.9;90.5;100;57.1;0;0;4;REJETEE;identite non resolue , present 4 jours sur 6 , volume observe 5.3 < 15
Allemagne;de_gtfsde;;de_gtfsde|375887;10.5;5.3;50;76.2;95.2;100;23.8;0;0;4;REJETEE;identite non resolue , present 4 jours sur 6 , volume observe 5.3 < 15
Etats-Unis;us_mbta;TF Green Airport;us_mbta|tfgreenairport@41.73,-71.44;9.8;5.3;46;100;100;100;0;0;0;4;REJETEE;present 4 jours sur 6 , volume observe 5.3 < 15 , trop parfaite : 100 % a moins de 60 s
Allemagne;de_gtfsde;;de_gtfsde|456929;7.8;5.3;32;71.4;90.5;90.5;19;0;0;4;REJETEE;identite non resolue , present 4 jours sur 6 , volume observe 5.3 < 15
France;fr_sncf;Voiron;fr_sncf|UIC87747287;30.8;5.2;83;80.8;80.8;80.8;0;3.2;0.6;5;REJETEE;present 5 jours sur 6 , volume observe 5.2 < 15 , distribution degeneree : dispersion 0.0 pt
France;fr_sncf;Lépin-le-Lac - La Bauche;fr_sncf|UIC87741439;22.5;5.2;77;45.2;71;83.9;38.7;0;0.67;6;REJETEE;volume observe 5.2 < 15
France;fr_sncf;Lunel;fr_sncf|UIC87773408;22.3;5.2;77;51.6;67.7;67.7;16.1;0;0.33;6;REJETEE;volume observe 5.2 < 15
France;fr_sncf;Livron;fr_sncf|UIC87761247;17;5.2;69;57.7;69.2;73.1;15.4;0.2;0.2;5;REJETEE;present 5 jours sur 6 , volume observe 5.2 < 15
Allemagne;de_gtfsde;Oberkirch Koehlersiedlung;de_gtfsde|oberkirchkoehlersiedlung@48.52,8.09;9.2;5.2;43;69.2;88.5;92.3;23.1;0;0;5;REJETEE;present 5 jours sur 6 , volume observe 5.2 < 15
France;fr_sncf;Metz;fr_sncf|UIC87192039;49.4;5;90;80;92;92;12;0.2;0;5;REJETEE;present 5 jours sur 6 , volume observe 5.0 < 15
France;fr_sncf;Biot;fr_sncf|UIC87757690;26;5;81;56;76;84;28;1;0.4;5;REJETEE;present 5 jours sur 6 , volume observe 5.0 < 15
France;fr_sncf;Cros de Cagnes;fr_sncf|UIC87756338;26;5;81;68;80;88;20;1;0.4;5;REJETEE;present 5 jours sur 6 , volume observe 5.0 < 15
France;fr_sncf;Saint-Marcellin;fr_sncf|UIC87761718;22.2;5;77;44;60;60;16;1;0.6;5;REJETEE;present 5 jours sur 6 , volume observe 5.0 < 15
France;fr_sncf;Rognac;fr_sncf|UIC87753251;20.4;5;75;68;92;96;28;0.2;0;5;REJETEE;present 5 jours sur 6 , volume observe 5.0 < 15
France;fr_sncf;Montélimar;fr_sncf|UIC87764001;19.5;5;74;50;76.7;80;30;0.33;0.17;6;REJETEE;volume observe 5.0 < 15
France;fr_sncf;L'Estaque;fr_sncf|UIC87751602;18.4;5;73;64;88;92;28;0.2;0;5;REJETEE;present 5 jours sur 6 , volume observe 5.0 < 15
Pays-Bas;nl_ovapi;Uithuizen;nl_ovapi|uithuizen@53.41,6.67;17.8;5;72;90;100;100;10;0;0;4;REJETEE;present 4 jours sur 6 , volume observe 5.0 < 15 , trop parfaite : aucun retard superieur a 5 min
France;fr_sncf;Mézidon - Canon;fr_sncf|UIC87444208;16.5;5;70;70;80;85;15;0;0;4;REJETEE;present 4 jours sur 6 , volume observe 5.0 < 15
Allemagne;de_gtfsde;;de_gtfsde|142968;13.5;5;63;75;95;100;25;0;0;4;REJETEE;identite non resolue , present 4 jours sur 6 , volume observe 5.0 < 15
Allemagne;de_gtfsde;;de_gtfsde|416012;13;5;62;50;75;85;35;0;0;4;REJETEE;identite non resolue , present 4 jours sur 6 , volume observe 5.0 < 15
Allemagne;de_gtfsde;;de_gtfsde|150482;11.3;5;56;50;70;80;30;0;0;4;REJETEE;identite non resolue , present 4 jours sur 6 , volume observe 5.0 < 15
Allemagne;de_gtfsde;;de_gtfsde|513022;11.3;5;56;85;95;100;15;0;0;4;REJETEE;identite non resolue , present 4 jours sur 6 , volume observe 5.0 < 15
Allemagne;de_gtfsde;;de_gtfsde|500596;10.8;5;53;60;85;90;30;0;0;4;REJETEE;identite non resolue , present 4 jours sur 6 , volume observe 5.0 < 15
Etats-Unis;us_mbta;Auburndale;us_mbta|auburndale@42.35,-71.25;10.2;5;51;100;100;100;0;0;0;6;REJETEE;volume observe 5.0 < 15 , trop parfaite : 100 % a moins de 60 s
Allemagne;de_gtfsde;;de_gtfsde|466786;10;5;50;65;90;100;35;0;0;4;REJETEE;identite non resolue , present 4 jours sur 6 , volume observe 5.0 < 15
Etats-Unis;us_mbta;New Bedford;us_mbta|newbedford@41.64,-70.93;9.4;5;47;100;100;100;0;0;0;5;REJETEE;present 5 jours sur 6 , volume observe 5.0 < 15 , trop parfaite : 100 % a moins de 60 s
Allemagne;de_gtfsde;;de_gtfsde|282870;9.3;5;46;45;80;95;50;0;0;4;REJETEE;identite non resolue , present 4 jours sur 6 , volume observe 5.0 < 15
Allemagne;de_gtfsde;Kruft;de_gtfsde|kruft@50.39,7.34;9.3;5;46;55;85;95;40;0;0;4;REJETEE;present 4 jours sur 6 , volume observe 5.0 < 15
Allemagne;de_gtfsde;Laufach;de_gtfsde|laufach@50.01,9.28;8.4;5;40;60;80;92;32;0;0;5;REJETEE;present 5 jours sur 6 , volume observe 5.0 < 15
Allemagne;de_gtfsde;Neuendettelsau;de_gtfsde|neuendettelsau@49.28,10.78;8;5;38;84;100;100;16;0;0;5;REJETEE;present 5 jours sur 6 , volume observe 5.0 < 15 , trop parfaite : aucun retard superieur a 5 min
Etats-Unis;us_mbta;Anderson/Woburn;us_mbta|andersonwoburn@42.52,-71.14;7.4;5;32;100;100;100;0;0;0;5;REJETEE;present 5 jours sur 6 , volume observe 5.0 < 15 , trop parfaite : 100 % a moins de 60 s
Etats-Unis;us_mbta;Wedgemere;us_mbta|wedgemere@42.44,-71.14;6.7;5;25;100;100;100;0;0;0;6;REJETEE;volume observe 5.0 < 15 , trop parfaite : 100 % a moins de 60 s
Pays-Bas;nl_ovapi;Almere Parkwijk;nl_ovapi|almereparkwijk@52.38,5.24;68.8;4.8;93;63.2;100;100;36.8;0;0;4;REJETEE;present 4 jours sur 6 , volume observe 4.8 < 15 , trop parfaite : aucun retard superieur a 5 min
France;fr_sncf;Entzheim Aéroport;fr_sncf|UIC87214528;32.8;4.8;85;100;100;100;0;0;0;4;REJETEE;present 4 jours sur 6 , volume observe 4.8 < 15 , trop parfaite : 100 % a moins de 60 s
France;fr_sncf;Bayonne;fr_sncf|UIC87673004;25;4.8;81;91.7;95.8;95.8;4.2;1.4;3;5;REJETEE;present 5 jours sur 6 , volume observe 4.8 < 15
France;fr_sncf;Morcenx;fr_sncf|UIC87673103;24.3;4.8;80;42.1;78.9;89.5;47.4;2.25;2.5;4;REJETEE;present 4 jours sur 6 , volume observe 4.8 < 15
France;fr_sncf;Pont-de-Beauvoisin;fr_sncf|UIC87741470;22.5;4.8;79;31;72.4;82.8;51.7;0;0.67;6;REJETEE;volume observe 4.8 < 15
France;fr_sncf;Marcheprime;fr_sncf|UIC87582445;20;4.8;76;57.9;94.7;94.7;36.8;6.25;1;4;REJETEE;present 4 jours sur 6 , volume observe 4.8 < 15
Allemagne;de_gtfsde;;de_gtfsde|6079;19.8;4.8;76;42.1;73.7;89.5;47.4;0;0;4;REJETEE;identite non resolue , present 4 jours sur 6 , volume observe 4.8 < 15
France;fr_sncf;Orange;fr_sncf|UIC87765107;19;4.8;75;51.7;82.8;96.6;44.8;0.33;0.17;6;REJETEE;volume observe 4.8 < 15
France;fr_sncf;Loriol;fr_sncf|UIC87761262;16.5;4.8;71;68.4;84.2;89.5;21.1;0.25;0;4;REJETEE;present 4 jours sur 6 , volume observe 4.8 < 15
France;fr_sncf;Riom - Châtel-Guyon;fr_sncf|UIC87734053;13.5;4.8;64;89.7;96.6;96.6;6.9;0;0;6;REJETEE;volume observe 4.8 < 15
Allemagne;de_gtfsde;;de_gtfsde|358353;13.3;4.8;64;68.4;89.5;100;31.6;0;0;4;REJETEE;identite non resolue , present 4 jours sur 6 , volume observe 4.8 < 15
Allemagne;de_gtfsde;Leubingen;de_gtfsde|leubingen@51.21,11.15;13;4.8;63;42.1;89.5;94.7;52.6;0;0;4;REJETEE;present 4 jours sur 6 , volume observe 4.8 < 15
Allemagne;de_gtfsde;Bad Belzig, Bahnhof;de_gtfsde|badbelzigbahnhof@52.14,12.60;12.4;4.8;61;54.2;87.5;95.8;41.7;0;0;5;REJETEE;present 5 jours sur 6 , volume observe 4.8 < 15
Etats-Unis;us_mbta;West Newton;us_mbta|westnewton@42.35,-71.23;10.2;4.8;52;100;100;100;0;0;0;6;REJETEE;volume observe 4.8 < 15 , trop parfaite : 100 % a moins de 60 s
Allemagne;de_gtfsde;Hammelburg;de_gtfsde|hammelburg@50.12,9.88;10;4.8;53;89.5;94.7;100;10.5;0;0;4;REJETEE;present 4 jours sur 6 , volume observe 4.8 < 15
Allemagne;de_gtfsde;;de_gtfsde|577125;9.8;4.8;51;26.3;47.4;89.5;63.2;0;0;4;REJETEE;identite non resolue , present 4 jours sur 6 , volume observe 4.8 < 15 , ponctualite 47 % < 60 %
Allemagne;de_gtfsde;;de_gtfsde|357458;9;4.8;47;68.4;84.2;89.5;21.1;0;0;4;REJETEE;identite non resolue , present 4 jours sur 6 , volume observe 4.8 < 15
Pays-Bas;nl_ovapi;Gronau (Westf.);nl_ovapi|gronauwestf@52.22,7.02;9;4.8;47;78.9;94.7;94.7;15.8;0;0;4;REJETEE;present 4 jours sur 6 , volume observe 4.8 < 15
Etats-Unis;us_mbta;Needham Heights;us_mbta|needhamheights@42.29,-71.24;9;4.8;47;100;100;100;0;0;0;4;REJETEE;present 4 jours sur 6 , volume observe 4.8 < 15 , trop parfaite : 100 % a moins de 60 s
Allemagne;de_gtfsde;;de_gtfsde|221916;8.5;4.8;44;47.4;78.9;89.5;42.1;0;0;4;REJETEE;identite non resolue , present 4 jours sur 6 , volume observe 4.8 < 15
Etats-Unis;us_mbta;North Billerica;us_mbta|northbillerica@42.59,-71.28;6.8;4.8;29;100;100;100;0;0;0;6;REJETEE;volume observe 4.8 < 15 , trop parfaite : 100 % a moins de 60 s
Allemagne;de_gtfsde;Frommern Bahnhof;de_gtfsde|frommernbahnhof@48.24,8.87;6.8;4.8;29;58.3;95.8;100;41.7;0;0;5;REJETEE;present 5 jours sur 6 , volume observe 4.8 < 15
Etats-Unis;us_mbta;West Medford;us_mbta|westmedford@42.42,-71.13;6.3;4.8;24;100;100;100;0;0;0;6;REJETEE;volume observe 4.8 < 15 , trop parfaite : 100 % a moins de 60 s
France;fr_sncf;Chartres;fr_sncf|UIC87394007;25.3;4.7;82;78.6;89.3;96.4;17.9;1.5;0.83;6;REJETEE;volume observe 4.7 < 15
France;fr_sncf;Rumilly;fr_sncf|UIC87746149;21.7;4.7;78;50;71.4;78.6;28.6;0.67;0.5;6;REJETEE;volume observe 4.7 < 15
France;fr_sncf;Saint-André-le-Gaz;fr_sncf|UIC87723494;17.3;4.7;73;71.4;85.7;89.3;17.9;0.67;0.17;6;REJETEE;volume observe 4.7 < 15
Etats-Unis;us_mbta;Newtonville;us_mbta|newtonville@42.35,-71.21;10.3;4.7;55;100;100;100;0;0;0;6;REJETEE;volume observe 4.7 < 15 , trop parfaite : 100 % a moins de 60 s
Etats-Unis;us_mbta;Winchester Center;us_mbta|winchestercenter@42.45,-71.14;6.7;4.7;30;100;100;100;0;0;0;6;REJETEE;volume observe 4.7 < 15 , trop parfaite : 100 % a moins de 60 s
Etats-Unis;us_mbta;Fall River Depot;us_mbta|fallriverdepot@41.71,-71.15;11.2;4.6;59;100;100;100;0;0;0;5;REJETEE;present 5 jours sur 6 , volume observe 4.6 < 15 , trop parfaite : 100 % a moins de 60 s
Allemagne;de_gtfsde;Rothenburg ob der Tauber;de_gtfsde|rothenburgobdertauber@49.38,10.19;9;4.6;49;78.3;100;100;21.7;0;0;5;REJETEE;present 5 jours sur 6 , volume observe 4.6 < 15 , trop parfaite : aucun retard superieur a 5 min
Etats-Unis;us_mbta;Porter;us_mbta|porter@42.39,-71.12;6.4;4.6;28;100;100;100;0;0;0;5;REJETEE;present 5 jours sur 6 , volume observe 4.6 < 15 , trop parfaite : 100 % a moins de 60 s
France;fr_sncf;Lyon Vaise;fr_sncf|UIC87721001;25.3;4.5;82;61.1;88.9;94.4;33.3;0;0.5;4;REJETEE;present 4 jours sur 6 , volume observe 4.5 < 15
France;fr_sncf;Crépy-en-Valois;fr_sncf|UIC87271593;20;4.5;78;72.2;94.4;94.4;22.2;0;0;4;REJETEE;present 4 jours sur 6 , volume observe 4.5 < 15
France;fr_sncf;Calais Ville;fr_sncf|UIC87317263;16.8;4.5;73;72.2;83.3;83.3;11.1;0;0.25;4;REJETEE;present 4 jours sur 6 , volume observe 4.5 < 15
Allemagne;de_gtfsde;;de_gtfsde|430609;15.3;4.5;70;77.8;94.4;94.4;16.7;0;0;4;REJETEE;identite non resolue , present 4 jours sur 6 , volume observe 4.5 < 15
Allemagne;de_gtfsde;Bad Ems Westbahnhof;de_gtfsde|bademswestbahnhof@50.33,7.71;12.7;4.5;64;55.6;66.7;74.1;18.5;0;0;6;REJETEE;volume observe 4.5 < 15
Allemagne;de_gtfsde;;de_gtfsde|298503;11.3;4.5;60;88.9;94.4;100;11.1;0;0;4;REJETEE;identite non resolue , present 4 jours sur 6 , volume observe 4.5 < 15
Allemagne;de_gtfsde;;de_gtfsde|529959;10.5;4.5;57;72.2;94.4;100;27.8;0;0;4;REJETEE;identite non resolue , present 4 jours sur 6 , volume observe 4.5 < 15
Allemagne;de_gtfsde;Nordholz(b Bremerhaven);de_gtfsde|nordholzbbremerhaven@53.78,8.62;10.3;4.5;56;100;100;100;0;0;0;4;REJETEE;present 4 jours sur 6 , volume observe 4.5 < 15 , trop parfaite : 100 % a moins de 60 s
Allemagne;de_gtfsde;;de_gtfsde|369065;9.8;4.5;54;72.2;83.3;94.4;22.2;0;0;4;REJETEE;identite non resolue , present 4 jours sur 6 , volume observe 4.5 < 15
Allemagne;de_gtfsde;;de_gtfsde|538049;9.5;4.5;53;66.7;94.4;100;33.3;0;0;4;REJETEE;identite non resolue , present 4 jours sur 6 , volume observe 4.5 < 15
Allemagne;de_gtfsde;;de_gtfsde|329613;9.3;4.5;51;38.9;77.8;94.4;55.6;0;0;4;REJETEE;identite non resolue , present 4 jours sur 6 , volume observe 4.5 < 15
Allemagne;de_gtfsde;;de_gtfsde|340040;9.3;4.5;51;44.4;88.9;94.4;50;0;0;4;REJETEE;identite non resolue , present 4 jours sur 6 , volume observe 4.5 < 15
Allemagne;de_gtfsde;;de_gtfsde|63881;8.8;4.5;49;55.6;83.3;83.3;27.8;0;0;4;REJETEE;identite non resolue , present 4 jours sur 6 , volume observe 4.5 < 15
Etats-Unis;us_mbta;Ballardvale;us_mbta|ballardvale@42.63,-71.16;6.8;4.5;33;100;100;100;0;0;0;4;REJETEE;present 4 jours sur 6 , volume observe 4.5 < 15 , trop parfaite : 100 % a moins de 60 s
France;fr_sncf;Marne-la-Vallée Chessy;fr_sncf|UIC87111849;26.6;4.4;83;18.2;40.9;54.5;36.4;0;0;5;REJETEE;present 5 jours sur 6 , volume observe 4.4 < 15 , ponctualite 41 % < 60 %
France;fr_sncf;Rambouillet;fr_sncf|UIC87393314;26.2;4.4;83;86.4;95.5;100;13.6;1.2;0;5;REJETEE;present 5 jours sur 6 , volume observe 4.4 < 15
France;fr_sncf;Hendaye;fr_sncf|UIC87677005;18.4;4.4;76;81.8;86.4;86.4;4.5;1.2;2.8;5;REJETEE;present 5 jours sur 6 , volume observe 4.4 < 15
France;fr_sncf;Pas des Lanciers;fr_sncf|UIC87753285;17.2;4.4;74;63.6;90.9;90.9;27.3;0.2;0;5;REJETEE;present 5 jours sur 6 , volume observe 4.4 < 15
Etats-Unis;us_mbta;Greenbush;us_mbta|greenbush@42.18,-70.75;9.8;4.4;55;100;100;100;0;0;0;5;REJETEE;present 5 jours sur 6 , volume observe 4.4 < 15 , trop parfaite : 100 % a moins de 60 s
Etats-Unis;us_mbta;Melrose Highlands;us_mbta|melrosehighlands@42.47,-71.07;6.8;4.4;35;100;100;100;0;0;0;5;REJETEE;present 5 jours sur 6 , volume observe 4.4 < 15 , trop parfaite : 100 % a moins de 60 s
Etats-Unis;us_mbta;Malden Center;us_mbta|maldencenter@42.43,-71.07;6.2;4.4;29;100;100;100;0;0;0;5;REJETEE;present 5 jours sur 6 , volume observe 4.4 < 15 , trop parfaite : 100 % a moins de 60 s
France;fr_sncf;Lisieux;fr_sncf|UIC87444265;25.3;4.3;83;76.5;88.2;88.2;11.8;0;0;4;REJETEE;present 4 jours sur 6 , volume observe 4.3 < 15
France;fr_sncf;Aix-en-Provence;fr_sncf|UIC87751404;22.8;4.3;81;69.2;92.3;92.3;23.1;0.33;0.17;6;REJETEE;volume observe 4.3 < 15
France;fr_sncf;Givors Ville;fr_sncf|UIC87722405;22;4.3;80;61.5;88.5;88.5;26.9;0.5;0;6;REJETEE;volume observe 4.3 < 15
Allemagne;de_gtfsde;;de_gtfsde|620514;20.8;4.3;80;52.9;70.6;76.5;23.5;0;0;4;REJETEE;identite non resolue , present 4 jours sur 6 , volume observe 4.3 < 15
France;fr_sncf;Pau;fr_sncf|UIC87672006;19.7;4.3;78;73.1;92.3;92.3;19.2;0.5;2;6;REJETEE;volume observe 4.3 < 15
France;fr_sncf;Vergèze - Codognan;fr_sncf|UIC87775114;19.7;4.3;78;42.3;57.7;61.5;19.2;0;0.33;6;REJETEE;volume observe 4.3 < 15 , ponctualite 58 % < 60 %
France;fr_sncf;Culoz;fr_sncf|UIC87741074;19.5;4.3;78;46.2;69.2;80.8;34.6;0.17;0.17;6;REJETEE;volume observe 4.3 < 15
France;fr_sncf;Arles;fr_sncf|UIC87753657;18.5;4.3;77;53.8;80.8;88.5;34.6;0.5;0.83;6;REJETEE;volume observe 4.3 < 15
France;fr_sncf;Lauterbourg;fr_sncf|UIC87212464;13.5;4.3;69;94.1;94.1;100;5.9;0;0;4;REJETEE;present 4 jours sur 6 , volume observe 4.3 < 15
Allemagne;de_gtfsde;Teschow (b Neubukow);de_gtfsde|teschowbneubukow@53.99,11.64;11.3;4.3;62;41.2;82.4;88.2;47.1;0;0;4;REJETEE;present 4 jours sur 6 , volume observe 4.3 < 15
Allemagne;de_gtfsde;;de_gtfsde|449435;10.3;4.3;59;23.5;47.1;64.7;41.2;0;0;4;REJETEE;identite non resolue , present 4 jours sur 6 , volume observe 4.3 < 15 , ponctualite 47 % < 60 %
Allemagne;de_gtfsde;;de_gtfsde|273134;9.8;4.3;56;52.9;76.5;94.1;41.2;0;0;4;REJETEE;identite non resolue , present 4 jours sur 6 , volume observe 4.3 < 15
Allemagne;de_gtfsde;;de_gtfsde|208869;8.8;4.3;51;64.7;88.2;94.1;29.4;0;0;4;REJETEE;identite non resolue , present 4 jours sur 6 , volume observe 4.3 < 15
Allemagne;de_gtfsde;;de_gtfsde|662865;8.8;4.3;51;76.5;94.1;94.1;17.6;0;0;4;REJETEE;identite non resolue , present 4 jours sur 6 , volume observe 4.3 < 15
Etats-Unis;us_mbta;Nantasket Junction;us_mbta|nantasketjunction@42.24,-70.87;8.7;4.3;50;100;100;100;0;0;0;6;REJETEE;volume observe 4.3 < 15 , trop parfaite : 100 % a moins de 60 s
Pays-Bas;nl_ovapi;Zetten-Andelst;nl_ovapi|zettenandelst@51.92,5.72;8.5;4.3;50;94.1;100;100;5.9;0;0;4;REJETEE;present 4 jours sur 6 , volume observe 4.3 < 15 , trop parfaite : aucun retard superieur a 5 min
Allemagne;de_gtfsde;;de_gtfsde|264119;7.3;4.3;41;23.5;41.2;64.7;41.2;0;0;4;REJETEE;identite non resolue , present 4 jours sur 6 , volume observe 4.3 < 15 , ponctualite 41 % < 60 %
France;fr_sncf;Reims;fr_sncf|UIC87171009;32.4;4.2;87;90.5;90.5;100;9.5;0;0;5;REJETEE;present 5 jours sur 6 , volume observe 4.2 < 15
France;fr_sncf;Aéroport Charles de Gaulle 2 TGV;fr_sncf|UIC87271494;24.8;4.2;83;28.6;33.3;57.1;28.6;0;0;5;REJETEE;present 5 jours sur 6 , volume observe 4.2 < 15 , ponctualite 33 % < 60 %
France;fr_sncf;Rive-de-Gier;fr_sncf|UIC87726331;21.7;4.2;81;72;84;92;20;0.5;0;6;REJETEE;volume observe 4.2 < 15
France;fr_sncf;Aubagne;fr_sncf|UIC87751750;17.2;4.2;76;42.9;90.5;95.2;52.4;0.4;0;5;REJETEE;present 5 jours sur 6 , volume observe 4.2 < 15
France;fr_sncf;Pontcharra sur Bréda;fr_sncf|UIC87747493;17;4.2;75;64;80;92;28;0.5;0.5;6;REJETEE;volume observe 4.2 < 15
France;fr_sncf;Roanne;fr_sncf|UIC87726802;16.7;4.2;75;76;88;96;20;0.5;0;6;REJETEE;volume observe 4.2 < 15
Allemagne;de_gtfsde;Angermünde, Bahnhof;de_gtfsde|angermndebahnhof@53.02,14.00;13.2;4.2;68;71.4;100;100;28.6;0;0;5;REJETEE;present 5 jours sur 6 , volume observe 4.2 < 15 , trop parfaite : aucun retard superieur a 5 min
Allemagne;de_gtfsde;Salzburg Parsch;de_gtfsde|salzburgparsch@47.80,13.07;12.6;4.2;67;42.9;71.4;85.7;42.9;0;0;5;REJETEE;present 5 jours sur 6 , volume observe 4.2 < 15
France;fr_sncf;Vénissieux;fr_sncf|UIC87723320;10.2;4.2;59;76.2;90.5;90.5;14.3;0.8;0;5;REJETEE;present 5 jours sur 6 , volume observe 4.2 < 15
Etats-Unis;us_mbta;Greenwood;us_mbta|greenwood@42.48,-71.07;7;4.2;40;100;100;100;0;0;0;5;REJETEE;present 5 jours sur 6 , volume observe 4.2 < 15 , trop parfaite : 100 % a moins de 60 s
Etats-Unis;us_mbta;Wyoming Hill;us_mbta|wyominghill@42.45,-71.07;6.4;4.2;34;100;100;100;0;0;0;5;REJETEE;present 5 jours sur 6 , volume observe 4.2 < 15 , trop parfaite : 100 % a moins de 60 s
Etats-Unis;us_mbta;Belmont;us_mbta|belmont@42.40,-71.18;6.4;4.2;34;100;100;100;0;0;0;5;REJETEE;present 5 jours sur 6 , volume observe 4.2 < 15 , trop parfaite : 100 % a moins de 60 s
France;fr_sncf;Douai;fr_sncf|UIC87345009;35;4;89;68.8;81.3;93.8;25;0.25;0;4;REJETEE;present 4 jours sur 6 , volume observe 4.0 < 15
France;fr_sncf;Mantes-la-Jolie;fr_sncf|UIC87381509;23.6;4;83;65;75;80;15;0.2;0;5;REJETEE;present 5 jours sur 6 , volume observe 4.0 < 15
France;fr_sncf;Brest;fr_sncf|UIC87474007;19.8;4;80;90;100;100;10;0;0;5;REJETEE;present 5 jours sur 6 , volume observe 4.0 < 15 , trop parfaite : aucun retard superieur a 5 min
France;fr_sncf;Donzère;fr_sncf|UIC87764290;17.8;4;77;62.5;81.3;87.5;25;0.25;0;4;REJETEE;present 4 jours sur 6 , volume observe 4.0 < 15
France;fr_sncf;Boulouris sur Mer;fr_sncf|UIC87757534;17.5;4;77;50;68.8;87.5;37.5;0;0.25;4;REJETEE;present 4 jours sur 6 , volume observe 4.0 < 15
France;fr_sncf;Saint-Chamas;fr_sncf|UIC87753202;16.8;4;76;75;90;90;15;0.2;0;5;REJETEE;present 5 jours sur 6 , volume observe 4.0 < 15
France;fr_sncf;Mâcon;fr_sncf|UIC87725689;16.5;4;76;54.2;66.7;70.8;16.7;0.17;0.33;6;REJETEE;volume observe 4.0 < 15
France;fr_sncf;Bergerac;fr_sncf|UIC87584268;13;4;69;43.8;75;93.8;50;0;0;4;REJETEE;present 4 jours sur 6 , volume observe 4.0 < 15
Allemagne;de_gtfsde;Schönebeck Süd;de_gtfsde|schnebecksd@52.01,11.74;9;4;56;40;80;90;50;0;0;5;REJETEE;present 5 jours sur 6 , volume observe 4.0 < 15
France;fr_sncf;Bourg-en-Bresse Gare Routière;fr_sncf|UIC87696013;9;4;56;68.8;100;100;31.3;0;0;4;REJETEE;present 4 jours sur 6 , volume observe 4.0 < 15 , trop parfaite : aucun retard superieur a 5 min
Pays-Bas;nl_ovapi;Hemmen-Dodewaard;nl_ovapi|hemmendodewaard@51.92,5.67;8.5;4;53;100;100;100;0;0;0;4;REJETEE;present 4 jours sur 6 , volume observe 4.0 < 15 , trop parfaite : 100 % a moins de 60 s
Allemagne;de_gtfsde;;de_gtfsde|122858;7.8;4;48;37.5;75;81.3;43.8;0;0;4;REJETEE;identite non resolue , present 4 jours sur 6 , volume observe 4.0 < 15
Etats-Unis;us_mbta;Foxboro;us_mbta|foxboro@42.10,-71.26;7.5;4;47;100;100;100;0;0;0;4;REJETEE;present 4 jours sur 6 , volume observe 4.0 < 15 , trop parfaite : 100 % a moins de 60 s
Etats-Unis;us_mbta;Melrose/Cedar Park;us_mbta|melrosecedarpark@42.46,-71.07;6.6;4;39;100;100;100;0;0;0;5;REJETEE;present 5 jours sur 6 , volume observe 4.0 < 15 , trop parfaite : 100 % a moins de 60 s
Etats-Unis;us_mbta;Oak Grove;us_mbta|oakgrove@42.44,-71.07;6;4;33;100;100;100;0;0;0;5;REJETEE;present 5 jours sur 6 , volume observe 4.0 < 15 , trop parfaite : 100 % a moins de 60 s
France;fr_sncf;Annemasse;fr_sncf|UIC87745497;31.6;3.8;88;84.2;89.5;94.7;10.5;0;0;5;REJETEE;present 5 jours sur 6 , volume observe 3.8 < 15
Pays-Bas;nl_ovapi;Brussel-Centraal;nl_ovapi|brusselcentraal@50.85,4.36;27;3.8;86;100;100;100;0;0.5;0;4;REJETEE;present 4 jours sur 6 , volume observe 3.8 < 15 , trop parfaite : 100 % a moins de 60 s
France;fr_sncf;Aulnoye-Aymeries;fr_sncf|UIC87295600;24.5;3.8;85;60;86.7;93.3;33.3;0.25;0;4;REJETEE;present 4 jours sur 6 , volume observe 3.8 < 15
France;fr_sncf;Redon;fr_sncf|UIC87471300;23.5;3.8;84;46.7;73.3;86.7;40;0;0;4;REJETEE;present 4 jours sur 6 , volume observe 3.8 < 15
France;fr_sncf;Saint-Chamond;fr_sncf|UIC87726307;21.7;3.8;82;69.6;82.6;87;17.4;0.5;0;6;REJETEE;volume observe 3.8 < 15
France;fr_sncf;Albens;fr_sncf|UIC87746115;20.8;3.8;82;52.6;73.7;73.7;21.1;0.8;0.6;5;REJETEE;present 5 jours sur 6 , volume observe 3.8 < 15
France;fr_sncf;Saint-Jean-de-Luz - Ciboure;fr_sncf|UIC87677120;18.2;3.8;79;68.4;84.2;89.5;21.1;1.2;2.8;5;REJETEE;present 5 jours sur 6 , volume observe 3.8 < 15
France;fr_sncf;Marseille Blancarde;fr_sncf|UIC87751081;18;3.8;79;78.9;94.7;94.7;15.8;0.4;0;5;REJETEE;present 5 jours sur 6 , volume observe 3.8 < 15
France;fr_sncf;Dunkerque;fr_sncf|UIC87281006;16;3.8;77;80;86.7;86.7;6.7;0;0;4;REJETEE;present 4 jours sur 6 , volume observe 3.8 < 15
France;fr_sncf;Offenburg;fr_sncf|UIC80143099;14.8;3.8;75;60;86.7;93.3;33.3;0;0;4;REJETEE;present 4 jours sur 6 , volume observe 3.8 < 15
France;fr_sncf;Bourg-Saint-Maurice;fr_sncf|UIC87741793;13.5;3.8;72;100;100;100;0;0;0;6;REJETEE;volume observe 3.8 < 15 , trop parfaite : 100 % a moins de 60 s
France;fr_sncf;Appenweier;fr_sncf|UIC80142893;13.5;3.8;72;53.3;93.3;93.3;40;0;0;4;REJETEE;present 4 jours sur 6 , volume observe 3.8 < 15
France;fr_sncf;Saint-Hilaire - Saint-Nazaire;fr_sncf|UIC87761684;13;3.8;71;42.1;57.9;57.9;15.8;0.2;0.2;5;REJETEE;present 5 jours sur 6 , volume observe 3.8 < 15 , ponctualite 58 % < 60 %
Allemagne;de_gtfsde;;de_gtfsde|90774;12.8;3.8;71;46.7;73.3;86.7;40;0;0;4;REJETEE;identite non resolue , present 4 jours sur 6 , volume observe 3.8 < 15
France;fr_sncf;Courthézon;fr_sncf|UIC87765180;11.8;3.8;68;66.7;93.3;100;33.3;0.25;0;4;REJETEE;present 4 jours sur 6 , volume observe 3.8 < 15
Pays-Bas;nl_ovapi;Berlin Hbf;nl_ovapi|berlinhbf@52.52,13.37;11.2;3.8;66;21.1;57.9;68.4;47.4;0;0;5;REJETEE;present 5 jours sur 6 , volume observe 3.8 < 15 , ponctualite 58 % < 60 %
Allemagne;de_gtfsde;;de_gtfsde|353561;10.5;3.8;64;40;100;100;60;0;0;4;REJETEE;identite non resolue , present 4 jours sur 6 , volume observe 3.8 < 15 , trop parfaite : aucun retard superieur a 5 min
France;fr_sncf;Bruxelles Midi;fr_sncf|UIC88140010;10.3;3.8;63;80;86.7;93.3;13.3;0.25;0;4;REJETEE;present 4 jours sur 6 , volume observe 3.8 < 15
France;fr_sncf;Saint-Priest;fr_sncf|UIC87723353;9.2;3.8;59;63.2;84.2;89.5;26.3;0.8;0;5;REJETEE;present 5 jours sur 6 , volume observe 3.8 < 15
Pays-Bas;nl_ovapi;Kesteren;nl_ovapi|kesteren@51.93,5.58;8.5;3.8;56;73.3;100;100;26.7;0;0;4;REJETEE;present 4 jours sur 6 , volume observe 3.8 < 15 , trop parfaite : aucun retard superieur a 5 min
Allemagne;de_gtfsde;;de_gtfsde|545832;8.3;3.8;55;80;100;100;20;0;0;4;REJETEE;identite non resolue , present 4 jours sur 6 , volume observe 3.8 < 15 , trop parfaite : aucun retard superieur a 5 min
France;fr_sncf;Woerth (Rhein);fr_sncf|UIC80191031;8;3.8;53;93.3;93.3;93.3;0;0;0;4;REJETEE;present 4 jours sur 6 , volume observe 3.8 < 15 , distribution degeneree : dispersion 0.0 pt
Allemagne;de_gtfsde;Seelze Bahnhof;de_gtfsde|seelzebahnhof@52.39,9.59;7;3.8;46;86.7;100;100;13.3;0;0;4;REJETEE;present 4 jours sur 6 , volume observe 3.8 < 15 , trop parfaite : aucun retard superieur a 5 min
France;fr_sncf;Le Plessis-Belleville;fr_sncf|UIC87271551;6.8;3.8;44;100;100;100;0;0;0;4;REJETEE;present 4 jours sur 6 , volume observe 3.8 < 15 , trop parfaite : 100 % a moins de 60 s
France;fr_sncf;Quimper;fr_sncf|UIC87474098;19.8;3.7;82;90.9;90.9;95.5;4.5;0;0;6;REJETEE;volume observe 3.7 < 15
France;fr_sncf;Les Arcs - Draguignan;fr_sncf|UIC87755447;19.5;3.7;81;68.2;86.4;90.9;22.7;0.33;0.17;6;REJETEE;volume observe 3.7 < 15
France;fr_sncf;Saint-Étienne Bellevue;fr_sncf|UIC87726190;17.7;3.7;79;86.4;90.9;95.5;9.1;0.33;0.33;6;REJETEE;volume observe 3.7 < 15
France;fr_sncf;Saint-Martin-de-Crau;fr_sncf|UIC87753681;14.5;3.7;75;59.1;81.8;95.5;36.4;0.17;0.83;6;REJETEE;volume observe 3.7 < 15
France;fr_sncf;Saint-Dié-des-Vosges;fr_sncf|UIC87144014;18;3.6;80;83.3;88.9;88.9;5.6;0;0;5;REJETEE;present 5 jours sur 6 , volume observe 3.6 < 15
France;fr_sncf;Montpellier Sud de France;fr_sncf|UIC87688887;13.4;3.6;73;27.8;33.3;50;22.2;0;0.2;5;REJETEE;present 5 jours sur 6 , volume observe 3.6 < 15 , ponctualite 33 % < 60 %
Etats-Unis;us_mbta;Brandeis/Roberts;us_mbta|brandeisroberts@42.36,-71.26;6.6;3.6;45;100;100;100;0;0;0;5;REJETEE;present 5 jours sur 6 , volume observe 3.6 < 15 , trop parfaite : 100 % a moins de 60 s
Etats-Unis;us_mbta;Waltham;us_mbta|waltham@42.37,-71.24;6.6;3.6;45;100;100;100;0;0;0;5;REJETEE;present 5 jours sur 6 , volume observe 3.6 < 15 , trop parfaite : 100 % a moins de 60 s
France;fr_sncf;Saverne;fr_sncf|UIC87212225;27.5;3.5;87;85.7;92.9;92.9;7.1;0;0;4;REJETEE;present 4 jours sur 6 , volume observe 3.5 < 15
Pays-Bas;nl_ovapi;Brussels Airport-Zaventem;nl_ovapi|brusselsairportzaventem@50.90,4.48;27;3.5;87;92.9;100;100;7.1;0.5;0;4;REJETEE;present 4 jours sur 6 , volume observe 3.5 < 15 , trop parfaite : aucun retard superieur a 5 min
France;fr_sncf;Villeneuve-Loubet-Plage;fr_sncf|UIC87756304;25.8;3.5;86;57.1;100;100;42.9;0.5;0;6;REJETEE;volume observe 3.5 < 15 , trop parfaite : aucun retard superieur a 5 min
France;fr_sncf;Bourges;fr_sncf|UIC87576207;23.5;3.5;85;100;100;100;0;0.5;0;4;REJETEE;present 4 jours sur 6 , volume observe 3.5 < 15 , trop parfaite : 100 % a moins de 60 s
France;fr_sncf;Beauvais;fr_sncf|UIC87313510;21.8;3.5;84;92.9;100;100;7.1;0;0;4;REJETEE;present 4 jours sur 6 , volume observe 3.5 < 15 , trop parfaite : aucun retard superieur a 5 min
France;fr_sncf;Champagne-Ardenne TGV;fr_sncf|UIC87171926;20.7;3.5;83;61.9;66.7;76.2;14.3;0;0;6;REJETEE;volume observe 3.5 < 15
France;fr_sncf;Saint-Amand-les-Eaux;fr_sncf|UIC87343103;20.5;3.5;83;71.4;78.6;85.7;14.3;0;0;4;REJETEE;present 4 jours sur 6 , volume observe 3.5 < 15
France;fr_sncf;Orchies;fr_sncf|UIC87286583;18.8;3.5;81;78.6;78.6;85.7;7.1;0;0;4;REJETEE;present 4 jours sur 6 , volume observe 3.5 < 15
France;fr_sncf;Hagondange;fr_sncf|UIC87191114;17.5;3.5;80;64.3;92.9;92.9;28.6;0.25;0.75;4;REJETEE;present 4 jours sur 6 , volume observe 3.5 < 15
France;fr_sncf;Belfort-Ville;fr_sncf|UIC87184002;17;3.5;79;92.9;100;100;7.1;0;0;4;REJETEE;present 4 jours sur 6 , volume observe 3.5 < 15 , trop parfaite : aucun retard superieur a 5 min
France;fr_sncf;Wissembourg;fr_sncf|UIC87213470;16.5;3.5;79;92.9;92.9;92.9;0;0.25;0;4;REJETEE;present 4 jours sur 6 , volume observe 3.5 < 15 , distribution degeneree : dispersion 0.0 pt
Allemagne;de_gtfsde;Frydlant v Cechach;de_gtfsde|frydlantvcechach@50.92,15.07;16.3;3.5;78;64.3;100;100;35.7;0;0;4;REJETEE;present 4 jours sur 6 , volume observe 3.5 < 15 , trop parfaite : aucun retard superieur a 5 min
France;fr_sncf;Boulogne sur Mer;fr_sncf|UIC87317586;14.8;3.5;76;57.1;78.6;78.6;21.4;0;0;4;REJETEE;present 4 jours sur 6 , volume observe 3.5 < 15
France;fr_sncf;Albertville;fr_sncf|UIC87741645;14.5;3.5;76;38.1;71.4;76.2;38.1;0;0;6;REJETEE;volume observe 3.5 < 15
France;fr_sncf;Landry;fr_sncf|UIC87741777;13.2;3.5;73;100;100;100;0;0;0;6;REJETEE;volume observe 3.5 < 15 , trop parfaite : 100 % a moins de 60 s
France;fr_sncf;Échirolles;fr_sncf|UIC87725895;12.2;3.5;71;76.2;81;85.7;9.5;0.67;0.67;6;REJETEE;volume observe 3.5 < 15
Allemagne;de_gtfsde;;de_gtfsde|304161;11.5;3.5;70;64.3;78.6;85.7;21.4;0;0;4;REJETEE;identite non resolue , present 4 jours sur 6 , volume observe 3.5 < 15
Allemagne;de_gtfsde;;de_gtfsde|476808;11;3.5;68;64.3;92.9;100;35.7;0;0;4;REJETEE;identite non resolue , present 4 jours sur 6 , volume observe 3.5 < 15
Allemagne;de_gtfsde;;de_gtfsde|363154;10.8;3.5;67;85.7;100;100;14.3;0;0;4;REJETEE;identite non resolue , present 4 jours sur 6 , volume observe 3.5 < 15 , trop parfaite : aucun retard superieur a 5 min
France;fr_sncf;Vichy;fr_sncf|UIC87732008;10;3.5;65;85.7;100;100;14.3;0;0;6;REJETEE;volume observe 3.5 < 15 , trop parfaite : aucun retard superieur a 5 min
Allemagne;de_gtfsde;;de_gtfsde|103689;9.8;3.5;64;50;85.7;100;50;0;0;4;REJETEE;identite non resolue , present 4 jours sur 6 , volume observe 3.5 < 15
Etats-Unis;us_mbta;Forge Park/495;us_mbta|forgepark495@42.09,-71.44;9.5;3.5;63;100;100;100;0;0;0;6;REJETEE;volume observe 3.5 < 15 , trop parfaite : 100 % a moins de 60 s
France;fr_sncf;Hagenbach;fr_sncf|UIC80191049;7.8;3.5;55;92.9;92.9;92.9;0;0;0;4;REJETEE;present 4 jours sur 6 , volume observe 3.5 < 15 , distribution degeneree : dispersion 0.0 pt
France;fr_sncf;Maximiliansau Im Ruesten;fr_sncf|UIC80646133;7.5;3.5;53;92.9;92.9;92.9;0;0;0;4;REJETEE;present 4 jours sur 6 , volume observe 3.5 < 15 , distribution degeneree : dispersion 0.0 pt
Etats-Unis;us_mbta;Gloucester;us_mbta|gloucester@42.62,-70.67;7;3.5;50;100;100;100;0;0;0;4;REJETEE;present 4 jours sur 6 , volume observe 3.5 < 15 , trop parfaite : 100 % a moins de 60 s
France;fr_sncf;Nanteuil-le-Haudouin;fr_sncf|UIC87271577;6.8;3.5;48;92.9;100;100;7.1;0;0;4;REJETEE;present 4 jours sur 6 , volume observe 3.5 < 15 , trop parfaite : aucun retard superieur a 5 min
Allemagne;de_gtfsde;;de_gtfsde|419729;6.5;3.5;46;0;0;35.7;35.7;0;0;4;REJETEE;identite non resolue , present 4 jours sur 6 , volume observe 3.5 < 15 , ponctualite 0 % < 60 %
Etats-Unis;us_mbta;Rockport;us_mbta|rockport@42.66,-70.63;6.5;3.5;46;100;100;100;0;0;0;4;REJETEE;present 4 jours sur 6 , volume observe 3.5 < 15 , trop parfaite : 100 % a moins de 60 s
France;fr_sncf;Maintenon;fr_sncf|UIC87394130;19.8;3.4;83;58.8;76.5;82.4;23.5;1.2;0;5;REJETEE;present 5 jours sur 6 , volume observe 3.4 < 15
France;fr_sncf;Thionville;fr_sncf|UIC87191007;17.4;3.4;80;88.2;100;100;11.8;0.2;0.8;5;REJETEE;present 5 jours sur 6 , volume observe 3.4 < 15 , trop parfaite : aucun retard superieur a 5 min
France;fr_sncf;Orthez;fr_sncf|UIC87672253;17.2;3.4;80;58.8;76.5;88.2;29.4;0.6;2;5;REJETEE;present 5 jours sur 6 , volume observe 3.4 < 15
France;fr_sncf;Paris Bercy Bourg. Pays d'Auv.;fr_sncf|UIC87686667;16.2;3.4;79;82.4;94.1;94.1;11.8;0;0;5;REJETEE;present 5 jours sur 6 , volume observe 3.4 < 15
France;fr_sncf;Sorgues - Châteauneuf-du-Pape;fr_sncf|UIC87765206;14.6;3.4;77;76.5;94.1;100;23.5;0.2;0.2;5;REJETEE;present 5 jours sur 6 , volume observe 3.4 < 15
France;fr_sncf;Besançon Viotte;fr_sncf|UIC87718007;14.2;3.4;76;94.1;94.1;100;5.9;0;0;5;REJETEE;present 5 jours sur 6 , volume observe 3.4 < 15
France;fr_sncf;Arches;fr_sncf|UIC87144410;12.8;3.4;73;76.5;76.5;88.2;11.8;0;0.4;5;REJETEE;present 5 jours sur 6 , volume observe 3.4 < 15
France;fr_sncf;Coutras;fr_sncf|UIC87584516;10.4;3.4;67;58.8;88.2;100;41.2;0.8;0;5;REJETEE;present 5 jours sur 6 , volume observe 3.4 < 15
Allemagne;de_gtfsde;Steinpleis, Haltepunkt;de_gtfsde|steinpleishaltepunkt@50.71,12.39;7.8;3.4;56;52.9;76.5;94.1;41.2;0;0;5;REJETEE;present 5 jours sur 6 , volume observe 3.4 < 15
Pays-Bas;nl_ovapi;Mechelen;nl_ovapi|mechelen@51.02,4.48;27;3.3;88;53.8;92.3;92.3;38.5;0.5;0;4;REJETEE;present 4 jours sur 6 , volume observe 3.3 < 15
France;fr_sncf;Moirans;fr_sncf|UIC87747329;22.7;3.3;85;65;80;85;20;0.83;0.5;6;REJETEE;volume observe 3.3 < 15
France;fr_sncf;Barr;fr_sncf|UIC87214247;21.3;3.3;85;84.6;84.6;100;15.4;0;0.75;4;REJETEE;present 4 jours sur 6 , volume observe 3.3 < 15
Allemagne;de_gtfsde;;de_gtfsde|104584;21;3.3;85;53.8;61.5;69.2;15.4;0;0;4;REJETEE;identite non resolue , present 4 jours sur 6 , volume observe 3.3 < 15
France;fr_sncf;Dorlisheim;fr_sncf|UIC87214338;21;3.3;85;100;100;100;0;0;0.5;4;REJETEE;present 4 jours sur 6 , volume observe 3.3 < 15 , trop parfaite : 100 % a moins de 60 s
France;fr_sncf;Pont-à-Mousson;fr_sncf|UIC87141820;19;3.3;83;53.8;69.2;84.6;30.8;0.25;0;4;REJETEE;present 4 jours sur 6 , volume observe 3.3 < 15
France;fr_sncf;Saint-Étienne Carnot;fr_sncf|UIC87726901;17.7;3.3;81;85;90;95;10;0.33;0.33;6;REJETEE;volume observe 3.3 < 15
France;fr_sncf;Pagny-sur-Moselle;fr_sncf|UIC87192468;17.5;3.3;81;53.8;76.9;84.6;30.8;0.25;0;4;REJETEE;present 4 jours sur 6 , volume observe 3.3 < 15
France;fr_sncf;Fréjus;fr_sncf|UIC87757500;17.5;3.3;81;76.9;92.3;92.3;15.4;0;0;4;REJETEE;present 4 jours sur 6 , volume observe 3.3 < 15
France;fr_sncf;Le Dramont;fr_sncf|UIC87757542;16.8;3.3;81;61.5;76.9;84.6;23.1;0;0.25;4;REJETEE;present 4 jours sur 6 , volume observe 3.3 < 15
France;fr_sncf;Mulhouse Dornach;fr_sncf|UIC87182055;15.8;3.3;79;76.9;76.9;92.3;15.4;0;0;4;REJETEE;present 4 jours sur 6 , volume observe 3.3 < 15
Allemagne;de_gtfsde;;de_gtfsde|338136;13.3;3.3;75;30.8;46.2;53.8;23.1;0;0;4;REJETEE;identite non resolue , present 4 jours sur 6 , volume observe 3.3 < 15 , ponctualite 46 % < 60 %
France;fr_sncf;Modane;fr_sncf|UIC87742007;13.2;3.3;75;85;90;95;10;0;0;6;REJETEE;volume observe 3.3 < 15
France;fr_sncf;Castillon;fr_sncf|UIC87584136;13;3.3;75;46.2;53.8;84.6;38.5;0;0;4;REJETEE;present 4 jours sur 6 , volume observe 3.3 < 15 , ponctualite 54 % < 60 %
France;fr_sncf;Calais - Fréthun;fr_sncf|UIC87281071;10.8;3.3;70;61.5;76.9;76.9;15.4;0;0.25;4;REJETEE;present 4 jours sur 6 , volume observe 3.3 < 15
France;fr_sncf;Le Buisson;fr_sncf|UIC87595751;10.5;3.3;69;7.7;84.6;92.3;84.6;0;0.5;4;REJETEE;present 4 jours sur 6 , volume observe 3.3 < 15
France;fr_sncf;Bédarrides;fr_sncf|UIC87765198;10.5;3.3;69;53.8;92.3;100;46.2;0.25;0;4;REJETEE;present 4 jours sur 6 , volume observe 3.3 < 15
Allemagne;de_gtfsde;;de_gtfsde|423043;9.5;3.3;66;84.6;92.3;100;15.4;0;0;4;REJETEE;identite non resolue , present 4 jours sur 6 , volume observe 3.3 < 15
France;fr_sncf;Lancey;fr_sncf|UIC87417501;9;3.3;64;76.9;92.3;92.3;15.4;0;0.25;4;REJETEE;present 4 jours sur 6 , volume observe 3.3 < 15
France;fr_sncf;Goncelin;fr_sncf|UIC87747477;9;3.3;64;84.6;92.3;92.3;7.7;0;0.25;4;REJETEE;present 4 jours sur 6 , volume observe 3.3 < 15
Etats-Unis;us_mbta;Wickford Junction;us_mbta|wickfordjunction@41.58,-71.49;8.8;3.3;63;100;100;100;0;0;0;4;REJETEE;present 4 jours sur 6 , volume observe 3.3 < 15 , trop parfaite : 100 % a moins de 60 s
Pays-Bas;nl_ovapi;Opheusden;nl_ovapi|opheusden@51.93,5.64;8.5;3.3;62;100;100;100;0;0;0;4;REJETEE;present 4 jours sur 6 , volume observe 3.3 < 15 , trop parfaite : 100 % a moins de 60 s
France;fr_sncf;Neuburg (Rhein);fr_sncf|UIC80646141;7.8;3.3;58;92.3;92.3;92.3;0;0;0;4;REJETEE;present 4 jours sur 6 , volume observe 3.3 < 15 , distribution degeneree : dispersion 0.0 pt
Etats-Unis;us_mbta;Kendal Green;us_mbta|kendalgreen@42.38,-71.28;7.8;3.3;58;100;100;100;0;0;0;4;REJETEE;present 4 jours sur 6 , volume observe 3.3 < 15 , trop parfaite : 100 % a moins de 60 s
Allemagne;de_gtfsde;;de_gtfsde|124096;7;3.3;54;84.6;100;100;15.4;0;0;4;REJETEE;identite non resolue , present 4 jours sur 6 , volume observe 3.3 < 15 , trop parfaite : aucun retard superieur a 5 min
Etats-Unis;us_mbta;North Leominster;us_mbta|northleominster@42.54,-71.74;6.5;3.3;50;100;100;100;0;0;0;4;REJETEE;present 4 jours sur 6 , volume observe 3.3 < 15 , trop parfaite : 100 % a moins de 60 s
France;fr_sncf;Les Aubrais;fr_sncf|UIC87543017;27;3.2;88;81.3;87.5;87.5;6.3;1.2;0.2;5;REJETEE;present 5 jours sur 6 , volume observe 3.2 < 15
France;fr_sncf;Vannes;fr_sncf|UIC87476606;26.8;3.2;88;37.5;87.5;87.5;50;0;0;5;REJETEE;present 5 jours sur 6 , volume observe 3.2 < 15
France;fr_sncf;Lorient;fr_sncf|UIC87476002;21.6;3.2;85;62.5;75;93.8;31.3;0;0;5;REJETEE;present 5 jours sur 6 , volume observe 3.2 < 15
France;fr_sncf;Épernon;fr_sncf|UIC87394114;19.8;3.2;84;68.8;81.3;87.5;18.8;1.2;0;5;REJETEE;present 5 jours sur 6 , volume observe 3.2 < 15
France;fr_sncf;Villefranche-sur-Saône;fr_sncf|UIC87721332;19.2;3.2;83;75;75;87.5;12.5;0;0.4;5;REJETEE;present 5 jours sur 6 , volume observe 3.2 < 15
France;fr_sncf;Épinal;fr_sncf|UIC87144006;17.8;3.2;82;89.5;89.5;94.7;5.3;0;0.17;6;REJETEE;volume observe 3.2 < 15
France;fr_sncf;Lozanne;fr_sncf|UIC87721423;15.2;3.2;79;75;87.5;93.8;18.8;0;0;5;REJETEE;present 5 jours sur 6 , volume observe 3.2 < 15
France;fr_sncf;Montauban Ville Bourbon;fr_sncf|UIC87611244;14.8;3.2;79;31.6;52.6;68.4;36.8;1.33;0;6;REJETEE;volume observe 3.2 < 15 , ponctualite 53 % < 60 %
France;fr_sncf;Saint-Quentin-Fallavier;fr_sncf|UIC87723387;10.4;3.2;69;75;81.3;81.3;6.3;0.8;0;5;REJETEE;present 5 jours sur 6 , volume observe 3.2 < 15
France;fr_sncf;Cessieu;fr_sncf|UIC87723452;9.2;3.2;65;75;87.5;93.8;18.8;0.8;0;5;REJETEE;present 5 jours sur 6 , volume observe 3.2 < 15
Etats-Unis;us_mbta;Waverley;us_mbta|waverley@42.39,-71.19;6.2;3.2;48;100;100;100;0;0;0;5;REJETEE;present 5 jours sur 6 , volume observe 3.2 < 15 , trop parfaite : 100 % a moins de 60 s
Pays-Bas;nl_ovapi;Brussel-Noord;nl_ovapi|brusselnoord@50.86,4.36;27;3;89;100;100;100;0;0.5;0;4;REJETEE;present 4 jours sur 6 , volume observe 3.0 < 15 , trop parfaite : 100 % a moins de 60 s
France;fr_sncf;Haguenau;fr_sncf|UIC87213058;26.8;3;89;83.3;83.3;83.3;0;0.75;0;4;REJETEE;present 4 jours sur 6 , volume observe 3.0 < 15 , distribution degeneree : dispersion 0.0 pt
France;fr_sncf;Blois - Chambord;fr_sncf|UIC87574004;22.8;3;87;91.7;91.7;91.7;0;0.75;0;4;REJETEE;present 4 jours sur 6 , volume observe 3.0 < 15 , distribution degeneree : dispersion 0.0 pt
France;fr_sncf;Vendenheim;fr_sncf|UIC87212118;22.5;3;87;50;75;83.3;33.3;0.25;0;4;REJETEE;present 4 jours sur 6 , volume observe 3.0 < 15
France;fr_sncf;Compiègne;fr_sncf|UIC87276691;22.3;3;87;75;83.3;91.7;16.7;0.5;0.5;4;REJETEE;present 4 jours sur 6 , volume observe 3.0 < 15
France;fr_sncf;Gardanne;fr_sncf|UIC87751420;22.2;3;86;88.9;94.4;94.4;5.6;0.33;0;6;REJETEE;volume observe 3.0 < 15
France;fr_sncf;Bourg-en-Bresse;fr_sncf|UIC87743005;21.6;3;86;53.3;86.7;100;46.7;0;0.2;5;REJETEE;present 5 jours sur 6 , volume observe 3.0 < 15
France;fr_sncf;Bischoffsheim;fr_sncf|UIC87214296;21;3;86;91.7;100;100;8.3;0;0.5;4;REJETEE;present 4 jours sur 6 , volume observe 3.0 < 15 , trop parfaite : aucun retard superieur a 5 min
France;fr_sncf;Cannes La Bocca;fr_sncf|UIC87757617;18.5;3;84;75;91.7;91.7;16.7;0;0.25;4;REJETEE;present 4 jours sur 6 , volume observe 3.0 < 15
France;fr_sncf;Agay;fr_sncf|UIC87757559;17.5;3;83;58.3;75;83.3;25;0;0.25;4;REJETEE;present 4 jours sur 6 , volume observe 3.0 < 15
France;fr_sncf;La Rochelle;fr_sncf|UIC87485003;17.3;3;83;58.3;83.3;91.7;33.3;0;0;4;REJETEE;present 4 jours sur 6 , volume observe 3.0 < 15
France;fr_sncf;Saumur;fr_sncf|UIC87487603;16.8;3;82;66.7;73.3;86.7;20;1.2;0;5;REJETEE;present 5 jours sur 6 , volume observe 3.0 < 15
France;fr_sncf;Anthéor Cap Roux;fr_sncf|UIC87757567;16.3;3;82;58.3;75;83.3;25;0;0.25;4;REJETEE;present 4 jours sur 6 , volume observe 3.0 < 15
France;fr_sncf;Agen;fr_sncf|UIC87586008;14.8;3;80;44.4;61.1;66.7;22.2;0.83;0;6;REJETEE;volume observe 3.0 < 15
France;fr_sncf;Nogent-le-Rotrou;fr_sncf|UIC87394296;14.6;3;79;80;80;86.7;6.7;0.4;0;5;REJETEE;present 5 jours sur 6 , volume observe 3.0 < 15
France;fr_sncf;Le Coteau;fr_sncf|UIC87726828;14.4;3;79;86.7;93.3;100;13.3;0;0;5;REJETEE;present 5 jours sur 6 , volume observe 3.0 < 15
France;fr_sncf;Saint-Michel - Valloire;fr_sncf|UIC87742361;14.4;3;79;80;86.7;86.7;6.7;0;0;5;REJETEE;present 5 jours sur 6 , volume observe 3.0 < 15
France;fr_sncf;Saint-Avre - La Chambre;fr_sncf|UIC87741306;14.4;3;79;40;66.7;80;40;0;0;5;REJETEE;present 5 jours sur 6 , volume observe 3.0 < 15
France;fr_sncf;Étampes;fr_sncf|UIC87545137;14.3;3;79;58.3;100;100;41.7;0.25;0;4;REJETEE;present 4 jours sur 6 , volume observe 3.0 < 15 , trop parfaite : aucun retard superieur a 5 min
France;fr_sncf;Saintes;fr_sncf|UIC87491001;14;3;79;58.3;75;100;41.7;0.25;0;4;REJETEE;present 4 jours sur 6 , volume observe 3.0 < 15
France;fr_sncf;Tarascon-sur-Rhône;fr_sncf|UIC87765354;14;3;79;61.1;72.2;77.8;16.7;0.17;0.17;6;REJETEE;volume observe 3.0 < 15
France;fr_sncf;La Villette Saint-Prest;fr_sncf|UIC87394171;13.8;3;78;83.3;91.7;91.7;8.3;0.5;1.25;4;REJETEE;present 4 jours sur 6 , volume observe 3.0 < 15
France;fr_sncf;Puyoô;fr_sncf|UIC87672279;12.8;3;76;50;75;91.7;41.7;0.25;0;4;REJETEE;present 4 jours sur 6 , volume observe 3.0 < 15
Allemagne;de_gtfsde;;de_gtfsde|551767;11.8;3;74;66.7;91.7;91.7;25;0;0;4;REJETEE;identite non resolue , present 4 jours sur 6 , volume observe 3.0 < 15
France;fr_sncf;Lyon-Part-Dieu Gare Routière;fr_sncf|UIC87697128;11.8;3;74;100;100;100;0;0;0;4;REJETEE;present 4 jours sur 6 , volume observe 3.0 < 15 , trop parfaite : 100 % a moins de 60 s
France;fr_sncf;Saint-Loubès;fr_sncf|UIC87584730;11.7;3;74;66.7;88.9;100;33.3;1.83;0.17;6;REJETEE;volume observe 3.0 < 15
Allemagne;de_gtfsde;;de_gtfsde|375359;11.5;3;74;58.3;75;83.3;25;0;0;4;REJETEE;identite non resolue , present 4 jours sur 6 , volume observe 3.0 < 15
France;fr_sncf;Montargis;fr_sncf|UIC87684001;10.3;3;71;66.7;83.3;83.3;16.7;0;0;4;REJETEE;present 4 jours sur 6 , volume observe 3.0 < 15
France;fr_sncf;Brignoud;fr_sncf|UIC87747451;9;3;67;83.3;91.7;91.7;8.3;0;0.25;4;REJETEE;present 4 jours sur 6 , volume observe 3.0 < 15
Allemagne;de_gtfsde;;de_gtfsde|196613;8.5;3;65;66.7;83.3;100;33.3;0;0;4;REJETEE;identite non resolue , present 4 jours sur 6 , volume observe 3.0 < 15
Etats-Unis;us_mbta;Ayer;us_mbta|ayer@42.56,-71.59;7;3;57;100;100;100;0;0;0;4;REJETEE;present 4 jours sur 6 , volume observe 3.0 < 15 , trop parfaite : 100 % a moins de 60 s
Etats-Unis;us_mbta;Montserrat;us_mbta|montserrat@42.56,-70.87;6.8;3;56;100;100;100;0;0;0;5;REJETEE;present 5 jours sur 6 , volume observe 3.0 < 15 , trop parfaite : 100 % a moins de 60 s
Etats-Unis;us_mbta;Beverly Farms;us_mbta|beverlyfarms@42.56,-70.81;6.8;3;56;100;100;100;0;0;0;5;REJETEE;present 5 jours sur 6 , volume observe 3.0 < 15 , trop parfaite : 100 % a moins de 60 s
Etats-Unis;us_mbta;Shirley;us_mbta|shirley@42.55,-71.65;6.8;3;56;100;100;100;0;0;0;4;REJETEE;present 4 jours sur 6 , volume observe 3.0 < 15 , trop parfaite : 100 % a moins de 60 s
France;fr_sncf;Chêne-Bourg;fr_sncf|UIC85162743;29.3;2.8;91;100;100;100;0;0;0;4;REJETEE;present 4 jours sur 6 , volume observe 2.8 < 15 , trop parfaite : 100 % a moins de 60 s
France;fr_sncf;Saint-Brieuc;fr_sncf|UIC87473009;23.8;2.8;88;45.5;63.6;63.6;18.2;0;0;4;REJETEE;present 4 jours sur 6 , volume observe 2.8 < 15
France;fr_sncf;Brumath;fr_sncf|UIC87212134;23.5;2.8;88;72.7;90.9;100;27.3;0;0;4;REJETEE;present 4 jours sur 6 , volume observe 2.8 < 15
France;fr_sncf;Obernai;fr_sncf|UIC87214288;21;2.8;87;100;100;100;0;0;0.5;4;REJETEE;present 4 jours sur 6 , volume observe 2.8 < 15 , trop parfaite : 100 % a moins de 60 s
France;fr_sncf;Longueau;fr_sncf|UIC87313049;18.8;2.8;85;72.7;90.9;100;27.3;0;0;4;REJETEE;present 4 jours sur 6 , volume observe 2.8 < 15
France;fr_sncf;Auray;fr_sncf|UIC87476200;18.7;2.8;85;47.1;82.4;94.1;47.1;0;0;6;REJETEE;volume observe 2.8 < 15
France;fr_sncf;Tullins Fures;fr_sncf|UIC87761759;18.6;2.8;85;50;78.6;78.6;28.6;0.8;0.4;5;REJETEE;present 5 jours sur 6 , volume observe 2.8 < 15
France;fr_sncf;Benfeld;fr_sncf|UIC87214122;18;2.8;85;72.7;90.9;90.9;18.2;0;0;4;REJETEE;present 4 jours sur 6 , volume observe 2.8 < 15
France;fr_sncf;Biarritz;fr_sncf|UIC87673400;18;2.8;84;85.7;100;100;14.3;1.2;2.8;5;REJETEE;present 5 jours sur 6 , volume observe 2.8 < 15 , trop parfaite : aucun retard superieur a 5 min
France;fr_sncf;Firminy;fr_sncf|UIC87726729;17.7;2.8;84;82.4;82.4;94.1;11.8;0.33;0.33;6;REJETEE;volume observe 2.8 < 15
France;fr_sncf;Châlons-en-Champagne;fr_sncf|UIC87174003;17.5;2.8;84;81.8;81.8;90.9;9.1;0;0;4;REJETEE;present 4 jours sur 6 , volume observe 2.8 < 15
France;fr_sncf;Le Trayas;fr_sncf|UIC87757575;17;2.8;84;54.5;72.7;81.8;27.3;0;0.25;4;REJETEE;present 4 jours sur 6 , volume observe 2.8 < 15
France;fr_sncf;Blainville - Damelevières;fr_sncf|UIC87141135;16.8;2.8;84;54.5;63.6;81.8;27.3;0;0.25;4;REJETEE;present 4 jours sur 6 , volume observe 2.8 < 15
France;fr_sncf;La Loupe;fr_sncf|UIC87394254;15.3;2.8;82;63.6;81.8;90.9;27.3;0.25;0.25;4;REJETEE;present 4 jours sur 6 , volume observe 2.8 < 15
France;fr_sncf;Saint-Jean-de-Maurienne Arvan;fr_sncf|UIC87742320;14.4;2.8;81;50;71.4;78.6;28.6;0;0;5;REJETEE;present 5 jours sur 6 , volume observe 2.8 < 15
France;fr_sncf;Cassis;fr_sncf|UIC87751776;14.4;2.8;81;42.9;85.7;85.7;42.9;0.4;0;5;REJETEE;present 5 jours sur 6 , volume observe 2.8 < 15
France;fr_sncf;Montereau;fr_sncf|UIC87682302;14.3;2.8;81;63.6;81.8;81.8;18.2;0;0;4;REJETEE;present 4 jours sur 6 , volume observe 2.8 < 15
France;fr_sncf;Beaune;fr_sncf|UIC87713545;14;2.8;80;50;100;100;50;0.4;0;5;REJETEE;present 5 jours sur 6 , volume observe 2.8 < 15 , trop parfaite : aucun retard superieur a 5 min
France;fr_sncf;Le Quesnoy;fr_sncf|UIC87295857;13.8;2.8;80;81.8;90.9;100;18.2;0;0;4;REJETEE;present 4 jours sur 6 , volume observe 2.8 < 15
France;fr_sncf;Saint-Piat;fr_sncf|UIC87394148;13.8;2.8;80;72.7;90.9;90.9;18.2;0.5;1.25;4;REJETEE;present 4 jours sur 6 , volume observe 2.8 < 15
France;fr_sncf;Legelshurst;fr_sncf|UIC80142901;13.5;2.8;80;54.5;90.9;90.9;36.4;0;0;4;REJETEE;present 4 jours sur 6 , volume observe 2.8 < 15
France;fr_sncf;Aime - La Plagne;fr_sncf|UIC87741769;13.2;2.8;78;88.2;88.2;88.2;0;0;0;6;REJETEE;volume observe 2.8 < 15 , distribution degeneree : dispersion 0.0 pt
France;fr_sncf;Notre-Dame de Briançon;fr_sncf|UIC87741694;13.2;2.8;78;58.8;88.2;88.2;29.4;0;0;6;REJETEE;volume observe 2.8 < 15
France;fr_sncf;Seyssel - Corbonod;fr_sncf|UIC87745828;12.4;2.8;77;21.4;64.3;71.4;50;0.2;0;5;REJETEE;present 5 jours sur 6 , volume observe 2.8 < 15
France;fr_sncf;Issoire;fr_sncf|UIC87734202;12.2;2.8;77;64.3;71.4;78.6;14.3;0;0;5;REJETEE;present 5 jours sur 6 , volume observe 2.8 < 15
France;fr_sncf;La Gorp;fr_sncf|UIC87584755;11.7;2.8;76;58.8;82.4;94.1;35.3;1.83;0.17;6;REJETEE;volume observe 2.8 < 15
France;fr_sncf;Hoenheim Tram;fr_sncf|UIC87338517;11;2.8;75;63.6;100;100;36.4;0;0;4;REJETEE;present 4 jours sur 6 , volume observe 2.8 < 15 , trop parfaite : aucun retard superieur a 5 min
France;fr_sncf;Lorraine TGV;fr_sncf|UIC87142109;11;2.8;75;78.6;78.6;85.7;7.1;0;0;5;REJETEE;present 5 jours sur 6 , volume observe 2.8 < 15
France;fr_sncf;Montrond-les-Bains;fr_sncf|UIC87726885;9;2.8;69;63.6;90.9;100;36.4;0;0;4;REJETEE;present 4 jours sur 6 , volume observe 2.8 < 15
France;fr_sncf;Veauche - Saint-Galmier;fr_sncf|UIC87726208;9;2.8;69;81.8;90.9;100;18.2;0;0;4;REJETEE;present 4 jours sur 6 , volume observe 2.8 < 15
France;fr_sncf;Coarraze - Nay;fr_sncf|UIC87672139;8;2.8;66;63.6;72.7;72.7;9.1;0.25;0;4;REJETEE;present 4 jours sur 6 , volume observe 2.8 < 15
Etats-Unis;us_mbta;Manchester;us_mbta|manchester@42.57,-70.77;6.4;2.8;56;100;100;100;0;0;0;5;REJETEE;present 5 jours sur 6 , volume observe 2.8 < 15 , trop parfaite : 100 % a moins de 60 s
Allemagne;de_gtfsde;Rainau-Schwabsberg, Bahnhof;de_gtfsde|rainauschwabsbergbahnhof@48.93,10.14;6;2.8;54;63.6;81.8;81.8;18.2;0;0;4;REJETEE;present 4 jours sur 6 , volume observe 2.8 < 15
Allemagne;de_gtfsde;Neuenburg (Baden) Bahnhof;de_gtfsde|neuenburgbadenbahnhof@47.81,7.56;5.8;2.8;52;63.6;63.6;72.7;9.1;0;0;4;REJETEE;present 4 jours sur 6 , volume observe 2.8 < 15
France;fr_sncf;Simiane;fr_sncf|UIC87751438;22.2;2.7;88;93.8;93.8;93.8;0;0.33;0;6;REJETEE;volume observe 2.7 < 15 , distribution degeneree : dispersion 0.0 pt
France;fr_sncf;Lourdes;fr_sncf|UIC87671339;13.8;2.7;81;68.8;87.5;93.8;25;0.33;2.17;6;REJETEE;volume observe 2.7 < 15
France;fr_sncf;Belfort - Montbéliard TGV;fr_sncf|UIC87300822;12.5;2.7;79;43.8;81.3;81.3;37.5;0;0;6;REJETEE;volume observe 2.7 < 15
France;fr_sncf;Saint-Sulpice - Izon;fr_sncf|UIC87584722;11.7;2.7;77;62.5;87.5;100;37.5;1.83;0.17;6;REJETEE;volume observe 2.7 < 15
France;fr_sncf;Saint-Quentin;fr_sncf|UIC87296004;16.4;2.6;84;76.9;92.3;100;23.1;0.8;0.2;5;REJETEE;present 5 jours sur 6 , volume observe 2.6 < 15
France;fr_sncf;Grésy-sur-Aix;fr_sncf|UIC87746107;15.4;2.6;83;38.5;53.8;53.8;15.4;0.6;0.4;5;REJETEE;present 5 jours sur 6 , volume observe 2.6 < 15 , ponctualite 54 % < 60 %
France;fr_sncf;Carcassonne;fr_sncf|UIC87615286;15.2;2.6;83;46.2;69.2;76.9;30.8;0.6;0;5;REJETEE;present 5 jours sur 6 , volume observe 2.6 < 15
France;fr_sncf;Cornil;fr_sncf|UIC87594481;14.8;2.6;82;53.8;61.5;69.2;15.4;0.4;0;5;REJETEE;present 5 jours sur 6 , volume observe 2.6 < 15
France;fr_sncf;Clermont la Pardieu;fr_sncf|UIC87782607;14;2.6;81;84.6;92.3;92.3;7.7;0;0;5;REJETEE;present 5 jours sur 6 , volume observe 2.6 < 15
France;fr_sncf;Gap;fr_sncf|UIC87763003;11.2;2.6;77;53.8;84.6;92.3;38.5;0;0;5;REJETEE;present 5 jours sur 6 , volume observe 2.6 < 15
France;fr_sncf;L'Isle-d'Abeau;fr_sncf|UIC87761239;10.4;2.6;75;76.9;84.6;84.6;7.7;0.8;0;5;REJETEE;present 5 jours sur 6 , volume observe 2.6 < 15
France;fr_sncf;Genève-Eaux-Vives;fr_sncf|UIC85162735;29.3;2.5;91;100;100;100;0;0;0;4;REJETEE;present 4 jours sur 6 , volume observe 2.5 < 15 , trop parfaite : 100 % a moins de 60 s
France;fr_sncf;Bischwiller;fr_sncf|UIC87213611;25;2.5;90;70;80;80;10;0.5;0;4;REJETEE;present 4 jours sur 6 , volume observe 2.5 < 15
France;fr_sncf;Saint-Antoine;fr_sncf|UIC87751826;22.2;2.5;89;73.3;86.7;86.7;13.3;0.33;0;6;REJETEE;volume observe 2.5 < 15
France;fr_sncf;Rosheim;fr_sncf|UIC87214320;21.3;2.5;88;100;100;100;0;0;0.5;4;REJETEE;present 4 jours sur 6 , volume observe 2.5 < 15 , trop parfaite : 100 % a moins de 60 s
France;fr_sncf;Persan - Beaumont;fr_sncf|UIC87276469;20.8;2.5;88;100;100;100;0;0;0;4;REJETEE;present 4 jours sur 6 , volume observe 2.5 < 15 , trop parfaite : 100 % a moins de 60 s
France;fr_sncf;Bernay;fr_sncf|UIC87444299;19.3;2.5;87;80;90;90;10;0;0;4;REJETEE;present 4 jours sur 6 , volume observe 2.5 < 15
France;fr_sncf;Goxwiller;fr_sncf|UIC87214270;18.3;2.5;86;100;100;100;0;0;0.25;4;REJETEE;present 4 jours sur 6 , volume observe 2.5 < 15 , trop parfaite : 100 % a moins de 60 s
France;fr_sncf;Maubeuge;fr_sncf|UIC87295006;17.8;2.5;86;60;80;80;20;0;0;4;REJETEE;present 4 jours sur 6 , volume observe 2.5 < 15
France;fr_sncf;Gertwiller;fr_sncf|UIC87214254;17.8;2.5;86;100;100;100;0;0;0.25;4;REJETEE;present 4 jours sur 6 , volume observe 2.5 < 15 , trop parfaite : 100 % a moins de 60 s
France;fr_sncf;Le Havre;fr_sncf|UIC87413013;17.8;2.5;86;100;100;100;0;0;0;4;REJETEE;present 4 jours sur 6 , volume observe 2.5 < 15 , trop parfaite : 100 % a moins de 60 s
France;fr_sncf;Guingamp;fr_sncf|UIC87473207;17.8;2.5;86;40;90;90;50;0;0;4;REJETEE;present 4 jours sur 6 , volume observe 2.5 < 15
France;fr_sncf;Théoule-sur-Mer;fr_sncf|UIC87757583;17.5;2.5;86;60;80;90;30;0;0.25;4;REJETEE;present 4 jours sur 6 , volume observe 2.5 < 15
France;fr_sncf;Laroche - Migennes;fr_sncf|UIC87683268;15.8;2.5;84;53.3;86.7;100;46.7;0;0.17;6;REJETEE;volume observe 2.5 < 15
France;fr_sncf;Courville-sur-Eure;fr_sncf|UIC87394221;15.3;2.5;84;70;80;90;20;0.25;0.25;4;REJETEE;present 4 jours sur 6 , volume observe 2.5 < 15
France;fr_sncf;La Roche-sur-Yon;fr_sncf|UIC87486019;15.3;2.5;84;60;70;80;20;0;0;4;REJETEE;present 4 jours sur 6 , volume observe 2.5 < 15
France;fr_sncf;Kork;fr_sncf|UIC80142919;13.5;2.5;81;60;80;90;30;0;0;4;REJETEE;present 4 jours sur 6 , volume observe 2.5 < 15
France;fr_sncf;Saint-Émilion;fr_sncf|UIC87584102;13;2.5;81;50;50;90;40;0;0;4;REJETEE;present 4 jours sur 6 , volume observe 2.5 < 15 , ponctualite 50 % < 60 %
France;fr_sncf;Frontenex;fr_sncf|UIC87741629;13;2.5;81;53.3;66.7;73.3;20;0;0;6;REJETEE;volume observe 2.5 < 15
Allemagne;de_gtfsde;;de_gtfsde|621428;11.8;2.5;79;60;80;90;30;0;0;4;REJETEE;identite non resolue , present 4 jours sur 6 , volume observe 2.5 < 15
France;fr_sncf;Arvant;fr_sncf|UIC87734251;9.7;2.5;74;46.7;60;73.3;26.7;0;0;6;REJETEE;volume observe 2.5 < 15
France;fr_sncf;Saint-Marcel;fr_sncf|UIC87751701;9.3;2.5;73;60;90;90;30;0.25;0;4;REJETEE;present 4 jours sur 6 , volume observe 2.5 < 15
France;fr_sncf;La Penne-sur-Huveaune;fr_sncf|UIC87751743;9.3;2.5;73;50;90;90;40;0.25;0;4;REJETEE;present 4 jours sur 6 , volume observe 2.5 < 15
Pays-Bas;nl_ovapi;Enschede De Eschmarke;nl_ovapi|enschededeeschmarke@52.22,6.95;8.5;2.5;71;90;90;90;0;0;0;4;REJETEE;present 4 jours sur 6 , volume observe 2.5 < 15 , distribution degeneree : dispersion 0.0 pt
Pays-Bas;nl_ovapi;Glanerbrug;nl_ovapi|glanerbrug@52.22,6.97;8.5;2.5;71;90;90;90;0;0;0;4;REJETEE;present 4 jours sur 6 , volume observe 2.5 < 15 , distribution degeneree : dispersion 0.0 pt
France;fr_sncf;Siorac-en-Périgord;fr_sncf|UIC87595769;8.3;2.5;70;10;90;90;80;0;3;4;REJETEE;present 4 jours sur 6 , volume observe 2.5 < 15
France;fr_sncf;Saint-Béron - La Bridoire;fr_sncf|UIC87741454;3.8;2.5;33;40;80;80;40;0;0;4;REJETEE;present 4 jours sur 6 , volume observe 2.5 < 15
France;fr_sncf;Saint-Germain-au-Mont-d'Or;fr_sncf|UIC87721282;23.2;2.4;90;91.7;91.7;91.7;0;0;0.4;5;REJETEE;present 5 jours sur 6 , volume observe 2.4 < 15 , distribution degeneree : dispersion 0.0 pt
France;fr_sncf;Châteauroux;fr_sncf|UIC87597005;14.8;2.4;84;50;75;75;25;0.8;0;5;REJETEE;present 5 jours sur 6 , volume observe 2.4 < 15
Pays-Bas;nl_ovapi;Düsseldorf Hbf;nl_ovapi|dsseldorfhbf@51.22,6.79;13.2;2.4;82;100;100;100;0;0;0;5;REJETEE;present 5 jours sur 6 , volume observe 2.4 < 15 , trop parfaite : 100 % a moins de 60 s
France;fr_sncf;Jouy;fr_sncf|UIC87394155;11.6;2.4;79;75;91.7;91.7;16.7;0.6;1;5;REJETEE;present 5 jours sur 6 , volume observe 2.4 < 15
France;fr_sncf;Saint-Vincent-de-Tyrosse;fr_sncf|UIC87673277;11.4;2.4;79;50;91.7;91.7;41.7;1.4;0.2;5;REJETEE;present 5 jours sur 6 , volume observe 2.4 < 15
France;fr_sncf;La Pauline;fr_sncf|UIC87755314;11.2;2.4;79;41.7;75;83.3;41.7;1;0.2;5;REJETEE;present 5 jours sur 6 , volume observe 2.4 < 15
France;fr_sncf;Veynes Dévoluy;fr_sncf|UIC87763300;10.4;2.4;77;33.3;66.7;83.3;50;0;0;5;REJETEE;present 5 jours sur 6 , volume observe 2.4 < 15
France;fr_sncf;Connerré - Beillé;fr_sncf|UIC87396309;9.8;2.4;76;75;91.7;91.7;16.7;0.2;0.2;5;REJETEE;present 5 jours sur 6 , volume observe 2.4 < 15
Etats-Unis;us_mbta;West Gloucester;us_mbta|westgloucester@42.61,-70.71;6.2;2.4;61;100;100;100;0;0;0;5;REJETEE;present 5 jours sur 6 , volume observe 2.4 < 15 , trop parfaite : 100 % a moins de 60 s
France;fr_sncf;Genève-Champel;fr_sncf|UIC85162727;29.3;2.3;92;100;100;100;0;0;0;4;REJETEE;present 4 jours sur 6 , volume observe 2.3 < 15 , trop parfaite : 100 % a moins de 60 s
France;fr_sncf;Laval;fr_sncf|UIC87478404;21.8;2.3;89;50;64.3;78.6;28.6;0.33;0;6;REJETEE;volume observe 2.3 < 15
France;fr_sncf;Erstein;fr_sncf|UIC87214148;18;2.3;88;77.8;88.9;88.9;11.1;0;0;4;REJETEE;present 4 jours sur 6 , volume observe 2.3 < 15
France;fr_sncf;Septèmes;fr_sncf|UIC87751800;17.8;2.3;87;85.7;100;100;14.3;0.17;0;6;REJETEE;volume observe 2.3 < 15 , trop parfaite : aucun retard superieur a 5 min
France;fr_sncf;Sablé-sur-Sarthe;fr_sncf|UIC87396408;17.8;2.3;87;55.6;100;100;44.4;0;0;4;REJETEE;present 4 jours sur 6 , volume observe 2.3 < 15 , trop parfaite : aucun retard superieur a 5 min
France;fr_sncf;Épernay;fr_sncf|UIC87171553;17.5;2.3;87;55.6;55.6;100;44.4;0;0;4;REJETEE;present 4 jours sur 6 , volume observe 2.3 < 15 , ponctualite 56 % < 60 %
France;fr_sncf;Mandelieu-la-Napoule;fr_sncf|UIC87757591;17;2.3;87;66.7;88.9;88.9;22.2;0;0.25;4;REJETEE;present 4 jours sur 6 , volume observe 2.3 < 15
France;fr_sncf;Savenay;fr_sncf|UIC87481838;16;2.3;86;55.6;77.8;88.9;33.3;0;0;4;REJETEE;present 4 jours sur 6 , volume observe 2.3 < 15
France;fr_sncf;Varangéville - Saint-Nicolas;fr_sncf|UIC87141101;16;2.3;86;55.6;77.8;100;44.4;0;0.25;4;REJETEE;present 4 jours sur 6 , volume observe 2.3 < 15
France;fr_sncf;Château-Thierry;fr_sncf|UIC87116582;14.8;2.3;85;55.6;66.7;100;44.4;0;0;4;REJETEE;present 4 jours sur 6 , volume observe 2.3 < 15
France;fr_sncf;Anse;fr_sncf|UIC87721324;14.5;2.3;84;88.9;88.9;100;11.1;0;0.5;4;REJETEE;present 4 jours sur 6 , volume observe 2.3 < 15
France;fr_sncf;Tenay - Hauteville;fr_sncf|UIC87743757;14.3;2.3;84;33.3;66.7;66.7;33.3;0;0.25;4;REJETEE;present 4 jours sur 6 , volume observe 2.3 < 15
France;fr_sncf;Servas - Lent;fr_sncf|UIC87723791;14.3;2.3;84;66.7;88.9;100;33.3;0;0;4;REJETEE;present 4 jours sur 6 , volume observe 2.3 < 15
France;fr_sncf;Sens;fr_sncf|UIC87683003;14.2;2.3;84;57.1;85.7;92.9;35.7;0;0;6;REJETEE;volume observe 2.3 < 15
France;fr_sncf;Périgueux;fr_sncf|UIC87595009;13.7;2.3;83;64.3;85.7;85.7;21.4;0.17;0;6;REJETEE;volume observe 2.3 < 15
France;fr_sncf;Anizy - Pinon;fr_sncf|UIC87296566;13.5;2.3;83;77.8;88.9;88.9;11.1;0;0;4;REJETEE;present 4 jours sur 6 , volume observe 2.3 < 15
France;fr_sncf;Le Puy-en-Velay;fr_sncf|UIC87734699;13.5;2.3;83;92.9;92.9;92.9;0;0;0.17;6;REJETEE;volume observe 2.3 < 15 , distribution degeneree : dispersion 0.0 pt
France;fr_sncf;Grésy-sur-Isère;fr_sncf|UIC87741611;13;2.3;82;42.9;71.4;78.6;35.7;0;0;6;REJETEE;volume observe 2.3 < 15
France;fr_sncf;Herrlisheim;fr_sncf|UIC87212340;12.5;2.3;82;77.8;100;100;22.2;0;0;4;REJETEE;present 4 jours sur 6 , volume observe 2.3 < 15 , trop parfaite : aucun retard superieur a 5 min
France;fr_sncf;Vernon - Giverny;fr_sncf|UIC87415604;12.5;2.3;82;77.8;88.9;88.9;11.1;0;0;4;REJETEE;present 4 jours sur 6 , volume observe 2.3 < 15
France;fr_sncf;Turckheim;fr_sncf|UIC87182352;12.3;2.3;82;55.6;66.7;88.9;33.3;0;0;4;REJETEE;present 4 jours sur 6 , volume observe 2.3 < 15
Allemagne;de_gtfsde;Jaromer;de_gtfsde|jaromer@50.34,15.91;10.3;2.3;78;66.7;100;100;33.3;0;0;4;REJETEE;present 4 jours sur 6 , volume observe 2.3 < 15 , trop parfaite : aucun retard superieur a 5 min
France;fr_sncf;Futuroscope;fr_sncf|UIC87324095;9.8;2.3;77;44.4;55.6;66.7;22.2;0.5;0.25;4;REJETEE;present 4 jours sur 6 , volume observe 2.3 < 15 , ponctualite 56 % < 60 %
France;fr_sncf;Muret;fr_sncf|UIC87611038;9.3;2.3;76;44.4;66.7;66.7;22.2;0;0;4;REJETEE;present 4 jours sur 6 , volume observe 2.3 < 15
France;fr_sncf;Feurs;fr_sncf|UIC87726877;9;2.3;75;66.7;88.9;100;33.3;0;0;4;REJETEE;present 4 jours sur 6 , volume observe 2.3 < 15
France;fr_sncf;Elbeuf - Saint-Aubin;fr_sncf|UIC87411173;8.8;2.3;74;55.6;100;100;44.4;0;0;4;REJETEE;present 4 jours sur 6 , volume observe 2.3 < 15 , trop parfaite : aucun retard superieur a 5 min
Pays-Bas;nl_ovapi;Berlin Südkreuz;nl_ovapi|berlinsdkreuz@52.48,13.37;8;2.3;72;11.1;11.1;55.6;44.4;0;0;4;REJETEE;present 4 jours sur 6 , volume observe 2.3 < 15 , ponctualite 11 % < 60 %
France;fr_sncf;Berg (Pfalz);fr_sncf|UIC80191064;7.8;2.3;71;88.9;88.9;100;11.1;0;0;4;REJETEE;present 4 jours sur 6 , volume observe 2.3 < 15
France;fr_sncf;TGV Haute Picardie;fr_sncf|UIC87313882;6.5;2.3;65;55.6;55.6;66.7;11.1;0;0;4;REJETEE;present 4 jours sur 6 , volume observe 2.3 < 15 , ponctualite 56 % < 60 %
France;fr_sncf;Charleville-Mézières;fr_sncf|UIC87172007;18.8;2.2;88;100;100;100;0;0;0;5;REJETEE;present 5 jours sur 6 , volume observe 2.2 < 15 , trop parfaite : 100 % a moins de 60 s
France;fr_sncf;Picon Busserine;fr_sncf|UIC87759290;17.8;2.2;88;76.9;92.3;100;23.1;0.17;0;6;REJETEE;volume observe 2.2 < 15
France;fr_sncf;Aubazines - Saint-Hilaire;fr_sncf|UIC87594465;14.8;2.2;85;54.5;63.6;72.7;18.2;0.4;0;5;REJETEE;present 5 jours sur 6 , volume observe 2.2 < 15
France;fr_sncf;Moûtiers-Salins-Brides-les-B.;fr_sncf|UIC87741728;14.7;2.2;85;84.6;84.6;84.6;0;0;0;6;REJETEE;volume observe 2.2 < 15 , distribution degeneree : dispersion 0.0 pt
France;fr_sncf;La Seyne - Six Fours;fr_sncf|UIC87755264;14.4;2.2;85;63.6;81.8;81.8;18.2;0.4;0;5;REJETEE;present 5 jours sur 6 , volume observe 2.2 < 15
France;fr_sncf;Épierre - Saint-Léger;fr_sncf|UIC87741280;11.7;2.2;81;38.5;61.5;76.9;38.5;0;0;6;REJETEE;volume observe 2.2 < 15
France;fr_sncf;Chamousset;fr_sncf|UIC87741231;11.7;2.2;81;23.1;46.2;53.8;30.8;0;0;6;REJETEE;volume observe 2.2 < 15 , ponctualite 46 % < 60 %
France;fr_sncf;Rosporden;fr_sncf|UIC87474155;10.8;2.2;80;81.8;90.9;90.9;9.1;0;0;5;REJETEE;present 5 jours sur 6 , volume observe 2.2 < 15
France;fr_sncf;Brassac-les-Mines - Sainte-Florine;fr_sncf|UIC87734244;10.2;2.2;78;54.5;63.6;72.7;18.2;0;0;5;REJETEE;present 5 jours sur 6 , volume observe 2.2 < 15
France;fr_sncf;Saint-Geniès-de-Malgoirès;fr_sncf|UIC87775361;10.2;2.2;78;54.5;81.8;81.8;27.3;0;0;5;REJETEE;present 5 jours sur 6 , volume observe 2.2 < 15
France;fr_sncf;Brioude;fr_sncf|UIC87734269;8.8;2.2;75;54.5;63.6;90.9;36.4;0;0;5;REJETEE;present 5 jours sur 6 , volume observe 2.2 < 15
France;fr_sncf;Saint-Georges-d'Aurac;fr_sncf|UIC87734301;6.8;2.2;68;45.5;54.5;90.9;45.5;0;0;5;REJETEE;present 5 jours sur 6 , volume observe 2.2 < 15 , ponctualite 55 % < 60 %
France;fr_sncf;Lancy-Bachet;fr_sncf|UIC85171421;29.3;2;93;100;100;100;0;0;0;4;REJETEE;present 4 jours sur 6 , volume observe 2.0 < 15 , trop parfaite : 100 % a moins de 60 s
France;fr_sncf;Lens;fr_sncf|UIC87345025;19.8;2;90;100;100;100;0;0;0;4;REJETEE;present 4 jours sur 6 , volume observe 2.0 < 15 , trop parfaite : 100 % a moins de 60 s
France;fr_sncf;Meung-sur-Loire;fr_sncf|UIC87574137;19.3;2;90;75;87.5;87.5;12.5;0.25;0;4;REJETEE;present 4 jours sur 6 , volume observe 2.0 < 15
France;fr_sncf;Amboise;fr_sncf|UIC87574343;18;2;89;87.5;87.5;87.5;0;0.25;0;4;REJETEE;present 4 jours sur 6 , volume observe 2.0 < 15 , distribution degeneree : dispersion 0.0 pt
France;fr_sncf;Sainte-Marthe en Provence;fr_sncf|UIC87751842;17.8;2;89;75;91.7;100;25;0.17;0;6;REJETEE;volume observe 2.0 < 15
France;fr_sncf;Saint-Agne;fr_sncf|UIC87611301;17.3;2;88;62.5;87.5;87.5;25;0;0;4;REJETEE;present 4 jours sur 6 , volume observe 2.0 < 15
France;fr_sncf;Charmes;fr_sncf|UIC87144055;14.8;2;86;50;50;75;25;0;0.25;4;REJETEE;present 4 jours sur 6 , volume observe 2.0 < 15 , ponctualite 50 % < 60 %
France;fr_sncf;Tarbes;fr_sncf|UIC87671008;14.5;2;86;75;83.3;91.7;16.7;0.33;1.17;6;REJETEE;volume observe 2.0 < 15
France;fr_sncf;Saint-Sulpice - Auteuil;fr_sncf|UIC87313684;14.3;2;86;100;100;100;0;0;0;4;REJETEE;present 4 jours sur 6 , volume observe 2.0 < 15 , trop parfaite : 100 % a moins de 60 s
France;fr_sncf;Chambly;fr_sncf|UIC87276725;14.3;2;86;100;100;100;0;0;0;4;REJETEE;present 4 jours sur 6 , volume observe 2.0 < 15 , trop parfaite : 100 % a moins de 60 s
France;fr_sncf;Tarare;fr_sncf|UIC87721472;14.2;2;86;70;80;80;10;0;0;5;REJETEE;present 5 jours sur 6 , volume observe 2.0 < 15
France;fr_sncf;Tulle;fr_sncf|UIC87594499;14.2;2;86;83.3;91.7;91.7;8.3;0.33;0;6;REJETEE;volume observe 2.0 < 15
France;fr_sncf;Saint-Cyr Les Lecques - La Cadière;fr_sncf|UIC87755215;14;2;86;50;80;80;30;0.4;0;5;REJETEE;present 5 jours sur 6 , volume observe 2.0 < 15
France;fr_sncf;Ebersheim;fr_sncf|UIC87214106;13.8;2;85;75;100;100;25;0;0;4;REJETEE;present 4 jours sur 6 , volume observe 2.0 < 15 , trop parfaite : aucun retard superieur a 5 min
France;fr_sncf;Uckange;fr_sncf|UIC87191130;13.8;2;85;75;100;100;25;0.25;0.75;4;REJETEE;present 4 jours sur 6 , volume observe 2.0 < 15 , trop parfaite : aucun retard superieur a 5 min
France;fr_sncf;Besançon Franche-Comté TGV;fr_sncf|UIC87300863;13.5;2;85;41.7;75;83.3;41.7;0;0;6;REJETEE;volume observe 2.0 < 15
France;fr_sncf;Gazeran;fr_sncf|UIC87393348;13.3;2;85;87.5;100;100;12.5;0.5;0;4;REJETEE;present 4 jours sur 6 , volume observe 2.0 < 15 , trop parfaite : aucun retard superieur a 5 min
France;fr_sncf;Sainte-Foy-la-Grande;fr_sncf|UIC87584193;13;2;85;50;50;100;50;0;0;4;REJETEE;present 4 jours sur 6 , volume observe 2.0 < 15 , ponctualite 50 % < 60 %
France;fr_sncf;Vélines;fr_sncf|UIC87584177;13;2;85;37.5;37.5;100;62.5;0;0;4;REJETEE;present 4 jours sur 6 , volume observe 2.0 < 15 , ponctualite 38 % < 60 %
France;fr_sncf;Cambrai;fr_sncf|UIC87345520;12.8;2;84;50;62.5;62.5;12.5;0.25;0.25;4;REJETEE;present 4 jours sur 6 , volume observe 2.0 < 15
France;fr_sncf;Toul;fr_sncf|UIC87141044;12.3;2;84;50;75;87.5;37.5;0;0;4;REJETEE;present 4 jours sur 6 , volume observe 2.0 < 15
France;fr_sncf;Gambsheim;fr_sncf|UIC87212332;12;2;83;87.5;100;100;12.5;0;0;4;REJETEE;present 4 jours sur 6 , volume observe 2.0 < 15 , trop parfaite : aucun retard superieur a 5 min
Allemagne;de_gtfsde;;de_gtfsde|541808;11.5;2;83;37.5;75;75;37.5;0;0;4;REJETEE;identite non resolue , present 4 jours sur 6 , volume observe 2.0 < 15
France;fr_sncf;Gaillon - Aubevoye;fr_sncf|UIC87415620;11.5;2;83;75;87.5;87.5;12.5;0;0;4;REJETEE;present 4 jours sur 6 , volume observe 2.0 < 15
France;fr_sncf;Aiguebelle;fr_sncf|UIC87741256;11.3;2;82;25;41.7;66.7;41.7;0;0;6;REJETEE;volume observe 2.0 < 15 , ponctualite 42 % < 60 %
France;fr_sncf;Virieu-le-Grand - Belley;fr_sncf|UIC87741504;11.2;2;82;30;60;60;30;0.2;0.2;5;REJETEE;present 5 jours sur 6 , volume observe 2.0 < 15
France;fr_sncf;Franchet d'Esperey;fr_sncf|UIC87417444;11.2;2;82;90;90;100;10;0;0;5;REJETEE;present 5 jours sur 6 , volume observe 2.0 < 15
France;fr_sncf;Reims Maison Blanche;fr_sncf|UIC87171272;11.2;2;82;90;90;100;10;0;0;5;REJETEE;present 5 jours sur 6 , volume observe 2.0 < 15
France;fr_sncf;Moulins sur Allier;fr_sncf|UIC87696328;11;2;82;25;62.5;62.5;37.5;0.5;0;4;REJETEE;present 4 jours sur 6 , volume observe 2.0 < 15
France;fr_sncf;Meuse TGV;fr_sncf|UIC87147322;11;2;82;60;70;70;10;0;0;5;REJETEE;present 5 jours sur 6 , volume observe 2.0 < 15
France;fr_sncf;Colmar Saint-Joseph;fr_sncf|UIC87181222;11;2;82;62.5;87.5;87.5;25;0;0;4;REJETEE;present 4 jours sur 6 , volume observe 2.0 < 15
France;fr_sncf;Montlouis;fr_sncf|UIC87571273;10.8;2;81;100;100;100;0;0.25;0;4;REJETEE;present 4 jours sur 6 , volume observe 2.0 < 15 , trop parfaite : 100 % a moins de 60 s
France;fr_sncf;Châtellerault;fr_sncf|UIC87575142;10.3;2;80;62.5;62.5;75;12.5;0.5;0.25;4;REJETEE;present 4 jours sur 6 , volume observe 2.0 < 15
France;fr_sncf;La Ferté-Bernard;fr_sncf|UIC87396325;9.8;2;80;90;90;90;0;0.2;0.2;5;REJETEE;present 5 jours sur 6 , volume observe 2.0 < 15 , distribution degeneree : dispersion 0.0 pt
France;fr_sncf;Cahors;fr_sncf|UIC87613000;9.3;2;78;50;50;75;25;0;0;4;REJETEE;present 4 jours sur 6 , volume observe 2.0 < 15 , ponctualite 50 % < 60 %
France;fr_sncf;Saint-Césaire;fr_sncf|UIC87775072;8.5;2;76;87.5;87.5;87.5;0;0;0;4;REJETEE;present 4 jours sur 6 , volume observe 2.0 < 15 , distribution degeneree : dispersion 0.0 pt
France;fr_sncf;Villeneuve-la-Guyard;fr_sncf|UIC87683102;8;2;75;62.5;87.5;100;37.5;0;0;4;REJETEE;present 4 jours sur 6 , volume observe 2.0 < 15
France;fr_sncf;Chorges;fr_sncf|UIC87763425;8;2;75;12.5;62.5;75;62.5;0;0.25;4;REJETEE;present 4 jours sur 6 , volume observe 2.0 < 15
France;fr_sncf;Embrun;fr_sncf|UIC87763466;8;2;75;12.5;62.5;62.5;50;0;0.25;4;REJETEE;present 4 jours sur 6 , volume observe 2.0 < 15
France;fr_sncf;Crêches-sur-Saône;fr_sncf|UIC87725713;7.8;2;74;75;75;75;0;0;0.5;4;REJETEE;present 4 jours sur 6 , volume observe 2.0 < 15 , distribution degeneree : dispersion 0.0 pt
France;fr_sncf;Mussidan;fr_sncf|UIC87595298;7.4;2;73;70;80;90;20;0.2;0;5;REJETEE;present 5 jours sur 6 , volume observe 2.0 < 15
Etats-Unis;us_mbta;Newburyport;us_mbta|newburyport@42.80,-70.88;6.3;2;68;100;100;100;0;0;0;4;REJETEE;present 4 jours sur 6 , volume observe 2.0 < 15 , trop parfaite : 100 % a moins de 60 s
Australie;au_translink_seq;Traveston station;au_translink_seq|travestonstation@-26.32,152.78;3.5;2;43;100;100;100;0;0;0;4;REJETEE;present 4 jours sur 6 , volume observe 2.0 < 15 , trop parfaite : 100 % a moins de 60 s
France;fr_sncf;Lancy-Pont-Rouge;fr_sncf|UIC85161554;29.3;1.8;94;100;100;100;0;0;0;4;REJETEE;present 4 jours sur 6 , volume observe 1.8 < 15 , trop parfaite : 100 % a moins de 60 s
France;fr_sncf;Beaugency;fr_sncf|UIC87574160;19.3;1.8;91;85.7;85.7;85.7;0;0.25;0;4;REJETEE;present 4 jours sur 6 , volume observe 1.8 < 15 , distribution degeneree : dispersion 0.0 pt
France;fr_sncf;Mommenheim;fr_sncf|UIC87212142;18.8;1.8;91;85.7;100;100;14.3;0;0;4;REJETEE;present 4 jours sur 6 , volume observe 1.8 < 15 , trop parfaite : aucun retard superieur a 5 min
France;fr_sncf;Basel SBB;fr_sncf|UIC85000109;18.8;1.8;91;57.1;71.4;100;42.9;0;0;4;REJETEE;present 4 jours sur 6 , volume observe 1.8 < 15
France;fr_sncf;Onzain - Chaumont-sur-Loire;fr_sncf|UIC87574319;18.3;1.8;90;85.7;85.7;85.7;0;0.25;0;4;REJETEE;present 4 jours sur 6 , volume observe 1.8 < 15 , distribution degeneree : dispersion 0.0 pt
France;fr_sncf;La Baule-Escoublac;fr_sncf|UIC87481754;15.8;1.8;89;42.9;57.1;71.4;28.6;0;0;4;REJETEE;present 4 jours sur 6 , volume observe 1.8 < 15 , ponctualite 57 % < 60 %
France;fr_sncf;Ollioules - Sanary-sur-Mer;fr_sncf|UIC87755231;14.6;1.8;88;55.6;77.8;77.8;22.2;0.4;0;5;REJETEE;present 5 jours sur 6 , volume observe 1.8 < 15
France;fr_sncf;La Ciotat-Ceyreste;fr_sncf|UIC87751784;14.6;1.8;88;55.6;88.9;88.9;33.3;0.4;0;5;REJETEE;present 5 jours sur 6 , volume observe 1.8 < 15
France;fr_sncf;Joigny;fr_sncf|UIC87683243;14.3;1.8;87;45.5;90.9;100;54.5;0;0.17;6;REJETEE;volume observe 1.8 < 15
France;fr_sncf;Méru;fr_sncf|UIC87313668;14.3;1.8;88;100;100;100;0;0;0;4;REJETEE;present 4 jours sur 6 , volume observe 1.8 < 15 , trop parfaite : 100 % a moins de 60 s
France;fr_sncf;Bornel - Belle-Église;fr_sncf|UIC87276717;14.3;1.8;88;100;100;100;0;0;0;4;REJETEE;present 4 jours sur 6 , volume observe 1.8 < 15 , trop parfaite : 100 % a moins de 60 s
France;fr_sncf;Bandol;fr_sncf|UIC87755223;14;1.8;87;55.6;77.8;77.8;22.2;0.4;0;5;REJETEE;present 5 jours sur 6 , volume observe 1.8 < 15
France;fr_sncf;Belleville sur Sâone;fr_sncf|UIC87721357;13.8;1.8;87;77.8;88.9;88.9;11.1;0;0.4;5;REJETEE;present 5 jours sur 6 , volume observe 1.8 < 15
France;fr_sncf;Kogenheim;fr_sncf|UIC87214114;13.8;1.8;87;71.4;100;100;28.6;0;0;4;REJETEE;present 4 jours sur 6 , volume observe 1.8 < 15 , trop parfaite : aucun retard superieur a 5 min
France;fr_sncf;Argentan;fr_sncf|UIC87444539;13.8;1.8;87;57.1;71.4;71.4;14.3;0;0;4;REJETEE;present 4 jours sur 6 , volume observe 1.8 < 15
France;fr_sncf;Trouville - Deauville;fr_sncf|UIC87444372;13.5;1.8;87;71.4;100;100;28.6;0;0;4;REJETEE;present 4 jours sur 6 , volume observe 1.8 < 15 , trop parfaite : aucun retard superieur a 5 min
France;fr_sncf;Dettwiller;fr_sncf|UIC87212183;13.3;1.8;87;85.7;100;100;14.3;0;0;4;REJETEE;present 4 jours sur 6 , volume observe 1.8 < 15 , trop parfaite : aucun retard superieur a 5 min
France;fr_sncf;Steinbourg;fr_sncf|UIC87212209;13.3;1.8;87;85.7;100;100;14.3;0;0;4;REJETEE;present 4 jours sur 6 , volume observe 1.8 < 15 , trop parfaite : aucun retard superieur a 5 min
France;fr_sncf;Graffenstaden;fr_sncf|UIC87212241;13;1.8;87;42.9;100;100;57.1;0;0;4;REJETEE;present 4 jours sur 6 , volume observe 1.8 < 15 , trop parfaite : aucun retard superieur a 5 min
France;fr_sncf;Les Deux Jumeaux;fr_sncf|UIC87677104;12.5;1.8;86;71.4;71.4;71.4;0;1.5;0;4;REJETEE;present 4 jours sur 6 , volume observe 1.8 < 15 , distribution degeneree : dispersion 0.0 pt
France;fr_sncf;Oissel;fr_sncf|UIC87411207;12.5;1.8;86;85.7;85.7;85.7;0;0;0;4;REJETEE;present 4 jours sur 6 , volume observe 1.8 < 15 , distribution degeneree : dispersion 0.0 pt
France;fr_sncf;Dachstein;fr_sncf|UIC87214551;12.5;1.8;86;100;100;100;0;0;0;4;REJETEE;present 4 jours sur 6 , volume observe 1.8 < 15 , trop parfaite : 100 % a moins de 60 s
France;fr_sncf;Bas - Monistrol;fr_sncf|UIC87726778;11.7;1.8;84;54.5;63.6;81.8;27.3;0;0;6;REJETEE;volume observe 1.8 < 15
Allemagne;de_gtfsde;;de_gtfsde|336649;11.5;1.8;85;42.9;57.1;57.1;14.3;0;0;4;REJETEE;identite non resolue , present 4 jours sur 6 , volume observe 1.8 < 15 , ponctualite 57 % < 60 %
France;fr_sncf;Saint-Dizier;fr_sncf|UIC87175000;11.3;1.8;84;57.1;71.4;100;42.9;0;0;4;REJETEE;present 4 jours sur 6 , volume observe 1.8 < 15
France;fr_sncf;Surdon;fr_sncf|UIC87444562;11.3;1.8;84;42.9;71.4;85.7;42.9;0;0;4;REJETEE;present 4 jours sur 6 , volume observe 1.8 < 15
France;fr_sncf;La Garde;fr_sncf|UIC87755306;11.2;1.8;84;44.4;66.7;77.8;33.3;1;0.2;5;REJETEE;present 5 jours sur 6 , volume observe 1.8 < 15
France;fr_sncf;Toulon Sainte-Musse;fr_sncf|UIC87742262;11.2;1.8;84;33.3;66.7;77.8;44.4;1;0.2;5;REJETEE;present 5 jours sur 6 , volume observe 1.8 < 15
France;fr_sncf;Alès;fr_sncf|UIC87775288;11.2;1.8;84;55.6;66.7;66.7;11.1;0;0;5;REJETEE;present 5 jours sur 6 , volume observe 1.8 < 15
France;fr_sncf;Retournac;fr_sncf|UIC87734749;11.2;1.8;84;54.5;72.7;81.8;27.3;0;0;6;REJETEE;volume observe 1.8 < 15
France;fr_sncf;Vorey;fr_sncf|UIC87734723;11.2;1.8;84;54.5;81.8;81.8;27.3;0;0;6;REJETEE;volume observe 1.8 < 15
France;fr_sncf;Argenton-sur-Creuse;fr_sncf|UIC87597120;10.8;1.8;84;57.1;71.4;71.4;14.3;0.5;0;4;REJETEE;present 4 jours sur 6 , volume observe 1.8 < 15
France;fr_sncf;Diemeringen;fr_sncf|UIC87215665;10.8;1.8;84;100;100;100;0;0;0;4;REJETEE;present 4 jours sur 6 , volume observe 1.8 < 15 , trop parfaite : 100 % a moins de 60 s
France;fr_sncf;Logelbach;fr_sncf|UIC87182345;10.3;1.8;83;71.4;85.7;85.7;14.3;0;0;4;REJETEE;present 4 jours sur 6 , volume observe 1.8 < 15
France;fr_sncf;Les Laumes - Alésia;fr_sncf|UIC87713115;9.8;1.8;82;57.1;100;100;42.9;0;0;4;REJETEE;present 4 jours sur 6 , volume observe 1.8 < 15 , trop parfaite : aucun retard superieur a 5 min
France;fr_sncf;Hyères;fr_sncf|UIC87755629;9.6;1.8;81;88.9;88.9;88.9;0;0.8;0.2;5;REJETEE;present 5 jours sur 6 , volume observe 1.8 < 15 , distribution degeneree : dispersion 0.0 pt
France;fr_sncf;Alençon;fr_sncf|UIC87444711;9.3;1.8;81;57.1;57.1;71.4;14.3;0.25;0;4;REJETEE;present 4 jours sur 6 , volume observe 1.8 < 15 , ponctualite 57 % < 60 %
France;fr_sncf;Mâcon - Loché TGV;fr_sncf|UIC87725705;8.6;1.8;79;11.1;33.3;44.4;33.3;0;0;5;REJETEE;present 5 jours sur 6 , volume observe 1.8 < 15 , ponctualite 33 % < 60 %
France;fr_sncf;Saint-Sulpice;fr_sncf|UIC87615344;8.3;1.8;79;14.3;57.1;57.1;42.9;0;0;4;REJETEE;present 4 jours sur 6 , volume observe 1.8 < 15 , ponctualite 57 % < 60 %
France;fr_sncf;Castelnau-d'Estrétefonds;fr_sncf|UIC87611665;8.3;1.8;79;57.1;71.4;71.4;14.3;0.5;0;4;REJETEE;present 4 jours sur 6 , volume observe 1.8 < 15
France;fr_sncf;Mehun-sur-Yèvre;fr_sncf|UIC87576116;8.3;1.8;79;100;100;100;0;0;0;4;REJETEE;present 4 jours sur 6 , volume observe 1.8 < 15 , trop parfaite : 100 % a moins de 60 s
France;fr_sncf;Mont-Dauphin - Guillestre;fr_sncf|UIC87763508;8;1.8;78;42.9;71.4;71.4;28.6;0;0.25;4;REJETEE;present 4 jours sur 6 , volume observe 1.8 < 15
France;fr_sncf;Chamalières-sur-Loire;fr_sncf|UIC87734731;7.8;1.8;77;55.6;88.9;88.9;33.3;0;0;5;REJETEE;present 5 jours sur 6 , volume observe 1.8 < 15
France;fr_sncf;Pontanevaux;fr_sncf|UIC87725721;7.8;1.8;77;71.4;71.4;71.4;0;0;0.5;4;REJETEE;present 4 jours sur 6 , volume observe 1.8 < 15 , distribution degeneree : dispersion 0.0 pt
France;fr_sncf;Souillac;fr_sncf|UIC87594333;7.5;1.8;77;42.9;57.1;71.4;28.6;0;0;4;REJETEE;present 4 jours sur 6 , volume observe 1.8 < 15 , ponctualite 57 % < 60 %
France;fr_sncf;Gaillac;fr_sncf|UIC87615252;7.3;1.8;76;28.6;57.1;57.1;28.6;0;0;4;REJETEE;present 4 jours sur 6 , volume observe 1.8 < 15 , ponctualite 57 % < 60 %
France;fr_sncf;Lisle-sur-Tarn;fr_sncf|UIC87615310;6.8;1.8;74;28.6;71.4;71.4;42.9;0;0;4;REJETEE;present 4 jours sur 6 , volume observe 1.8 < 15
France;fr_sncf;Les Abrets - Fitilieu;fr_sncf|UIC87741496;3.8;1.8;53;28.6;71.4;71.4;42.9;0;0;4;REJETEE;present 4 jours sur 6 , volume observe 1.8 < 15
Australie;au_translink_seq;Cooran station;au_translink_seq|cooranstation@-26.33,152.82;3.5;1.8;50;85.7;100;100;14.3;0;0;4;REJETEE;present 4 jours sur 6 , volume observe 1.8 < 15 , trop parfaite : aucun retard superieur a 5 min
Australie;au_translink_seq;Pomona station;au_translink_seq|pomonastation@-26.37,152.86;3.5;1.8;50;100;100;100;0;0;0;4;REJETEE;present 4 jours sur 6 , volume observe 1.8 < 15 , trop parfaite : 100 % a moins de 60 s
Australie;au_translink_seq;Cooroy station;au_translink_seq|cooroystation@-26.42,152.91;3.5;1.8;50;100;100;100;0;0;0;4;REJETEE;present 4 jours sur 6 , volume observe 1.8 < 15 , trop parfaite : 100 % a moins de 60 s
France;fr_sncf;Saint-Joseph le Castellas;fr_sncf|UIC87759316;17.8;1.7;91;70;90;100;30;0.17;0;6;REJETEE;volume observe 1.7 < 15
France;fr_sncf;Aurec;fr_sncf|UIC87726760;11.2;1.7;85;70;70;90;20;0;0;6;REJETEE;volume observe 1.7 < 15
France;fr_sncf;Saint-Nazaire;fr_sncf|UIC87481705;14.6;1.6;89;37.5;75;75;37.5;0;0;5;REJETEE;present 5 jours sur 6 , volume observe 1.6 < 15
France;fr_sncf;Évreux Normandie;fr_sncf|UIC87387001;12.4;1.6;87;50;75;75;25;0.2;0;5;REJETEE;present 5 jours sur 6 , volume observe 1.6 < 15
France;fr_sncf;Saint-Paul-de-Varax;fr_sncf|UIC87723783;12.2;1.6;87;75;87.5;100;25;0;0;5;REJETEE;present 5 jours sur 6 , volume observe 1.6 < 15
France;fr_sncf;Lyon Saint-Exupéry TGV;fr_sncf|UIC87762906;11.8;1.6;86;12.5;62.5;75;62.5;0.2;0;5;REJETEE;present 5 jours sur 6 , volume observe 1.6 < 15
France;fr_sncf;Montbard;fr_sncf|UIC87713131;11;1.6;85;37.5;75;87.5;50;0;0;5;REJETEE;present 5 jours sur 6 , volume observe 1.6 < 15
France;fr_sncf;Quimperlé;fr_sncf|UIC87476317;10.4;1.6;85;75;87.5;87.5;12.5;0;0;5;REJETEE;present 5 jours sur 6 , volume observe 1.6 < 15
France;fr_sncf;Dole;fr_sncf|UIC87713412;7;1.6;77;62.5;75;75;12.5;0;0;5;REJETEE;present 5 jours sur 6 , volume observe 1.6 < 15
France;fr_sncf;Langeac;fr_sncf|UIC87734319;6.8;1.6;76;25;50;100;75;0;0;5;REJETEE;present 5 jours sur 6 , volume observe 1.6 < 15 , ponctualite 50 % < 60 %
France;fr_sncf;Mer;fr_sncf|UIC87574194;19.3;1.5;92;83.3;83.3;83.3;0;0.25;0;4;REJETEE;present 4 jours sur 6 , volume observe 1.5 < 15 , distribution degeneree : dispersion 0.0 pt
France;fr_sncf;Le Croisic;fr_sncf|UIC87481788;15.8;1.5;90;83.3;83.3;100;16.7;0;0.5;4;REJETEE;present 4 jours sur 6 , volume observe 1.5 < 15
France;fr_sncf;Kehl;fr_sncf|UIC80142927;15.5;1.5;90;66.7;66.7;83.3;16.7;0;0;4;REJETEE;present 4 jours sur 6 , volume observe 1.5 < 15
France;fr_sncf;Nogent-sur-Seine;fr_sncf|UIC87118190;14.8;1.5;90;100;100;100;0;0;0;4;REJETEE;present 4 jours sur 6 , volume observe 1.5 < 15 , trop parfaite : 100 % a moins de 60 s
France;fr_sncf;Sathonay - Rillieux;fr_sncf|UIC87723700;14.3;1.5;89;83.3;100;100;16.7;0;0;4;REJETEE;present 4 jours sur 6 , volume observe 1.5 < 15 , trop parfaite : aucun retard superieur a 5 min
France;fr_sncf;Geispolsheim;fr_sncf|UIC87212258;13.5;1.5;89;50;100;100;50;0;0;4;REJETEE;present 4 jours sur 6 , volume observe 1.5 < 15 , trop parfaite : aucun retard superieur a 5 min
France;fr_sncf;Soissons;fr_sncf|UIC87271817;13.5;1.5;89;100;100;100;0;0;0;4;REJETEE;present 4 jours sur 6 , volume observe 1.5 < 15 , trop parfaite : 100 % a moins de 60 s
France;fr_sncf;Villers-Cotterêts;fr_sncf|UIC87271734;13.5;1.5;89;83.3;83.3;100;16.7;0;0;4;REJETEE;present 4 jours sur 6 , volume observe 1.5 < 15
France;fr_sncf;Hochfelden;fr_sncf|UIC87212167;13.3;1.5;89;83.3;100;100;16.7;0;0;4;REJETEE;present 4 jours sur 6 , volume observe 1.5 < 15 , trop parfaite : aucun retard superieur a 5 min
France;fr_sncf;Les Échets;fr_sncf|UIC87723718;13.3;1.5;89;83.3;100;100;16.7;0;0;4;REJETEE;present 4 jours sur 6 , volume observe 1.5 < 15 , trop parfaite : aucun retard superieur a 5 min
France;fr_sncf;Stephansfeld;fr_sncf|UIC87212126;13;1.5;88;66.7;83.3;100;33.3;0;0;4;REJETEE;present 4 jours sur 6 , volume observe 1.5 < 15
France;fr_sncf;Schwindratzheim;fr_sncf|UIC87212159;13;1.5;88;83.3;100;100;16.7;0;0;4;REJETEE;present 4 jours sur 6 , volume observe 1.5 < 15 , trop parfaite : aucun retard superieur a 5 min
France;fr_sncf;Wilwisheim;fr_sncf|UIC87212175;13;1.5;88;83.3;100;100;16.7;0;0;4;REJETEE;present 4 jours sur 6 , volume observe 1.5 < 15 , trop parfaite : aucun retard superieur a 5 min
France;fr_sncf;Landerneau;fr_sncf|UIC87474239;13;1.5;88;50;83.3;83.3;33.3;0;0;4;REJETEE;present 4 jours sur 6 , volume observe 1.5 < 15
France;fr_sncf;Krimmeri Meinau;fr_sncf|UIC87338525;12.5;1.5;88;66.7;66.7;83.3;16.7;0;0;4;REJETEE;present 4 jours sur 6 , volume observe 1.5 < 15
France;fr_sncf;Duppigheim;fr_sncf|UIC87214536;12.5;1.5;88;100;100;100;0;0;0;4;REJETEE;present 4 jours sur 6 , volume observe 1.5 < 15 , trop parfaite : 100 % a moins de 60 s
France;fr_sncf;Artix;fr_sncf|UIC87672212;12.5;1.5;88;16.7;83.3;83.3;66.7;0.25;0;4;REJETEE;present 4 jours sur 6 , volume observe 1.5 < 15
France;fr_sncf;Strasbourg Roethig;fr_sncf|UIC87212191;12.3;1.5;88;100;100;100;0;0;0;4;REJETEE;present 4 jours sur 6 , volume observe 1.5 < 15 , trop parfaite : 100 % a moins de 60 s
France;fr_sncf;Lingolsheim;fr_sncf|UIC87214502;12.3;1.5;88;100;100;100;0;0;0;4;REJETEE;present 4 jours sur 6 , volume observe 1.5 < 15 , trop parfaite : 100 % a moins de 60 s
France;fr_sncf;Thaon;fr_sncf|UIC87144097;12;1.5;88;66.7;66.7;83.3;16.7;0;0.5;4;REJETEE;present 4 jours sur 6 , volume observe 1.5 < 15
France;fr_sncf;Châtel - Nomexy;fr_sncf|UIC87144071;12;1.5;88;66.7;66.7;83.3;16.7;0;0.25;4;REJETEE;present 4 jours sur 6 , volume observe 1.5 < 15
France;fr_sncf;Bayon;fr_sncf|UIC87141218;12;1.5;88;50;66.7;83.3;33.3;0;0.25;4;REJETEE;present 4 jours sur 6 , volume observe 1.5 < 15
France;fr_sncf;Vitry-le-François;fr_sncf|UIC87174276;11.8;1.5;87;83.3;83.3;83.3;0;0;0;4;REJETEE;present 4 jours sur 6 , volume observe 1.5 < 15 , distribution degeneree : dispersion 0.0 pt
France;fr_sncf;Val-de-Reuil;fr_sncf|UIC87415877;11.5;1.5;87;83.3;83.3;83.3;0;0;0;4;REJETEE;present 4 jours sur 6 , volume observe 1.5 < 15 , distribution degeneree : dispersion 0.0 pt
France;fr_sncf;Clisson;fr_sncf|UIC87481440;11.5;1.5;87;83.3;83.3;100;16.7;0;0;4;REJETEE;present 4 jours sur 6 , volume observe 1.5 < 15
France;fr_sncf;Rives;fr_sncf|UIC87747246;11.3;1.5;87;83.3;100;100;16.7;0;0.25;4;REJETEE;present 4 jours sur 6 , volume observe 1.5 < 15 , trop parfaite : aucun retard superieur a 5 min
France;fr_sncf;Mont-de-Marsan;fr_sncf|UIC87671016;11;1.5;86;100;100;100;0;0.75;0;4;REJETEE;present 4 jours sur 6 , volume observe 1.5 < 15 , trop parfaite : 100 % a moins de 60 s
France;fr_sncf;St-Etienne-Châtcrx. G Routière;fr_sncf|UIC87698662;10.5;1.5;86;100;100;100;0;0;0;4;REJETEE;present 4 jours sur 6 , volume observe 1.5 < 15 , trop parfaite : 100 % a moins de 60 s
France;fr_sncf;La Crau;fr_sncf|UIC87755611;10.5;1.5;86;66.7;83.3;83.3;16.7;0.25;0.25;4;REJETEE;present 4 jours sur 6 , volume observe 1.5 < 15
France;fr_sncf;Jeumont;fr_sncf|UIC87295014;10;1.5;85;100;100;100;0;0;0;4;REJETEE;present 4 jours sur 6 , volume observe 1.5 < 15 , trop parfaite : 100 % a moins de 60 s
France;fr_sncf;Saint-Just-en-Chaussée;fr_sncf|UIC87313270;9.5;1.5;84;66.7;83.3;83.3;16.7;0;0;4;REJETEE;present 4 jours sur 6 , volume observe 1.5 < 15
France;fr_sncf;Le Creusot-TGV;fr_sncf|UIC87694109;9.3;1.5;84;33.3;77.8;77.8;44.4;0;0;6;REJETEE;volume observe 1.5 < 15
France;fr_sncf;Clermont de l'Oise;fr_sncf|UIC87313304;9.3;1.5;84;83.3;83.3;83.3;0;0;0;4;REJETEE;present 4 jours sur 6 , volume observe 1.5 < 15 , distribution degeneree : dispersion 0.0 pt
France;fr_sncf;Montluçon;fr_sncf|UIC87641001;9.3;1.5;84;100;100;100;0;0;0;4;REJETEE;present 4 jours sur 6 , volume observe 1.5 < 15 , trop parfaite : 100 % a moins de 60 s
France;fr_sncf;Vic-le-Comte;fr_sncf|UIC87734186;9;1.5;83;83.3;83.3;83.3;0;0;0;4;REJETEE;present 4 jours sur 6 , volume observe 1.5 < 15 , distribution degeneree : dispersion 0.0 pt
France;fr_sncf;Briançon;fr_sncf|UIC87763607;8.5;1.5;82;100;100;100;0;0;0.25;4;REJETEE;present 4 jours sur 6 , volume observe 1.5 < 15 , trop parfaite : 100 % a moins de 60 s
France;fr_sncf;Boussens;fr_sncf|UIC87611095;8.3;1.5;82;66.7;83.3;83.3;16.7;0;0;4;REJETEE;present 4 jours sur 6 , volume observe 1.5 < 15
France;fr_sncf;Vendôme;fr_sncf|UIC87574558;8.3;1.5;82;66.7;66.7;83.3;16.7;0.25;0;4;REJETEE;present 4 jours sur 6 , volume observe 1.5 < 15
France;fr_sncf;Saint-Étienne La Terrasse;fr_sncf|UIC87726158;8.2;1.5;82;77.8;88.9;100;22.2;0;0;6;REJETEE;volume observe 1.5 < 15
France;fr_sncf;Champigny;fr_sncf|UIC87683128;8;1.5;81;66.7;83.3;100;33.3;0;0;4;REJETEE;present 4 jours sur 6 , volume observe 1.5 < 15
France;fr_sncf;Pont-sur-Yonne;fr_sncf|UIC87683136;8;1.5;81;66.7;83.3;100;33.3;0;0;4;REJETEE;present 4 jours sur 6 , volume observe 1.5 < 15
France;fr_sncf;Romanèche-Thorins-Maison Blanche;fr_sncf|UIC87725739;7.8;1.5;81;83.3;83.3;83.3;0;0;0.5;4;REJETEE;present 4 jours sur 6 , volume observe 1.5 < 15 , distribution degeneree : dispersion 0.0 pt
France;fr_sncf;Gourdon;fr_sncf|UIC87613141;7.5;1.5;80;33.3;33.3;66.7;33.3;0;0;4;REJETEE;present 4 jours sur 6 , volume observe 1.5 < 15 , ponctualite 33 % < 60 %
France;fr_sncf;Capdenac;fr_sncf|UIC87613109;7;1.5;79;50;66.7;83.3;33.3;0;0;4;REJETEE;present 4 jours sur 6 , volume observe 1.5 < 15
France;fr_sncf;Roubaix;fr_sncf|UIC87286732;7;1.5;79;83.3;83.3;100;16.7;0.75;0;4;REJETEE;present 4 jours sur 6 , volume observe 1.5 < 15
France;fr_sncf;Vayres;fr_sncf|UIC87584714;6;1.5;75;66.7;77.8;100;33.3;0.83;0.17;6;REJETEE;volume observe 1.5 < 15
France;fr_sncf;Thouaré;fr_sncf|UIC87481143;6;1.5;75;83.3;83.3;100;16.7;0;0;4;REJETEE;present 4 jours sur 6 , volume observe 1.5 < 15
France;fr_sncf;Cesson-Sévigné;fr_sncf|UIC87334490;5;1.5;70;100;100;100;0;0;0;4;REJETEE;present 4 jours sur 6 , volume observe 1.5 < 15 , trop parfaite : 100 % a moins de 60 s
France;fr_sncf;Grenoble;fr_sncf|UIC87335521;4.8;1.5;68;83.3;83.3;100;16.7;0;0;4;REJETEE;present 4 jours sur 6 , volume observe 1.5 < 15
France;fr_sncf;Assat;fr_sncf|UIC87672162;4.8;1.5;68;50;66.7;66.7;16.7;0.25;0;4;REJETEE;present 4 jours sur 6 , volume observe 1.5 < 15
Australie;au_translink_seq;Eumundi station;au_translink_seq|eumundistation@-26.48,152.96;3.5;1.5;57;83.3;100;100;16.7;0;0;4;REJETEE;present 4 jours sur 6 , volume observe 1.5 < 15 , trop parfaite : aucun retard superieur a 5 min
Australie;au_translink_seq;Yandina station;au_translink_seq|yandinastation@-26.56,152.96;3.5;1.5;57;66.7;100;100;33.3;0;0;4;REJETEE;present 4 jours sur 6 , volume observe 1.5 < 15 , trop parfaite : aucun retard superieur a 5 min
France;fr_sncf;Villars-les-Dombes;fr_sncf|UIC87723759;12.2;1.4;89;85.7;100;100;14.3;0;0;5;REJETEE;present 5 jours sur 6 , volume observe 1.4 < 15 , trop parfaite : aucun retard superieur a 5 min
France;fr_sncf;Chalon-sur-Saône;fr_sncf|UIC87725002;10.4;1.4;87;42.9;85.7;100;57.1;0.2;0;5;REJETEE;present 5 jours sur 6 , volume observe 1.4 < 15
France;fr_sncf;Saint-Astier;fr_sncf|UIC87595249;7.2;1.4;81;71.4;85.7;100;28.6;0.2;0;5;REJETEE;present 5 jours sur 6 , volume observe 1.4 < 15
France;fr_sncf;Saint-Seurin-sur-l'Isle;fr_sncf|UIC87584615;5.6;1.4;75;71.4;85.7;85.7;14.3;0.2;0;5;REJETEE;present 5 jours sur 6 , volume observe 1.4 < 15
France;fr_sncf;Saint-Médard-de-Guizières;fr_sncf|UIC87584607;5.6;1.4;75;71.4;85.7;85.7;14.3;0.2;0;5;REJETEE;present 5 jours sur 6 , volume observe 1.4 < 15
France;fr_sncf;Ancenis;fr_sncf|UIC87481192;17.5;1.3;93;60;80;80;20;0;0;4;REJETEE;present 4 jours sur 6 , volume observe 1.3 < 15
France;fr_sncf;Saint-Louis;fr_sncf|UIC87182139;15.3;1.3;92;60;80;80;20;0;0;4;REJETEE;present 4 jours sur 6 , volume observe 1.3 < 15
France;fr_sncf;Marlieux - Châtillon;fr_sncf|UIC87723767;14.3;1.3;91;80;100;100;20;0;0;4;REJETEE;present 4 jours sur 6 , volume observe 1.3 < 15 , trop parfaite : aucun retard superieur a 5 min
France;fr_sncf;Matzenheim;fr_sncf|UIC87214130;13.8;1.3;91;80;100;100;20;0;0;4;REJETEE;present 4 jours sur 6 , volume observe 1.3 < 15 , trop parfaite : aucun retard superieur a 5 min
France;fr_sncf;Fegersheim - Lipsheim;fr_sncf|UIC87212266;13.8;1.3;91;60;100;100;40;0;0;4;REJETEE;present 4 jours sur 6 , volume observe 1.3 < 15 , trop parfaite : aucun retard superieur a 5 min
France;fr_sncf;Saint-Marcel en Dombes;fr_sncf|UIC87723742;13.3;1.3;91;100;100;100;0;0;0;4;REJETEE;present 4 jours sur 6 , volume observe 1.3 < 15 , trop parfaite : 100 % a moins de 60 s
France;fr_sncf;Mionnay;fr_sncf|UIC87723726;13.3;1.3;91;100;100;100;0;0;0;4;REJETEE;present 4 jours sur 6 , volume observe 1.3 < 15 , trop parfaite : 100 % a moins de 60 s
France;fr_sncf;Metzeral;fr_sncf|UIC87182816;13;1.3;90;100;100;100;0;0;0;4;REJETEE;present 4 jours sur 6 , volume observe 1.3 < 15 , trop parfaite : 100 % a moins de 60 s
France;fr_sncf;Munster;fr_sncf|UIC87182394;12.8;1.3;90;80;80;80;0;0;0;4;REJETEE;present 4 jours sur 6 , volume observe 1.3 < 15 , distribution degeneree : dispersion 0.0 pt
France;fr_sncf;Duttlenheim;fr_sncf|UIC87214544;12.5;1.3;90;100;100;100;0;0;0;4;REJETEE;present 4 jours sur 6 , volume observe 1.3 < 15 , trop parfaite : 100 % a moins de 60 s
France;fr_sncf;Kruth;fr_sncf|UIC87182642;12.3;1.3;90;100;100;100;0;0.25;0;4;REJETEE;present 4 jours sur 6 , volume observe 1.3 < 15 , trop parfaite : 100 % a moins de 60 s
France;fr_sncf;Guéthary;fr_sncf|UIC87673459;12.3;1.3;90;60;100;100;40;1.5;0;4;REJETEE;present 4 jours sur 6 , volume observe 1.3 < 15 , trop parfaite : aucun retard superieur a 5 min
France;fr_sncf;Breitenbach;fr_sncf|UIC87182659;12.3;1.3;90;80;80;80;0;0;0;4;REJETEE;present 4 jours sur 6 , volume observe 1.3 < 15 , distribution degeneree : dispersion 0.0 pt
France;fr_sncf;Muhlbach-sur-Munster;fr_sncf|UIC87182733;12.3;1.3;90;100;100;100;0;0;0;4;REJETEE;present 4 jours sur 6 , volume observe 1.3 < 15 , trop parfaite : 100 % a moins de 60 s
France;fr_sncf;Thann Saint-Jacques;fr_sncf|UIC87182881;12;1.3;90;80;80;100;20;0;0;4;REJETEE;present 4 jours sur 6 , volume observe 1.3 < 15
France;fr_sncf;Chaumont;fr_sncf|UIC87142000;11.8;1.3;89;80;100;100;20;0;0;4;REJETEE;present 4 jours sur 6 , volume observe 1.3 < 15 , trop parfaite : aucun retard superieur a 5 min
France;fr_sncf;Montchanin;fr_sncf|UIC87694307;11.5;1.3;89;100;100;100;0;0;0;4;REJETEE;present 4 jours sur 6 , volume observe 1.3 < 15 , trop parfaite : 100 % a moins de 60 s
France;fr_sncf;Voreppe;fr_sncf|UIC87747337;10.8;1.3;88;100;100;100;0;0;0.25;4;REJETEE;present 4 jours sur 6 , volume observe 1.3 < 15 , trop parfaite : 100 % a moins de 60 s
France;fr_sncf;Réaumont - Saint-Cassien;fr_sncf|UIC87747279;10.8;1.3;88;100;100;100;0;0;0.25;4;REJETEE;present 4 jours sur 6 , volume observe 1.3 < 15 , trop parfaite : 100 % a moins de 60 s
France;fr_sncf;Saint-Malo;fr_sncf|UIC87478107;9.5;1.3;87;80;100;100;20;0;0;4;REJETEE;present 4 jours sur 6 , volume observe 1.3 < 15 , trop parfaite : aucun retard superieur a 5 min
France;fr_sncf;Serquigny;fr_sncf|UIC87444315;8.8;1.3;86;60;100;100;40;0;0;4;REJETEE;present 4 jours sur 6 , volume observe 1.3 < 15 , trop parfaite : aucun retard superieur a 5 min
France;fr_sncf;Rochefort;fr_sncf|UIC87485144;8.3;1.3;85;60;80;100;40;0;0;4;REJETEE;present 4 jours sur 6 , volume observe 1.3 < 15
France;fr_sncf;Saint-Gaudens;fr_sncf|UIC87611137;8.3;1.3;85;40;80;80;40;0;0;4;REJETEE;present 4 jours sur 6 , volume observe 1.3 < 15
France;fr_sncf;Issoudun;fr_sncf|UIC87597062;7.8;1.3;84;60;80;80;20;0.25;0;4;REJETEE;present 4 jours sur 6 , volume observe 1.3 < 15
France;fr_sncf;Aurillac;fr_sncf|UIC87645002;7.5;1.3;83;40;60;80;40;0;0.25;4;REJETEE;present 4 jours sur 6 , volume observe 1.3 < 15
France;fr_sncf;Meyrargues;fr_sncf|UIC87751370;7.3;1.3;83;60;80;80;20;0;0;4;REJETEE;present 4 jours sur 6 , volume observe 1.3 < 15
France;fr_sncf;Mennetou-sur-Cher;fr_sncf|UIC87576728;7.3;1.3;83;100;100;100;0;0;0;4;REJETEE;present 4 jours sur 6 , volume observe 1.3 < 15 , trop parfaite : 100 % a moins de 60 s
France;fr_sncf;Cazères;fr_sncf|UIC87611079;6.8;1.3;81;20;60;60;40;0;0;4;REJETEE;present 4 jours sur 6 , volume observe 1.3 < 15
France;fr_sncf;Carbonne;fr_sncf|UIC87611061;6.8;1.3;81;20;60;60;40;0;0;4;REJETEE;present 4 jours sur 6 , volume observe 1.3 < 15
France;fr_sncf;Tournus;fr_sncf|UIC87725622;6.8;1.3;81;40;80;100;60;0;0;4;REJETEE;present 4 jours sur 6 , volume observe 1.3 < 15
France;fr_sncf;Mouchard;fr_sncf|UIC87718833;6.8;1.3;81;80;80;80;0;0;0.25;4;REJETEE;present 4 jours sur 6 , volume observe 1.3 < 15 , distribution degeneree : dispersion 0.0 pt
France;fr_sncf;Sarliève - Cournon;fr_sncf|UIC87734152;6.8;1.3;81;80;80;80;0;0;0;4;REJETEE;present 4 jours sur 6 , volume observe 1.3 < 15 , distribution degeneree : dispersion 0.0 pt
France;fr_sncf;Marmande;fr_sncf|UIC87586545;6.5;1.3;81;60;60;80;20;0;0;4;REJETEE;present 4 jours sur 6 , volume observe 1.3 < 15
France;fr_sncf;Avenay;fr_sncf|UIC87171579;6.5;1.3;81;60;60;100;40;0;0;4;REJETEE;present 4 jours sur 6 , volume observe 1.3 < 15
France;fr_sncf;Oudon;fr_sncf|UIC87481184;6;1.3;79;100;100;100;0;0;0;4;REJETEE;present 4 jours sur 6 , volume observe 1.3 < 15 , trop parfaite : 100 % a moins de 60 s
France;fr_sncf;Mauves-sur-Loire;fr_sncf|UIC87481150;6;1.3;79;100;100;100;0;0;0;4;REJETEE;present 4 jours sur 6 , volume observe 1.3 < 15 , trop parfaite : 100 % a moins de 60 s
France;fr_sncf;Parent - Coudes - Champeix;fr_sncf|UIC87734194;5.5;1.3;77;80;80;80;0;0;0;4;REJETEE;present 4 jours sur 6 , volume observe 1.3 < 15 , distribution degeneree : dispersion 0.0 pt
France;fr_sncf;La Ménitré;fr_sncf|UIC87487884;5.5;1.3;77;100;100;100;0;0.25;0;4;REJETEE;present 4 jours sur 6 , volume observe 1.3 < 15 , trop parfaite : 100 % a moins de 60 s
France;fr_sncf;Vierzon Forges;fr_sncf|UIC87576090;5.5;1.3;77;80;100;100;20;0;0;4;REJETEE;present 4 jours sur 6 , volume observe 1.3 < 15 , trop parfaite : aucun retard superieur a 5 min
France;fr_sncf;Chasseneuil-du-Poitou;fr_sncf|UIC87575225;5.3;1.3;76;60;60;80;20;0.5;0.25;4;REJETEE;present 4 jours sur 6 , volume observe 1.3 < 15
France;fr_sncf;Les Rosiers-sur-Loire;fr_sncf|UIC87487876;5.3;1.3;76;100;100;100;0;0.25;0;4;REJETEE;present 4 jours sur 6 , volume observe 1.3 < 15 , trop parfaite : 100 % a moins de 60 s
France;fr_sncf;Saint-Étienne-de-Montluc;fr_sncf|UIC87481812;5.3;1.3;76;100;100;100;0;0;0;4;REJETEE;present 4 jours sur 6 , volume observe 1.3 < 15 , trop parfaite : 100 % a moins de 60 s
France;fr_sncf;Dinan;fr_sncf|UIC87478164;5;1.3;75;100;100;100;0;0;0;4;REJETEE;present 4 jours sur 6 , volume observe 1.3 < 15 , trop parfaite : 100 % a moins de 60 s
France;fr_sncf;Fons - Saint-Mamert;fr_sncf|UIC87775379;5;1.3;75;60;80;80;20;0;0;4;REJETEE;present 4 jours sur 6 , volume observe 1.3 < 15
France;fr_sncf;Noyal - Acigné;fr_sncf|UIC87471540;5;1.3;75;100;100;100;0;0;0;4;REJETEE;present 4 jours sur 6 , volume observe 1.3 < 15 , trop parfaite : 100 % a moins de 60 s
France;fr_sncf;Servon;fr_sncf|UIC87471532;5;1.3;75;100;100;100;0;0;0;4;REJETEE;present 4 jours sur 6 , volume observe 1.3 < 15 , trop parfaite : 100 % a moins de 60 s
France;fr_sncf;Bons-en-Chablais;fr_sncf|UIC87745596;4.5;1.3;72;40;60;80;40;0;0;4;REJETEE;present 4 jours sur 6 , volume observe 1.3 < 15
France;fr_sncf;Francfort sur le Main;fr_sncf|UIC80110684;4.3;1.3;71;80;100;100;20;0;0;4;REJETEE;present 4 jours sur 6 , volume observe 1.3 < 15 , trop parfaite : aucun retard superieur a 5 min
France;fr_sncf;Karlsruhe Hbf;fr_sncf|UIC80142281;3.8;1.3;67;0;40;60;60;0;0;4;REJETEE;present 4 jours sur 6 , volume observe 1.3 < 15 , ponctualite 40 % < 60 %
Australie;au_translink_seq;Gympie North station;au_translink_seq|gympienorthstation@-26.16,152.68;3;1.3;58;80;100;100;20;0;0;4;REJETEE;present 4 jours sur 6 , volume observe 1.3 < 15 , trop parfaite : aucun retard superieur a 5 min
Pays-Bas;nl_ovapi;Duisburg Hbf;nl_ovapi|duisburghbf@51.43,6.77;13;1.2;91;83.3;100;100;16.7;0;0;5;REJETEE;present 5 jours sur 6 , volume observe 1.2 < 15 , trop parfaite : aucun retard superieur a 5 min
France;fr_sncf;Saint-André-de-Corcy;fr_sncf|UIC87723734;11.4;1.2;89;100;100;100;0;0;0;5;REJETEE;present 5 jours sur 6 , volume observe 1.2 < 15 , trop parfaite : 100 % a moins de 60 s
France;fr_sncf;La Souterraine;fr_sncf|UIC87592378;10.8;1.2;89;50;66.7;66.7;16.7;0.8;0;5;REJETEE;present 5 jours sur 6 , volume observe 1.2 < 15
France;fr_sncf;Pont de Lignon;fr_sncf|UIC87726786;8.2;1.2;85;50;66.7;83.3;33.3;0;0;5;REJETEE;present 5 jours sur 6 , volume observe 1.2 < 15
France;fr_sncf;Saint-Vincent le Château;fr_sncf|UIC87734715;7.8;1.2;85;83.3;83.3;83.3;0;0;0;5;REJETEE;present 5 jours sur 6 , volume observe 1.2 < 15 , distribution degeneree : dispersion 0.0 pt
France;fr_sncf;Lavoûte-sur-Loire;fr_sncf|UIC87734707;7.8;1.2;85;100;100;100;0;0;0;5;REJETEE;present 5 jours sur 6 , volume observe 1.2 < 15 , trop parfaite : 100 % a moins de 60 s
France;fr_sncf;Grand-Combe la Pise;fr_sncf|UIC87775254;7.4;1.2;84;33.3;50;50;16.7;0;0;5;REJETEE;present 5 jours sur 6 , volume observe 1.2 < 15 , ponctualite 50 % < 60 %
France;fr_sncf;Montpon-Ménestérol;fr_sncf|UIC87595322;5.6;1.2;79;83.3;83.3;83.3;0;0.2;0;5;REJETEE;present 5 jours sur 6 , volume observe 1.2 < 15 , distribution degeneree : dispersion 0.0 pt
France;fr_sncf;Dol-de-Bretagne;fr_sncf|UIC87478073;14.3;1;93;75;75;75;0;0;0;4;REJETEE;present 4 jours sur 6 , volume observe 1.0 < 15 , distribution degeneree : dispersion 0.0 pt
France;fr_sncf;Forbach;fr_sncf|UIC87193003;13;1;92;100;100;100;0;0;0;4;REJETEE;present 4 jours sur 6 , volume observe 1.0 < 15 , trop parfaite : 100 % a moins de 60 s
France;fr_sncf;Lyon-Saint-Paul La Feuillée;fr_sncf|UIC87698340;12.4;1;92;60;100;100;40;0;0;5;REJETEE;present 5 jours sur 6 , volume observe 1.0 < 15 , trop parfaite : aucun retard superieur a 5 min
France;fr_sncf;Wihr-au-Val - Soultzbach;fr_sncf|UIC87182378;12.3;1;92;75;75;75;0;0;0;4;REJETEE;present 4 jours sur 6 , volume observe 1.0 < 15 , distribution degeneree : dispersion 0.0 pt
France;fr_sncf;Oderen;fr_sncf|UIC87182634;11.5;1;91;100;100;100;0;0.25;0;4;REJETEE;present 4 jours sur 6 , volume observe 1.0 < 15 , trop parfaite : 100 % a moins de 60 s
France;fr_sncf;Vitré;fr_sncf|UIC87471508;10.8;1;91;100;100;100;0;0;0;4;REJETEE;present 4 jours sur 6 , volume observe 1.0 < 15 , trop parfaite : 100 % a moins de 60 s
France;fr_sncf;Pornichet;fr_sncf|UIC87481747;10.8;1;91;75;100;100;25;0;0;4;REJETEE;present 4 jours sur 6 , volume observe 1.0 < 15 , trop parfaite : aucun retard superieur a 5 min
France;fr_sncf;Bléré - la Croix;fr_sncf|UIC87574475;10;1;90;50;50;50;0;0;0;4;REJETEE;present 4 jours sur 6 , volume observe 1.0 < 15 , distribution degeneree : dispersion 0.0 pt
France;fr_sncf;Villefranche-sur-Cher;fr_sncf|UIC87576884;9.5;1;89;100;100;100;0;0;0;4;REJETEE;present 4 jours sur 6 , volume observe 1.0 < 15 , trop parfaite : 100 % a moins de 60 s
France;fr_sncf;Dormans;fr_sncf|UIC87171512;9.3;1;89;50;50;100;50;0;0;4;REJETEE;present 4 jours sur 6 , volume observe 1.0 < 15 , ponctualite 50 % < 60 %
France;fr_sncf;Le Grand-Lemps;fr_sncf|UIC87747220;9.3;1;89;75;75;100;25;0;0.25;4;REJETEE;present 4 jours sur 6 , volume observe 1.0 < 15
France;fr_sncf;Châbons;fr_sncf|UIC87747212;9.3;1;89;75;75;100;25;0;0.25;4;REJETEE;present 4 jours sur 6 , volume observe 1.0 < 15
France;fr_sncf;Virieu sur Bourbre;fr_sncf|UIC87747204;9.3;1;89;100;100;100;0;0;0.25;4;REJETEE;present 4 jours sur 6 , volume observe 1.0 < 15 , trop parfaite : 100 % a moins de 60 s
France;fr_sncf;Hautmont;fr_sncf|UIC87295568;9;1;89;50;100;100;50;0;0;4;REJETEE;present 4 jours sur 6 , volume observe 1.0 < 15 , trop parfaite : aucun retard superieur a 5 min
France;fr_sncf;La Possonnière;fr_sncf|UIC87484337;9;1;89;25;75;100;75;0;0;4;REJETEE;present 4 jours sur 6 , volume observe 1.0 < 15
France;fr_sncf;Figeac;fr_sncf|UIC87613091;8.3;1;88;25;50;75;50;0;0.5;4;REJETEE;present 4 jours sur 6 , volume observe 1.0 < 15 , ponctualite 50 % < 60 %
France;fr_sncf;Chagny;fr_sncf|UIC87713578;8.2;1;88;40;80;100;60;0.2;0;5;REJETEE;present 5 jours sur 6 , volume observe 1.0 < 15
France;fr_sncf;Étigny - Véron;fr_sncf|UIC87683201;8;1;88;50;100;100;50;0;0;4;REJETEE;present 4 jours sur 6 , volume observe 1.0 < 15 , trop parfaite : aucun retard superieur a 5 min
France;fr_sncf;Saint-Julien-du-Sault;fr_sncf|UIC87683227;8;1;88;25;75;100;75;0;0;4;REJETEE;present 4 jours sur 6 , volume observe 1.0 < 15
France;fr_sncf;L'Argentière les Écrins;fr_sncf|UIC87763557;8;1;88;100;100;100;0;0;0.25;4;REJETEE;present 4 jours sur 6 , volume observe 1.0 < 15 , trop parfaite : 100 % a moins de 60 s
France;fr_sncf;Saint-Georges-de-Reneins;fr_sncf|UIC87721340;7.8;1;87;75;75;75;0;0;0.5;4;REJETEE;present 4 jours sur 6 , volume observe 1.0 < 15 , distribution degeneree : dispersion 0.0 pt
France;fr_sncf;L'Aigle;fr_sncf|UIC87444638;7.5;1;87;50;75;100;50;0;0;4;REJETEE;present 4 jours sur 6 , volume observe 1.0 < 15
France;fr_sncf;Saujon;fr_sncf|UIC87491811;6.8;1;85;50;75;75;25;0.25;0;4;REJETEE;present 4 jours sur 6 , volume observe 1.0 < 15
France;fr_sncf;Les Martres-de-Veyre;fr_sncf|UIC87734178;6.8;1;85;75;75;75;0;0;0;4;REJETEE;present 4 jours sur 6 , volume observe 1.0 < 15 , distribution degeneree : dispersion 0.0 pt
France;fr_sncf;Rilly-la-Montagne;fr_sncf|UIC87171595;6.5;1;85;75;100;100;25;0;0;4;REJETEE;present 4 jours sur 6 , volume observe 1.0 < 15 , trop parfaite : aucun retard superieur a 5 min
France;fr_sncf;Montbrison;fr_sncf|UIC87726448;6;1;83;100;100;100;0;0;0;4;REJETEE;present 4 jours sur 6 , volume observe 1.0 < 15 , trop parfaite : 100 % a moins de 60 s
France;fr_sncf;Le Cellier;fr_sncf|UIC87481168;6;1;83;100;100;100;0;0;0;4;REJETEE;present 4 jours sur 6 , volume observe 1.0 < 15 , trop parfaite : 100 % a moins de 60 s
France;fr_sncf;Meymac;fr_sncf|UIC87594275;6;1;83;100;100;100;0;0.25;0;4;REJETEE;present 4 jours sur 6 , volume observe 1.0 < 15 , trop parfaite : 100 % a moins de 60 s
France;fr_sncf;Ussel;fr_sncf|UIC87594093;6;1;83;100;100;100;0;0.25;0;4;REJETEE;present 4 jours sur 6 , volume observe 1.0 < 15 , trop parfaite : 100 % a moins de 60 s
France;fr_sncf;Jaunay-Clan;fr_sncf|UIC87575217;5.5;1;82;50;50;75;25;0.5;0.25;4;REJETEE;present 4 jours sur 6 , volume observe 1.0 < 15 , ponctualite 50 % < 60 %
France;fr_sncf;La Tricherie;fr_sncf|UIC87575183;5.5;1;82;50;50;75;25;0.5;0.25;4;REJETEE;present 4 jours sur 6 , volume observe 1.0 < 15 , ponctualite 50 % < 60 %
France;fr_sncf;Naintré les Barres;fr_sncf|UIC87575175;5.5;1;82;50;50;75;25;0.5;0.25;4;REJETEE;present 4 jours sur 6 , volume observe 1.0 < 15 , ponctualite 50 % < 60 %
France;fr_sncf;Foëcy;fr_sncf|UIC87576108;5.5;1;82;100;100;100;0;0;0;4;REJETEE;present 4 jours sur 6 , volume observe 1.0 < 15 , trop parfaite : 100 % a moins de 60 s
France;fr_sncf;Dissay;fr_sncf|UIC87575191;5.3;1;81;50;50;75;25;0.5;0.25;4;REJETEE;present 4 jours sur 6 , volume observe 1.0 < 15 , ponctualite 50 % < 60 %
France;fr_sncf;Nerpuy;fr_sncf|UIC87575167;5.3;1;81;50;50;75;25;0.5;0.25;4;REJETEE;present 4 jours sur 6 , volume observe 1.0 < 15 , ponctualite 50 % < 60 %
France;fr_sncf;Saint-Mathurin;fr_sncf|UIC87487892;5.3;1;81;100;100;100;0;0.25;0;4;REJETEE;present 4 jours sur 6 , volume observe 1.0 < 15 , trop parfaite : 100 % a moins de 60 s
France;fr_sncf;La Bohalle;fr_sncf|UIC87487843;5.3;1;81;100;100;100;0;0.25;0;4;REJETEE;present 4 jours sur 6 , volume observe 1.0 < 15 , trop parfaite : 100 % a moins de 60 s
France;fr_sncf;Trélazé;fr_sncf|UIC87701532;5.3;1;81;100;100;100;0;0.25;0;4;REJETEE;present 4 jours sur 6 , volume observe 1.0 < 15 , trop parfaite : 100 % a moins de 60 s
France;fr_sncf;Couëron;fr_sncf|UIC87481804;5.3;1;81;100;100;100;0;0;0;4;REJETEE;present 4 jours sur 6 , volume observe 1.0 < 15 , trop parfaite : 100 % a moins de 60 s
France;fr_sncf;Mignaloux - Nouaillé;fr_sncf|UIC87575704;5;1;80;25;100;100;75;0;0;4;REJETEE;present 4 jours sur 6 , volume observe 1.0 < 15 , trop parfaite : aucun retard superieur a 5 min
France;fr_sncf;Saint-Aubin - Saint-Luperce;fr_sncf|UIC87394213;5;1;80;75;100;100;25;0.25;0;4;REJETEE;present 4 jours sur 6 , volume observe 1.0 < 15 , trop parfaite : aucun retard superieur a 5 min
France;fr_sncf;Amilly - Ouerray;fr_sncf|UIC87394205;5;1;80;75;100;100;25;0.25;0;4;REJETEE;present 4 jours sur 6 , volume observe 1.0 < 15 , trop parfaite : aucun retard superieur a 5 min
France;fr_sncf;Le Poirier Université;fr_sncf|UIC87343210;4.8;1;79;25;75;100;75;0;0;4;REJETEE;present 4 jours sur 6 , volume observe 1.0 < 15
France;fr_sncf;Thiers;fr_sncf|UIC87734475;4.5;1;78;100;100;100;0;0;0;4;REJETEE;present 4 jours sur 6 , volume observe 1.0 < 15 , trop parfaite : 100 % a moins de 60 s
France;fr_sncf;Saubusse;fr_sncf|UIC87673251;4.3;1;76;75;100;100;25;0.5;0;4;REJETEE;present 4 jours sur 6 , volume observe 1.0 < 15 , trop parfaite : aucun retard superieur a 5 min
France;fr_sncf;Saint-Geours;fr_sncf|UIC87673269;4.3;1;76;75;100;100;25;0.5;0;4;REJETEE;present 4 jours sur 6 , volume observe 1.0 < 15 , trop parfaite : aucun retard superieur a 5 min
France;fr_sncf;Mannheim Hbf;fr_sncf|UIC80140087;4.3;1;76;0;25;50;50;0;0;4;REJETEE;present 4 jours sur 6 , volume observe 1.0 < 15 , ponctualite 25 % < 60 %
France;fr_sncf;Limersheim;fr_sncf|UIC87212274;13.8;0.8;95;66.7;100;100;33.3;0;0;4;REJETEE;present 4 jours sur 6 , volume observe 0.8 < 15 , trop parfaite : aucun retard superieur a 5 min
France;fr_sncf;Wesserling;fr_sncf|UIC87182618;12.8;0.8;94;100;100;100;0;0.25;0;4;REJETEE;present 4 jours sur 6 , volume observe 0.8 < 15 , trop parfaite : 100 % a moins de 60 s
France;fr_sncf;Niort;fr_sncf|UIC87485300;12.5;0.8;94;0;100;100;100;0.25;0;4;REJETEE;present 4 jours sur 6 , volume observe 0.8 < 15 , trop parfaite : aucun retard superieur a 5 min
Allemagne;de_gtfsde;Markelfingen Bahnhof;de_gtfsde|markelfingenbahnhof@47.74,9.00;11.8;0.8;94;66.7;66.7;66.7;0;0;0;4;REJETEE;present 4 jours sur 6 , volume observe 0.8 < 15 , distribution degeneree : dispersion 0.0 pt
France;fr_sncf;Saint-Amarin;fr_sncf|UIC87182600;11.5;0.8;93;100;100;100;0;0;0;4;REJETEE;present 4 jours sur 6 , volume observe 0.8 < 15 , trop parfaite : 100 % a moins de 60 s
France;fr_sncf;Moosch;fr_sncf|UIC87182592;11.5;0.8;93;100;100;100;0;0;0;4;REJETEE;present 4 jours sur 6 , volume observe 0.8 < 15 , trop parfaite : 100 % a moins de 60 s
France;fr_sncf;Fellering;fr_sncf|UIC87182626;11.5;0.8;93;100;100;100;0;0.25;0;4;REJETEE;present 4 jours sur 6 , volume observe 0.8 < 15 , trop parfaite : 100 % a moins de 60 s
France;fr_sncf;Ranspach;fr_sncf|UIC87182402;11.3;0.8;93;100;100;100;0;0;0;4;REJETEE;present 4 jours sur 6 , volume observe 0.8 < 15 , trop parfaite : 100 % a moins de 60 s
France;fr_sncf;Gièvres;fr_sncf|UIC87576876;11.3;0.8;93;66.7;66.7;66.7;0;0;0;4;REJETEE;present 4 jours sur 6 , volume observe 0.8 < 15 , distribution degeneree : dispersion 0.0 pt
France;fr_sncf;Le Pouliguen;fr_sncf|UIC87481762;10.8;0.8;93;66.7;66.7;100;33.3;0;0;4;REJETEE;present 4 jours sur 6 , volume observe 0.8 < 15
France;fr_sncf;Ygos;fr_sncf|UIC87671487;9.8;0.8;92;66.7;100;100;33.3;0.75;0;4;REJETEE;present 4 jours sur 6 , volume observe 0.8 < 15 , trop parfaite : aucun retard superieur a 5 min
France;fr_sncf;Hennebont;fr_sncf|UIC87476259;9.5;0.8;92;100;100;100;0;0;0;4;REJETEE;present 4 jours sur 6 , volume observe 0.8 < 15 , trop parfaite : 100 % a moins de 60 s
France;fr_sncf;Surgères;fr_sncf|UIC87485227;8.5;0.8;91;33.3;100;100;66.7;0;0;4;REJETEE;present 4 jours sur 6 , volume observe 0.8 < 15 , trop parfaite : aucun retard superieur a 5 min
France;fr_sncf;Montréjeau - Gourdan-Polignan;fr_sncf|UIC87611152;8.5;0.8;91;66.7;66.7;66.7;0;0;0;4;REJETEE;present 4 jours sur 6 , volume observe 0.8 < 15 , distribution degeneree : dispersion 0.0 pt
France;fr_sncf;Villeneuve-sur-Yonne;fr_sncf|UIC87683219;8;0.8;91;33.3;100;100;66.7;0;0;4;REJETEE;present 4 jours sur 6 , volume observe 0.8 < 15 , trop parfaite : aucun retard superieur a 5 min
France;fr_sncf;Génolhac;fr_sncf|UIC87775213;7.4;0.8;89;25;50;75;50;0;0;5;REJETEE;present 5 jours sur 6 , volume observe 0.8 < 15 , ponctualite 50 % < 60 %
France;fr_sncf;Tourcoing;fr_sncf|UIC87286542;7;0.8;89;66.7;66.7;100;33.3;0.75;0;4;REJETEE;present 4 jours sur 6 , volume observe 0.8 < 15
France;fr_sncf;La Bastide-St-Laurent-les-B.;fr_sncf|UIC87775171;7;0.8;89;0;50;50;50;0;0;5;REJETEE;present 5 jours sur 6 , volume observe 0.8 < 15 , ponctualite 50 % < 60 %
France;fr_sncf;Verneuil-sur-Avre;fr_sncf|UIC87393595;7;0.8;89;100;100;100;0;0;0;4;REJETEE;present 4 jours sur 6 , volume observe 0.8 < 15 , trop parfaite : 100 % a moins de 60 s
France;fr_sncf;Le Cendre - Orcet;fr_sncf|UIC87734160;6.8;0.8;89;66.7;66.7;66.7;0;0;0;4;REJETEE;present 4 jours sur 6 , volume observe 0.8 < 15 , distribution degeneree : dispersion 0.0 pt
France;fr_sncf;Ay-Champagne;fr_sncf|UIC87171561;6.5;0.8;88;66.7;66.7;100;33.3;0;0;4;REJETEE;present 4 jours sur 6 , volume observe 0.8 < 15
France;fr_sncf;Saint-Denis-Près-Martel;fr_sncf|UIC87594572;6.3;0.8;88;0;0;66.7;66.7;0;0.25;4;REJETEE;present 4 jours sur 6 , volume observe 0.8 < 15 , ponctualite 0 % < 60 %
France;fr_sncf;Germaine;fr_sncf|UIC87171587;6.3;0.8;88;100;100;100;0;0;0;4;REJETEE;present 4 jours sur 6 , volume observe 0.8 < 15 , trop parfaite : 100 % a moins de 60 s
France;fr_sncf;Thann;fr_sncf|UIC87182568;6;0.8;88;66.7;66.7;100;33.3;0;0;4;REJETEE;present 4 jours sur 6 , volume observe 0.8 < 15
France;fr_sncf;Le Breuil-sur-Couze;fr_sncf|UIC87734228;5.5;0.8;86;66.7;66.7;66.7;0;0;0;4;REJETEE;present 4 jours sur 6 , volume observe 0.8 < 15 , distribution degeneree : dispersion 0.0 pt
France;fr_sncf;Marmagne;fr_sncf|UIC87576132;5.5;0.8;86;100;100;100;0;0;0;4;REJETEE;present 4 jours sur 6 , volume observe 0.8 < 15 , trop parfaite : 100 % a moins de 60 s
France;fr_sncf;Vertaizon;fr_sncf|UIC87734426;5.3;0.8;86;100;100;100;0;0;0;4;REJETEE;present 4 jours sur 6 , volume observe 0.8 < 15 , trop parfaite : 100 % a moins de 60 s
France;fr_sncf;Châteaubourg;fr_sncf|UIC87471524;5;0.8;85;100;100;100;0;0;0;4;REJETEE;present 4 jours sur 6 , volume observe 0.8 < 15 , trop parfaite : 100 % a moins de 60 s
France;fr_sncf;Saint-Priest-Taurion;fr_sncf|UIC87592055;4.8;0.8;84;100;100;100;0;0.25;0;4;REJETEE;present 4 jours sur 6 , volume observe 0.8 < 15 , trop parfaite : 100 % a moins de 60 s
France;fr_sncf;Brignac;fr_sncf|UIC87592063;4.8;0.8;84;100;100;100;0;0.25;0;4;REJETEE;present 4 jours sur 6 , volume observe 0.8 < 15 , trop parfaite : 100 % a moins de 60 s
France;fr_sncf;Pont de Dore;fr_sncf|UIC87734459;4.5;0.8;83;100;100;100;0;0;0;4;REJETEE;present 4 jours sur 6 , volume observe 0.8 < 15 , trop parfaite : 100 % a moins de 60 s
France;fr_sncf;Lezoux;fr_sncf|UIC87734442;4.5;0.8;83;100;100;100;0;0;0;4;REJETEE;present 4 jours sur 6 , volume observe 0.8 < 15 , trop parfaite : 100 % a moins de 60 s
France;fr_sncf;Bénesse-Maremne;fr_sncf|UIC87673285;4.3;0.8;82;66.7;100;100;33.3;0.5;0;4;REJETEE;present 4 jours sur 6 , volume observe 0.8 < 15 , trop parfaite : aucun retard superieur a 5 min
France;fr_sncf;Labenne;fr_sncf|UIC87673293;4.3;0.8;82;66.7;100;100;33.3;0.5;0;4;REJETEE;present 4 jours sur 6 , volume observe 0.8 < 15 , trop parfaite : aucun retard superieur a 5 min
France;fr_sncf;Ondres;fr_sncf|UIC87673319;4.3;0.8;82;66.7;100;100;33.3;0.5;0;4;REJETEE;present 4 jours sur 6 , volume observe 0.8 < 15 , trop parfaite : aucun retard superieur a 5 min
France;fr_sncf;Saint-Martin-d'Oney;fr_sncf|UIC87671495;4.3;0.8;82;100;100;100;0;0.25;0;4;REJETEE;present 4 jours sur 6 , volume observe 0.8 < 15 , trop parfaite : 100 % a moins de 60 s
France;fr_sncf;Pont-du-Château;fr_sncf|UIC87734087;4;0.8;81;100;100;100;0;0;0;4;REJETEE;present 4 jours sur 6 , volume observe 0.8 < 15 , trop parfaite : 100 % a moins de 60 s
France;fr_sncf;Aulnat Aéroport;fr_sncf|UIC87562421;4;0.8;81;100;100;100;0;0;0;4;REJETEE;present 4 jours sur 6 , volume observe 0.8 < 15 , trop parfaite : 100 % a moins de 60 s
Pays-Bas;nl_ovapi;Paris-Nord;nl_ovapi|parisnord@48.88,2.36;10.8;0.6;94;100;100;100;0;0;0;5;REJETEE;present 5 jours sur 6 , volume observe 0.6 < 15 , trop parfaite : 100 % a moins de 60 s
France;fr_sncf;Sarrebruck;fr_sncf|UIC80253914;6.2;0.6;90;100;100;100;0;0;0;5;REJETEE;present 5 jours sur 6 , volume observe 0.6 < 15 , trop parfaite : 100 % a moins de 60 s
France;fr_sncf;Chamborigaud;fr_sncf|UIC87775221;6;0.6;90;33.3;33.3;66.7;33.3;0;0;5;REJETEE;present 5 jours sur 6 , volume observe 0.6 < 15 , ponctualite 33 % < 60 %
France;fr_sncf;La Roche-sur-Foron;fr_sncf|UIC87746305;8.5;0.5;94;100;100;100;0;0;0;4;REJETEE;present 4 jours sur 6 , volume observe 0.5 < 15 , trop parfaite : 100 % a moins de 60 s
France;fr_sncf;Batz-sur-Mer;fr_sncf|UIC87481770;8;0.5;94;50;50;100;50;0;0;4;REJETEE;present 4 jours sur 6 , volume observe 0.5 < 15 , ponctualite 50 % < 60 %
France;fr_sncf;Luttenbach-près-Munster;fr_sncf|UIC87182543;7.8;0.5;94;100;100;100;0;0;0;4;REJETEE;present 4 jours sur 6 , volume observe 0.5 < 15 , trop parfaite : 100 % a moins de 60 s
France;fr_sncf;Sallanches - Combloux - Megève;fr_sncf|UIC87746438;7;0.5;93;0;100;100;100;0;0;4;REJETEE;present 4 jours sur 6 , volume observe 0.5 < 15 , trop parfaite : aucun retard superieur a 5 min
France;fr_sncf;Royan;fr_sncf|UIC87491803;6.8;0.5;93;50;50;50;0;0.25;0;4;REJETEE;present 4 jours sur 6 , volume observe 0.5 < 15 , distribution degeneree : dispersion 0.0 pt
France;fr_sncf;Maizières-lès-Metz;fr_sncf|UIC87191106;5.3;0.5;90;100;100;100;0;0;0;4;REJETEE;present 4 jours sur 6 , volume observe 0.5 < 15 , trop parfaite : 100 % a moins de 60 s
France;fr_sncf;Woippy;fr_sncf|UIC87192088;5.3;0.5;90;100;100;100;0;0;0;4;REJETEE;present 4 jours sur 6 , volume observe 0.5 < 15 , trop parfaite : 100 % a moins de 60 s
France;fr_sncf;Metz Nord;fr_sncf|UIC87192070;5.3;0.5;90;100;100;100;0;0;0;4;REJETEE;present 4 jours sur 6 , volume observe 0.5 < 15 , trop parfaite : 100 % a moins de 60 s
France;fr_sncf;Condé-sur-Huisne;fr_sncf|UIC87394288;5;0.5;90;100;100;100;0;0.25;0;4;REJETEE;present 4 jours sur 6 , volume observe 0.5 < 15 , trop parfaite : 100 % a moins de 60 s
France;fr_sncf;Bretoncelles;fr_sncf|UIC87394270;5;0.5;90;100;100;100;0;0.25;0;4;REJETEE;present 4 jours sur 6 , volume observe 0.5 < 15 , trop parfaite : 100 % a moins de 60 s
France;fr_sncf;Pontgouin;fr_sncf|UIC87394247;5;0.5;90;50;100;100;50;0.25;0;4;REJETEE;present 4 jours sur 6 , volume observe 0.5 < 15 , trop parfaite : aucun retard superieur a 5 min
France;fr_sncf;Bâle Saint-Jean;fr_sncf|UIC87187930;5;0.5;90;50;50;100;50;0;0;4;REJETEE;present 4 jours sur 6 , volume observe 0.5 < 15 , ponctualite 50 % < 60 %
France;fr_sncf;Saint-Léonard-de-Noblat;fr_sncf|UIC87592071;4.8;0.5;89;100;100;100;0;0.25;0;4;REJETEE;present 4 jours sur 6 , volume observe 0.5 < 15 , trop parfaite : 100 % a moins de 60 s
France;fr_sncf;Sainte-Cécile-d'Andorge;fr_sncf|UIC87775239;4.5;0.5;89;50;50;50;0;0;0;4;REJETEE;present 4 jours sur 6 , volume observe 0.5 < 15 , distribution degeneree : dispersion 0.0 pt
France;fr_sncf;Nozières - Brignon;fr_sncf|UIC87775353;4.5;0.5;89;50;100;100;50;0;0;4;REJETEE;present 4 jours sur 6 , volume observe 0.5 < 15 , trop parfaite : aucun retard superieur a 5 min
France;fr_sncf;Boucau;fr_sncf|UIC87673095;4.3;0.5;88;100;100;100;0;0.5;0;4;REJETEE;present 4 jours sur 6 , volume observe 0.5 < 15 , trop parfaite : 100 % a moins de 60 s
France;fr_sncf;Arengosse;fr_sncf|UIC87671479;4.3;0.5;88;100;100;100;0;0.25;0;4;REJETEE;present 4 jours sur 6 , volume observe 0.5 < 15 , trop parfaite : 100 % a moins de 60 s
France;fr_sncf;Villefort;fr_sncf|UIC87775197;6.2;0.4;94;0;0;50;50;0;0;5;REJETEE;present 5 jours sur 6 , volume observe 0.4 < 15 , ponctualite 0 % < 60 %
Pays-Bas;nl_ovapi;Köln Hbf;nl_ovapi|klnhbf@50.94,6.96;10.8;0.3;98;100;100;100;0;0;0;4;REJETEE;present 4 jours sur 6 , volume observe 0.3 < 15 , trop parfaite : 100 % a moins de 60 s
France;fr_sncf;La Baule les Pins;fr_sncf|UIC87481697;8;0.3;97;100;100;100;0;0;0;4;REJETEE;present 4 jours sur 6 , volume observe 0.3 < 15 , trop parfaite : 100 % a moins de 60 s
France;fr_sncf;Thonon-les-Bains;fr_sncf|UIC87745646;5.8;0.3;96;0;0;100;100;0;0;4;REJETEE;present 4 jours sur 6 , volume observe 0.3 < 15 , ponctualite 0 % < 60 %
France;fr_sncf;Saint-Denis-des-Murs;fr_sncf|UIC87592097;4.8;0.3;95;100;100;100;0;0.25;0;4;REJETEE;present 4 jours sur 6 , volume observe 0.3 < 15 , trop parfaite : 100 % a moins de 60 s
France;fr_sncf;Eymoutiers Vassivière;fr_sncf|UIC87592121;4.8;0.3;95;100;100;100;0;0.25;0;4;REJETEE;present 4 jours sur 6 , volume observe 0.3 < 15 , trop parfaite : 100 % a moins de 60 s
France;fr_sncf;Longwy;fr_sncf|UIC87194001;4.3;0.3;94;100;100;100;0;0;0;4;REJETEE;present 4 jours sur 6 , volume observe 0.3 < 15 , trop parfaite : 100 % a moins de 60 s
France;fr_sncf;Jassonneix;fr_sncf|UIC87594085;4.3;0.3;94;100;100;100;0;0.25;0;4;REJETEE;present 4 jours sur 6 , volume observe 0.3 < 15 , trop parfaite : 100 % a moins de 60 s
Pays-Bas;nl_ovapi;Frankfurt Flughafen Fernb;nl_ovapi|frankfurtflughafenfernb@50.05,8.57;8.8;0.2;98;100;100;100;0;0;0;5;REJETEE;present 5 jours sur 6 , volume observe 0.2 < 15 , trop parfaite : 100 % a moins de 60 s
Pays-Bas;nl_ovapi;Frankfurt (M) Hbf;nl_ovapi|frankfurtmhbf@50.11,8.66;7.8;0.2;97;100;100;100;0;0;0;5;REJETEE;present 5 jours sur 6 , volume observe 0.2 < 15 , trop parfaite : 100 % a moins de 60 s
Etats-Unis;us_mta_mnr;;us_mta_mnr|172;38.7;0;100;0;0;0;0;0;0;6;REJETEE;identite non resolue , volume observe 0.0 < 15 , distribution degeneree : dispersion 0.0 pt
Etats-Unis;us_mta_mnr;;us_mta_mnr|167;20;0;100;0;0;0;0;0;0;6;REJETEE;identite non resolue , volume observe 0.0 < 15 , distribution degeneree : dispersion 0.0 pt
Etats-Unis;us_mta_mnr;;us_mta_mnr|168;20;0;100;0;0;0;0;0;0;6;REJETEE;identite non resolue , volume observe 0.0 < 15 , distribution degeneree : dispersion 0.0 pt
Etats-Unis;us_mta_mnr;;us_mta_mnr|169;20;0;100;0;0;0;0;0;0;6;REJETEE;identite non resolue , volume observe 0.0 < 15 , distribution degeneree : dispersion 0.0 pt
Etats-Unis;us_mta_mnr;;us_mta_mnr|170;20;0;100;0;0;0;0;0;0;6;REJETEE;identite non resolue , volume observe 0.0 < 15 , distribution degeneree : dispersion 0.0 pt
Etats-Unis;us_mta_mnr;;us_mta_mnr|171;20;0;100;0;0;0;0;0;0;6;REJETEE;identite non resolue , volume observe 0.0 < 15 , distribution degeneree : dispersion 0.0 pt
France;fr_sncf;Saint-Gervais-les-Bains-Le Fayet;fr_sncf|UIC87746479;7.3;0;100;0;0;0;0;0;0;4;REJETEE;present 4 jours sur 6 , volume observe 0.0 < 15 , distribution degeneree : dispersion 0.0 pt
France;fr_sncf;Évian-les-Bains;fr_sncf|UIC87745679;5.8;0;100;0;0;0;0;0;0;4;REJETEE;present 4 jours sur 6 , volume observe 0.0 < 15 , distribution degeneree : dispersion 0.0 pt
France;fr_sncf;Châteauneuf - Bujaleuf;fr_sncf|UIC87592105;4.8;0;100;0;0;0;0;0.25;0;4;REJETEE;present 4 jours sur 6 , volume observe 0.0 < 15 , distribution degeneree : dispersion 0.0 pt
France;fr_sncf;Lacelle Corrèze;fr_sncf|UIC87592147;4.3;0;100;0;0;0;0;0.25;0;4;REJETEE;present 4 jours sur 6 , volume observe 0.0 < 15 , distribution degeneree : dispersion 0.0 pt
France;fr_sncf;Bugeat;fr_sncf|UIC87592162;4.3;0;100;0;0;0;0;0.25;0;4;REJETEE;present 4 jours sur 6 , volume observe 0.0 < 15 , distribution degeneree : dispersion 0.0 pt
France;fr_sncf;Pérols-sur-Vézère;fr_sncf|UIC87592170;4.3;0;100;0;0;0;0;0.25;0;4;REJETEE;present 4 jours sur 6 , volume observe 0.0 < 15 , distribution degeneree : dispersion 0.0 pt
