pays;reseau;nom;cle;N;Nobs;fraicheur;p60;p300;p600;dispersion;cvVolume;cvBrut;amplitudePonct;effetWeekend;jours;annulJour;supprJour;verdict;motif
Pays-Bas;nl_ovapi;Utrecht Centraal;nl_ovapi|utrechtcentraal@52.09,5.11;553.8;390.5;71;77.3;94.8;97.5;20.1;0.39;0.33;8;108;6;3.5;0;REJETEE;volume irregulier (CV 0.39)
Pays-Bas;nl_ovapi;Amsterdam Sloterdijk;nl_ovapi|amsterdamsloterdijk@52.39,4.84;405.5;304.7;75;48.1;95.4;98.6;50.4;0.42;0.41;5;152;6;3;0;REJETEE;volume irregulier (CV 0.42)
Pays-Bas;nl_ovapi;Rotterdam Centraal;nl_ovapi|rotterdamcentraal@51.92,4.47;533.7;269.7;51;71.3;94.1;97.7;26.4;0.52;0.46;11;91;6;5;0;REJETEE;volume irregulier (CV 0.52)
Pays-Bas;nl_ovapi;Leiden Centraal;nl_ovapi|leidencentraal@52.17,4.48;332.5;242.8;73;75.4;95.5;98.2;22.8;0.45;0.42;8;126;6;0.5;0;REJETEE;volume irregulier (CV 0.45)
Pays-Bas;nl_ovapi;'s-Hertogenbosch;nl_ovapi|shertogenbosch@51.69,5.29;307.7;232;75;57.3;95;98.3;41;0.43;0.35;10;99;6;0.33;0;REJETEE;volume irregulier (CV 0.43)
Pays-Bas;nl_ovapi;Arnhem Centraal;nl_ovapi|arnhemcentraal@51.99,5.90;342.3;220.8;65;69.7;93.3;96.4;26.7;0.47;0.41;10;88;6;0.83;0;REJETEE;volume irregulier (CV 0.47)
Pays-Bas;nl_ovapi;Amsterdam Zuid;nl_ovapi|amsterdamzuid@52.34,4.87;269.8;219;81;74.4;96.5;98.6;24.2;0.46;0.43;6;121;6;2.5;0;REJETEE;volume irregulier (CV 0.46)
Allemagne;de_gtfsde;;de_gtfsde|47089;340.3;211.5;62;32.3;62.1;74.7;42.4;1.15;1.1;25;14;4;0;0;REJETEE;identite non resolue , presente 4/6 jours , volume irregulier (CV 1.15)
Allemagne;de_gtfsde;;de_gtfsde|193254;329.3;175.8;53;18.5;66.9;90.8;72.3;1.2;1.17;23;11;4;0;0;REJETEE;identite non resolue , presente 4/6 jours , volume irregulier (CV 1.20)
Pays-Bas;nl_ovapi;Den Haag HS;nl_ovapi|denhaaghs@52.07,4.32;267.8;175.5;66;74.7;95;97.9;23.2;0.53;0.45;11;81;6;0.5;0;REJETEE;volume irregulier (CV 0.53)
Pays-Bas;nl_ovapi;Amersfoort Centraal;nl_ovapi|amersfoortcentraal@52.15,5.37;254.8;172.5;68;70.1;94.7;97.9;27.7;0.43;0.36;6;117;6;1.33;0;REJETEE;volume irregulier (CV 0.43)
Etats-Unis;us_mta_mnr;;us_mta_mnr|1;513;172.3;34;43.5;87;96.2;52.7;0.19;0.2;12;62;6;0;0;REJETEE;identite non resolue
Pays-Bas;nl_ovapi;Delft;nl_ovapi|delft@52.01,4.36;253;166.7;66;71.1;95.3;98.3;27.2;0.54;0.46;7;86;6;0.17;0;REJETEE;volume irregulier (CV 0.54)
Pays-Bas;nl_ovapi;Eindhoven Centraal;nl_ovapi|eindhovencentraal@51.44,5.48;233.8;166.5;71;70.2;95.5;98.5;28.3;0.37;0.33;7;115;6;0.67;0;REJETEE;volume irregulier (CV 0.37)
Pays-Bas;nl_ovapi;Nijmegen;nl_ovapi|nijmegen@51.84,5.85;323.3;164.3;51;70.6;94.8;98.9;28.3;0.6;0.54;98;112;6;1.83;0;REJETEE;volume irregulier (CV 0.60) , ponctualite erratique (amplitude 98 pt)
Pays-Bas;nl_ovapi;Den Haag Centraal;nl_ovapi|denhaagcentraal@52.08,4.32;312;161.8;52;84.7;98.1;99.2;14.5;0.55;0.47;3;80;6;0.5;0;REJETEE;ponctualite 98.1 % > 98 % , volume irregulier (CV 0.55)
Allemagne;de_gtfsde;;de_gtfsde|403247;253.8;161.3;64;32.6;59.5;73.8;41.2;1.04;0.97;38;14;4;0;0;REJETEE;identite non resolue , presente 4/6 jours , volume irregulier (CV 1.04)
Allemagne;de_gtfsde;;de_gtfsde|172045;259.8;157.5;61;12.1;69;95.9;83.8;1.18;1.16;34;8;4;0;0;REJETEE;identite non resolue , presente 4/6 jours , volume irregulier (CV 1.18)
Etats-Unis;us_mta_mnr;;us_mta_mnr|4;346.2;155.5;45;44.7;86.4;96;51.3;0.09;0.1;17;80;6;0;0;REJETEE;identite non resolue
Allemagne;de_gtfsde;;de_gtfsde|281863;261;155.5;60;15.1;69.3;95;79.9;1.18;1.15;11;9;4;0;0;REJETEE;identite non resolue , presente 4/6 jours , volume irregulier (CV 1.18)
Allemagne;de_gtfsde;;de_gtfsde|663202;294.5;155.3;53;23.5;73.8;95.5;72;0.98;0.94;27;11;4;0;0;REJETEE;identite non resolue , presente 4/6 jours , volume irregulier (CV 0.98)
Pays-Bas;nl_ovapi;Breda;nl_ovapi|breda@51.60,4.78;235.5;155.3;66;69.6;96.2;98.8;29.2;0.48;0.4;3;96;6;0.67;0;REJETEE;volume irregulier (CV 0.48)
Allemagne;de_gtfsde;;de_gtfsde|624218;258.5;152.5;59;16.6;70.7;94.6;78;1.12;1.08;18;8;4;0;0;REJETEE;identite non resolue , presente 4/6 jours , volume irregulier (CV 1.12)
Allemagne;de_gtfsde;;de_gtfsde|550752;258.8;151.5;59;12.4;70.1;95.2;82.8;1.16;1.13;14;10;4;0;0;REJETEE;identite non resolue , presente 4/6 jours , volume irregulier (CV 1.16)
Pays-Bas;nl_ovapi;Den Haag Laan v NOI;nl_ovapi|denhaaglaanvnoi@52.08,4.34;223.2;149.2;67;69.7;95.9;98;28.3;0.4;0.42;9;159;6;0.33;0;REJETEE;volume irregulier (CV 0.40)
Allemagne;de_gtfsde;;de_gtfsde|613092;268;147;55;31.5;62.9;77.7;46.3;1.14;1.08;34;14;4;0;0;REJETEE;identite non resolue , presente 4/6 jours , volume irregulier (CV 1.14)
Pays-Bas;nl_ovapi;Schiedam Centrum;nl_ovapi|schiedamcentrum@51.92,4.41;258;145.3;56;65.6;95.2;98.4;32.8;0.58;0.49;4;69;6;0.17;0;REJETEE;volume irregulier (CV 0.58)
Allemagne;de_gtfsde;;de_gtfsde|391411;281.8;144.8;51;52.7;78.8;89.6;37;1.13;1.05;23;22;4;0;0;REJETEE;identite non resolue , presente 4/6 jours , volume irregulier (CV 1.13)
Allemagne;de_gtfsde;;de_gtfsde|601297;249;144.8;58;19;70.5;94;75;1.19;1.16;41;6;4;0;0;REJETEE;identite non resolue , presente 4/6 jours , volume irregulier (CV 1.19)
Pays-Bas;nl_ovapi;Tilburg;nl_ovapi|tilburg@51.56,5.08;215.5;144;67;71.8;95.7;98;26.3;0.43;0.34;6;93;6;0.17;0;REJETEE;volume irregulier (CV 0.43)
Pays-Bas;nl_ovapi;Dordrecht;nl_ovapi|dordrecht@51.81,4.67;301.5;143.3;48;73.3;95.1;99;25.7;0.54;0.47;8;98;6;0.67;0;REJETEE;volume irregulier (CV 0.54)
Allemagne;de_gtfsde;;de_gtfsde|405191;213;139.8;66;35.1;67.3;82.5;47.4;1.09;1.03;29;12;4;0;0;REJETEE;identite non resolue , presente 4/6 jours , volume irregulier (CV 1.09)
Pays-Bas;nl_ovapi;Amsterdam Bijlmer ArenA;nl_ovapi|amsterdambijlmerarena@52.31,4.95;164.8;138.3;84;68.2;95.1;98.8;30.6;0.4;0.36;14;119;6;0.5;0;REJETEE;volume irregulier (CV 0.40)
Allemagne;de_gtfsde;;de_gtfsde|543581;258;138;53;33.3;62.3;77.2;43.8;1.17;1.11;47;17;4;0;0;REJETEE;identite non resolue , presente 4/6 jours , volume irregulier (CV 1.17)
Allemagne;de_gtfsde;;de_gtfsde|563389;206;136.3;66;20.6;45.3;62.9;42.4;1.16;1.09;42;15;4;0;0;REJETEE;identite non resolue , presente 4/6 jours , volume irregulier (CV 1.16)
Pays-Bas;nl_ovapi;Hilversum;nl_ovapi|hilversum@52.23,5.18;192.5;134.5;70;75.5;95;97.3;21.8;0.52;0.48;10;151;6;1.17;0;REJETEE;volume irregulier (CV 0.52)
Allemagne;de_gtfsde;;de_gtfsde|96530;241;133.3;55;20.6;70.4;94.2;73.5;1.08;1.05;39;6;4;0;0;REJETEE;identite non resolue , presente 4/6 jours , volume irregulier (CV 1.08)
Allemagne;de_gtfsde;;de_gtfsde|579841;245.5;130;53;14;69;94.2;80.2;0.98;0.94;37;7;4;0;0;REJETEE;identite non resolue , presente 4/6 jours , volume irregulier (CV 0.98)
Allemagne;de_gtfsde;;de_gtfsde|633156;244;127;52;14.8;68.7;94.5;79.7;0.98;0.94;39;7;4;0;0;REJETEE;identite non resolue , presente 4/6 jours , volume irregulier (CV 0.98)
Pays-Bas;nl_ovapi;Duivendrecht;nl_ovapi|duivendrecht@52.32,4.94;159.2;125.8;79;55.6;95.6;98.4;42.8;0.49;0.47;6;117;6;0.83;0;REJETEE;volume irregulier (CV 0.49)
Pays-Bas;nl_ovapi;Rotterdam Blaak;nl_ovapi|rotterdamblaak@51.92,4.49;207.3;125.5;61;56.2;95.2;99;42.8;0.48;0.4;97;101;4;0.25;0;REJETEE;presente 4/6 jours , volume irregulier (CV 0.48) , ponctualite erratique (amplitude 97 pt)
Pays-Bas;nl_ovapi;Haarlem;nl_ovapi|haarlem@52.39,4.64;202.2;125.3;62;78.5;95.5;98.3;19.8;0.5;0.5;7;210;6;0.33;0;REJETEE;volume irregulier (CV 0.50)
Pays-Bas;nl_ovapi;Amsterdam Amstel;nl_ovapi|amsterdamamstel@52.35,4.92;140.7;124;88;55.6;94.5;98.4;42.7;0.36;0.3;8;113;6;0.17;0;REJETEE;volume irregulier (CV 0.36)
Pays-Bas;nl_ovapi;Hoofddorp;nl_ovapi|hoofddorp@52.29,4.70;194.8;123.5;63;64.6;94.3;98.2;33.6;0.53;0.56;9;186;6;2.33;0;REJETEE;volume irregulier (CV 0.53)
Pays-Bas;nl_ovapi;Gouda;nl_ovapi|gouda@52.02,4.71;183.5;113.3;62;76.3;96.3;98.2;21.9;0.39;0.31;6;103;6;2.67;0;REJETEE;volume irregulier (CV 0.39)
Pays-Bas;nl_ovapi;Zaandam;nl_ovapi|zaandam@52.44,4.81;138;111.7;81;60.3;96.1;99.1;38.8;0.44;0.42;7;136;6;0.83;0;REJETEE;volume irregulier (CV 0.44)
Allemagne;de_gtfsde;;de_gtfsde|41174;240.5;110.5;46;56.6;79.2;83.5;26.9;1.19;1.13;27;14;4;0;0;REJETEE;identite non resolue , presente 4/6 jours , volume irregulier (CV 1.19)
Allemagne;de_gtfsde;;de_gtfsde|14844;233.8;109.5;47;35.8;60;72.8;37;1.21;1.13;19;19;4;0;0;REJETEE;identite non resolue , presente 4/6 jours , volume irregulier (CV 1.21)
Allemagne;de_gtfsde;;de_gtfsde|228723;238.3;109;46;41.1;78.2;93.1;52.1;0.94;0.9;23;10;4;0;0;REJETEE;identite non resolue , presente 4/6 jours , volume irregulier (CV 0.94)
Allemagne;de_gtfsde;;de_gtfsde|441278;188;107.8;57;40.1;80.5;96.5;56.4;1.28;1.26;31;10;4;0;0;REJETEE;identite non resolue , presente 4/6 jours , volume irregulier (CV 1.28)
Allemagne;de_gtfsde;Köln Hbf;de_gtfsde|klnhbf@50.94,6.96;175.8;107.4;61;41.9;72.4;86;44.1;0.71;0.76;58;393;5;0;0;REJETEE;presente 5/6 jours , volume irregulier (CV 0.71)
Pays-Bas;nl_ovapi;Oss;nl_ovapi|oss@51.77,5.53;156.3;106.3;68;58.6;95.9;98.4;39.8;0.49;0.49;4;137;6;0.17;0;REJETEE;volume irregulier (CV 0.49)
Pays-Bas;nl_ovapi;Deventer;nl_ovapi|deventer@52.26,6.16;171.7;104.5;61;59;93.1;97.8;38.8;0.5;0.42;11;91;6;1;0;REJETEE;volume irregulier (CV 0.50)
Allemagne;de_gtfsde;;de_gtfsde|140668;168.5;102.5;61;44.1;69;84.6;40.5;1.17;1.09;6;24;4;0;0;REJETEE;identite non resolue , presente 4/6 jours , volume irregulier (CV 1.17)
Allemagne;de_gtfsde;;de_gtfsde|176911;198.3;102;51;48.3;77.9;90.2;41.9;1.4;1.34;10;18;4;0;0;REJETEE;identite non resolue , presente 4/6 jours , volume irregulier (CV 1.40)
Etats-Unis;us_mta_lirr;;us_mta_lirr|102;148.2;102;69;71.2;97.1;99.8;28.6;1;0.94;13;155;5;1.4;0;REJETEE;identite non resolue , presente 5/6 jours , volume irregulier (CV 1.00)
Pays-Bas;nl_ovapi;Ede-Wageningen;nl_ovapi|edewageningen@52.03,5.67;133.8;95.7;71;57.5;97.9;99.3;41.8;0.48;0.43;6;105;6;0.17;0;REJETEE;volume irregulier (CV 0.48)
Pays-Bas;nl_ovapi;Amsterdam Muiderpoort;nl_ovapi|amsterdammuiderpoort@52.36,4.93;121.8;95;78;58.2;95.6;97.7;39.5;0.61;0.58;9;173;6;1.5;0;REJETEE;volume irregulier (CV 0.61)
Allemagne;de_gtfsde;;de_gtfsde|279864;139;89.8;65;37.9;60.7;72.7;34.8;1.1;1.08;24;12;4;0;0;REJETEE;identite non resolue , presente 4/6 jours , volume irregulier (CV 1.10)
Allemagne;de_gtfsde;;de_gtfsde|297746;180;87.5;49;83.1;94.6;97.7;14.6;0.98;0.92;9;6;4;0;0;REJETEE;identite non resolue , presente 4/6 jours , volume irregulier (CV 0.98)
Allemagne;de_gtfsde;;de_gtfsde|377788;143;87;61;44.5;88.5;96.6;52;1.42;1.37;17;15;4;0;0;REJETEE;identite non resolue , presente 4/6 jours , volume irregulier (CV 1.42)
Allemagne;de_gtfsde;;de_gtfsde|89997;159;86.8;55;49;79;89.3;40.3;1.2;1.17;26;16;4;0;0;REJETEE;identite non resolue , presente 4/6 jours , volume irregulier (CV 1.20)
Pays-Bas;nl_ovapi;Zutphen;nl_ovapi|zutphen@52.14,6.19;127.2;85.8;67;61.6;95.9;98.8;37.3;0.42;0.41;9;152;6;0.33;0;REJETEE;volume irregulier (CV 0.42)
Allemagne;de_gtfsde;;de_gtfsde|650360;125.8;85.8;68;24.2;50.1;67.6;43.4;1.1;1.06;21;9;4;0;0;REJETEE;identite non resolue , presente 4/6 jours , volume irregulier (CV 1.10)
Allemagne;de_gtfsde;;de_gtfsde|277169;143.3;85.5;60;43.3;71.3;81.3;38;1.35;1.32;35;9;4;0;0;REJETEE;identite non resolue , presente 4/6 jours , volume irregulier (CV 1.35)
Pays-Bas;nl_ovapi;Weesp;nl_ovapi|weesp@52.31,5.04;130.8;84.3;64;81.6;95.8;98;16.4;0.6;0.6;19;204;6;1.17;0;REJETEE;volume irregulier (CV 0.60)
Allemagne;de_gtfsde;;de_gtfsde|102022;176.3;83.8;48;54.3;81.5;91;36.7;1.04;0.99;33;17;4;0;0;REJETEE;identite non resolue , presente 4/6 jours , volume irregulier (CV 1.04)
Allemagne;de_gtfsde;;de_gtfsde|295122;160.5;83.8;52;43.6;72.8;84.8;41.2;1.08;0.97;29;31;4;0;0;REJETEE;identite non resolue , presente 4/6 jours , volume irregulier (CV 1.08)
Allemagne;de_gtfsde;;de_gtfsde|14284;155.3;83;53;46.1;82.2;92.8;46.7;0.98;0.92;6;6;4;0;0;REJETEE;identite non resolue , presente 4/6 jours , volume irregulier (CV 0.98)
Allemagne;de_gtfsde;;de_gtfsde|652093;258;81.5;32;79.1;97.5;98.2;19;1.03;0.96;7;65;4;0;0;REJETEE;identite non resolue , presente 4/6 jours , volume irregulier (CV 1.03)
Allemagne;de_gtfsde;;de_gtfsde|167862;159.3;80.3;50;48.6;79.8;93.1;44.5;0.93;0.85;27;6;4;0;0;REJETEE;identite non resolue , presente 4/6 jours , volume irregulier (CV 0.93)
Pays-Bas;nl_ovapi;Castricum;nl_ovapi|castricum@52.55,4.66;97.2;80.2;83;52.4;95.2;97.7;45.3;0.4;0.37;4;158;6;0.17;0;REJETEE;volume irregulier (CV 0.40)
Allemagne;de_gtfsde;;de_gtfsde|2734;121.8;80;66;55.3;84.1;92.2;36.9;1.21;1.12;19;7;4;0;0;REJETEE;identite non resolue , presente 4/6 jours , volume irregulier (CV 1.21)
Pays-Bas;nl_ovapi;Heemstede-Aerdenhout;nl_ovapi|heemstedeaerdenhout@52.36,4.61;115.7;78.8;68;74;94.7;96.6;22.6;0.57;0.52;10;127;6;0;0;REJETEE;volume irregulier (CV 0.57)
Pays-Bas;nl_ovapi;Alkmaar;nl_ovapi|alkmaar@52.64,4.74;107.3;78.8;73;75.9;96.4;98.5;22.6;0.36;0.33;7;157;6;0.17;0;REJETEE;volume irregulier (CV 0.36)
Allemagne;de_gtfsde;;de_gtfsde|452815;158.3;78;49;46.5;83.3;92;45.5;1.02;0.95;21;7;4;0;0;REJETEE;identite non resolue , presente 4/6 jours , volume irregulier (CV 1.02)
Etats-Unis;us_mta_mnr;;us_mta_mnr|124;217.3;77.7;36;46.4;83.5;94;47.6;0.08;0.03;23;94;6;0;0;REJETEE;identite non resolue
Pays-Bas;nl_ovapi;Groningen;nl_ovapi|groningen@53.21,6.56;129.8;77.2;59;83.8;95.7;98.5;14.7;0.63;0.62;10;245;6;0.67;0;REJETEE;volume irregulier (CV 0.63)
Allemagne;de_gtfsde;;de_gtfsde|646114;127.3;75.8;60;30.4;61.7;75.2;44.9;1.23;1.17;15;21;4;0;0;REJETEE;identite non resolue , presente 4/6 jours , volume irregulier (CV 1.23)
Allemagne;de_gtfsde;;de_gtfsde|601935;110.3;74.3;67;32;63;78.8;46.8;1.03;0.96;21;6;4;0;0;REJETEE;identite non resolue , presente 4/6 jours , volume irregulier (CV 1.03)
Allemagne;de_gtfsde;;de_gtfsde|452638;131.8;74;56;35.8;71.3;81.1;45.3;1.28;1.26;30;9;4;0;0;REJETEE;identite non resolue , presente 4/6 jours , volume irregulier (CV 1.28)
Allemagne;de_gtfsde;;de_gtfsde|155845;156.3;73.8;47;44.4;80.7;92.2;47.8;0.99;0.91;22;6;4;0;0;REJETEE;identite non resolue , presente 4/6 jours , volume irregulier (CV 0.99)
Pays-Bas;nl_ovapi;Almere Centrum;nl_ovapi|almerecentrum@52.38,5.22;201.2;72;36;72.7;94.9;98.6;25.9;0.6;0.59;13;181;6;2.5;0;REJETEE;volume irregulier (CV 0.60)
Pays-Bas;nl_ovapi;Dieren;nl_ovapi|dieren@52.04,6.10;92.7;72;78;42.4;92.6;98.4;56;0.48;0.44;8;119;6;0.17;0;REJETEE;volume irregulier (CV 0.48)
Allemagne;de_gtfsde;;de_gtfsde|223865;92.5;72;78;75.7;93.4;100;24.3;1;0.92;20;12;4;0;0;REJETEE;identite non resolue , presente 4/6 jours , volume irregulier (CV 1.00)
Etats-Unis;us_mta_lirr;;us_mta_lirr|237;99.8;71.4;72;25.8;88.5;97.5;71.7;1.02;0.98;23;184;5;0.6;0;REJETEE;identite non resolue , presente 5/6 jours , volume irregulier (CV 1.02)
Pays-Bas;nl_ovapi;Woerden;nl_ovapi|woerden@52.09,4.89;92.5;71.3;77;77.6;96.3;98.4;20.8;0.68;0.6;13;120;6;0.5;0;REJETEE;volume irregulier (CV 0.68)
Allemagne;de_gtfsde;;de_gtfsde|562206;96.3;70.3;73;35.2;60.9;77.2;42;1.17;1.11;41;9;4;0;0;REJETEE;identite non resolue , presente 4/6 jours , volume irregulier (CV 1.17)
Allemagne;de_gtfsde;;de_gtfsde|497869;141.3;69;49;51.1;73.2;87;35.9;1.25;1.17;31;16;4;0;0;REJETEE;identite non resolue , presente 4/6 jours , volume irregulier (CV 1.25)
Pays-Bas;nl_ovapi;Roermond;nl_ovapi|roermond@51.19,5.99;86.7;68.7;79;62.9;95.4;98.5;35.7;0.41;0.35;6;95;6;0.67;0;REJETEE;volume irregulier (CV 0.41)
Allemagne;de_gtfsde;;de_gtfsde|64656;95.5;67.8;71;36.9;71.2;82.3;45.4;1.14;1.04;36;17;4;0;0;REJETEE;identite non resolue , presente 4/6 jours , volume irregulier (CV 1.14)
Etats-Unis;us_mta_mnr;;us_mta_mnr|56;171.2;67.7;40;43.8;86.9;97;53.2;0.1;0.09;20;83;6;0;0;REJETEE;identite non resolue
Allemagne;de_gtfsde;;de_gtfsde|587960;107.5;67.5;63;38.5;68.9;85.6;47;1.21;1.16;33;13;4;0;0;REJETEE;identite non resolue , presente 4/6 jours , volume irregulier (CV 1.21)
Allemagne;de_gtfsde;;de_gtfsde|92917;131.3;65;50;55.4;76.2;87.3;31.9;1.19;1.11;41;25;4;0;0;REJETEE;identite non resolue , presente 4/6 jours , volume irregulier (CV 1.19)
Etats-Unis;us_mbta;South Station;us_mbta|southstation@42.35,-71.06;125.3;64.7;52;100;100;100;0;0.4;0.42;0;39;6;0;0;REJETEE;trop parfaite (100 % sous 60 s) , volume irregulier (CV 0.40)
Allemagne;de_gtfsde;;de_gtfsde|219236;122.3;64.5;53;39.5;79.1;93;53.5;1.43;1.4;15;16;4;0;0;REJETEE;identite non resolue , presente 4/6 jours , volume irregulier (CV 1.43)
Allemagne;de_gtfsde;;de_gtfsde|232735;119;64.5;54;91.1;98.8;99.2;8.1;1.07;1.04;5;7;4;0;0;REJETEE;identite non resolue , presente 4/6 jours , ponctualite 98.8 % > 98 % , volume irregulier (CV 1.07)
Allemagne;de_gtfsde;;de_gtfsde|75763;100.8;64.5;64;36.8;67.1;86.4;49.6;1.24;1.17;38;15;4;0;0;REJETEE;identite non resolue , presente 4/6 jours , volume irregulier (CV 1.24)
Allemagne;de_gtfsde;;de_gtfsde|65708;131.8;63.8;48;76.9;90.6;96.5;19.6;0.97;0.93;15;6;4;0;0;REJETEE;identite non resolue , presente 4/6 jours , volume irregulier (CV 0.97)
Allemagne;de_gtfsde;;de_gtfsde|537557;151.3;63.5;42;52.4;83.1;92.9;40.6;0.91;0.83;11;5;4;0;0;REJETEE;identite non resolue , presente 4/6 jours , volume irregulier (CV 0.91)
Pays-Bas;nl_ovapi;Heiloo;nl_ovapi|heiloo@52.60,4.70;78.3;63.2;81;57.5;95.3;97.1;39.6;0.44;0.4;8;170;6;0.17;0;REJETEE;volume irregulier (CV 0.44)
Allemagne;de_gtfsde;;de_gtfsde|28438;129.8;63;49;45.6;84.1;92.9;47.2;1.07;0.98;22;35;4;0;0;REJETEE;identite non resolue , presente 4/6 jours , volume irregulier (CV 1.07)
Allemagne;de_gtfsde;;de_gtfsde|409909;65.8;63;96;96.4;100;100;3.6;0.9;0.85;0;7;4;0;0;REJETEE;identite non resolue , presente 4/6 jours , trop parfaite (aucun retard > 5 min) , volume irregulier (CV 0.90)
Allemagne;de_gtfsde;;de_gtfsde|397209;135;62.3;46;35.3;61.4;77.9;42.6;1.21;1.12;34;21;4;0;0;REJETEE;identite non resolue , presente 4/6 jours , volume irregulier (CV 1.21)
Allemagne;de_gtfsde;;de_gtfsde|234640;127.8;62;49;73;91.1;96.8;23.8;1;0.96;11;5;4;0;0;REJETEE;identite non resolue , presente 4/6 jours , volume irregulier (CV 1.00)
Allemagne;de_gtfsde;;de_gtfsde|103274;113.8;62;55;52.4;82.7;92.7;40.3;1.08;1.01;43;9;4;0;0;REJETEE;identite non resolue , presente 4/6 jours , volume irregulier (CV 1.08)
Pays-Bas;nl_ovapi;Diemen Zuid;nl_ovapi|diemenzuid@52.33,4.96;76;61.5;81;74;96.5;98.9;24.9;0.6;0.6;10;168;6;0;0;REJETEE;volume irregulier (CV 0.60)
Allemagne;de_gtfsde;;de_gtfsde|304647;130.5;61.3;47;71.8;89;95.9;24.1;0.98;0.94;15;6;4;0;0;REJETEE;identite non resolue , presente 4/6 jours , volume irregulier (CV 0.98)
Allemagne;de_gtfsde;Friedewald  Haltepunkt;de_gtfsde|friedewaldhaltepunkt@51.13,13.65;130.3;61.3;47;70.6;89.4;96.7;26.1;0.98;0.94;13;5;4;0;0;REJETEE;presente 4/6 jours , volume irregulier (CV 0.98)
Pays-Bas;nl_ovapi;Elst;nl_ovapi|elst@51.92,5.85;128.7;61.2;48;60.2;94;98.9;38.7;0.83;0.85;8;197;6;0.33;0;REJETEE;volume irregulier (CV 0.83)
Allemagne;de_gtfsde;;de_gtfsde|243001;112;61;54;34;56.1;71.3;37.3;1.27;1.22;61;15;4;0;0;REJETEE;identite non resolue , presente 4/6 jours , volume irregulier (CV 1.27) , ponctualite erratique (amplitude 61 pt)
Pays-Bas;nl_ovapi;Weert;nl_ovapi|weert@51.25,5.70;81;60.8;75;63;94;98.1;35.1;0.4;0.34;8;98;6;0.5;0;REJETEE;volume irregulier (CV 0.40)
Pays-Bas;nl_ovapi;Lage Zwaluwe;nl_ovapi|lagezwaluwe@51.69,4.66;87.5;59.8;68;80.8;96.1;98.6;17.8;0.53;0.45;12;56;6;0.33;0;REJETEE;volume irregulier (CV 0.53)
Pays-Bas;nl_ovapi;Sittard;nl_ovapi|sittard@51.00,5.86;79.5;59.8;75;67.1;95;97.2;30.1;0.38;0.35;7;113;6;1;0;REJETEE;volume irregulier (CV 0.38)
Pays-Bas;nl_ovapi;Amsterdam RAI;nl_ovapi|amsterdamrai@52.34,4.89;77;59.8;78;70.2;96.1;98.3;28.1;0.6;0.6;9;164;6;0;0;REJETEE;volume irregulier (CV 0.60)
Allemagne;de_gtfsde;;de_gtfsde|500691;128.8;59.5;46;71.4;89.1;96.2;24.8;0.99;0.95;15;5;4;0;0;REJETEE;identite non resolue , presente 4/6 jours , volume irregulier (CV 0.99)
Allemagne;de_gtfsde;;de_gtfsde|188368;101.8;57.8;57;31.6;66.2;82.7;51.1;1.37;1.32;19;12;4;0;0;REJETEE;identite non resolue , presente 4/6 jours , volume irregulier (CV 1.37)
Pays-Bas;nl_ovapi;Utrecht Vaartsche Rijn;nl_ovapi|utrechtvaartscherijn@52.08,5.12;74.5;57.8;78;70.9;97.7;99.1;28.2;0.72;0.65;3;124;6;0.17;0;REJETEE;volume irregulier (CV 0.72)
Pays-Bas;nl_ovapi;Zwijndrecht;nl_ovapi|zwijndrecht@51.82,4.64;152.2;57.7;38;67.3;97.1;99.4;32.1;0.65;0.55;7;73;6;0.33;0;REJETEE;volume irregulier (CV 0.65)
Pays-Bas;nl_ovapi;Venlo;nl_ovapi|venlo@51.37,6.17;84.3;57.7;68;57.2;92.8;98.3;41;0.5;0.45;9;98;6;0.5;0;REJETEE;volume irregulier (CV 0.50)
Allemagne;de_gtfsde;;de_gtfsde|425522;87;57.3;66;40.2;78.6;89.5;49.3;1.2;1.13;23;14;4;0;0;REJETEE;identite non resolue , presente 4/6 jours , volume irregulier (CV 1.20)
Pays-Bas;nl_ovapi;Den Haag Moerwijk;nl_ovapi|denhaagmoerwijk@52.05,4.31;100.2;57.2;57;76.7;97.7;98.8;22.2;0.62;0.55;10;57;6;0.17;0;REJETEE;volume irregulier (CV 0.62)
Allemagne;de_gtfsde;Karlsruhe Poststraße;de_gtfsde|karlsruhepoststrae@49.00,8.40;85;57.2;67;55.7;91.5;96.5;40.8;0.74;0.85;11;489;6;0;0;REJETEE;volume irregulier (CV 0.74)
Pays-Bas;nl_ovapi;Bergen op Zoom;nl_ovapi|bergenopzoom@51.49,4.30;84.7;57;67;60.5;96.2;98.8;38.3;0.61;0.5;5;71;6;0;0;REJETEE;volume irregulier (CV 0.61)
Allemagne;de_gtfsde;;de_gtfsde|208383;130.5;56.8;43;70.5;89;96;25.6;0.97;0.93;19;6;4;0;0;REJETEE;identite non resolue , presente 4/6 jours , volume irregulier (CV 0.97)
Allemagne;de_gtfsde;;de_gtfsde|511315;112.5;56.8;50;47.1;73.6;82.8;35.7;1.21;1.19;28;13;4;0;0;REJETEE;identite non resolue , presente 4/6 jours , volume irregulier (CV 1.21)
Allemagne;de_gtfsde;;de_gtfsde|179210;90.5;56.8;63;43.2;83.7;97.4;54.2;1.22;1.22;18;14;4;0;0;REJETEE;identite non resolue , presente 4/6 jours , volume irregulier (CV 1.22)
Allemagne;de_gtfsde;;de_gtfsde|337719;89;56.8;64;43.6;77.5;90.3;46.7;1.2;1.14;30;15;4;0;0;REJETEE;identite non resolue , presente 4/6 jours , volume irregulier (CV 1.20)
Etats-Unis;us_mta_mnr;;us_mta_mnr|131;99.5;56.5;57;40.1;80.2;93.2;53.1;0.17;0.16;25;70;6;0;0;REJETEE;identite non resolue
Pays-Bas;nl_ovapi;Tilburg Universiteit;nl_ovapi|tilburguniversiteit@51.57,5.05;86.5;56.5;65;74.6;97.6;99.7;25.1;0.45;0.39;7;99;6;0.17;0;REJETEE;volume irregulier (CV 0.45)
Pays-Bas;nl_ovapi;Helmond;nl_ovapi|helmond@51.48,5.66;63.3;56.5;89;54.3;94.7;97.9;43.7;0.4;0.4;15;145;6;0.17;0;REJETEE;volume irregulier (CV 0.40)
Pays-Bas;nl_ovapi;Leeuwarden;nl_ovapi|leeuwarden@53.20,5.79;90;56.3;63;79.9;97.6;99.4;19.5;0.48;0.55;5;225;6;0;0;REJETEE;volume irregulier (CV 0.48)
Allemagne;de_gtfsde;;de_gtfsde|127741;84;56.3;67;80.4;95.6;97.8;17.3;0.97;0.89;8;7;4;0;0;REJETEE;identite non resolue , presente 4/6 jours , volume irregulier (CV 0.97)
Allemagne;de_gtfsde;;de_gtfsde|380397;120.8;56;46;83.9;92;96.4;12.5;1.16;1.12;10;11;4;0;0;REJETEE;identite non resolue , presente 4/6 jours , volume irregulier (CV 1.16)
Allemagne;de_gtfsde;;de_gtfsde|124940;95.3;56;59;29.5;56.3;73.2;43.7;1.34;1.27;37;22;4;0;0;REJETEE;identite non resolue , presente 4/6 jours , volume irregulier (CV 1.34)
Pays-Bas;nl_ovapi;Heerhugowaard;nl_ovapi|heerhugowaard@52.67,4.82;73.3;55.8;76;63.3;96.1;98.8;35.5;0.44;0.4;11;162;6;0.17;0;REJETEE;volume irregulier (CV 0.44)
Pays-Bas;nl_ovapi;Blerick;nl_ovapi|blerick@51.37,6.16;77;55.3;72;50.9;93.4;97.9;47;0.53;0.47;11;91;6;0.33;0;REJETEE;volume irregulier (CV 0.53)
Allemagne;de_gtfsde;;de_gtfsde|374827;81.5;54.8;67;50.2;79;90;39.7;1.16;1.12;25;12;4;0;0;REJETEE;identite non resolue , presente 4/6 jours , volume irregulier (CV 1.16)
Allemagne;de_gtfsde;;de_gtfsde|279400;117;54;46;54.2;81.9;89.8;35.6;1.05;0.96;22;27;4;0;0;REJETEE;identite non resolue , presente 4/6 jours , volume irregulier (CV 1.05)
Pays-Bas;nl_ovapi;Rotterdam Lombardijen;nl_ovapi|rotterdamlombardijen@51.88,4.53;166.3;53.8;32;41.4;96.3;98.6;57.2;0.42;0.29;98;58;4;0.25;0;REJETEE;presente 4/6 jours , volume irregulier (CV 0.42) , ponctualite erratique (amplitude 98 pt)
Pays-Bas;nl_ovapi;Naarden-Bussum;nl_ovapi|naardenbussum@52.28,5.16;69;53.7;78;57.8;95.7;97.5;39.8;0.6;0.56;23;160;6;0.17;0;REJETEE;volume irregulier (CV 0.60)
Pays-Bas;nl_ovapi;Delft Campus;nl_ovapi|delftcampus@51.99,4.36;100.2;53.5;53;68.8;97.2;98.8;29.9;0.62;0.55;14;57;6;0.17;0;REJETEE;volume irregulier (CV 0.62)
Allemagne;de_gtfsde;;de_gtfsde|59420;64.3;53.5;83;98.6;100;100;1.4;0.87;0.81;0;7;4;0;0;REJETEE;identite non resolue , presente 4/6 jours , trop parfaite (99 % sous 60 s) , volume irregulier (CV 0.87)
Allemagne;de_gtfsde;;de_gtfsde|521238;103.8;53;51;53.3;89.2;94.3;41;0.99;0.93;14;7;4;0;0;REJETEE;identite non resolue , presente 4/6 jours , volume irregulier (CV 0.99)
Pays-Bas;nl_ovapi;Utrecht Overvecht;nl_ovapi|utrechtovervecht@52.11,5.13;84.3;53;63;73.9;98.1;99.7;25.8;0.47;0.44;5;121;6;0.5;0;REJETEE;ponctualite 98.1 % > 98 % , volume irregulier (CV 0.47)
Allemagne;de_gtfsde;;de_gtfsde|637878;113;52.8;47;60.2;91;96.7;36.5;1.42;1.37;11;16;4;0;0;REJETEE;identite non resolue , presente 4/6 jours , volume irregulier (CV 1.42)
Allemagne;de_gtfsde;;de_gtfsde|631165;102.3;52.8;52;55.9;86.3;93.8;37.9;0.99;0.92;22;5;4;0;0;REJETEE;identite non resolue , presente 4/6 jours , volume irregulier (CV 0.99)
Allemagne;de_gtfsde;;de_gtfsde|407432;100.5;52.8;52;52.6;87.2;94.8;42.2;1;0.92;24;7;4;0;0;REJETEE;identite non resolue , presente 4/6 jours , volume irregulier (CV 1.00)
Pays-Bas;nl_ovapi;Meppel;nl_ovapi|meppel@52.69,6.20;67.5;52.7;78;56;89.2;94.3;38.3;0.42;0.41;17;158;6;0.5;0;REJETEE;volume irregulier (CV 0.42)
Pays-Bas;nl_ovapi;Deurne;nl_ovapi|deurne@51.46,5.79;63.5;52.7;83;55.1;95.3;98.4;43.4;0.4;0.4;15;145;6;0.17;0;REJETEE;volume irregulier (CV 0.40)
Etats-Unis;us_mta_lirr;;us_mta_lirr|214;71;52.6;74;65.4;92;98.5;33.1;1.04;0.99;17;203;5;0;0;REJETEE;identite non resolue , presente 5/6 jours , volume irregulier (CV 1.04)
Allemagne;de_gtfsde;;de_gtfsde|490928;125.3;52.3;42;37.8;68.9;84.7;46.9;1.02;0.93;11;15;4;0;0;REJETEE;identite non resolue , presente 4/6 jours , volume irregulier (CV 1.02)
Pays-Bas;nl_ovapi;Rotterdam Zuid;nl_ovapi|rotterdamzuid@51.90,4.51;112;52.3;47;69.9;97.1;98.6;28.7;0.46;0.36;99;70;4;0.25;0;REJETEE;presente 4/6 jours , volume irregulier (CV 0.46) , ponctualite erratique (amplitude 99 pt)
Allemagne;de_gtfsde;;de_gtfsde|294154;106;52;49;36.1;69.7;83.7;47.6;1.35;1.31;26;17;4;0;0;REJETEE;identite non resolue , presente 4/6 jours , volume irregulier (CV 1.35)
Allemagne;de_gtfsde;;de_gtfsde|256285;123;51.8;42;72;93.7;97.1;25.1;1.09;1.04;50;7;4;0;0;REJETEE;identite non resolue , presente 4/6 jours , volume irregulier (CV 1.09)
Pays-Bas;nl_ovapi;Rijswijk;nl_ovapi|rijswijk@52.04,4.32;100.2;51.8;52;73.3;97.7;99;25.7;0.62;0.55;10;57;6;0.17;0;REJETEE;volume irregulier (CV 0.62)
Pays-Bas;nl_ovapi;Alkmaar Noord;nl_ovapi|alkmaarnoord@52.64,4.76;73.2;51.7;71;69.7;95.8;98.7;29;0.44;0.4;13;163;6;0.17;0;REJETEE;volume irregulier (CV 0.44)
Pays-Bas;nl_ovapi;Goes;nl_ovapi|goes@51.50,3.89;68.7;51.7;75;64.2;96.8;99;34.8;0.42;0.31;7;94;6;0.5;0;REJETEE;volume irregulier (CV 0.42)
Allemagne;de_gtfsde;;de_gtfsde|487222;98.5;51.3;52;51.2;84.9;92.7;41.5;0.95;0.9;29;8;4;0;0;REJETEE;identite non resolue , presente 4/6 jours , volume irregulier (CV 0.95)
Pays-Bas;nl_ovapi;Uitgeest;nl_ovapi|uitgeest@52.52,4.70;81.2;51.3;63;64.3;95.8;98.7;34.4;0.42;0.41;14;159;6;0.5;0;REJETEE;volume irregulier (CV 0.42)
Pays-Bas;nl_ovapi;Driebergen-Zeist;nl_ovapi|driebergenzeist@52.07,5.26;71.2;51.3;72;66.6;96.4;98.1;31.5;0.37;0.34;10;123;6;0;0;REJETEE;volume irregulier (CV 0.37)
Pays-Bas;nl_ovapi;Barendrecht;nl_ovapi|barendrecht@51.86,4.55;147.3;51;35;71.1;97.5;99;27.9;0.3;0.18;99;71;4;0.25;0;REJETEE;presente 4/6 jours , ponctualite erratique (amplitude 99 pt)
Allemagne;de_gtfsde;;de_gtfsde|485206;68.8;51;74;100;100;100;0;0.91;0.86;0;8;4;0;0;REJETEE;identite non resolue , presente 4/6 jours , trop parfaite (100 % sous 60 s) , volume irregulier (CV 0.91)
Allemagne;de_gtfsde;;de_gtfsde|243213;79.8;50.8;64;30;69.5;85.2;55.2;1.29;1.24;43;12;4;0;0;REJETEE;identite non resolue , presente 4/6 jours , volume irregulier (CV 1.29)
Allemagne;de_gtfsde;;de_gtfsde|228165;65.3;50.5;77;98.5;100;100;1.5;0.87;0.8;0;7;4;0;0;REJETEE;identite non resolue , presente 4/6 jours , trop parfaite (99 % sous 60 s) , volume irregulier (CV 0.87)
Pays-Bas;nl_ovapi;Kruiningen-Yerseke;nl_ovapi|kruiningenyerseke@51.47,4.04;79;50.3;64;64.2;96.4;99.3;35.1;0.64;0.54;7;77;6;0.5;0;REJETEE;volume irregulier (CV 0.64)
Pays-Bas;nl_ovapi;Hoorn;nl_ovapi|hoorn@52.64,5.05;89.5;50;56;70.3;97.7;98.3;28;0.45;0.42;5;162;6;0.67;0;REJETEE;volume irregulier (CV 0.45)
Pays-Bas;nl_ovapi;Dordrecht Zuid;nl_ovapi|dordrechtzuid@51.79,4.67;85.7;50;58;69.7;95;99;29.3;0.56;0.46;13;56;6;0.33;0;REJETEE;volume irregulier (CV 0.56)
Allemagne;de_gtfsde;;de_gtfsde|638286;66.8;49.3;74;94.4;100;100;5.6;0.97;0.9;0;9;4;0;0;REJETEE;identite non resolue , presente 4/6 jours , trop parfaite (aucun retard > 5 min) , volume irregulier (CV 0.97)
Pays-Bas;nl_ovapi;Bussum Zuid;nl_ovapi|bussumzuid@52.27,5.16;65.8;49.3;75;73.3;95.6;97.3;24;0.67;0.64;23;174;6;0.17;0;REJETEE;volume irregulier (CV 0.67)
Pays-Bas;nl_ovapi;Oss West;nl_ovapi|osswest@51.76,5.51;59.7;49.3;83;39.2;94.6;98.3;59.1;0.45;0.39;8;92;6;0.17;0;REJETEE;volume irregulier (CV 0.45)
Pays-Bas;nl_ovapi;Amersfoort Schothorst;nl_ovapi|amersfoortschothorst@52.17,5.40;78.7;49.2;63;72.5;97.3;99;26.4;0.54;0.47;8;107;6;0.33;0;REJETEE;volume irregulier (CV 0.54)
Pays-Bas;nl_ovapi;Wijchen;nl_ovapi|wijchen@51.81,5.73;78.3;49.2;63;21;94.2;99;78;0.62;0.57;100;64;6;0.17;0;REJETEE;volume irregulier (CV 0.62) , ponctualite erratique (amplitude 100 pt)
Allemagne;de_gtfsde;;de_gtfsde|316827;75.5;48.8;65;67.2;95.9;99.5;32.3;1.19;1.15;5;13;4;0;0;REJETEE;identite non resolue , presente 4/6 jours , volume irregulier (CV 1.19)
Pays-Bas;nl_ovapi;Geldermalsen;nl_ovapi|geldermalsen@51.88,5.27;69.7;48.7;70;76.7;92.8;99;22.3;0.77;0.78;33;183;6;0.17;0;REJETEE;volume irregulier (CV 0.77)
Allemagne;de_gtfsde;S Grünau (Berlin);de_gtfsde|sgrnauberlin@52.41,13.57;109;48.5;44;74.9;91.1;95.9;21;1.03;0.93;14;95;6;0;0;REJETEE;volume irregulier (CV 1.03)
Allemagne;de_gtfsde;;de_gtfsde|379516;105.3;48.5;46;52.1;72.2;77.3;25.3;1.33;1.26;32;20;4;0;0;REJETEE;identite non resolue , presente 4/6 jours , volume irregulier (CV 1.33)
Pays-Bas;nl_ovapi;Hilversum Media Park;nl_ovapi|hilversummediapark@52.24,5.17;65.8;48.5;74;69.1;96.9;98.3;29.2;0.67;0.64;29;174;6;0.17;0;REJETEE;volume irregulier (CV 0.67)
Allemagne;de_gtfsde;;de_gtfsde|539704;133.8;48.3;36;89.1;100;100;10.9;0.98;0.91;0;76;4;0;0;REJETEE;identite non resolue , presente 4/6 jours , trop parfaite (aucun retard > 5 min) , volume irregulier (CV 0.98)
Allemagne;de_gtfsde;;de_gtfsde|320215;90;48.3;54;40.4;74.1;88.6;48.2;1.16;1.09;12;9;4;0;0;REJETEE;identite non resolue , presente 4/6 jours , volume irregulier (CV 1.16)
Allemagne;de_gtfsde;;de_gtfsde|85706;83.5;48;57;43.8;81.8;93.8;50;1.01;0.95;19;8;4;0;0;REJETEE;identite non resolue , presente 4/6 jours , volume irregulier (CV 1.01)
Pays-Bas;nl_ovapi;Almere Muziekwijk;nl_ovapi|almeremuziekwijk@52.37,5.19;64.2;48;75;64.2;96.2;99;34.7;0.61;0.62;7;230;6;1;0;REJETEE;volume irregulier (CV 0.61)
Allemagne;de_gtfsde;;de_gtfsde|510642;96;47.8;50;40.3;63.4;76.4;36.1;1.24;1.2;50;17;4;0;0;REJETEE;identite non resolue , presente 4/6 jours , volume irregulier (CV 1.24)
Pays-Bas;nl_ovapi;Amsterdam Lelylaan;nl_ovapi|amsterdamlelylaan@52.36,4.83;83.3;47.8;57;57.5;96.9;99.7;42.2;0.78;0.81;9;235;6;2.17;0;REJETEE;volume irregulier (CV 0.78)
Allemagne;de_gtfsde;;de_gtfsde|89984;72.8;47.5;65;55.8;87.4;93.2;37.4;1.34;1.29;16;6;4;0;0;REJETEE;identite non resolue , presente 4/6 jours , volume irregulier (CV 1.34)
Allemagne;de_gtfsde;;de_gtfsde|565227;134.3;47.3;35;29.1;57.1;77.8;48.7;1.34;1.28;28;26;4;0;0;REJETEE;identite non resolue , presente 4/6 jours , volume irregulier (CV 1.34)
Allemagne;de_gtfsde;;de_gtfsde|24997;83.8;47.3;56;47.1;86.2;92.6;45.5;1.2;1.15;12;5;4;0;0;REJETEE;identite non resolue , presente 4/6 jours , volume irregulier (CV 1.20)
Allemagne;de_gtfsde;Karlsruhe Kurt-Schumacher-Str.;de_gtfsde|karlsruhekurtschumacherstr@49.03,8.38;73.4;47.2;64;59.3;98.7;99.6;40.3;0.76;0.86;7;547;5;0;0;REJETEE;presente 5/6 jours , ponctualite 98.7 % > 98 % , volume irregulier (CV 0.76)
Allemagne;de_gtfsde;;de_gtfsde|356625;77;46.8;61;42.8;70.1;80.2;37.4;1;0.93;38;14;4;0;0;REJETEE;identite non resolue , presente 4/6 jours , volume irregulier (CV 1.00)
Pays-Bas;nl_ovapi;Almere Poort;nl_ovapi|almerepoort@52.34,5.15;63.7;46.8;74;69.4;95.4;98.9;29.5;0.62;0.62;11;227;6;1;0;REJETEE;volume irregulier (CV 0.62)
Allemagne;de_gtfsde;;de_gtfsde|380418;95.3;46.5;49;60.8;90.3;96.2;35.5;1.02;0.94;48;6;4;0;0;REJETEE;identite non resolue , presente 4/6 jours , volume irregulier (CV 1.02)
Allemagne;de_gtfsde;;de_gtfsde|625989;69.5;46.5;67;24.7;68.3;86;61.3;1.22;1.15;40;5;4;0;0;REJETEE;identite non resolue , presente 4/6 jours , volume irregulier (CV 1.22)
Allemagne;de_gtfsde;;de_gtfsde|191126;127.5;46;36;81;94.6;97.3;16.3;1.19;1.14;7;53;4;0;0;REJETEE;identite non resolue , presente 4/6 jours , volume irregulier (CV 1.19)
Allemagne;de_gtfsde;;de_gtfsde|138191;90.8;46;51;50.5;70.7;81;30.4;1.13;1.09;37;15;4;0;0;REJETEE;identite non resolue , presente 4/6 jours , volume irregulier (CV 1.13)
Allemagne;de_gtfsde;;de_gtfsde|376430;75.5;46;61;42.4;78.3;89.7;47.3;1.17;1.11;25;9;4;0;0;REJETEE;identite non resolue , presente 4/6 jours , volume irregulier (CV 1.17)
Allemagne;de_gtfsde;;de_gtfsde|492385;72.5;46;63;69;94.6;98.9;29.9;1.16;1.14;30;10;4;0;0;REJETEE;identite non resolue , presente 4/6 jours , volume irregulier (CV 1.16)
Pays-Bas;nl_ovapi;Ravenstein;nl_ovapi|ravenstein@51.79,5.64;72.2;45.8;64;38.9;96.4;98.5;59.6;0.66;0.58;100;71;6;0.17;0;REJETEE;volume irregulier (CV 0.66) , ponctualite erratique (amplitude 100 pt)
Allemagne;de_gtfsde;Ettlingen Erbprinz / Schloss;de_gtfsde|ettlingenerbprinzschloss@48.94,8.40;69.6;45.6;66;58.3;96.5;97.8;39.5;0.79;0.89;5;629;5;0;0;REJETEE;presente 5/6 jours , volume irregulier (CV 0.79)
Allemagne;de_gtfsde;;de_gtfsde|138020;82.5;45.5;55;37.4;81.3;92.9;55.5;1.12;1.04;31;6;4;0;0;REJETEE;identite non resolue , presente 4/6 jours , volume irregulier (CV 1.12)
Pays-Bas;nl_ovapi;Houten;nl_ovapi|houten@52.03,5.17;53.8;45.5;85;80.6;97.1;99.3;18.7;0.86;0.79;7;133;6;0.17;0;REJETEE;volume irregulier (CV 0.86)
Allemagne;de_gtfsde;;de_gtfsde|400431;83.3;45.3;54;55.2;85.1;92.3;37;1.17;1.11;27;5;4;0;0;REJETEE;identite non resolue , presente 4/6 jours , volume irregulier (CV 1.17)
Pays-Bas;nl_ovapi;'s-Hertogenbosch Oost;nl_ovapi|shertogenboschoost@51.70,5.32;59.7;45.3;76;49.3;95.6;97.8;48.5;0.44;0.39;7;92;6;0.17;0;REJETEE;volume irregulier (CV 0.44)
Pays-Bas;nl_ovapi;Houten Castellum;nl_ovapi|houtencastellum@52.02,5.18;53.8;45.3;84;74.3;96.3;98.9;24.6;0.85;0.79;33;133;6;0.17;0;REJETEE;volume irregulier (CV 0.85)
Pays-Bas;nl_ovapi;Middelburg;nl_ovapi|middelburg@51.50,3.62;70.8;45.2;64;70.5;97.8;99.6;29.2;0.4;0.31;6;90;6;0.5;0;REJETEE;volume irregulier (CV 0.40)
Pays-Bas;nl_ovapi;Culemborg;nl_ovapi|culemborg@51.95,5.23;53.7;45.2;84;50.9;93;98.5;47.6;0.85;0.79;33;134;6;0.17;0;REJETEE;volume irregulier (CV 0.85)
Etats-Unis;us_mta_mnr;;us_mta_mnr|74;145.7;45;31;47.8;87;96.3;48.5;0.24;0.26;19;53;6;0;0;REJETEE;identite non resolue
Etats-Unis;us_mta_mnr;;us_mta_mnr|33;132.2;45;34;42.6;85.6;97.8;55.2;0.09;0.11;26;79;6;0;0;REJETEE;identite non resolue
Pays-Bas;nl_ovapi;Rosmalen;nl_ovapi|rosmalen@51.72,5.37;59.7;45;75;61.1;94.8;97.8;36.7;0.45;0.39;8;92;6;0.17;0;REJETEE;volume irregulier (CV 0.45)
Allemagne;de_gtfsde;;de_gtfsde|237992;98.5;44.8;45;33.5;61.5;78.8;45.3;0.94;0.88;53;12;4;0;0;REJETEE;identite non resolue , presente 4/6 jours , volume irregulier (CV 0.94)
Pays-Bas;nl_ovapi;Gouda Goverwelle;nl_ovapi|goudagoverwelle@52.01,4.74;62.3;44.8;72;78.1;94.4;98.1;20.1;0.64;0.54;29;130;6;0.17;0;REJETEE;volume irregulier (CV 0.64)
Pays-Bas;nl_ovapi;Utrecht Lunetten;nl_ovapi|utrechtlunetten@52.07,5.14;53.8;44.7;83;78.4;97.4;99.3;20.9;0.86;0.79;6;133;6;0.17;0;REJETEE;volume irregulier (CV 0.86)
Pays-Bas;nl_ovapi;Nijmegen Lent;nl_ovapi|nijmegenlent@51.86,5.86;75.5;44.5;59;53.6;93.6;99.3;45.7;0.69;0.64;97;54;6;0.33;0;REJETEE;volume irregulier (CV 0.69) , ponctualite erratique (amplitude 97 pt)
Allemagne;de_gtfsde;;de_gtfsde|652909;71.3;44.5;62;64;94.4;99.4;35.4;1.21;1.13;8;19;4;0;0;REJETEE;identite non resolue , presente 4/6 jours , volume irregulier (CV 1.21)
Allemagne;de_gtfsde;;de_gtfsde|393998;78.5;44.3;56;41.2;79.1;92.7;51.4;1.42;1.38;33;12;4;0;0;REJETEE;identite non resolue , presente 4/6 jours , volume irregulier (CV 1.42)
Pays-Bas;nl_ovapi;Arnhem Zuid;nl_ovapi|arnhemzuid@51.96,5.85;75.7;44.2;58;63.4;93.6;99.2;35.8;0.69;0.63;9;55;6;0.33;0;REJETEE;volume irregulier (CV 0.69)
Allemagne;de_gtfsde;;de_gtfsde|626879;74.8;44;59;27.3;75.6;92.6;65.3;1.1;1.1;67;9;4;0;0;REJETEE;identite non resolue , presente 4/6 jours , volume irregulier (CV 1.10) , ponctualite erratique (amplitude 67 pt)
Etats-Unis;us_mta_mnr;;us_mta_mnr|140;125.5;43.8;35;51.3;82.1;93.9;42.6;0.18;0.19;29;64;6;0;0;REJETEE;identite non resolue
Allemagne;de_gtfsde;;de_gtfsde|468538;101.5;43.8;43;41.1;66.3;81.7;40.6;1.14;1.05;31;15;4;0;0;REJETEE;identite non resolue , presente 4/6 jours , volume irregulier (CV 1.14)
Allemagne;de_gtfsde;;de_gtfsde|309903;75.8;43.8;58;20;71.4;93.1;73.1;1.15;1.15;50;11;4;0;0;REJETEE;identite non resolue , presente 4/6 jours , volume irregulier (CV 1.15)
Etats-Unis;us_mta_mnr;;us_mta_mnr|138;80.7;43.7;54;49.6;83.2;94.7;45;0.14;0.13;25;75;6;0;0;REJETEE;identite non resolue
Etats-Unis;us_mta_mnr;;us_mta_mnr|116;104.7;43.5;42;46.7;82.4;95;48.3;0.22;0.24;22;57;6;0;0;REJETEE;identite non resolue
Etats-Unis;us_mta_mnr;;us_mta_mnr|27;104.7;43.5;42;44.1;87;97.7;53.6;0.12;0.1;30;82;6;0;0;REJETEE;identite non resolue
Etats-Unis;us_mta_mnr;;us_mta_mnr|31;103.7;43.5;42;42.9;86.2;97.7;54.8;0.12;0.09;28;83;6;0;0;REJETEE;identite non resolue
Allemagne;de_gtfsde;;de_gtfsde|99760;82.8;43.5;53;51.7;81.6;90.8;39.1;1.13;1.09;35;5;4;0;0;REJETEE;identite non resolue , presente 4/6 jours , volume irregulier (CV 1.13)
Allemagne;de_gtfsde;;de_gtfsde|431746;71.5;43.5;61;73;94.8;99.4;26.4;1.22;1.19;8;12;4;0;0;REJETEE;identite non resolue , presente 4/6 jours , volume irregulier (CV 1.22)
Allemagne;de_gtfsde;;de_gtfsde|420797;70.5;43.5;62;37.4;66.7;81;43.7;1.19;1.08;44;17;4;0;0;REJETEE;identite non resolue , presente 4/6 jours , volume irregulier (CV 1.19)
Allemagne;de_gtfsde;;de_gtfsde|386530;58.5;43.3;74;28.3;53.8;73.4;45.1;1.08;1.02;50;5;4;0;0;REJETEE;identite non resolue , presente 4/6 jours , volume irregulier (CV 1.08)
Pays-Bas;nl_ovapi;Rotterdam Alexander;nl_ovapi|rotterdamalexander@51.95,4.55;68;43;63;53.9;94.6;98.1;44.2;0.38;0.35;12;143;6;1.83;0;REJETEE;volume irregulier (CV 0.38)
Allemagne;de_gtfsde;;de_gtfsde|625189;78.5;42.8;54;45.6;83;93;47.4;1.21;1.18;29;8;4;0;0;REJETEE;identite non resolue , presente 4/6 jours , volume irregulier (CV 1.21)
Allemagne;de_gtfsde;;de_gtfsde|504061;71.5;42.8;60;68.4;94.7;98.2;29.8;1.17;1.15;29;12;4;0;0;REJETEE;identite non resolue , presente 4/6 jours , volume irregulier (CV 1.17)
Australie;au_translink_seq;Ormiston station;au_translink_seq|ormistonstation@-27.51,153.26;69.7;42.8;61;60.7;98.4;100;39.3;0.26;0.26;5;75;6;0;0.33;REJETEE;ponctualite 98.4 % > 98 %
Allemagne;de_gtfsde;;de_gtfsde|324900;65.8;42.8;65;99.4;100;100;0.6;0.9;0.85;0;7;4;0;0;REJETEE;identite non resolue , presente 4/6 jours , trop parfaite (99 % sous 60 s) , volume irregulier (CV 0.90)
Allemagne;de_gtfsde;;de_gtfsde|528705;63.3;42.8;68;90.1;100;100;9.9;0.91;0.84;0;5;4;0;0;REJETEE;identite non resolue , presente 4/6 jours , trop parfaite (aucun retard > 5 min) , volume irregulier (CV 0.91)
Etats-Unis;us_mta_mnr;;us_mta_mnr|134;76.5;42.7;56;46.5;80.5;92.2;45.7;0.14;0.1;25;80;6;0;0;REJETEE;identite non resolue
Pays-Bas;nl_ovapi;Groningen Europapark;nl_ovapi|groningeneuropapark@53.20,6.59;65.7;42.7;65;75;97.7;100;25;0.9;0.89;13;371;6;0.5;0;REJETEE;volume irregulier (CV 0.90)
Pays-Bas;nl_ovapi;Nieuw Vennep;nl_ovapi|nieuwvennep@52.26,4.65;57.7;42.7;74;76.6;96.9;98.4;21.9;0.65;0.61;15;96;6;0;0;REJETEE;volume irregulier (CV 0.65)
Allemagne;de_gtfsde;;de_gtfsde|209607;96.3;42.3;44;73.4;91.7;96.4;23.1;0.97;0.92;35;6;4;0;0;REJETEE;identite non resolue , presente 4/6 jours , volume irregulier (CV 0.97)
Allemagne;de_gtfsde;;de_gtfsde|422951;83;42.3;51;82.8;90.5;95.9;13;1.07;0.99;15;8;4;0;0;REJETEE;identite non resolue , presente 4/6 jours , volume irregulier (CV 1.07)
Allemagne;de_gtfsde;;de_gtfsde|314341;75.8;42.3;56;75.1;94.7;98.2;23.1;0.98;0.9;7;8;4;0;0;REJETEE;identite non resolue , presente 4/6 jours , volume irregulier (CV 0.98)
Etats-Unis;us_mta_mnr;;us_mta_mnr|188;80.7;42.2;52;50.6;83.4;94.5;43.9;0.14;0.13;25;75;6;0;0;REJETEE;identite non resolue
Etats-Unis;us_mta_mnr;;us_mta_mnr|128;75;42.2;56;45.8;79.8;91.7;45.8;0.12;0.09;25;82;6;0;0;REJETEE;identite non resolue
Allemagne;de_gtfsde;;de_gtfsde|609315;74.8;42;56;75;96.4;98.2;23.2;1.08;1.01;6;7;4;0;0;REJETEE;identite non resolue , presente 4/6 jours , volume irregulier (CV 1.08)
Allemagne;de_gtfsde;;de_gtfsde|601351;59;42;71;22.6;72.6;91.1;68.5;1.21;1.16;43;4;4;0;0;REJETEE;identite non resolue , presente 4/6 jours , volume irregulier (CV 1.21)
Allemagne;de_gtfsde;;de_gtfsde|225628;56.8;42;74;24.4;42.9;56.5;32.1;1.01;0.93;81;31;4;0;0;REJETEE;identite non resolue , presente 4/6 jours , volume irregulier (CV 1.01) , ponctualite erratique (amplitude 81 pt)
Pays-Bas;nl_ovapi;Horst-Sevenum;nl_ovapi|horstsevenum@51.43,6.04;51.3;42;82;52.4;94;98.4;46;0.47;0.42;15;103;6;0.17;0;REJETEE;volume irregulier (CV 0.47)
Allemagne;de_gtfsde;;de_gtfsde|262130;95.8;41.8;44;76;91.6;96.4;20.4;0.95;0.89;27;6;4;0;0;REJETEE;identite non resolue , presente 4/6 jours , volume irregulier (CV 0.95)
Allemagne;de_gtfsde;;de_gtfsde|36447;93.3;41.8;45;73.7;91.6;96.4;22.8;0.97;0.91;41;6;4;0;0;REJETEE;identite non resolue , presente 4/6 jours , volume irregulier (CV 0.97)
Pays-Bas;nl_ovapi;Hengelo;nl_ovapi|hengelo@52.26,6.79;74.5;41.8;56;68.5;92;94.4;25.9;0.54;0.58;13;224;6;0.83;0;REJETEE;volume irregulier (CV 0.54)
Pays-Bas;nl_ovapi;Vlissingen;nl_ovapi|vlissingen@51.44,3.60;69.3;41.7;60;84.4;98.4;99.6;15.2;0.41;0.32;7;94;6;0.5;0;REJETEE;ponctualite 98.4 % > 98 % , volume irregulier (CV 0.41)
Allemagne;de_gtfsde;;de_gtfsde|551572;127.5;41.5;33;80.1;95.8;97.6;17.5;1.19;1.14;5;53;4;0;0;REJETEE;identite non resolue , presente 4/6 jours , volume irregulier (CV 1.19)
Pays-Bas;nl_ovapi;Almelo;nl_ovapi|almelo@52.36,6.66;88.8;41.5;47;66.3;96.4;98.4;32.1;0.68;0.65;6;177;6;0.33;0;REJETEE;volume irregulier (CV 0.68)
Allemagne;de_gtfsde;;de_gtfsde|481642;78.5;41.5;53;51.2;84.3;95.2;44;1.04;1;19;14;4;0;0;REJETEE;identite non resolue , presente 4/6 jours , volume irregulier (CV 1.04)
Allemagne;de_gtfsde;;de_gtfsde|160951;76;41.5;55;32.5;74.1;95.2;62.7;1.17;1.15;43;12;4;0;0;REJETEE;identite non resolue , presente 4/6 jours , volume irregulier (CV 1.17)
Allemagne;de_gtfsde;;de_gtfsde|176510;75;41.5;55;41;72.3;88.6;47.6;1.25;1.21;30;18;4;0;0;REJETEE;identite non resolue , presente 4/6 jours , volume irregulier (CV 1.25)
Pays-Bas;nl_ovapi;Schagen;nl_ovapi|schagen@52.79,4.81;51.2;41.3;81;48;96.8;98.8;50.8;0.43;0.38;7;139;6;0;0;REJETEE;volume irregulier (CV 0.43)
Allemagne;de_gtfsde;;de_gtfsde|492334;87.5;41;47;80.5;96.3;98.8;18.3;1.27;1.26;5;8;4;0;0;REJETEE;identite non resolue , presente 4/6 jours , volume irregulier (CV 1.27)
Allemagne;de_gtfsde;;de_gtfsde|632461;85;41;48;75.6;89;94.5;18.9;1.05;1;16;6;4;0;0;REJETEE;identite non resolue , presente 4/6 jours , volume irregulier (CV 1.05)
Allemagne;de_gtfsde;;de_gtfsde|559150;87.5;40.8;47;36.8;56.4;70.6;33.7;1.13;1.1;52;12;4;0;0;REJETEE;identite non resolue , presente 4/6 jours , volume irregulier (CV 1.13)
Pays-Bas;nl_ovapi;Tilburg Reeshof;nl_ovapi|tilburgreeshof@51.57,4.99;56.8;40.7;72;75;95.9;98.8;23.8;0.47;0.41;7;95;6;0.17;0;REJETEE;volume irregulier (CV 0.47)
Allemagne;de_gtfsde;;de_gtfsde|524194;96.5;40.5;42;26.5;58;85.8;59.3;1.4;1.34;67;17;4;0;0;REJETEE;identite non resolue , presente 4/6 jours , volume irregulier (CV 1.40) , ponctualite erratique (amplitude 67 pt)
Allemagne;de_gtfsde;;de_gtfsde|545494;72.5;40.5;56;43.2;61.1;73.5;30.2;1.34;1.27;60;20;4;0;0;REJETEE;identite non resolue , presente 4/6 jours , volume irregulier (CV 1.34)
Pays-Bas;nl_ovapi;Nijmegen Dukenburg;nl_ovapi|nijmegendukenburg@51.82,5.79;67.3;40.5;60;53.1;95.1;99.2;46.1;0.48;0.45;100;79;6;0.17;0;REJETEE;volume irregulier (CV 0.48) , ponctualite erratique (amplitude 100 pt)
Pays-Bas;nl_ovapi;Hilversum Sportpark;nl_ovapi|hilversumsportpark@52.22,5.19;56.7;40.5;71;64.6;97.9;99.6;35;0.56;0.56;8;154;6;0.5;0;REJETEE;volume irregulier (CV 0.56)
Allemagne;de_gtfsde;;de_gtfsde|230198;57.5;40;70;37.5;65.6;81.9;44.4;1.02;0.97;37;12;4;0;0;REJETEE;identite non resolue , presente 4/6 jours , volume irregulier (CV 1.02)
Allemagne;de_gtfsde;;de_gtfsde|482229;94.8;39.8;42;80.5;92.5;95.6;15.1;1;0.92;8;85;4;0;0;REJETEE;identite non resolue , presente 4/6 jours , volume irregulier (CV 1.00)
Allemagne;de_gtfsde;;de_gtfsde|468819;87.8;39.8;45;74.8;94.3;98.1;23.3;1.24;1.19;7;6;4;0;0;REJETEE;identite non resolue , presente 4/6 jours , volume irregulier (CV 1.24)
Allemagne;de_gtfsde;;de_gtfsde|207847;57;39.5;69;70.3;93.7;96.2;25.9;1.02;0.99;9;11;4;0;0;REJETEE;identite non resolue , presente 4/6 jours , volume irregulier (CV 1.02)
Allemagne;de_gtfsde;;de_gtfsde|85137;61.3;39.3;64;32.5;78.3;94.9;62.4;1.38;1.33;25;6;4;0;0;REJETEE;identite non resolue , presente 4/6 jours , volume irregulier (CV 1.38)
Pays-Bas;nl_ovapi;Breukelen;nl_ovapi|breukelen@52.17,4.99;51.5;39.3;76;58.9;97;98.7;39.8;0.47;0.45;11;117;6;0.17;0;REJETEE;volume irregulier (CV 0.47)
Allemagne;de_gtfsde;;de_gtfsde|427410;80.5;39;48;75.6;89.7;94.2;18.6;1.12;1.03;19;21;4;0;0;REJETEE;identite non resolue , presente 4/6 jours , volume irregulier (CV 1.12)
Allemagne;de_gtfsde;;de_gtfsde|640251;72.3;39;54;53.2;84;91.7;38.5;1.16;1.12;28;4;4;0;0;REJETEE;identite non resolue , presente 4/6 jours , volume irregulier (CV 1.16)
Pays-Bas;nl_ovapi;Anna Paulowna;nl_ovapi|annapaulowna@52.87,4.81;50.2;39;78;67.5;97.4;98.3;30.8;0.48;0.4;5;138;6;0;0;REJETEE;volume irregulier (CV 0.48)
Allemagne;de_gtfsde;;de_gtfsde|125795;47.5;39;82;29.5;59;82.1;52.6;1.05;1.01;50;5;4;0;0;REJETEE;identite non resolue , presente 4/6 jours , volume irregulier (CV 1.05)
Pays-Bas;nl_ovapi;Nijmegen Goffert;nl_ovapi|nijmegengoffert@51.83,5.82;67.3;38.8;58;32.6;94.8;99.1;66.5;0.48;0.45;100;79;6;0.17;0;REJETEE;volume irregulier (CV 0.48) , ponctualite erratique (amplitude 100 pt)
Pays-Bas;nl_ovapi;Gilze-Rijen;nl_ovapi|gilzerijen@51.58,4.92;56.8;38.7;68;64.2;95.3;98.7;34.5;0.47;0.41;8;95;6;0.17;0;REJETEE;volume irregulier (CV 0.47)
Allemagne;de_gtfsde;;de_gtfsde|224113;67;38.5;57;39.6;71.4;86.4;46.8;1.18;1.12;50;36;4;0;0;REJETEE;identite non resolue , presente 4/6 jours , volume irregulier (CV 1.18)
Allemagne;de_gtfsde;Dormagen Bf;de_gtfsde|dormagenbf@51.10,6.82;64.3;38.5;60;47.2;78.4;90;42.9;0.59;0.54;45;169;6;0;0;REJETEE;volume irregulier (CV 0.59)
Australie;au_translink_seq;Ormeau station;au_translink_seq|ormeaustation@-27.80,153.28;62.8;38.5;61;55.2;93.5;97.4;42.2;0.09;0.13;12;;4;0;1;REJETEE;presente 4/6 jours
Allemagne;de_gtfsde;;de_gtfsde|293394;61.3;38.5;63;49.4;89;93.5;44.2;1.47;1.43;30;14;4;0;0;REJETEE;identite non resolue , presente 4/6 jours , volume irregulier (CV 1.47)
Etats-Unis;us_mbta;Back Bay;us_mbta|backbay@42.35,-71.08;60;38.5;64;100;100;100;0;0.56;0.59;0;19;6;0;0;REJETEE;trop parfaite (100 % sous 60 s) , volume irregulier (CV 0.56)
Allemagne;de_gtfsde;;de_gtfsde|83619;55.3;38.5;70;35.7;74.7;92.2;56.5;1.38;1.36;42;14;4;0;0;REJETEE;identite non resolue , presente 4/6 jours , volume irregulier (CV 1.38)
Etats-Unis;us_mta_mnr;;us_mta_mnr|76;138.3;38.3;28;48.3;88.7;96.5;48.3;0.22;0.23;21;57;6;0;0;REJETEE;identite non resolue
Etats-Unis;us_mta_mnr;;us_mta_mnr|145;78.8;38.3;49;57;84.8;96.1;39.1;0.11;0.11;23;79;6;0;0;REJETEE;identite non resolue
Allemagne;de_gtfsde;;de_gtfsde|496321;54.3;38.3;71;37.3;74.5;92.2;54.9;1.21;1.15;67;14;4;0;0;REJETEE;identite non resolue , presente 4/6 jours , volume irregulier (CV 1.21) , ponctualite erratique (amplitude 67 pt)
Allemagne;de_gtfsde;Büchig;de_gtfsde|bchig@49.05,8.46;67;38;57;60.1;86.4;90.8;30.7;1.19;1.09;18;54;6;0;0;REJETEE;volume irregulier (CV 1.19)
Australie;au_translink_seq;Helensvale station;au_translink_seq|helensvalestation@-27.93,153.34;62.3;38;61;39.5;94.7;98;58.6;0.12;0.18;13;;4;0;1;REJETEE;presente 4/6 jours
Allemagne;de_gtfsde;;de_gtfsde|186322;58;37.8;65;50.3;85.4;95.4;45;1.47;1.43;90;9;4;0;0;REJETEE;identite non resolue , presente 4/6 jours , volume irregulier (CV 1.47) , ponctualite erratique (amplitude 90 pt)
Etats-Unis;us_mta_lirr;;us_mta_lirr|349;51;37.8;74;32.3;97.4;100;67.7;1.08;0.99;13;180;5;0;0;REJETEE;identite non resolue , presente 5/6 jours , volume irregulier (CV 1.08)
Allemagne;de_gtfsde;Osnabrück Hbf;de_gtfsde|osnabrckhbf@52.27,8.06;59.2;37.6;64;38.3;64.4;80.3;42;0.68;0.82;47;290;5;0;0;REJETEE;presente 5/6 jours , volume irregulier (CV 0.68)
Etats-Unis;us_mta_mnr;;us_mta_mnr|143;82.3;37.5;46;55.1;83.1;95.1;40;0.16;0.14;30;73;6;0;0;REJETEE;identite non resolue
Australie;au_translink_seq;Hope Island station;au_translink_seq|hopeislandstation@-27.88,153.33;62.3;37.3;60;16.8;94.6;98;81.2;0.12;0.18;13;;4;0;1;REJETEE;presente 4/6 jours
Pays-Bas;nl_ovapi;Hoorn Kersenboogerd;nl_ovapi|hoornkersenboogerd@52.65,5.08;59.7;37.2;62;73.1;96.4;98.7;25.6;0.47;0.47;6;153;6;0.5;0;REJETEE;volume irregulier (CV 0.47)
Allemagne;de_gtfsde;;de_gtfsde|598131;129.5;37;29;85.8;98.6;98.6;12.8;1.03;0.94;5;69;4;0;0;REJETEE;identite non resolue , presente 4/6 jours , ponctualite 98.6 % > 98 % , volume irregulier (CV 1.03)
Allemagne;de_gtfsde;;de_gtfsde|9434;63.8;37;58;39.9;79.1;93.9;54.1;1.39;1.34;40;14;4;0;0;REJETEE;identite non resolue , presente 4/6 jours , volume irregulier (CV 1.39)
Australie;au_translink_seq;Coomera station;au_translink_seq|coomerastation@-27.85,153.32;60.8;37;61;54.1;95.3;97.3;43.2;0.09;0.15;12;;4;0;1;REJETEE;presente 4/6 jours
Pays-Bas;nl_ovapi;Den Helder Zuid;nl_ovapi|denhelderzuid@52.93,4.76;50.7;37;73;72.5;96.4;96.8;24.3;0.46;0.4;14;142;6;0;0;REJETEE;volume irregulier (CV 0.46)
Australie;au_translink_seq;Cleveland station;au_translink_seq|clevelandstation@-27.52,153.27;83.3;36.7;44;73.6;99.1;100;26.4;0.23;0.22;3;76;6;0;0.33;REJETEE;ponctualite 99.1 % > 98 %
Pays-Bas;nl_ovapi;Breda-Prinsenbeek;nl_ovapi|bredaprinsenbeek@51.61,4.72;56.7;36.7;65;75.9;95.9;99.1;23.2;0.46;0.4;11;92;6;0.17;0;REJETEE;volume irregulier (CV 0.46)
Allemagne;de_gtfsde;;de_gtfsde|567261;73.3;36.5;50;50.7;80.8;91.1;40.4;1.34;1.27;50;11;4;0;0;REJETEE;identite non resolue , presente 4/6 jours , volume irregulier (CV 1.34)
Allemagne;de_gtfsde;;de_gtfsde|151703;63.5;36.5;57;22.6;60.3;83.6;61;1.2;1.11;48;7;4;0;0;REJETEE;identite non resolue , presente 4/6 jours , volume irregulier (CV 1.20)
Australie;au_translink_seq;Nerang station;au_translink_seq|nerangstation@-27.99,153.35;61.8;36.5;59;35.6;91.1;97.9;62.3;0.11;0.18;19;;4;0;1;REJETEE;presente 4/6 jours
Allemagne;de_gtfsde;;de_gtfsde|219764;58.3;36.5;63;41.8;78.8;96.6;54.8;1.08;1.03;26;8;4;0;0;REJETEE;identite non resolue , presente 4/6 jours , volume irregulier (CV 1.08)
Allemagne;de_gtfsde;;de_gtfsde|456135;55.5;36.5;66;21.9;83.6;98.6;76.7;1.24;1.2;40;13;4;0;0;REJETEE;identite non resolue , presente 4/6 jours , volume irregulier (CV 1.24)
Allemagne;de_gtfsde;;de_gtfsde|96346;53;36.5;69;34.9;68.5;77.4;42.5;1.14;1.15;20;13;4;0;0;REJETEE;identite non resolue , presente 4/6 jours , volume irregulier (CV 1.14)
Allemagne;de_gtfsde;Luzec p.Smrkem;de_gtfsde|luzecpsmrkem@50.89,15.16;57;36.3;64;22.8;82.8;98.6;75.9;1.19;1.16;50;12;4;0;0;REJETEE;presente 4/6 jours , volume irregulier (CV 1.19)
Pays-Bas;nl_ovapi;Maastricht;nl_ovapi|maastricht@50.85,5.71;65.2;36.2;55;81.1;97.2;98.2;17.1;0.57;0.52;8;86;6;0.17;0;REJETEE;volume irregulier (CV 0.57)
Pays-Bas;nl_ovapi;Veenendaal-De Klomp;nl_ovapi|veenendaaldeklomp@52.05,5.57;61.3;36;59;69.4;95.8;99.1;29.6;0.35;0.33;11;124;6;0.17;0;REJETEE;volume irregulier (CV 0.35)
Allemagne;de_gtfsde;;de_gtfsde|118288;58.3;36;62;55.6;86.8;91;35.4;1.1;1.08;29;8;4;0;0;REJETEE;identite non resolue , presente 4/6 jours , volume irregulier (CV 1.10)
Allemagne;de_gtfsde;;de_gtfsde|225778;248.5;35.8;14;81.1;95.8;95.8;14.7;1.22;1.16;5;44;4;0;0;REJETEE;identite non resolue , presente 4/6 jours , volume irregulier (CV 1.22)
Allemagne;de_gtfsde;;de_gtfsde|461955;67;35.8;53;22.4;49.7;59.4;37.1;1.27;1.23;55;12;4;0;0;REJETEE;identite non resolue , presente 4/6 jours , volume irregulier (CV 1.27)
Allemagne;de_gtfsde;;de_gtfsde|666879;66.3;35.8;54;39.9;71.3;88.1;48.3;1.22;1.19;41;9;4;0;0;REJETEE;identite non resolue , presente 4/6 jours , volume irregulier (CV 1.22)
Australie;au_translink_seq;Pimpama station;au_translink_seq|pimpamastation@-27.82,153.30;61;35.8;59;62.9;94.4;97.2;34.3;0.1;0.15;12;;4;0;1;REJETEE;presente 4/6 jours
Allemagne;de_gtfsde;;de_gtfsde|250086;60.3;35.8;59;81.8;97.2;98.6;16.8;1.32;1.27;4;19;4;0;0;REJETEE;identite non resolue , presente 4/6 jours , volume irregulier (CV 1.32)
Allemagne;de_gtfsde;;de_gtfsde|232357;57.8;35.8;62;33.6;79.7;95.8;62.2;1.35;1.33;25;11;4;0;0;REJETEE;identite non resolue , presente 4/6 jours , volume irregulier (CV 1.35)
Allemagne;de_gtfsde;;de_gtfsde|459211;57;35.8;63;35.7;61.5;76.9;41.3;1.18;1.19;44;15;4;0;0;REJETEE;identite non resolue , presente 4/6 jours , volume irregulier (CV 1.18)
Pays-Bas;nl_ovapi;Den Haag Mariahoeve;nl_ovapi|denhaagmariahoeve@52.09,4.37;55.8;35.7;64;86.9;96.7;98.6;11.7;0.48;0.45;12;135;6;0;0;REJETEE;volume irregulier (CV 0.48)
Etats-Unis;us_mta_mnr;;us_mta_mnr|114;88.8;35.5;40;48.4;85;97.7;49.3;0.15;0.16;20;71;6;0;0;REJETEE;identite non resolue
Australie;au_translink_seq;Robina station;au_translink_seq|robinastation@-28.07,153.38;61.8;35.5;57;37.3;92.3;97.9;60.6;0.08;0.15;18;;4;0;1;REJETEE;presente 4/6 jours
Pays-Bas;nl_ovapi;Sassenheim;nl_ovapi|sassenheim@52.22,4.53;57.7;35.5;62;79.3;97.2;99.1;19.7;0.65;0.61;17;96;6;0;0;REJETEE;volume irregulier (CV 0.65)
Allemagne;de_gtfsde;;de_gtfsde|185300;57.5;35.5;62;58.5;81;85.9;27.5;1.33;1.27;24;9;4;0;0;REJETEE;identite non resolue , presente 4/6 jours , volume irregulier (CV 1.33)
Pays-Bas;nl_ovapi;Voorschoten;nl_ovapi|voorschoten@52.13,4.43;51;35.5;70;89.2;98.6;98.6;9.4;0.52;0.48;6;111;6;0;0;REJETEE;ponctualite 98.6 % > 98 % , volume irregulier (CV 0.52)
Allemagne;de_gtfsde;;de_gtfsde|549350;63.5;35.3;56;38.3;79.4;90.8;52.5;1.5;1.47;50;7;4;0;0;REJETEE;identite non resolue , presente 4/6 jours , volume irregulier (CV 1.50)
Pays-Bas;nl_ovapi;Best;nl_ovapi|best@51.51,5.39;50.2;35.3;70;78.8;98.6;99.5;20.8;0.5;0.53;11;207;6;0;0;REJETEE;ponctualite 98.6 % > 98 % , volume irregulier (CV 0.50)
Pays-Bas;nl_ovapi;Wormerveer;nl_ovapi|wormerveer@52.49,4.79;47.8;35.2;74;64.9;96.2;99.5;34.6;0.54;0.52;20;140;6;0.33;0;REJETEE;volume irregulier (CV 0.54)
France;fr_sncf;Paris Gare de Lyon Hall 1 - 2;fr_sncf|UIC87686006;115.3;35;30;73.3;84.8;87.6;14.3;0.65;0.58;17;152;6;0.5;0;REJETEE;volume irregulier (CV 0.65)
Allemagne;de_gtfsde;;de_gtfsde|536319;95.8;35;37;70.7;91.4;96.4;25.7;0.97;0.92;17;6;4;0;0;REJETEE;identite non resolue , presente 4/6 jours , volume irregulier (CV 0.97)
Allemagne;de_gtfsde;;de_gtfsde|159459;94.5;35;37;58.6;91.4;96.4;37.9;0.97;0.93;94;5;4;0;0;REJETEE;identite non resolue , presente 4/6 jours , volume irregulier (CV 0.97) , ponctualite erratique (amplitude 94 pt)
Allemagne;de_gtfsde;;de_gtfsde|216576;84.3;35;42;75;87.1;95;20;1.04;0.97;19;7;4;0;0;REJETEE;identite non resolue , presente 4/6 jours , volume irregulier (CV 1.04)
Allemagne;de_gtfsde;;de_gtfsde|353761;71.5;35;49;41.4;63.6;70;28.6;1.25;1.23;54;12;4;0;0;REJETEE;identite non resolue , presente 4/6 jours , volume irregulier (CV 1.25)
Allemagne;de_gtfsde;Karlsruhe Essenweinstraße;de_gtfsde|karlsruheessenweinstrae@49.01,8.43;46;35;76;60;87.1;88.6;28.6;0.41;0.55;18;338;4;0;0;REJETEE;presente 4/6 jours , volume irregulier (CV 0.41)
Allemagne;de_gtfsde;;de_gtfsde|33456;82.8;34.8;42;38.1;71.9;87.8;49.6;1.4;1.37;50;17;4;0;0;REJETEE;identite non resolue , presente 4/6 jours , volume irregulier (CV 1.40)
Etats-Unis;us_mta_mnr;;us_mta_mnr|190;78.5;34.8;44;57.4;85.2;96.2;38.8;0.12;0.12;25;76;6;0;0;REJETEE;identite non resolue
Allemagne;de_gtfsde;;de_gtfsde|532065;75;34.8;46;46.8;84.9;98.6;51.8;1.07;0.96;35;14;4;0;0;REJETEE;identite non resolue , presente 4/6 jours , volume irregulier (CV 1.07)
Allemagne;de_gtfsde;;de_gtfsde|643066;74;34.8;47;47.5;76.3;87.8;40.3;1.36;1.3;43;23;4;0;0;REJETEE;identite non resolue , presente 4/6 jours , volume irregulier (CV 1.36)
Allemagne;de_gtfsde;;de_gtfsde|352670;67.8;34.8;51;52.5;79.1;90.6;38.1;1.19;1.16;23;9;4;0;0;REJETEE;identite non resolue , presente 4/6 jours , volume irregulier (CV 1.19)
Allemagne;de_gtfsde;;de_gtfsde|102238;95.3;34.5;36;76.1;92;97.1;21;0.99;0.91;10;87;4;0;0;REJETEE;identite non resolue , presente 4/6 jours , volume irregulier (CV 0.99)
Pays-Bas;nl_ovapi;Zaandijk Zaanse Schans;nl_ovapi|zaandijkzaanseschans@52.47,4.81;45;34.5;77;48.3;96.6;99.5;51.2;0.58;0.57;13;146;6;0.33;0;REJETEE;volume irregulier (CV 0.58)
Allemagne;de_gtfsde;;de_gtfsde|386797;93.3;34.3;37;59.1;86.1;94.2;35;0.82;0.74;29;54;4;0;0;REJETEE;identite non resolue , presente 4/6 jours , volume irregulier (CV 0.82)
Etats-Unis;us_mta_mnr;;us_mta_mnr|115;88;34.3;39;48.1;85.4;97.6;49.5;0.14;0.15;21;72;6;0;0;REJETEE;identite non resolue
Allemagne;de_gtfsde;S+U Berlin Hauptbahnhof;de_gtfsde|suberlinhauptbahnhof@52.53,13.37;78.8;34.3;44;45.1;69.9;79.6;34.5;0.8;0.75;42;94;6;0;0;REJETEE;volume irregulier (CV 0.80)
Allemagne;de_gtfsde;;de_gtfsde|511179;67.3;34.3;51;60.6;81.8;94.2;33.6;1.25;1.21;21;8;4;0;0;REJETEE;identite non resolue , presente 4/6 jours , volume irregulier (CV 1.25)
Allemagne;de_gtfsde;;de_gtfsde|11928;42;34.3;82;26.3;41.6;61.3;35;1.35;1.31;46;9;4;0;0;REJETEE;identite non resolue , presente 4/6 jours , volume irregulier (CV 1.35)
Allemagne;de_gtfsde;;de_gtfsde|169336;94.8;34;36;65.4;87.5;95.6;30.1;0.98;0.93;50;6;4;0;0;REJETEE;identite non resolue , presente 4/6 jours , volume irregulier (CV 0.98)
Allemagne;de_gtfsde;;de_gtfsde|647478;45.3;34;75;39;70.6;79.4;40.4;1.02;0.94;36;10;4;0;0;REJETEE;identite non resolue , presente 4/6 jours , volume irregulier (CV 1.02)
Allemagne;de_gtfsde;;de_gtfsde|371091;51.8;33.8;65;37;76.3;92.6;55.6;1.23;1.17;67;12;4;0;0;REJETEE;identite non resolue , presente 4/6 jours , volume irregulier (CV 1.23) , ponctualite erratique (amplitude 67 pt)
Pays-Bas;nl_ovapi;Koog aan de Zaan;nl_ovapi|koogaandezaan@52.46,4.81;45;33.8;75;65.5;96.6;100;34.5;0.57;0.57;14;146;6;0.33;0;REJETEE;volume irregulier (CV 0.57)
Pays-Bas;nl_ovapi;Diemen;nl_ovapi|diemen@52.35,4.97;52;33.7;65;74.8;97.5;98;23.3;0.76;0.75;17;276;6;1.17;0;REJETEE;volume irregulier (CV 0.76)
Pays-Bas;nl_ovapi;Steenwijk;nl_ovapi|steenwijk@52.79,6.12;45.2;33.7;75;63.4;90.1;96;32.7;0.45;0.45;20;152;6;0;0;REJETEE;volume irregulier (CV 0.45)
Allemagne;de_gtfsde;;de_gtfsde|18912;100.5;33.5;33;64.9;83.6;92.5;27.6;1.35;1.29;25;25;4;0;0;REJETEE;identite non resolue , presente 4/6 jours , volume irregulier (CV 1.35)
Allemagne;de_gtfsde;;de_gtfsde|519080;93.5;33.5;36;39.6;72.4;87.3;47.8;1.39;1.37;63;15;4;0;0;REJETEE;identite non resolue , presente 4/6 jours , volume irregulier (CV 1.39) , ponctualite erratique (amplitude 63 pt)
Allemagne;de_gtfsde;;de_gtfsde|339906;73.8;33.5;45;54.5;85.8;94.8;40.3;1.03;0.94;25;13;4;0;0;REJETEE;identite non resolue , presente 4/6 jours , volume irregulier (CV 1.03)
Allemagne;de_gtfsde;;de_gtfsde|275066;72.8;33.5;46;68.7;88.8;94.8;26.1;1.11;1.05;23;17;4;0;0;REJETEE;identite non resolue , presente 4/6 jours , volume irregulier (CV 1.11)
Allemagne;de_gtfsde;;de_gtfsde|184973;71.3;33.5;47;47;77.6;89.6;42.5;1.12;1.04;29;15;4;0;0;REJETEE;identite non resolue , presente 4/6 jours , volume irregulier (CV 1.12)
Allemagne;de_gtfsde;;de_gtfsde|574464;64.3;33.5;52;55.2;88.1;92.5;37.3;1.24;1.19;23;13;4;0;0;REJETEE;identite non resolue , presente 4/6 jours , volume irregulier (CV 1.24)
Allemagne;de_gtfsde;;de_gtfsde|22181;64;33.5;52;41;73.9;85.8;44.8;1;0.92;29;10;4;0;0;REJETEE;identite non resolue , presente 4/6 jours , volume irregulier (CV 1.00)
Allemagne;de_gtfsde;;de_gtfsde|321344;79.5;33.3;42;54.9;81.2;94;39.1;0.95;0.9;38;5;4;0;0;REJETEE;identite non resolue , presente 4/6 jours , volume irregulier (CV 0.95)
Allemagne;de_gtfsde;;de_gtfsde|458093;72.8;33.3;46;54.1;87.2;93.2;39.1;1.13;1.1;30;5;4;0;0;REJETEE;identite non resolue , presente 4/6 jours , volume irregulier (CV 1.13)
Pays-Bas;nl_ovapi;Feanwâlden;nl_ovapi|feanwlden@53.24,5.99;41;33.3;81;55.6;99.2;100;44.4;0.48;0.5;17;222;4;0;0;REJETEE;presente 4/6 jours , ponctualite 99.2 % > 98 % , volume irregulier (CV 0.48)
Pays-Bas;nl_ovapi;Arnhem Velperpoort;nl_ovapi|arnhemvelperpoort@51.99,5.92;46.8;33.2;71;50.3;94;98;47.7;0.8;0.78;18;129;6;0.5;0;REJETEE;volume irregulier (CV 0.80)
Pays-Bas;nl_ovapi;De Vink;nl_ovapi|devink@52.15,4.46;51.3;33;64;83.8;96.5;98.5;14.6;0.53;0.48;16;113;6;0;0;REJETEE;volume irregulier (CV 0.53)
Pays-Bas;nl_ovapi;Heerenveen;nl_ovapi|heerenveen@52.96,5.92;45.3;33;73;48;91.4;96;48;0.46;0.44;14;146;6;0;0;REJETEE;volume irregulier (CV 0.46)
Allemagne;de_gtfsde;;de_gtfsde|45674;78.3;32.8;42;40.5;66.4;77.1;36.6;1.31;1.27;15;15;4;0;0;REJETEE;identite non resolue , presente 4/6 jours , volume irregulier (CV 1.31)
Allemagne;de_gtfsde;;de_gtfsde|600870;55.3;32.8;59;29.8;85.5;98.5;68.7;1.19;1.15;50;13;4;0;0;REJETEE;identite non resolue , presente 4/6 jours , volume irregulier (CV 1.19)
Allemagne;de_gtfsde;;de_gtfsde|278984;47;32.8;70;31.3;80.9;96.9;65.6;1.39;1.36;50;8;4;0;0;REJETEE;identite non resolue , presente 4/6 jours , volume irregulier (CV 1.39)
Pays-Bas;nl_ovapi;Enschede;nl_ovapi|enschede@52.22,6.89;64;32.7;51;86.7;95.4;97.4;10.7;0.46;0.46;9;169;6;0.5;0;REJETEE;volume irregulier (CV 0.46)
Etats-Unis;us_mta_mnr;;us_mta_mnr|112;87.3;32.5;37;45.1;86.2;98.5;53.3;0.15;0.15;19;72;6;0;0;REJETEE;identite non resolue
Allemagne;de_gtfsde;;de_gtfsde|38426;62.5;32.5;52;52.3;83.1;90.8;38.5;1.3;1.26;67;23;4;0;0;REJETEE;identite non resolue , presente 4/6 jours , volume irregulier (CV 1.30) , ponctualite erratique (amplitude 67 pt)
Allemagne;de_gtfsde;;de_gtfsde|182925;46.8;32.5;70;36.9;80;94.6;57.7;1.36;1.3;29;10;4;0;0;REJETEE;identite non resolue , presente 4/6 jours , volume irregulier (CV 1.36)
Etats-Unis;us_mta_mnr;;us_mta_mnr|18;85.7;32.3;38;46.4;92.3;99;52.6;0.13;0.11;17;79;6;0;0;REJETEE;identite non resolue
Allemagne;de_gtfsde;;de_gtfsde|237560;82;32.3;39;45;69;84.5;39.5;1.38;1.34;38;12;4;0;0;REJETEE;identite non resolue , presente 4/6 jours , volume irregulier (CV 1.38)
Allemagne;de_gtfsde;;de_gtfsde|476025;70.8;32.3;46;52.7;80.6;91.5;38.8;1.09;1.06;36;6;4;0;0;REJETEE;identite non resolue , presente 4/6 jours , volume irregulier (CV 1.09)
Allemagne;de_gtfsde;;de_gtfsde|236752;52.3;32.3;62;31;74.4;88.4;57.4;1.15;1.11;15;10;4;0;0;REJETEE;identite non resolue , presente 4/6 jours , volume irregulier (CV 1.15)
Allemagne;de_gtfsde;;de_gtfsde|28403;94.8;32;34;80.5;91.4;96.1;15.6;1;0.92;100;85;4;0;0;REJETEE;identite non resolue , presente 4/6 jours , volume irregulier (CV 1.00) , ponctualite erratique (amplitude 100 pt)
Allemagne;de_gtfsde;;de_gtfsde|220392;78.5;32;41;53.9;80.5;90.6;36.7;1.29;1.25;21;17;4;0;0;REJETEE;identite non resolue , presente 4/6 jours , volume irregulier (CV 1.29)
Allemagne;de_gtfsde;;de_gtfsde|573218;57;32;56;55.5;86.7;93.8;38.3;1.06;1.06;23;11;4;0;0;REJETEE;identite non resolue , presente 4/6 jours , volume irregulier (CV 1.06)
Allemagne;de_gtfsde;;de_gtfsde|180939;49.3;32;65;46.9;77.3;91.4;44.5;1.47;1.4;25;13;4;0;0;REJETEE;identite non resolue , presente 4/6 jours , volume irregulier (CV 1.47)
Allemagne;de_gtfsde;;de_gtfsde|130313;65.5;31.8;48;48.8;78.7;91.3;42.5;0.9;0.83;26;6;4;0;0;REJETEE;identite non resolue , presente 4/6 jours , volume irregulier (CV 0.90)
Allemagne;de_gtfsde;;de_gtfsde|10828;55.8;31.8;57;33.9;63;80.3;46.5;0.93;0.89;43;8;4;0;0;REJETEE;identite non resolue , presente 4/6 jours , volume irregulier (CV 0.93)
Allemagne;de_gtfsde;;de_gtfsde|501500;52.8;31.8;60;44.9;87.4;95.3;50.4;1.56;1.44;25;15;4;0;0;REJETEE;identite non resolue , presente 4/6 jours , volume irregulier (CV 1.56)
Allemagne;de_gtfsde;;de_gtfsde|667386;47.3;31.8;67;33.1;84.3;96.1;63;1.37;1.34;17;5;4;0;0;REJETEE;identite non resolue , presente 4/6 jours , volume irregulier (CV 1.37)
Allemagne;de_gtfsde;;de_gtfsde|613420;89.5;31.5;35;56.3;86.5;90.5;34.1;1.3;1.23;27;15;4;0;0;REJETEE;identite non resolue , presente 4/6 jours , volume irregulier (CV 1.30)
Allemagne;de_gtfsde;;de_gtfsde|365614;63.8;31.5;49;57.9;92.1;99.2;41.3;0.94;0.92;13;5;4;0;0;REJETEE;identite non resolue , presente 4/6 jours , volume irregulier (CV 0.94)
Allemagne;de_gtfsde;Herford, Bahnhof/ZOB;de_gtfsde|herfordbahnhofzob@52.12,8.66;55.3;31.5;57;50;68.3;84.1;34.1;0.63;0.53;62;89;4;0;0;REJETEE;presente 4/6 jours , volume irregulier (CV 0.63) , ponctualite erratique (amplitude 62 pt)
Allemagne;de_gtfsde;;de_gtfsde|433874;53.3;31.5;59;74.6;96;97.6;23;1.14;1.06;5;9;4;0;0;REJETEE;identite non resolue , presente 4/6 jours , volume irregulier (CV 1.14)
Allemagne;de_gtfsde;;de_gtfsde|255750;50.3;31.5;63;34.9;64.3;74.6;39.7;1.27;1.26;67;9;4;0;0;REJETEE;identite non resolue , presente 4/6 jours , volume irregulier (CV 1.27) , ponctualite erratique (amplitude 67 pt)
Pays-Bas;nl_ovapi;Boxtel;nl_ovapi|boxtel@51.59,5.32;49.7;31.5;63;79.4;97.4;98.4;19;0.51;0.53;14;214;6;0;0;REJETEE;volume irregulier (CV 0.51)
Pays-Bas;nl_ovapi;Hollandsche Rading;nl_ovapi|hollandscherading@52.18,5.18;44.7;31.5;71;81.5;98.4;100;18.5;0.58;0.54;7;125;6;0;0;REJETEE;ponctualite 98.4 % > 98 % , volume irregulier (CV 0.58)
Allemagne;de_gtfsde;;de_gtfsde|220979;91;31.3;34;41.6;82.4;92;50.4;0.99;0.93;20;13;4;0;0;REJETEE;identite non resolue , presente 4/6 jours , volume irregulier (CV 0.99)
Allemagne;de_gtfsde;;de_gtfsde|609404;53.8;31.3;58;48.8;70.4;84.8;36;1.18;1.08;37;10;4;0;0;REJETEE;identite non resolue , presente 4/6 jours , volume irregulier (CV 1.18)
Allemagne;de_gtfsde;;de_gtfsde|583676;51;31.3;61;24.8;58.4;76;51.2;1.19;1.18;57;8;4;0;0;REJETEE;identite non resolue , presente 4/6 jours , volume irregulier (CV 1.19)
Pays-Bas;nl_ovapi;Krommenie-Assendelft;nl_ovapi|krommenieassendelft@52.49,4.76;44.8;31.3;70;50.5;97.9;100;49.5;0.58;0.57;13;145;6;0.33;0;REJETEE;volume irregulier (CV 0.58)
Pays-Bas;nl_ovapi;Eindhoven Strijp-S;nl_ovapi|eindhovenstrijps@51.45,5.46;50.2;31.2;62;79.7;98.9;99.5;19.8;0.5;0.52;14;204;6;0;0;REJETEE;ponctualite 98.9 % > 98 % , volume irregulier (CV 0.50)
Allemagne;de_gtfsde;;de_gtfsde|419811;87.3;31;36;62.1;78.2;88.7;26.6;1.09;0.97;29;65;4;0;0;REJETEE;identite non resolue , presente 4/6 jours , volume irregulier (CV 1.09)
Allemagne;de_gtfsde;Levinska Olesnice;de_gtfsde|levinskaolesnice@50.52,15.53;56.5;31;55;33.9;87.9;99.2;65.3;1.18;1.15;14;10;4;0;0;REJETEE;presente 4/6 jours , volume irregulier (CV 1.18)
Allemagne;de_gtfsde;;de_gtfsde|298423;55.5;31;56;16.9;82.3;97.6;80.6;1.22;1.18;20;10;4;0;0;REJETEE;identite non resolue , presente 4/6 jours , volume irregulier (CV 1.22)
Etats-Unis;us_mta_lirr;;us_mta_lirr|64;40.6;31;76;52.9;93.5;100;47.1;1.17;1.13;9;298;5;0.4;0;REJETEE;identite non resolue , presente 5/6 jours , volume irregulier (CV 1.17)
Pays-Bas;nl_ovapi;Amsterdam Holendrecht;nl_ovapi|amsterdamholendrecht@52.30,4.96;38;31;82;69.9;97.3;98.4;28.5;0.52;0.45;10;92;6;0.17;0;REJETEE;volume irregulier (CV 0.52)
Allemagne;de_gtfsde;;de_gtfsde|8972;91.5;30.8;34;58.5;83.7;89.4;30.9;1.15;1.08;42;12;4;0;0;REJETEE;identite non resolue , presente 4/6 jours , volume irregulier (CV 1.15)
Allemagne;de_gtfsde;Tübingen Hauptbahnhof;de_gtfsde|tbingenhauptbahnhof@48.52,9.06;84;30.8;37;57.8;81.2;96.1;38.3;0.86;0.74;22;87;5;0;0;REJETEE;presente 5/6 jours , volume irregulier (CV 0.86)
Etats-Unis;us_mta_mnr;;us_mta_mnr|149;83.8;30.8;37;55.7;85.4;96.8;41.1;0.14;0.14;23;73;6;0;0;REJETEE;identite non resolue
Allemagne;de_gtfsde;;de_gtfsde|462511;47;30.8;65;30.9;79.7;95.9;65;1.41;1.37;23;8;4;0;0;REJETEE;identite non resolue , presente 4/6 jours , volume irregulier (CV 1.41)
Allemagne;de_gtfsde;;de_gtfsde|18667;45.8;30.8;67;29.3;66.7;86.2;56.9;1.24;1.19;35;10;4;0;0;REJETEE;identite non resolue , presente 4/6 jours , volume irregulier (CV 1.24)
Pays-Bas;nl_ovapi;Vierlingsbeek;nl_ovapi|vierlingsbeek@51.59,6.00;41.2;30.8;75;51.4;93.5;97.8;46.5;0.97;0.89;12;41;6;1.67;0;REJETEE;volume irregulier (CV 0.97)
Pays-Bas;nl_ovapi;Amsterdam Science Park;nl_ovapi|amsterdamsciencepark@52.35,4.95;52.2;30.7;59;67.4;96.2;97.8;30.4;0.76;0.75;17;274;6;1.17;0;REJETEE;volume irregulier (CV 0.76)
Pays-Bas;nl_ovapi;Abcoude;nl_ovapi|abcoude@52.28,4.98;44.2;30.7;69;81;97.3;98.4;17.4;0.52;0.52;12;131;6;0.17;0;REJETEE;volume irregulier (CV 0.52)
Pays-Bas;nl_ovapi;Hoogkarspel;nl_ovapi|hoogkarspel@52.69,5.18;43.8;30.7;70;79.9;96.2;96.7;16.8;0.39;0.38;11;127;6;0;0;REJETEE;volume irregulier (CV 0.39)
Etats-Unis;us_mta_mnr;;us_mta_mnr|11;76.3;30.5;40;41.5;92.3;99.5;57.9;0.08;0.06;18;89;6;0;0;REJETEE;identite non resolue
Allemagne;de_gtfsde;;de_gtfsde|328064;70.8;30.5;43;36.9;64.8;73;36.1;1.26;1.2;27;19;4;0;0;REJETEE;identite non resolue , presente 4/6 jours , volume irregulier (CV 1.26)
Allemagne;de_gtfsde;;de_gtfsde|454321;64.5;30.5;47;42.6;80.3;92.6;50;0.91;0.85;25;8;4;0;0;REJETEE;identite non resolue , presente 4/6 jours , volume irregulier (CV 0.91)
Allemagne;de_gtfsde;;de_gtfsde|261151;54.8;30.5;56;18.9;47.5;59.8;41;1.36;1.33;57;7;4;0;0;REJETEE;identite non resolue , presente 4/6 jours , volume irregulier (CV 1.36)
Allemagne;de_gtfsde;;de_gtfsde|141397;54.8;30.5;56;40.2;80.3;92.6;52.5;1.13;1.05;30;6;4;0;0;REJETEE;identite non resolue , presente 4/6 jours , volume irregulier (CV 1.13)
Allemagne;de_gtfsde;;de_gtfsde|35846;48.3;30.5;63;29.5;64.8;82.8;53.3;1.37;1.33;38;10;4;0;0;REJETEE;identite non resolue , presente 4/6 jours , volume irregulier (CV 1.37)
Allemagne;de_gtfsde;;de_gtfsde|577089;47.3;30.5;65;27.9;69.7;93.4;65.6;1.52;1.48;32;12;4;0;0;REJETEE;identite non resolue , presente 4/6 jours , volume irregulier (CV 1.52)
Allemagne;de_gtfsde;;de_gtfsde|137397;45;30.5;68;44.3;77;87.7;43.4;1.34;1.28;50;16;4;0;0;REJETEE;identite non resolue , presente 4/6 jours , volume irregulier (CV 1.34)
Pays-Bas;nl_ovapi;Utrecht Leidsche Rijn;nl_ovapi|utrechtleidscherijn@52.10,5.07;40.5;30.5;75;86.9;98.4;99.5;12.6;0.81;0.72;7;83;6;0.17;0;REJETEE;ponctualite 98.4 % > 98 % , volume irregulier (CV 0.81)
Allemagne;de_gtfsde;;de_gtfsde|404734;129.5;30.3;23;87.6;98.3;98.3;10.7;1.02;0.94;6;69;4;0;0;REJETEE;identite non resolue , presente 4/6 jours , ponctualite 98.3 % > 98 % , volume irregulier (CV 1.02)
Allemagne;de_gtfsde;;de_gtfsde|216871;82.5;30.3;37;81.8;93.4;95.9;14;1.07;1;11;94;4;0;0;REJETEE;identite non resolue , presente 4/6 jours , volume irregulier (CV 1.07)
Etats-Unis;us_mta_mnr;;us_mta_mnr|118;82;30.3;37;45.1;84.1;97.3;52.2;0.11;0.11;22;80;6;0;0;REJETEE;identite non resolue
Allemagne;de_gtfsde;;de_gtfsde|143210;45;30.3;67;34.7;74.4;94.2;59.5;1.36;1.35;50;16;4;0;0;REJETEE;identite non resolue , presente 4/6 jours , volume irregulier (CV 1.36)
France;fr_sncf;Paris Montparnasse Hall 1 - 2;fr_sncf|UIC87391003;120.7;30;25;87.2;92.8;95.6;8.3;0.51;0.53;14;218;6;1.33;0;REJETEE;volume irregulier (CV 0.51)
Pays-Bas;nl_ovapi;Buitenpost;nl_ovapi|buitenpost@53.26,6.14;37.8;30;79;39.2;97.5;100;60.8;0.56;0.56;3;251;4;0;0;REJETEE;presente 4/6 jours , volume irregulier (CV 0.56)
Etats-Unis;us_mta_mnr;;us_mta_mnr|110;82.7;29.8;36;45.8;86.6;98.3;52.5;0.12;0.12;18;77;6;0;0;REJETEE;identite non resolue
Etats-Unis;us_mta_mnr;;us_mta_mnr|120;82;29.8;36;45.3;84.4;97.2;52;0.11;0.11;22;80;6;0;0;REJETEE;identite non resolue
Pays-Bas;nl_ovapi;Boxmeer;nl_ovapi|boxmeer@51.64,5.94;59.2;29.8;50;66.5;95.5;97.8;31.3;0.69;0.65;8;146;6;1.67;0;REJETEE;volume irregulier (CV 0.69)
Pays-Bas;nl_ovapi;Cuijk;nl_ovapi|cuijk@51.73,5.87;56.2;29.8;53;53;92.6;97.3;44.3;0.77;0.66;100;79;5;1.8;0;REJETEE;presente 5/6 jours , volume irregulier (CV 0.77) , ponctualite erratique (amplitude 100 pt)
Allemagne;de_gtfsde;;de_gtfsde|315373;55.3;29.8;54;48.7;81.5;90.8;42;0.92;0.81;23;85;4;0;0;REJETEE;identite non resolue , presente 4/6 jours , volume irregulier (CV 0.92)
Allemagne;de_gtfsde;Hagsfeld Bahnhof;de_gtfsde|hagsfeldbahnhof@49.03,8.45;51;29.8;58;59.8;84.9;90.5;30.7;0.74;0.68;40;214;6;0;0;REJETEE;volume irregulier (CV 0.74)
Allemagne;de_gtfsde;;de_gtfsde|649885;50;29.8;60;60.5;89.9;97.5;37;1.22;1.2;100;8;4;0;0;REJETEE;identite non resolue , presente 4/6 jours , volume irregulier (CV 1.22) , ponctualite erratique (amplitude 100 pt)
Pays-Bas;nl_ovapi;Venray;nl_ovapi|venray@51.53,6.01;41.8;29.8;71;56.4;95.5;97.8;41.3;0.96;0.91;9;40;6;1.67;0;REJETEE;volume irregulier (CV 0.96)
Allemagne;de_gtfsde;;de_gtfsde|365889;39.3;29.8;76;26.9;51.3;73.1;46.2;1.13;1.05;56;6;4;0;0;REJETEE;identite non resolue , presente 4/6 jours , volume irregulier (CV 1.13)
Etats-Unis;us_mta_mnr;;us_mta_mnr|622;71.3;29.7;42;42.1;88.8;98.9;56.7;0.24;0.31;29;74;6;0;0;REJETEE;identite non resolue
Pays-Bas;nl_ovapi;Bovenkarspel Flora;nl_ovapi|bovenkarspelflora@52.70,5.25;42.7;29.7;70;81.5;97.2;99.4;18;0.41;0.4;5;124;6;0;0;REJETEE;volume irregulier (CV 0.41)
Allemagne;de_gtfsde;;de_gtfsde|654172;51.5;29.5;57;69.5;90.7;97.5;28;0.98;0.97;18;9;4;0;0;REJETEE;identite non resolue , presente 4/6 jours , volume irregulier (CV 0.98)
Allemagne;de_gtfsde;;de_gtfsde|218706;97.8;29.3;30;87.2;96.6;99.1;12;1;0.92;5;91;4;0;0;REJETEE;identite non resolue , presente 4/6 jours , volume irregulier (CV 1.00)
Allemagne;de_gtfsde;;de_gtfsde|515937;94.8;29.3;31;76.9;89.7;96.6;19.7;0.98;0.91;100;89;4;0;0;REJETEE;identite non resolue , presente 4/6 jours , volume irregulier (CV 0.98) , ponctualite erratique (amplitude 100 pt)
Etats-Unis;us_mta_mnr;;us_mta_mnr|108;88;29.3;33;44.3;84.7;98.3;54;0.15;0.16;24;71;6;0;0;REJETEE;identite non resolue
Etats-Unis;us_mta_mnr;;us_mta_mnr|111;82.5;29.3;36;46.6;86.9;98.3;51.7;0.1;0.12;18;77;6;0;0;REJETEE;identite non resolue
Allemagne;de_gtfsde;;de_gtfsde|528037;82;29.3;36;73.5;97.4;98.3;24.8;0.86;0.8;7;66;4;0;0;REJETEE;identite non resolue , presente 4/6 jours , volume irregulier (CV 0.86)
Etats-Unis;us_mta_mnr;;us_mta_mnr|121;82;29.3;36;44.9;84.7;97.2;52.3;0.14;0.11;22;80;6;0;0;REJETEE;identite non resolue
Allemagne;de_gtfsde;;de_gtfsde|441285;58.5;29.3;50;42.7;80.3;92.3;49.6;1.04;0.95;45;15;4;0;0;REJETEE;identite non resolue , presente 4/6 jours , volume irregulier (CV 1.04)
Australie;au_translink_seq;Boondall station;au_translink_seq|boondallstation@-27.35,153.07;52.3;29.3;56;72.6;94;98.3;25.6;0.11;0.19;22;;4;0;0;REJETEE;presente 4/6 jours
Etats-Unis;us_mta_mnr;;us_mta_mnr|127;55;29.2;53;48;80.6;90.3;42.3;0.18;0.17;26;67;6;0;0;REJETEE;identite non resolue
Allemagne;de_gtfsde;;de_gtfsde|91154;82;29;35;85.3;98.3;98.3;12.9;0.85;0.8;5;66;4;0;0;REJETEE;identite non resolue , presente 4/6 jours , ponctualite 98.3 % > 98 % , volume irregulier (CV 0.85)
Australie;au_translink_seq;Nudgee station;au_translink_seq|nudgeestation@-27.37,153.08;52.3;29;56;76.7;94.8;99.1;22.4;0.11;0.19;17;;4;0;0;REJETEE;presente 4/6 jours
Allemagne;de_gtfsde;;de_gtfsde|192011;52;29;56;84.5;99.1;99.1;14.7;1.08;1.02;7;12;4;0;0;REJETEE;identite non resolue , presente 4/6 jours , ponctualite 99.1 % > 98 % , volume irregulier (CV 1.08)
Allemagne;de_gtfsde;;de_gtfsde|133365;56.3;28.8;51;22.6;88.7;99.1;76.5;1.08;1.04;22;10;4;0;0;REJETEE;identite non resolue , presente 4/6 jours , volume irregulier (CV 1.08)
Australie;au_translink_seq;North Boondall station;au_translink_seq|northboondallstation@-27.34,153.06;51.8;28.8;56;73.9;94.8;98.3;24.3;0.13;0.2;24;;4;0;0;REJETEE;presente 4/6 jours
Allemagne;de_gtfsde;;de_gtfsde|475391;43;28.8;67;40;64.3;84.3;44.3;1.2;1.09;38;13;4;0;0;REJETEE;identite non resolue , presente 4/6 jours , volume irregulier (CV 1.20)
Etats-Unis;us_mta_mnr;;us_mta_mnr|105;84.5;28.7;34;48.3;87.2;98.3;50;0.14;0.13;15;75;6;0;0;REJETEE;identite non resolue
Etats-Unis;us_mta_mnr;;us_mta_mnr|25;77.3;28.5;37;50.3;92.4;99.4;49.1;0.08;0.06;15;90;6;0;0;REJETEE;identite non resolue
Allemagne;de_gtfsde;;de_gtfsde|619977;73;28.5;39;44.7;75.4;86.8;42.1;1;0.95;48;11;4;0;0;REJETEE;identite non resolue , presente 4/6 jours , volume irregulier (CV 1.00)
Allemagne;de_gtfsde;;de_gtfsde|520644;61.5;28.5;46;60.5;88.6;97.4;36.8;1.27;1.23;13;21;4;0;0;REJETEE;identite non resolue , presente 4/6 jours , volume irregulier (CV 1.27)
Allemagne;de_gtfsde;;de_gtfsde|238431;58;28.5;49;96.5;100;100;3.5;0.82;0.75;0;59;4;0;0;REJETEE;identite non resolue , presente 4/6 jours , trop parfaite (aucun retard > 5 min) , volume irregulier (CV 0.82)
Allemagne;de_gtfsde;;de_gtfsde|20899;56.3;28.5;51;62.3;84.2;89.5;27.2;1.23;1.19;40;11;4;0;0;REJETEE;identite non resolue , presente 4/6 jours , volume irregulier (CV 1.23)
Allemagne;de_gtfsde;;de_gtfsde|614321;52.3;28.5;55;14;84.2;98.2;84.2;1.14;1.09;29;10;4;0;0;REJETEE;identite non resolue , presente 4/6 jours , volume irregulier (CV 1.14)
Allemagne;de_gtfsde;;de_gtfsde|452920;52;28.5;55;25.4;69.3;91.2;65.8;1.24;1.25;71;6;4;0;0;REJETEE;identite non resolue , presente 4/6 jours , volume irregulier (CV 1.24) , ponctualite erratique (amplitude 71 pt)
Allemagne;de_gtfsde;;de_gtfsde|109338;51.8;28.5;55;25.4;57;81.6;56.1;1.31;1.23;49;9;4;0;0;REJETEE;identite non resolue , presente 4/6 jours , volume irregulier (CV 1.31)
Allemagne;de_gtfsde;;de_gtfsde|468956;70;28.3;40;50.4;77.9;88.5;38.1;1.47;1.42;100;21;4;0;0;REJETEE;identite non resolue , presente 4/6 jours , volume irregulier (CV 1.47) , ponctualite erratique (amplitude 100 pt)
Allemagne;de_gtfsde;;de_gtfsde|409488;60.5;28.3;47;42.5;69.9;78.8;36.3;1.12;1.13;25;16;4;0;0;REJETEE;identite non resolue , presente 4/6 jours , volume irregulier (CV 1.12)
Pays-Bas;nl_ovapi;Den Helder;nl_ovapi|denhelder@52.96,4.76;49.5;28.2;57;88.2;98.2;98.8;10.7;0.49;0.43;4;145;6;0;0;REJETEE;ponctualite 98.2 % > 98 % , volume irregulier (CV 0.49)
Etats-Unis;us_mta_mnr;;us_mta_mnr|22;77.3;28;36;49.4;92.9;99.4;50;0.09;0.06;15;90;6;0;0;REJETEE;identite non resolue
Etats-Unis;us_mta_mnr;;us_mta_mnr|23;77.3;28;36;50;92.3;99.4;49.4;0.09;0.06;15;90;6;0;0;REJETEE;identite non resolue
Allemagne;de_gtfsde;;de_gtfsde|649116;75.3;28;37;64.3;83.9;90.2;25.9;1.04;0.99;50;45;4;0;0;REJETEE;identite non resolue , presente 4/6 jours , volume irregulier (CV 1.04)
Etats-Unis;us_mta_mnr;;us_mta_mnr|16;71;28;39;41.1;92.3;99.4;58.3;0.05;0.05;19;101;6;0;0;REJETEE;identite non resolue
Etats-Unis;us_mta_mnr;;us_mta_mnr|14;71;27.8;39;39.5;92.2;99.4;59.9;0.07;0.05;18;101;6;0;0;REJETEE;identite non resolue
Allemagne;de_gtfsde;;de_gtfsde|400053;52.3;27.8;53;66.7;91.9;97.3;30.6;1.19;1.19;20;10;4;0;0;REJETEE;identite non resolue , presente 4/6 jours , volume irregulier (CV 1.19)
Allemagne;de_gtfsde;;de_gtfsde|452460;50.8;27.8;55;49.5;82.9;90.1;40.5;1.16;1.13;93;9;4;0;0;REJETEE;identite non resolue , presente 4/6 jours , volume irregulier (CV 1.16) , ponctualite erratique (amplitude 93 pt)
Allemagne;de_gtfsde;;de_gtfsde|61538;46.8;27.8;59;53.2;82;92.8;39.6;0.95;0.89;30;13;4;0;0;REJETEE;identite non resolue , presente 4/6 jours , volume irregulier (CV 0.95)
Pays-Bas;nl_ovapi;Bovenkarspel-Grootebroek;nl_ovapi|bovenkarspelgrootebroek@52.70,5.24;43.8;27.8;63;86.2;97;98.2;12;0.4;0.39;6;121;6;0;0;REJETEE;volume irregulier (CV 0.40)
Etats-Unis;us_mta_lirr;;us_mta_lirr|8;37.2;27.8;75;50.4;87.8;100;49.6;1.08;1.06;18;266;5;0.4;0;REJETEE;identite non resolue , presente 5/6 jours , volume irregulier (CV 1.08)
Pays-Bas;nl_ovapi;Utrecht Terwijde;nl_ovapi|utrechtterwijde@52.10,5.04;35.3;27.8;79;76.6;97.6;99.4;22.8;0.9;0.79;11;101;6;0.17;0;REJETEE;volume irregulier (CV 0.90)
Etats-Unis;us_mbta;Ruggles;us_mbta|ruggles@42.34,-71.09;40.5;27.7;68;100;100;100;0;0.59;0.62;0;13;6;0;0;REJETEE;trop parfaite (100 % sous 60 s) , volume irregulier (CV 0.59)
Allemagne;de_gtfsde;;de_gtfsde|339731;95.5;27.5;29;86.4;95.5;99.1;12.7;1.02;0.93;5;85;4;0;0;REJETEE;identite non resolue , presente 4/6 jours , volume irregulier (CV 1.02)
Etats-Unis;us_mta_mnr;;us_mta_mnr|62;84;27.5;33;46.1;88.5;97;50.9;0.09;0.1;18;82;6;0;0;REJETEE;identite non resolue
Allemagne;de_gtfsde;;de_gtfsde|353620;55;27.5;50;95.5;100;100;4.5;0.86;0.77;0;59;4;0;0;REJETEE;identite non resolue , presente 4/6 jours , trop parfaite (aucun retard > 5 min) , volume irregulier (CV 0.86)
Etats-Unis;us_mta_mnr;;us_mta_mnr|136;52.7;27.5;52;48.5;81.8;90.9;42.4;0.17;0.15;28;71;6;0;0;REJETEE;identite non resolue
Etats-Unis;us_mta_mnr;;us_mta_mnr|129;51.5;27.5;53;47.3;81.2;90.3;43;0.16;0.14;24;73;6;0;0;REJETEE;identite non resolue
Allemagne;de_gtfsde;;de_gtfsde|315593;43.5;27.5;63;80.9;99.1;100;19.1;1.02;1.01;4;5;4;0;0;REJETEE;identite non resolue , presente 4/6 jours , ponctualite 99.1 % > 98 % , volume irregulier (CV 1.02)
Pays-Bas;nl_ovapi;Amersfoort Vathorst;nl_ovapi|amersfoortvathorst@52.19,5.43;39.2;27.5;70;73.3;96.4;100;26.7;0.59;0.53;8;133;6;0.17;0;REJETEE;volume irregulier (CV 0.59)
Etats-Unis;us_mta_lirr;;us_mta_lirr|136;39.8;27.4;69;41.6;86.1;100;58.4;1.12;1.09;20;270;5;0.4;0;REJETEE;identite non resolue , presente 5/6 jours , volume irregulier (CV 1.12)
Allemagne;de_gtfsde;;de_gtfsde|552291;49.8;27.3;55;56;89;97.2;41.3;1;0.92;33;11;4;0;0;REJETEE;identite non resolue , presente 4/6 jours , volume irregulier (CV 1.00)
Etats-Unis;us_mta_mnr;;us_mta_mnr|39;54;27.2;50;34.4;79.1;96.3;62;0.12;0.13;35;76;6;0;0;REJETEE;identite non resolue
Allemagne;de_gtfsde;;de_gtfsde|246350;97.8;27;28;74.1;89.8;95.4;21.3;1.12;1.01;12;91;4;0;0;REJETEE;identite non resolue , presente 4/6 jours , volume irregulier (CV 1.12)
Etats-Unis;us_mta_mnr;;us_mta_mnr|83;70;27;39;51.2;89.5;96.9;45.7;0.16;0.2;18;63;6;0;0;REJETEE;identite non resolue
Allemagne;de_gtfsde;;de_gtfsde|151766;56.8;27;48;67.6;96.3;100;32.4;1.18;1.13;21;7;4;0;0;REJETEE;identite non resolue , presente 4/6 jours , volume irregulier (CV 1.18)
Etats-Unis;us_mta_mnr;;us_mta_mnr|137;52.8;27;51;47.5;80.9;90.7;43.2;0.15;0.15;30;71;6;0;0;REJETEE;identite non resolue
Allemagne;de_gtfsde;;de_gtfsde|591366;52;27;52;52.8;84.3;87;34.3;1.28;1.23;19;6;4;0;0;REJETEE;identite non resolue , presente 4/6 jours , volume irregulier (CV 1.28)
Allemagne;de_gtfsde;;de_gtfsde|659576;46.8;27;58;65.7;86.1;95.4;29.6;1.17;1.11;15;17;4;0;0;REJETEE;identite non resolue , presente 4/6 jours , volume irregulier (CV 1.17)
Allemagne;de_gtfsde;;de_gtfsde|224878;43.3;27;62;38;75.9;88;50;1.37;1.32;25;15;4;0;0;REJETEE;identite non resolue , presente 4/6 jours , volume irregulier (CV 1.37)
Allemagne;de_gtfsde;;de_gtfsde|282323;40.5;27;67;35.2;59.3;85.2;50;1.15;1.03;50;14;4;0;0;REJETEE;identite non resolue , presente 4/6 jours , volume irregulier (CV 1.15)
Etats-Unis;us_mta_lirr;;us_mta_lirr|16;35.6;27;76;54.8;94.8;100;45.2;1.07;1.04;8;255;5;0.4;0;REJETEE;identite non resolue , presente 5/6 jours , volume irregulier (CV 1.07)
Australie;au_translink_seq;Varsity Lakes station;au_translink_seq|varsitylakesstation@-28.10,153.40;61.2;26.8;44;67.9;96.3;97;29.1;0.49;0.5;13;4;5;0.2;0.8;REJETEE;presente 5/6 jours , volume irregulier (CV 0.49)
Allemagne;de_gtfsde;;de_gtfsde|493252;60.5;26.8;44;47.7;86;94.4;46.7;1.15;1.07;29;14;4;0;0;REJETEE;identite non resolue , presente 4/6 jours , volume irregulier (CV 1.15)
Allemagne;de_gtfsde;;de_gtfsde|446384;54.5;26.8;49;81.3;96.3;99.1;17.8;1.13;1.1;14;11;4;0;0;REJETEE;identite non resolue , presente 4/6 jours , volume irregulier (CV 1.13)
Australie;au_translink_seq;Deagon station;au_translink_seq|deagonstation@-27.33,153.06;51.5;26.8;52;78.5;92.5;98.1;19.6;0.13;0.2;21;;4;0;0;REJETEE;presente 4/6 jours
Allemagne;de_gtfsde;;de_gtfsde|239819;46.8;26.8;57;53.3;80.4;90.7;37.4;1.11;1.06;29;5;4;0;0;REJETEE;identite non resolue , presente 4/6 jours , volume irregulier (CV 1.11)
Allemagne;de_gtfsde;;de_gtfsde|466753;41.5;26.8;64;38.3;87.9;95.3;57;1.42;1.33;14;19;4;0;0;REJETEE;identite non resolue , presente 4/6 jours , volume irregulier (CV 1.42)
Allemagne;de_gtfsde;;de_gtfsde|451419;30.8;26.8;87;54.2;82.2;94.4;40.2;0.86;0.78;9;10;4;0;0;REJETEE;identite non resolue , presente 4/6 jours , volume irregulier (CV 0.86)
Allemagne;de_gtfsde;;de_gtfsde|579839;83;26.5;32;77.4;93.4;96.2;18.9;1.07;0.99;11;94;4;0;0;REJETEE;identite non resolue , presente 4/6 jours , volume irregulier (CV 1.07)
Allemagne;de_gtfsde;;de_gtfsde|2225;62;26.5;43;50;79.2;91.5;41.5;1.01;0.93;31;6;4;0;0;REJETEE;identite non resolue , presente 4/6 jours , volume irregulier (CV 1.01)
Allemagne;de_gtfsde;;de_gtfsde|340768;55;26.5;48;97.2;100;100;2.8;0.86;0.77;0;59;4;0;0;REJETEE;identite non resolue , presente 4/6 jours , trop parfaite (aucun retard > 5 min) , volume irregulier (CV 0.86)
Australie;au_translink_seq;Banyo station;au_translink_seq|banyostation@-27.37,153.08;52.5;26.5;50;74.5;95.3;99.1;24.5;0.12;0.2;17;;4;0;0;REJETEE;presente 4/6 jours
Allemagne;de_gtfsde;;de_gtfsde|157673;51.8;26.5;51;57.5;84.9;97.2;39.6;1.13;1.05;15;12;4;0;0;REJETEE;identite non resolue , presente 4/6 jours , volume irregulier (CV 1.13)
Allemagne;de_gtfsde;;de_gtfsde|20197;39.5;26.5;67;88.7;97.2;99.1;10.4;1.01;0.98;8;6;4;0;0;REJETEE;identite non resolue , presente 4/6 jours , volume irregulier (CV 1.01)
Pays-Bas;nl_ovapi;Vleuten;nl_ovapi|vleuten@52.10,5.01;35.3;26.5;75;89.9;98.1;99.4;9.4;0.9;0.79;11;101;6;0.17;0;REJETEE;ponctualite 98.1 % > 98 % , volume irregulier (CV 0.90)
Etats-Unis;us_mta_mnr;;us_mta_mnr|106;80.5;26.3;33;46.2;86.7;98.1;51.9;0.12;0.11;13;80;6;0;0;REJETEE;identite non resolue
Allemagne;de_gtfsde;;de_gtfsde|663465;58.8;26.3;45;52.4;90.5;94.3;41.9;1.3;1.25;33;20;4;0;0;REJETEE;identite non resolue , presente 4/6 jours , volume irregulier (CV 1.30)
Allemagne;de_gtfsde;;de_gtfsde|599229;58.5;26.3;45;98.1;100;100;1.9;0.82;0.75;0;58;4;0;0;REJETEE;identite non resolue , presente 4/6 jours , trop parfaite (98 % sous 60 s) , volume irregulier (CV 0.82)
Australie;au_translink_seq;Bindha station;au_translink_seq|bindhastation@-27.38,153.07;52.3;26.3;50;70.5;94.3;99;28.6;0.11;0.19;22;;4;0;0;REJETEE;presente 4/6 jours
Allemagne;de_gtfsde;;de_gtfsde|499477;46;26.3;57;57.1;88.6;94.3;37.1;1.41;1.37;100;17;4;0;0;REJETEE;identite non resolue , presente 4/6 jours , volume irregulier (CV 1.41) , ponctualite erratique (amplitude 100 pt)
Pays-Bas;nl_ovapi;Baarn;nl_ovapi|baarn@52.21,5.28;38.7;26.3;68;60.8;96.2;97.5;36.7;0.58;0.52;29;168;6;0.17;0;REJETEE;volume irregulier (CV 0.58)
Pays-Bas;nl_ovapi;Mook-Molenhoek;nl_ovapi|mookmolenhoek@51.77,5.88;56.4;26.2;46;38.2;91.6;96.9;58.8;0.78;0.66;100;80;5;1.8;0;REJETEE;presente 5/6 jours , volume irregulier (CV 0.78) , ponctualite erratique (amplitude 100 pt)
Allemagne;de_gtfsde;;de_gtfsde|173447;94.8;26;27;76.9;91.3;95.2;18.3;0.98;0.91;100;89;4;0;0;REJETEE;identite non resolue , presente 4/6 jours , volume irregulier (CV 0.98) , ponctualite erratique (amplitude 100 pt)
Allemagne;de_gtfsde;;de_gtfsde|361960;75.8;26;34;41.3;80.8;91.3;50;1.09;1.05;26;7;4;0;0;REJETEE;identite non resolue , presente 4/6 jours , volume irregulier (CV 1.09)
Etats-Unis;us_mta_mnr;;us_mta_mnr|58;71.3;26;36;42.3;85.3;96.2;53.8;0.05;0.03;23;98;6;0;0;REJETEE;identite non resolue
Etats-Unis;us_mta_mnr;;us_mta_mnr|37;51.7;26;50;35.3;79.5;95.5;60.3;0.14;0.13;36;76;6;0;0;REJETEE;identite non resolue
Allemagne;de_gtfsde;;de_gtfsde|159307;50.8;26;51;52.9;81.7;92.3;39.4;0.95;0.83;22;16;4;0;0;REJETEE;identite non resolue , presente 4/6 jours , volume irregulier (CV 0.95)
Allemagne;de_gtfsde;;de_gtfsde|417928;49.5;26;53;54.8;79.8;92.3;37.5;0.78;0.71;41;5;4;0;0;REJETEE;identite non resolue , presente 4/6 jours , volume irregulier (CV 0.78)
Etats-Unis;us_mta_mnr;;us_mta_mnr|133;48.2;26;54;48.5;82.3;93.1;44.6;0.47;0.45;61;8;5;0;0;REJETEE;identite non resolue , presente 5/6 jours , volume irregulier (CV 0.47) , ponctualite erratique (amplitude 61 pt)
Allemagne;de_gtfsde;;de_gtfsde|465955;44.3;26;59;66.3;95.2;97.1;30.8;1.05;1.06;100;12;4;0;0;REJETEE;identite non resolue , presente 4/6 jours , volume irregulier (CV 1.05) , ponctualite erratique (amplitude 100 pt)
Allemagne;de_gtfsde;;de_gtfsde|295885;40.3;26;65;63.5;88.5;96.2;32.7;1.27;1.26;15;6;4;0;0;REJETEE;identite non resolue , presente 4/6 jours , volume irregulier (CV 1.27)
Allemagne;de_gtfsde;;de_gtfsde|96289;39;26;67;70.2;95.2;99;28.8;1.06;1.06;7;10;4;0;0;REJETEE;identite non resolue , presente 4/6 jours , volume irregulier (CV 1.06)
Allemagne;de_gtfsde;;de_gtfsde|385091;98.5;25.8;26;68;88.3;96.1;28.2;1;0.92;27;89;4;0;0;REJETEE;identite non resolue , presente 4/6 jours , volume irregulier (CV 1.00)
Allemagne;de_gtfsde;;de_gtfsde|240434;88.3;25.8;29;80.6;96.1;99;18.4;1.03;0.95;6;103;4;0;0;REJETEE;identite non resolue , presente 4/6 jours , volume irregulier (CV 1.03)
Allemagne;de_gtfsde;;de_gtfsde|289338;69;25.8;37;75.7;86.4;93.2;17.5;1.21;1.16;17;10;4;0;0;REJETEE;identite non resolue , presente 4/6 jours , volume irregulier (CV 1.21)
Etats-Unis;us_mta_mnr;;us_mta_mnr|46;57.7;25.8;45;35.5;80.6;96.8;61.3;0.12;0.16;27;70;6;0;0;REJETEE;identite non resolue
Allemagne;de_gtfsde;;de_gtfsde|469417;49.8;25.8;52;44.7;80.6;88.3;43.7;1.35;1.31;27;13;4;0;0;REJETEE;identite non resolue , presente 4/6 jours , volume irregulier (CV 1.35)
Allemagne;de_gtfsde;;de_gtfsde|238264;45.5;25.8;57;56.3;76.7;80.6;24.3;1.34;1.23;27;16;4;0;0;REJETEE;identite non resolue , presente 4/6 jours , volume irregulier (CV 1.34)
Allemagne;de_gtfsde;;de_gtfsde|609393;43.8;25.8;59;73.8;93.2;99;25.2;1.15;1.12;13;11;4;0;0;REJETEE;identite non resolue , presente 4/6 jours , volume irregulier (CV 1.15)
Allemagne;de_gtfsde;;de_gtfsde|344780;42.3;25.8;61;72.8;90.3;98.1;25.2;1.15;1.1;25;9;4;0;0;REJETEE;identite non resolue , presente 4/6 jours , volume irregulier (CV 1.15)
Allemagne;de_gtfsde;;de_gtfsde|638259;40.3;25.8;64;77.7;96.1;98.1;20.4;0.96;0.92;7;6;4;0;0;REJETEE;identite non resolue , presente 4/6 jours , volume irregulier (CV 0.96)
Allemagne;de_gtfsde;;de_gtfsde|637859;38.8;25.8;66;33;68.9;83.5;50.5;1.29;1.27;38;8;4;0;0;REJETEE;identite non resolue , presente 4/6 jours , volume irregulier (CV 1.29)
Etats-Unis;us_mta_mnr;;us_mta_mnr|84;70.8;25.7;36;49.4;89;96.8;47.4;0.16;0.2;19;62;6;0;0;REJETEE;identite non resolue
Allemagne;de_gtfsde;;de_gtfsde|480474;40.8;25.5;63;32.4;86.3;96.1;63.7;1.42;1.34;17;15;4;0;0;REJETEE;identite non resolue , presente 4/6 jours , volume irregulier (CV 1.42)
Pays-Bas;nl_ovapi;Alphen a/d Rijn;nl_ovapi|alphenadrijn@52.12,4.66;41;25.4;62;95.3;98.4;98.4;3.1;0.63;0.62;17;81;5;0.6;0;REJETEE;presente 5/6 jours , ponctualite 98.4 % > 98 % , volume irregulier (CV 0.63)
Allemagne;de_gtfsde;;de_gtfsde|178117;94.8;25.3;27;78.2;91.1;93.1;14.9;0.99;0.9;12;91;4;0;0;REJETEE;identite non resolue , presente 4/6 jours , volume irregulier (CV 0.99)
Etats-Unis;us_mta_mnr;;us_mta_mnr|59;72;25.3;35;42.1;84.9;96.1;53.9;0.04;0.03;24;98;6;0;0;REJETEE;identite non resolue
Etats-Unis;us_mta_mnr;;us_mta_mnr|88;67.8;25.3;37;52.6;90.8;97.4;44.7;0.19;0.18;17;67;6;0;0;REJETEE;identite non resolue
Allemagne;de_gtfsde;;de_gtfsde|426868;54.8;25.3;46;98;100;100;2;0.86;0.77;100;59;4;0;0;REJETEE;identite non resolue , presente 4/6 jours , trop parfaite (98 % sous 60 s) , volume irregulier (CV 0.86) , ponctualite erratique (amplitude 100 pt)
Allemagne;de_gtfsde;;de_gtfsde|445196;73.5;25;34;13;49;72;59;1.21;1.15;53;16;4;0;0;REJETEE;identite non resolue , presente 4/6 jours , volume irregulier (CV 1.21)
Allemagne;de_gtfsde;;de_gtfsde|181677;56;25;45;47;75;87;40;0.87;0.79;28;7;4;0;0;REJETEE;identite non resolue , presente 4/6 jours , volume irregulier (CV 0.87)
Allemagne;de_gtfsde;;de_gtfsde|12971;47;25;53;33;70;91;58;1.19;1.12;37;12;4;0;0;REJETEE;identite non resolue , presente 4/6 jours , volume irregulier (CV 1.19)
Allemagne;de_gtfsde;;de_gtfsde|220292;43;25;58;30;51;77;47;1.35;1.3;55;17;4;0;0;REJETEE;identite non resolue , presente 4/6 jours , volume irregulier (CV 1.35)
Allemagne;de_gtfsde;;de_gtfsde|93117;40;25;63;38;70;93;55;0.92;0.9;41;12;4;0;0;REJETEE;identite non resolue , presente 4/6 jours , volume irregulier (CV 0.92)
Allemagne;de_gtfsde;;de_gtfsde|382010;39;25;64;57;91;95;38;1.11;1.01;14;8;4;0;0;REJETEE;identite non resolue , presente 4/6 jours , volume irregulier (CV 1.11)
Allemagne;de_gtfsde;;de_gtfsde|193433;35.8;25;70;29;65;75;46;1.27;1.25;50;11;4;0;0;REJETEE;identite non resolue , presente 4/6 jours , volume irregulier (CV 1.27)
France;fr_sncf;Bordeaux Saint-Jean;fr_sncf|UIC87581009;101.5;24.8;24;60.4;80.5;88.6;28.2;0.49;0.49;39;201;6;9.67;2.67;REJETEE;volume irregulier (CV 0.49)
France;fr_sncf;Marseille Saint-Charles;fr_sncf|UIC87751008;94.2;24.8;26;70.5;75.8;86.6;16.1;0.46;0.44;54;116;6;1.5;0.33;REJETEE;volume irregulier (CV 0.46)
Allemagne;de_gtfsde;;de_gtfsde|103159;69.8;24.8;35;51.5;83.8;92.9;41.4;1;0.92;31;10;4;0;0;REJETEE;identite non resolue , presente 4/6 jours , volume irregulier (CV 1.00)
Allemagne;de_gtfsde;Saarbrücken Hbf;de_gtfsde|saarbrckenhbf@49.24,6.99;57;24.8;44;60.5;83.9;94.4;33.9;0.75;0.8;27;291;5;0;0;REJETEE;presente 5/6 jours , volume irregulier (CV 0.75)
Allemagne;de_gtfsde;;de_gtfsde|402597;56.8;24.8;44;67.7;90.9;94.9;27.3;1.19;1.11;12;20;4;0;0;REJETEE;identite non resolue , presente 4/6 jours , volume irregulier (CV 1.19)
Australie;au_translink_seq;Sandgate station;au_translink_seq|sandgatestation@-27.32,153.07;51.3;24.8;48;76.8;93.9;98;21.2;0.11;0.19;22;;4;0;0;REJETEE;presente 4/6 jours
Allemagne;de_gtfsde;;de_gtfsde|478151;49.3;24.8;50;42.4;77.8;94.9;52.5;1.17;1.13;100;19;4;0;0;REJETEE;identite non resolue , presente 4/6 jours , volume irregulier (CV 1.17) , ponctualite erratique (amplitude 100 pt)
Allemagne;de_gtfsde;;de_gtfsde|410538;38.5;24.8;64;38.4;76.8;85.9;47.5;1.23;1.2;30;12;4;0;0;REJETEE;identite non resolue , presente 4/6 jours , volume irregulier (CV 1.23)
Allemagne;de_gtfsde;;de_gtfsde|478807;38.5;24.8;64;80.8;94.9;98;17.2;1.03;0.99;8;6;4;0;0;REJETEE;identite non resolue , presente 4/6 jours , volume irregulier (CV 1.03)
Etats-Unis;us_mta_mnr;;us_mta_mnr|64;80.7;24.7;31;47.3;88.5;96.6;49.3;0.1;0.08;19;86;6;0;0;REJETEE;identite non resolue
Allemagne;de_gtfsde;;de_gtfsde|440958;72.3;24.5;34;34.7;69.4;77.6;42.9;0.92;0.9;34;11;4;0;0;REJETEE;identite non resolue , presente 4/6 jours , volume irregulier (CV 0.92)
Allemagne;de_gtfsde;;de_gtfsde|502918;59.8;24.5;41;34.7;74.5;94.9;60.2;1.3;1.24;43;27;4;0;0;REJETEE;identite non resolue , presente 4/6 jours , volume irregulier (CV 1.30)
Allemagne;de_gtfsde;;de_gtfsde|521176;52.8;24.5;46;55.1;90.8;96.9;41.8;0.88;0.86;14;9;4;0;0;REJETEE;identite non resolue , presente 4/6 jours , volume irregulier (CV 0.88)
Allemagne;de_gtfsde;;de_gtfsde|559328;51;24.5;48;58.2;76.5;92.9;34.7;1.14;1.06;36;9;4;0;0;REJETEE;identite non resolue , presente 4/6 jours , volume irregulier (CV 1.14)
Allemagne;de_gtfsde;;de_gtfsde|646128;44.3;24.5;55;84.7;98;99;14.3;1.03;0.99;8;11;4;0;0;REJETEE;identite non resolue , presente 4/6 jours , volume irregulier (CV 1.03)
Allemagne;de_gtfsde;;de_gtfsde|260908;43.8;24.5;56;67.3;91.8;98;30.6;1.18;1.19;33;13;4;0;0;REJETEE;identite non resolue , presente 4/6 jours , volume irregulier (CV 1.18)
Pays-Bas;nl_ovapi;Enkhuizen;nl_ovapi|enkhuizen@52.70,5.29;43.2;24.5;57;89.8;97.3;99.3;9.5;0.41;0.39;6;122;6;0;0;REJETEE;volume irregulier (CV 0.41)
Allemagne;de_gtfsde;;de_gtfsde|15618;41.5;24.5;59;89.8;100;100;10.2;1.29;1.23;0;23;4;0;0;REJETEE;identite non resolue , presente 4/6 jours , trop parfaite (aucun retard > 5 min) , volume irregulier (CV 1.29)
Allemagne;de_gtfsde;;de_gtfsde|234741;38;24.5;64;33.7;76.5;89.8;56.1;1.35;1.33;50;6;4;0;0;REJETEE;identite non resolue , presente 4/6 jours , volume irregulier (CV 1.35)
Pays-Bas;nl_ovapi;Arnhem Presikhaaf;nl_ovapi|arnhempresikhaaf@51.99,5.94;36.4;24.4;67;73;95.9;99.2;26.2;0.76;0.75;25;96;5;0.2;0;REJETEE;presente 5/6 jours , volume irregulier (CV 0.76)
Allemagne;de_gtfsde;;de_gtfsde|430815;97.8;24.3;25;82.5;93.8;97.9;15.5;1;0.92;7;91;4;0;0;REJETEE;identite non resolue , presente 4/6 jours , volume irregulier (CV 1.00)
France;fr_sncf;Paris Gare du Nord;fr_sncf|UIC87271007;86.7;24.3;28;68.5;86.3;95.9;27.4;0.82;0.79;100;353;6;0.83;0.17;REJETEE;volume irregulier (CV 0.82) , ponctualite erratique (amplitude 100 pt)
Pays-Bas;nl_ovapi;Heerlen;nl_ovapi|heerlen@50.89,5.97;61.5;24.3;40;68.5;93.2;99.3;30.8;0.9;0.82;25;42;6;2.17;0;REJETEE;volume irregulier (CV 0.90)
Allemagne;de_gtfsde;;de_gtfsde|223335;50.5;24.3;48;49.5;80.4;91.8;42.3;1.4;1.34;22;12;4;0;0;REJETEE;identite non resolue , presente 4/6 jours , volume irregulier (CV 1.40)
Allemagne;de_gtfsde;;de_gtfsde|159463;48.3;24.3;50;84.5;100;100;15.5;1.32;1.3;0;5;4;0;0;REJETEE;identite non resolue , presente 4/6 jours , trop parfaite (aucun retard > 5 min) , volume irregulier (CV 1.32)
Allemagne;de_gtfsde;;de_gtfsde|498988;39;24.3;62;81.4;99;100;18.6;1.13;1.08;4;12;4;0;0;REJETEE;identite non resolue , presente 4/6 jours , ponctualite 99.0 % > 98 % , volume irregulier (CV 1.13)
Allemagne;de_gtfsde;;de_gtfsde|239194;38;24.3;64;72.2;97.9;100;27.8;1.09;1.02;4;10;4;0;0;REJETEE;identite non resolue , presente 4/6 jours , volume irregulier (CV 1.09)
Etats-Unis;us_mta_lirr;;us_mta_lirr|125;31;24.3;78;53.6;87.6;100;46.4;0.92;0.84;17;376;4;0.25;0;REJETEE;identite non resolue , presente 4/6 jours , volume irregulier (CV 0.92)
Etats-Unis;us_mta_mnr;;us_mta_mnr|65;80.8;24.2;30;46.9;88.3;96.6;49.7;0.11;0.08;19;85;6;0;0;REJETEE;identite non resolue
Pays-Bas;nl_ovapi;Velp;nl_ovapi|velp@52.00,5.98;36.4;24.2;66;70.2;95.9;99.2;28.9;0.77;0.75;25;96;5;0.2;0;REJETEE;presente 5/6 jours , volume irregulier (CV 0.77)
Etats-Unis;us_mbta;North Station;us_mbta|northstation@42.37,-71.06;36.2;24.2;67;100;100;100;0;0.51;0.47;0;82;6;0;0;REJETEE;trop parfaite (100 % sous 60 s) , volume irregulier (CV 0.51)
Pays-Bas;nl_ovapi;Tegelen;nl_ovapi|tegelen@51.34,6.14;29.6;24.2;82;24;93.4;99.2;75.2;0.63;0.55;11;57;5;0;0;REJETEE;presente 5/6 jours , volume irregulier (CV 0.63)
Pays-Bas;nl_ovapi;Reuver;nl_ovapi|reuver@51.28,6.08;29.2;24.2;83;43.8;97.5;100;56.2;0.63;0.55;5;59;5;0;0;REJETEE;presente 5/6 jours , volume irregulier (CV 0.63)
Allemagne;de_gtfsde;;de_gtfsde|583924;60.8;24;40;61.5;89.6;94.8;33.3;1.32;1.26;21;18;4;0;0;REJETEE;identite non resolue , presente 4/6 jours , volume irregulier (CV 1.32)
Allemagne;de_gtfsde;;de_gtfsde|576465;50;24;48;78.1;93.8;94.8;16.7;1.24;1.25;20;17;4;0;0;REJETEE;identite non resolue , presente 4/6 jours , volume irregulier (CV 1.24)
Allemagne;de_gtfsde;;de_gtfsde|162085;46.8;24;51;78.1;100;100;21.9;1.16;1.12;0;5;4;0;0;REJETEE;identite non resolue , presente 4/6 jours , trop parfaite (aucun retard > 5 min) , volume irregulier (CV 1.16)
Allemagne;de_gtfsde;;de_gtfsde|248747;46.5;24;52;59.4;89.6;94.8;35.4;1.41;1.35;17;19;4;0;0;REJETEE;identite non resolue , presente 4/6 jours , volume irregulier (CV 1.41)
Allemagne;de_gtfsde;;de_gtfsde|175964;43;24;56;63.5;90.6;97.9;34.4;1.08;1.09;33;9;4;0;0;REJETEE;identite non resolue , presente 4/6 jours , volume irregulier (CV 1.08)
Allemagne;de_gtfsde;;de_gtfsde|575001;39.8;24;60;63.5;84.4;91.7;28.1;1.27;1.21;50;12;4;0;0;REJETEE;identite non resolue , presente 4/6 jours , volume irregulier (CV 1.27)
Allemagne;de_gtfsde;;de_gtfsde|562979;82.3;23.8;29;54.7;90.5;97.9;43.2;1.31;1.23;11;25;4;0;0;REJETEE;identite non resolue , presente 4/6 jours , volume irregulier (CV 1.31)
Etats-Unis;us_mta_mnr;;us_mta_mnr|66;80.7;23.8;30;46.9;88.1;96.5;49.7;0.12;0.08;21;86;6;0;0;REJETEE;identite non resolue
Etats-Unis;us_mta_mnr;;us_mta_mnr|57;68;23.8;35;40.6;86.7;96.5;55.9;0.04;0.04;23;106;6;0;0;REJETEE;identite non resolue
Etats-Unis;us_mta_mnr;;us_mta_mnr|86;63.2;23.8;38;49.7;89.5;97.2;47.6;0.17;0.14;17;73;6;0;0;REJETEE;identite non resolue
Allemagne;de_gtfsde;;de_gtfsde|63682;58;23.8;41;97.9;100;100;2.1;0.82;0.75;0;59;4;0;0;REJETEE;identite non resolue , presente 4/6 jours , trop parfaite (aucun retard > 5 min) , volume irregulier (CV 0.82)
Etats-Unis;us_mta_mnr;;us_mta_mnr|49;50.8;23.8;47;35;79;96.5;61.5;0.34;0.35;28;41;6;0;0;REJETEE;identite non resolue
Allemagne;de_gtfsde;;de_gtfsde|478867;46.3;23.8;51;29.5;69.5;81.1;51.6;1.19;1.15;34;5;4;0;0;REJETEE;identite non resolue , presente 4/6 jours , volume irregulier (CV 1.19)
Allemagne;de_gtfsde;;de_gtfsde|360551;42.5;23.8;56;50.5;76.8;93.7;43.2;0.96;0.98;81;23;4;0;0;REJETEE;identite non resolue , presente 4/6 jours , volume irregulier (CV 0.96) , ponctualite erratique (amplitude 81 pt)
Allemagne;de_gtfsde;;de_gtfsde|315362;41.8;23.8;57;65.3;92.6;98.9;33.7;1.12;1.06;9;5;4;0;0;REJETEE;identite non resolue , presente 4/6 jours , volume irregulier (CV 1.12)
Allemagne;de_gtfsde;;de_gtfsde|528770;40;23.8;59;69.5;96.8;97.9;28.4;1.09;1.03;8;8;4;0;0;REJETEE;identite non resolue , presente 4/6 jours , volume irregulier (CV 1.09)
Allemagne;de_gtfsde;;de_gtfsde|528819;39.8;23.8;60;73.7;96.8;100;26.3;1.01;1.02;8;12;4;0;0;REJETEE;identite non resolue , presente 4/6 jours , volume irregulier (CV 1.01)
Allemagne;de_gtfsde;;de_gtfsde|182221;39.3;23.8;61;36.8;78.9;95.8;58.9;1.13;1.13;75;10;4;0;0;REJETEE;identite non resolue , presente 4/6 jours , volume irregulier (CV 1.13) , ponctualite erratique (amplitude 75 pt)
Etats-Unis;us_mta_mnr;;us_mta_mnr|71;82.2;23.7;29;38;84.5;95.8;57.7;0.25;0.25;29;55;6;0;0;REJETEE;identite non resolue
Etats-Unis;us_mta_mnr;;us_mta_mnr|61;69.3;23.7;34;45.1;87.3;96.5;51.4;0.07;0.04;23;104;6;0;0;REJETEE;identite non resolue
Etats-Unis;us_mta_mnr;;us_mta_mnr|30;68.2;23.7;35;52.8;94.4;100;47.2;0.17;0.18;13;66;6;0;0;REJETEE;identite non resolue
Allemagne;de_gtfsde;;de_gtfsde|635189;94.8;23.5;25;74.5;91.5;95.7;21.3;0.98;0.91;100;89;4;0;0;REJETEE;identite non resolue , presente 4/6 jours , volume irregulier (CV 0.98) , ponctualite erratique (amplitude 100 pt)
Etats-Unis;us_mta_mnr;;us_mta_mnr|94;87.2;23.5;27;51.8;95.7;98.6;46.8;0.15;0.15;12;73;6;0;0;REJETEE;identite non resolue
Etats-Unis;us_mta_mnr;;us_mta_mnr|55;66.3;23.5;35;40.4;86.5;96.5;56;0.05;0.05;23;107;6;0;0;REJETEE;identite non resolue
Etats-Unis;us_mta_mnr;;us_mta_mnr|54;66.3;23.5;35;41.1;86.5;96.5;55.3;0.04;0.05;23;107;6;0;0;REJETEE;identite non resolue
Allemagne;de_gtfsde;;de_gtfsde|508916;51.3;23.5;46;31.9;70.2;87.2;55.3;1.11;1.09;12;15;4;0;0;REJETEE;identite non resolue , presente 4/6 jours , volume irregulier (CV 1.11)
Allemagne;de_gtfsde;;de_gtfsde|282662;42.5;23.5;55;50;74.5;84;34;1.11;1.04;33;11;4;0;0;REJETEE;identite non resolue , presente 4/6 jours , volume irregulier (CV 1.11)
Allemagne;de_gtfsde;;de_gtfsde|294917;36.5;23.5;64;45.7;89.4;92.6;46.8;1.19;1.15;13;8;4;0;0;REJETEE;identite non resolue , presente 4/6 jours , volume irregulier (CV 1.19)
Allemagne;de_gtfsde;;de_gtfsde|460693;35.8;23.5;66;76.6;93.6;95.7;19.1;1.16;1.13;7;6;4;0;0;REJETEE;identite non resolue , presente 4/6 jours , volume irregulier (CV 1.16)
Pays-Bas;nl_ovapi;Swalmen;nl_ovapi|swalmen@51.24,6.03;28.8;23.4;81;42.7;97.4;100;57.3;0.62;0.54;10;60;5;0;0;REJETEE;presente 5/6 jours , volume irregulier (CV 0.62)
Etats-Unis;us_mta_mnr;;us_mta_mnr|9;54.7;23.3;43;42.9;93.6;100;57.1;0.14;0.14;20;73;6;0;0;REJETEE;identite non resolue
Allemagne;de_gtfsde;;de_gtfsde|211157;51;23.3;46;34.4;68.8;88.2;53.8;0.94;0.89;44;11;4;0;0;REJETEE;identite non resolue , presente 4/6 jours , volume irregulier (CV 0.94)
Allemagne;de_gtfsde;;de_gtfsde|216163;44.5;23.3;52;63.4;87.1;95.7;32.3;1.07;0.98;16;7;4;0;0;REJETEE;identite non resolue , presente 4/6 jours , volume irregulier (CV 1.07)
Allemagne;de_gtfsde;;de_gtfsde|520269;44.5;23.3;52;58.1;89.2;94.6;36.6;1.16;1.17;29;14;4;0;0;REJETEE;identite non resolue , presente 4/6 jours , volume irregulier (CV 1.16)
Allemagne;de_gtfsde;;de_gtfsde|70193;42;23.3;55;34.4;86;96.8;62.4;1.3;1.3;100;15;4;0;0;REJETEE;identite non resolue , presente 4/6 jours , volume irregulier (CV 1.30) , ponctualite erratique (amplitude 100 pt)
Allemagne;de_gtfsde;;de_gtfsde|607405;40.3;23.3;58;40.9;88.2;95.7;54.8;1.42;1.33;25;20;4;0;0;REJETEE;identite non resolue , presente 4/6 jours , volume irregulier (CV 1.42)
Allemagne;de_gtfsde;;de_gtfsde|68586;38.3;23.3;61;36.6;71;84.9;48.4;1.2;1.2;50;12;4;0;0;REJETEE;identite non resolue , presente 4/6 jours , volume irregulier (CV 1.20)
Allemagne;de_gtfsde;;de_gtfsde|572861;34.5;23.3;67;35.5;64.5;78.5;43;1.33;1.32;68;9;4;0;0;REJETEE;identite non resolue , presente 4/6 jours , volume irregulier (CV 1.33) , ponctualite erratique (amplitude 68 pt)
Allemagne;de_gtfsde;;de_gtfsde|507356;32;23.3;73;29;71;81.7;52.7;1.35;1.31;33;7;4;0;0;REJETEE;identite non resolue , presente 4/6 jours , volume irregulier (CV 1.35)
Etats-Unis;us_mta_mnr;;us_mta_mnr|72;82.2;23.2;28;39.6;84.2;95.7;56.1;0.25;0.25;30;55;6;0;0;REJETEE;identite non resolue
Etats-Unis;us_mta_mnr;;us_mta_mnr|91;66.7;23.2;35;52.5;92.1;97.8;45.3;0.13;0.18;17;68;6;0;0;REJETEE;identite non resolue
France;fr_sncf;Juvisy;fr_sncf|UIC87545244;56.5;23.2;41;54.7;77;89.9;35.3;0.72;0.64;34;146;6;5;0.17;REJETEE;volume irregulier (CV 0.72)
Etats-Unis;us_mta_mnr;;us_mta_mnr|10;54.7;23.2;42;43.2;93.5;100;56.8;0.14;0.14;21;73;6;0;0;REJETEE;identite non resolue
Allemagne;de_gtfsde;Leipzig Coppiplatz;de_gtfsde|leipzigcoppiplatz@51.37,12.37;38.2;23.2;61;67.2;96.6;100;32.8;1.19;1.13;25;29;5;0;0;REJETEE;presente 5/6 jours , volume irregulier (CV 1.19)
Etats-Unis;us_mta_mnr;;us_mta_mnr|81;62.7;23;37;50.7;89.1;96.4;45.7;0.16;0.14;17;73;6;0;0;REJETEE;identite non resolue
Allemagne;de_gtfsde;;de_gtfsde|225933;45.8;23;50;81.5;100;100;18.5;1.15;1.1;0;5;4;0;0;REJETEE;identite non resolue , presente 4/6 jours , trop parfaite (aucun retard > 5 min) , volume irregulier (CV 1.15)
Allemagne;de_gtfsde;;de_gtfsde|349450;45.8;23;50;80.4;100;100;19.6;1.16;1.13;0;5;4;0;0;REJETEE;identite non resolue , presente 4/6 jours , trop parfaite (aucun retard > 5 min) , volume irregulier (CV 1.16)
Allemagne;de_gtfsde;;de_gtfsde|628254;39;23;59;18.5;68.5;91.3;72.8;1.15;1.14;71;8;4;0;0;REJETEE;identite non resolue , presente 4/6 jours , volume irregulier (CV 1.15) , ponctualite erratique (amplitude 71 pt)
Allemagne;de_gtfsde;;de_gtfsde|544943;38.8;23;59;34.8;77.2;93.5;58.7;1.12;1.11;67;10;4;0;0;REJETEE;identite non resolue , presente 4/6 jours , volume irregulier (CV 1.12) , ponctualite erratique (amplitude 67 pt)
Pays-Bas;nl_ovapi;Oudenbosch;nl_ovapi|oudenbosch@51.59,4.53;35.2;23;65;89.6;100;100;10.4;0.79;0.73;0;9;5;0.2;0;REJETEE;presente 5/6 jours , trop parfaite (aucun retard > 5 min) , volume irregulier (CV 0.79)
Allemagne;de_gtfsde;;de_gtfsde|333631;32.8;23;70;25;45.7;63;38;1.43;1.4;58;9;4;0;0;REJETEE;identite non resolue , presente 4/6 jours , volume irregulier (CV 1.43)
Allemagne;de_gtfsde;;de_gtfsde|215342;30.5;23;75;54.3;87;91.3;37;0.84;0.79;21;10;4;0;0;REJETEE;identite non resolue , presente 4/6 jours , volume irregulier (CV 0.84)
Etats-Unis;us_mta_mnr;;us_mta_mnr|68;86.3;22.8;26;43.1;87.6;96.4;53.3;0.11;0.05;21;91;6;0;0;REJETEE;identite non resolue
Etats-Unis;us_mta_mnr;;us_mta_mnr|29;64.2;22.8;36;54.7;94.9;100;45.3;0.17;0.17;14;67;6;0;0;REJETEE;identite non resolue
Etats-Unis;us_mta_mnr;;us_mta_mnr|43;52.5;22.8;43;36.5;78.8;95.6;59.1;0.08;0.1;38;80;6;0;0;REJETEE;identite non resolue
Allemagne;de_gtfsde;;de_gtfsde|482051;43.5;22.8;52;38.5;80.2;95.6;57.1;0.95;0.84;27;9;4;0;0;REJETEE;identite non resolue , presente 4/6 jours , volume irregulier (CV 0.95)
Allemagne;de_gtfsde;;de_gtfsde|495953;42.3;22.8;54;52.7;70.3;78;25.3;1.18;1.17;36;17;4;0;0;REJETEE;identite non resolue , presente 4/6 jours , volume irregulier (CV 1.18)
Allemagne;de_gtfsde;;de_gtfsde|358586;39.8;22.8;57;48.4;90.1;96.7;48.4;1.09;1;50;10;4;0;0;REJETEE;identite non resolue , presente 4/6 jours , volume irregulier (CV 1.09)
Pays-Bas;nl_ovapi;Overveen;nl_ovapi|overveen@52.39,4.61;39.3;22.8;58;45.1;98.9;100;54.9;0.49;0.61;3;406;4;0;0;REJETEE;presente 4/6 jours , ponctualite 98.9 % > 98 % , volume irregulier (CV 0.49)
Etats-Unis;us_mta_lirr;;us_mta_lirr|211;31;22.8;73;59.3;95.6;100;40.7;0.99;0.93;7;402;4;0;0;REJETEE;identite non resolue , presente 4/6 jours , volume irregulier (CV 0.99)
Etats-Unis;us_mta_mnr;;us_mta_mnr|90;62.5;22.7;36;51.5;90.4;97.8;46.3;0.12;0.14;17;75;6;0;0;REJETEE;identite non resolue
Etats-Unis;us_mta_mnr;;us_mta_mnr|89;62.5;22.7;36;51.5;90.4;97.8;46.3;0.15;0.14;17;75;6;0;0;REJETEE;identite non resolue
Etats-Unis;us_mta_mnr;;us_mta_mnr|17;56.8;22.7;40;44.1;92.6;100;55.9;0.1;0.11;25;80;6;0;0;REJETEE;identite non resolue
Etats-Unis;us_mta_mnr;;us_mta_mnr|42;52.5;22.7;43;35.3;78.7;95.6;60.3;0.08;0.1;38;80;6;0;0;REJETEE;identite non resolue
Allemagne;de_gtfsde;;de_gtfsde|574972;63;22.5;36;76.7;96.7;97.8;21.1;0.78;0.71;6;63;4;0;0;REJETEE;identite non resolue , presente 4/6 jours , volume irregulier (CV 0.78)
Allemagne;de_gtfsde;;de_gtfsde|483779;56;22.5;40;57.8;85.6;95.6;37.8;1.09;1.05;17;13;4;0;0;REJETEE;identite non resolue , presente 4/6 jours , volume irregulier (CV 1.09)
Allemagne;de_gtfsde;Düren;de_gtfsde|dren@50.81,6.48;50;22.5;45;46.7;76.3;90.4;43.7;0.83;0.79;45;108;6;0;0;REJETEE;volume irregulier (CV 0.83)
Allemagne;de_gtfsde;;de_gtfsde|8816;44.3;22.5;51;46.7;80;92.2;45.6;0.94;0.85;24;7;4;0;0;REJETEE;identite non resolue , presente 4/6 jours , volume irregulier (CV 0.94)
Allemagne;de_gtfsde;;de_gtfsde|98988;43.8;22.5;51;32.2;80;95.6;63.3;0.99;0.88;26;9;4;0;0;REJETEE;identite non resolue , presente 4/6 jours , volume irregulier (CV 0.99)
Allemagne;de_gtfsde;;de_gtfsde|260163;43.5;22.5;52;52.2;80;93.3;41.1;1.17;1.06;36;11;4;0;0;REJETEE;identite non resolue , presente 4/6 jours , volume irregulier (CV 1.17)
Allemagne;de_gtfsde;;de_gtfsde|320412;42.3;22.5;53;70;91.1;98.9;28.9;1.14;1.09;17;13;4;0;0;REJETEE;identite non resolue , presente 4/6 jours , volume irregulier (CV 1.14)
Allemagne;de_gtfsde;;de_gtfsde|33426;38.3;22.5;59;60;80;94.4;34.4;1.07;1.06;29;8;4;0;0;REJETEE;identite non resolue , presente 4/6 jours , volume irregulier (CV 1.07)
Pays-Bas;nl_ovapi;Haarlem Spaarnwoude;nl_ovapi|haarlemspaarnwoude@52.38,4.67;37;22.5;61;62.2;98.5;99.3;37;0.59;0.51;4;204;6;0.17;0;REJETEE;ponctualite 98.5 % > 98 % , volume irregulier (CV 0.59)
Allemagne;de_gtfsde;;de_gtfsde|649682;36;22.5;63;32.2;74.4;91.1;58.9;1.36;1.31;29;9;4;0;0;REJETEE;identite non resolue , presente 4/6 jours , volume irregulier (CV 1.36)
Allemagne;de_gtfsde;;de_gtfsde|354640;34.5;22.5;65;81.1;97.8;100;18.9;1.01;0.96;4;18;4;0;0;REJETEE;identite non resolue , presente 4/6 jours , volume irregulier (CV 1.01)
Etats-Unis;us_mta_mnr;;us_mta_mnr|85;59.7;22.3;37;49.3;89.6;97.8;48.5;0.12;0.11;18;79;6;0;0;REJETEE;identite non resolue
Allemagne;de_gtfsde;;de_gtfsde|89764;47.8;22.3;47;92.1;100;100;7.9;1.29;1.28;0;5;4;0;0;REJETEE;identite non resolue , presente 4/6 jours , trop parfaite (aucun retard > 5 min) , volume irregulier (CV 1.29)
Allemagne;de_gtfsde;Meckenheim Lüftelberg Kottenforst Bf;de_gtfsde|meckenheimlftelbergkottenforstbf@50.66,7.02;46;22.3;48;74.2;100;100;25.8;1.13;1.07;0;35;4;0;0;REJETEE;presente 4/6 jours , trop parfaite (aucun retard > 5 min) , volume irregulier (CV 1.13)
Allemagne;de_gtfsde;;de_gtfsde|57505;41.5;22.3;54;33.7;65.2;83.1;49.4;1.12;1.08;38;7;4;0;0;REJETEE;identite non resolue , presente 4/6 jours , volume irregulier (CV 1.12)
Allemagne;de_gtfsde;;de_gtfsde|361117;40.5;22.3;55;58.4;86.5;93.3;34.8;1.42;1.38;16;20;4;0;0;REJETEE;identite non resolue , presente 4/6 jours , volume irregulier (CV 1.42)
Allemagne;de_gtfsde;;de_gtfsde|572869;39.5;22.3;56;58.4;83.1;88.8;30.3;1.09;1.02;19;12;4;0;0;REJETEE;identite non resolue , presente 4/6 jours , volume irregulier (CV 1.09)
Allemagne;de_gtfsde;;de_gtfsde|120864;37.3;22.3;60;70.8;94.4;96.6;25.8;1.18;1.08;15;10;4;0;0;REJETEE;identite non resolue , presente 4/6 jours , volume irregulier (CV 1.18)
Allemagne;de_gtfsde;;de_gtfsde|307823;33;22.3;67;34.8;55.1;78.7;43.8;1.33;1.3;59;14;4;0;0;REJETEE;identite non resolue , presente 4/6 jours , volume irregulier (CV 1.33)
Etats-Unis;us_mta_lirr;;us_mta_lirr|225;29;22.3;77;43.8;94.4;100;56.2;0.88;0.82;9;382;4;0.75;0;REJETEE;identite non resolue , presente 4/6 jours , volume irregulier (CV 0.88)
Allemagne;de_gtfsde;;de_gtfsde|624898;58;22;38;98.9;100;100;1.1;0.83;0.76;0;59;4;0;0;REJETEE;identite non resolue , presente 4/6 jours , trop parfaite (99 % sous 60 s) , volume irregulier (CV 0.83)
Allemagne;de_gtfsde;;de_gtfsde|334806;42;22;52;48.9;75;88.6;39.8;0.92;0.9;33;11;4;0;0;REJETEE;identite non resolue , presente 4/6 jours , volume irregulier (CV 0.92)
Allemagne;de_gtfsde;;de_gtfsde|400737;34.5;22;64;27.3;67;90.9;63.6;1.21;1.18;71;7;4;0;0;REJETEE;identite non resolue , presente 4/6 jours , volume irregulier (CV 1.21) , ponctualite erratique (amplitude 71 pt)
Allemagne;de_gtfsde;;de_gtfsde|237772;33.5;22;66;75;95.5;98.9;23.9;1.12;1.13;6;7;4;0;0;REJETEE;identite non resolue , presente 4/6 jours , volume irregulier (CV 1.12)
Allemagne;de_gtfsde;;de_gtfsde|154307;33.3;22;66;23.9;64.8;88.6;64.8;1.17;1.19;50;7;4;0;0;REJETEE;identite non resolue , presente 4/6 jours , volume irregulier (CV 1.17)
Allemagne;de_gtfsde;;de_gtfsde|125133;32.5;22;68;29.5;47.7;61.4;31.8;1.43;1.43;67;7;4;0;0;REJETEE;identite non resolue , presente 4/6 jours , volume irregulier (CV 1.43) , ponctualite erratique (amplitude 67 pt)
Allemagne;de_gtfsde;;de_gtfsde|36493;31.5;22;70;13.6;68.2;95.5;81.8;1.45;1.37;67;18;4;0;0;REJETEE;identite non resolue , presente 4/6 jours , volume irregulier (CV 1.45) , ponctualite erratique (amplitude 67 pt)
France;fr_sncf;Strasbourg;fr_sncf|UIC87212027;120.7;21.8;18;77.1;88.5;93.1;16;0.7;0.79;21;406;6;0.33;0;REJETEE;volume irregulier (CV 0.70)
Allemagne;de_gtfsde;;de_gtfsde|89195;55.3;21.8;39;54;75.9;87.4;33.3;0.96;0.92;32;13;4;0;0;REJETEE;identite non resolue , presente 4/6 jours , volume irregulier (CV 0.96)
Allemagne;de_gtfsde;;de_gtfsde|265432;51.5;21.8;42;39.1;74.7;89.7;50.6;0.99;0.89;20;11;4;0;0;REJETEE;identite non resolue , presente 4/6 jours , volume irregulier (CV 0.99)
Allemagne;de_gtfsde;;de_gtfsde|390526;41.8;21.8;52;57.5;87.4;100;42.5;1.07;1.07;16;9;4;0;0;REJETEE;identite non resolue , presente 4/6 jours , volume irregulier (CV 1.07)
Allemagne;de_gtfsde;;de_gtfsde|149672;41.3;21.8;53;42.5;81.6;95.4;52.9;1.36;1.31;25;6;4;0;0;REJETEE;identite non resolue , presente 4/6 jours , volume irregulier (CV 1.36)
Allemagne;de_gtfsde;;de_gtfsde|394825;38;21.8;57;49.4;88.5;94.3;44.8;1.19;1.17;16;23;4;0;0;REJETEE;identite non resolue , presente 4/6 jours , volume irregulier (CV 1.19)
Etats-Unis;us_mta_lirr;;us_mta_lirr|55;29.4;21.8;74;56;89;99.1;43.1;0.94;0.88;17;174;5;0.2;0;REJETEE;identite non resolue , presente 5/6 jours , volume irregulier (CV 0.94)
Etats-Unis;us_mta_lirr;;us_mta_lirr|183;28.8;21.8;76;40.2;90.8;100;59.8;0.87;0.83;14;390;4;0.75;0;REJETEE;identite non resolue , presente 4/6 jours , volume irregulier (CV 0.87)
Etats-Unis;us_mta_mnr;;us_mta_mnr|24;62.2;21.7;35;56.2;93.8;100;43.8;0.17;0.16;19;70;6;0;0;REJETEE;identite non resolue
Allemagne;de_gtfsde;;de_gtfsde|663923;74.5;21.5;29;84.9;96.5;100;15.1;0.86;0.82;4;85;4;0;0;REJETEE;identite non resolue , presente 4/6 jours , volume irregulier (CV 0.86)
Etats-Unis;us_mta_mnr;;us_mta_mnr|80;61.3;21.5;35;49.6;88.4;96.1;46.5;0.21;0.17;22;68;6;0;0;REJETEE;identite non resolue
Allemagne;de_gtfsde;;de_gtfsde|515396;58;21.5;37;96.5;100;100;3.5;0.83;0.76;0;59;4;0;0;REJETEE;identite non resolue , presente 4/6 jours , trop parfaite (aucun retard > 5 min) , volume irregulier (CV 0.83)
Allemagne;de_gtfsde;;de_gtfsde|638451;54.8;21.5;39;46.5;75.6;86;39.5;1;0.92;46;25;4;0;0;REJETEE;identite non resolue , presente 4/6 jours , volume irregulier (CV 1.00)
Allemagne;de_gtfsde;;de_gtfsde|523731;49;21.5;44;36;68.6;90.7;54.7;1.36;1.3;40;14;4;0;0;REJETEE;identite non resolue , presente 4/6 jours , volume irregulier (CV 1.36)
Allemagne;de_gtfsde;;de_gtfsde|386789;47.8;21.5;45;48.8;81.4;89.5;40.7;1.13;1.09;47;27;4;0;0;REJETEE;identite non resolue , presente 4/6 jours , volume irregulier (CV 1.13)
Allemagne;de_gtfsde;;de_gtfsde|571564;45.3;21.5;48;82.6;100;100;17.4;1.15;1.12;0;5;4;0;0;REJETEE;identite non resolue , presente 4/6 jours , trop parfaite (aucun retard > 5 min) , volume irregulier (CV 1.15)
Allemagne;de_gtfsde;;de_gtfsde|559557;41.5;21.5;52;54.7;82.6;94.2;39.5;1.2;1.15;39;17;4;0;0;REJETEE;identite non resolue , presente 4/6 jours , volume irregulier (CV 1.20)
Allemagne;de_gtfsde;;de_gtfsde|31426;37.3;21.5;58;96.5;98.8;100;3.5;0.89;0.86;3;6;4;0;0;REJETEE;identite non resolue , presente 4/6 jours , ponctualite 98.8 % > 98 % , volume irregulier (CV 0.89)
Allemagne;de_gtfsde;;de_gtfsde|434268;35.3;21.5;61;97.7;98.8;100;2.3;0.87;0.83;4;7;4;0;0;REJETEE;identite non resolue , presente 4/6 jours , ponctualite 98.8 % > 98 % , volume irregulier (CV 0.87)
Allemagne;de_gtfsde;;de_gtfsde|405319;34.5;21.5;62;65.1;91.9;94.2;29.1;1.08;1.01;20;16;4;0;0;REJETEE;identite non resolue , presente 4/6 jours , volume irregulier (CV 1.08)
Pays-Bas;nl_ovapi;Lansingerland-Zoetermeer;nl_ovapi|lansingerlandzoetermeer@52.04,4.52;30.7;21.5;70;65.9;99.2;100;34.1;0.96;0.82;2;126;6;0;0;REJETEE;ponctualite 99.2 % > 98 % , volume irregulier (CV 0.96)
Pays-Bas;nl_ovapi;Tiel;nl_ovapi|tiel@51.89,5.42;32.6;21.4;66;57.9;80.4;95.3;37.4;0.63;0.62;32;113;5;0.2;0;REJETEE;presente 5/6 jours , volume irregulier (CV 0.63)
Allemagne;de_gtfsde;;de_gtfsde|569172;74.5;21.3;29;78.8;96.5;97.6;18.8;0.87;0.82;5;84;4;0;0;REJETEE;identite non resolue , presente 4/6 jours , volume irregulier (CV 0.87)
Allemagne;de_gtfsde;;de_gtfsde|583761;46;21.3;46;49.4;87.1;95.3;45.9;1.01;1;42;8;4;0;0;REJETEE;identite non resolue , presente 4/6 jours , volume irregulier (CV 1.01)
Allemagne;de_gtfsde;;de_gtfsde|23981;44.5;21.3;48;65.9;94.1;96.5;30.6;0.94;0.86;18;12;4;0;0;REJETEE;identite non resolue , presente 4/6 jours , volume irregulier (CV 0.94)
Allemagne;de_gtfsde;;de_gtfsde|634559;37.3;21.3;57;27.1;75.3;94.1;67.1;1.36;1.3;40;8;4;0;0;REJETEE;identite non resolue , presente 4/6 jours , volume irregulier (CV 1.36)
Allemagne;de_gtfsde;Immenreuth;de_gtfsde|immenreuth@49.91,11.87;35.5;21.3;60;70.6;96.5;100;29.4;1.41;1.42;33;13;4;0;0;REJETEE;presente 4/6 jours , volume irregulier (CV 1.41)
Allemagne;de_gtfsde;;de_gtfsde|455526;31.5;21.3;67;28.2;52.9;67.1;38.8;1.35;1.35;50;7;4;0;0;REJETEE;identite non resolue , presente 4/6 jours , volume irregulier (CV 1.35)
Pays-Bas;nl_ovapi;Santpoort Noord;nl_ovapi|santpoortnoord@52.43,4.63;30;21.3;71;75.8;97.7;99.2;23.4;0.55;0.46;8;209;6;0.17;0;REJETEE;volume irregulier (CV 0.55)
Etats-Unis;us_mta_lirr;;us_mta_lirr|92;38.4;21.2;55;49.1;83;95.3;46.2;0.86;0.79;22;117;5;0;0;REJETEE;identite non resolue , presente 5/6 jours , volume irregulier (CV 0.86)
Pays-Bas;nl_ovapi;Den Dolder;nl_ovapi|dendolder@52.14,5.24;27.3;21.2;77;64.6;96.9;99.2;34.6;0.46;0.46;13;76;6;0;0;REJETEE;volume irregulier (CV 0.46)
Allemagne;de_gtfsde;;de_gtfsde|640485;49.8;21;42;46.4;79.8;89.3;42.9;0.84;0.77;41;14;4;0;0;REJETEE;identite non resolue , presente 4/6 jours , volume irregulier (CV 0.84)
Allemagne;de_gtfsde;;de_gtfsde|480696;41.5;21;51;61.9;79.8;92.9;31;0.97;1;40;21;4;0;0;REJETEE;identite non resolue , presente 4/6 jours , volume irregulier (CV 0.97)
Allemagne;de_gtfsde;;de_gtfsde|581739;39;21;54;67.9;79.8;94;26.2;1.14;1.13;33;6;4;0;0;REJETEE;identite non resolue , presente 4/6 jours , volume irregulier (CV 1.14)
Allemagne;de_gtfsde;;de_gtfsde|69012;31.3;21;67;14.3;73.8;95.2;81;1.44;1.37;38;15;4;0;0;REJETEE;identite non resolue , presente 4/6 jours , volume irregulier (CV 1.44)
Allemagne;de_gtfsde;;de_gtfsde|44498;31;21;68;10.7;65.5;92.9;82.1;1.41;1.33;67;18;4;0;0;REJETEE;identite non resolue , presente 4/6 jours , volume irregulier (CV 1.41) , ponctualite erratique (amplitude 67 pt)
Pays-Bas;nl_ovapi;Kampen Zuid;nl_ovapi|kampenzuid@52.53,5.91;26.5;21;79;79.4;97.6;99.2;19.8;0.71;0.73;6;378;6;0;0;REJETEE;volume irregulier (CV 0.71)
Allemagne;de_gtfsde;;de_gtfsde|20525;25.5;21;82;58.3;82.1;92.9;34.5;0.88;0.86;36;9;4;0;0;REJETEE;identite non resolue , presente 4/6 jours , volume irregulier (CV 0.88)
Pays-Bas;nl_ovapi;Lelystad Centrum;nl_ovapi|lelystadcentrum@52.51,5.47;119.7;20.8;17;78.4;95.2;99.2;20.8;0.68;0.69;9;272;6;0.5;0;REJETEE;volume irregulier (CV 0.68)
Allemagne;de_gtfsde;;de_gtfsde|526362;89.8;20.8;23;79.5;96.4;100;20.5;1.08;0.99;100;102;4;0;0;REJETEE;identite non resolue , presente 4/6 jours , volume irregulier (CV 1.08) , ponctualite erratique (amplitude 100 pt)
Allemagne;de_gtfsde;;de_gtfsde|67279;59.3;20.8;35;95.2;100;100;4.8;0.82;0.76;0;59;4;0;0;REJETEE;identite non resolue , presente 4/6 jours , trop parfaite (aucun retard > 5 min) , volume irregulier (CV 0.82)
Allemagne;de_gtfsde;;de_gtfsde|543897;47;20.8;44;49.4;75.9;83.1;33.7;1.22;1.17;38;28;4;0;0;REJETEE;identite non resolue , presente 4/6 jours , volume irregulier (CV 1.22)
Allemagne;de_gtfsde;;de_gtfsde|30923;40.3;20.8;52;37.3;73.5;91.6;54.2;1.31;1.25;45;10;4;0;0;REJETEE;identite non resolue , presente 4/6 jours , volume irregulier (CV 1.31)
Allemagne;de_gtfsde;;de_gtfsde|448771;38.5;20.8;54;53;83.1;91.6;38.6;0.93;0.87;29;14;4;0;0;REJETEE;identite non resolue , presente 4/6 jours , volume irregulier (CV 0.93)
Allemagne;de_gtfsde;;de_gtfsde|51823;38.3;20.8;54;55.4;73.5;79.5;24.1;1.39;1.34;85;8;4;0;0;REJETEE;identite non resolue , presente 4/6 jours , volume irregulier (CV 1.39) , ponctualite erratique (amplitude 85 pt)
Allemagne;de_gtfsde;;de_gtfsde|247110;36.8;20.8;56;68.7;98.8;100;31.3;0.93;0.94;3;11;4;0;0;REJETEE;identite non resolue , presente 4/6 jours , ponctualite 98.8 % > 98 % , volume irregulier (CV 0.93)
Etats-Unis;us_mbta;Readville;us_mbta|readville@42.24,-71.13;33.5;20.8;62;100;100;100;0;0.33;0.35;0;48;6;0;0;REJETEE;trop parfaite (100 % sous 60 s)
Allemagne;de_gtfsde;;de_gtfsde|666236;30.5;20.8;68;20.5;69.9;94;73.5;1.4;1.37;34;16;4;0;0;REJETEE;identite non resolue , presente 4/6 jours , volume irregulier (CV 1.40)
Etats-Unis;us_mta_mnr;;us_mta_mnr|19;56.8;20.7;36;46.8;92.7;100;53.2;0.12;0.11;24;78;6;0;0;REJETEE;identite non resolue
Allemagne;de_gtfsde;Walsrode;de_gtfsde|walsrode@52.87,9.60;35.7;20.7;58;65.3;96;100;34.7;1.37;1.31;33;23;6;0;0;REJETEE;volume irregulier (CV 1.37)
Allemagne;de_gtfsde;;de_gtfsde|500038;51.5;20.5;40;51.2;87.8;91.5;40.2;1.28;1.25;57;9;4;0;0;REJETEE;identite non resolue , presente 4/6 jours , volume irregulier (CV 1.28)
Allemagne;de_gtfsde;;de_gtfsde|104025;42.8;20.5;48;53.7;81.7;89;35.4;1.22;1.18;100;7;4;0;0;REJETEE;identite non resolue , presente 4/6 jours , volume irregulier (CV 1.22) , ponctualite erratique (amplitude 100 pt)
Allemagne;de_gtfsde;;de_gtfsde|492320;39.5;20.5;52;67.1;91.5;98.8;31.7;0.99;0.92;11;6;4;0;0;REJETEE;identite non resolue , presente 4/6 jours , volume irregulier (CV 0.99)
Allemagne;de_gtfsde;;de_gtfsde|587142;36;20.5;57;41.5;79.3;93.9;52.4;1.14;1.09;25;22;4;0;0;REJETEE;identite non resolue , presente 4/6 jours , volume irregulier (CV 1.14)
Pays-Bas;nl_ovapi;Zoetermeer;nl_ovapi|zoetermeer@52.05,4.48;30.7;20.5;67;82.1;99.2;100;17.9;0.84;0.82;2;126;6;0;0;REJETEE;ponctualite 99.2 % > 98 % , volume irregulier (CV 0.84)
Pays-Bas;nl_ovapi;Hurdegaryp;nl_ovapi|hurdegaryp@53.22,5.93;24.5;20.5;84;35.4;95.1;100;64.6;0.44;0.43;50;227;4;0;0;REJETEE;presente 4/6 jours , volume irregulier (CV 0.44)
Allemagne;de_gtfsde;Mirow;de_gtfsde|mirow@53.27,12.82;52.5;20.3;39;55.6;81.5;90.1;34.6;1.28;1.2;45;18;4;0;0;REJETEE;presente 4/6 jours , volume irregulier (CV 1.28)
Allemagne;de_gtfsde;;de_gtfsde|106869;41.5;20.3;49;58;81.5;93.8;35.8;1.19;1.14;33;21;4;0;0;REJETEE;identite non resolue , presente 4/6 jours , volume irregulier (CV 1.19)
Allemagne;de_gtfsde;;de_gtfsde|100988;38.5;20.3;53;60.5;88.9;93.8;33.3;1.1;1.02;33;8;4;0;0;REJETEE;identite non resolue , presente 4/6 jours , volume irregulier (CV 1.10)
Allemagne;de_gtfsde;;de_gtfsde|659145;37.8;20.3;54;65.4;96.3;100;34.6;0.96;0.96;8;12;4;0;0;REJETEE;identite non resolue , presente 4/6 jours , volume irregulier (CV 0.96)
Allemagne;de_gtfsde;;de_gtfsde|152053;36.8;20.3;55;28.4;56.8;80.2;51.9;1.1;1.05;48;13;4;0;0;REJETEE;identite non resolue , presente 4/6 jours , volume irregulier (CV 1.10)
Allemagne;de_gtfsde;;de_gtfsde|542538;36.3;20.3;56;46.9;85.2;96.3;49.4;1.23;1.17;23;11;4;0;0;REJETEE;identite non resolue , presente 4/6 jours , volume irregulier (CV 1.23)
Allemagne;de_gtfsde;;de_gtfsde|116389;33.8;20.3;60;59.3;91.4;96.3;37;1.25;1.25;20;7;4;0;0;REJETEE;identite non resolue , presente 4/6 jours , volume irregulier (CV 1.25)
Allemagne;de_gtfsde;;de_gtfsde|654008;33.3;20.3;61;34.6;63;72.8;38.3;1.34;1.32;63;12;4;0;0;REJETEE;identite non resolue , presente 4/6 jours , volume irregulier (CV 1.34) , ponctualite erratique (amplitude 63 pt)
Allemagne;de_gtfsde;;de_gtfsde|620730;29;20.3;70;50.6;80.2;96.3;45.7;1.05;0.96;22;8;4;0;0;REJETEE;identite non resolue , presente 4/6 jours , volume irregulier (CV 1.05)
Pays-Bas;nl_ovapi;Wierden;nl_ovapi|wierden@52.36,6.59;49.5;20.2;41;81.8;96.7;98.3;16.5;1.01;0.96;6;83;6;0;0;REJETEE;volume irregulier (CV 1.01)
Pays-Bas;nl_ovapi;Beverwijk;nl_ovapi|beverwijk@52.48,4.66;30.7;20.2;66;83.5;98.3;99.2;15.7;0.53;0.46;7;209;6;0.17;0;REJETEE;ponctualite 98.3 % > 98 % , volume irregulier (CV 0.53)
Allemagne;de_gtfsde;;de_gtfsde|485199;58;20;34;97.5;100;100;2.5;0.82;0.75;0;59;4;0;0;REJETEE;identite non resolue , presente 4/6 jours , trop parfaite (aucun retard > 5 min) , volume irregulier (CV 0.82)
Allemagne;de_gtfsde;;de_gtfsde|589564;49.3;20;41;68.8;93.8;95;26.2;1.26;1.2;13;27;4;0;0;REJETEE;identite non resolue , presente 4/6 jours , volume irregulier (CV 1.26)
Allemagne;de_gtfsde;;de_gtfsde|449163;46.3;20;43;55;82.5;87.5;32.5;1.35;1.32;19;26;4;0;0;REJETEE;identite non resolue , presente 4/6 jours , volume irregulier (CV 1.35)
Allemagne;de_gtfsde;;de_gtfsde|70959;45.5;20;44;12.5;58.8;86.3;73.8;0.86;0.85;46;33;4;0;0;REJETEE;identite non resolue , presente 4/6 jours , volume irregulier (CV 0.86)
Etats-Unis;us_mta_lirr;;us_mta_lirr|27;41.6;20;48;51;87;96;45;1.07;1.06;16;289;5;1;0;REJETEE;identite non resolue , presente 5/6 jours , volume irregulier (CV 1.07)
Allemagne;de_gtfsde;;de_gtfsde|77804;37.8;20;53;67.5;85;93.8;26.2;1.21;1.13;36;21;4;0;0;REJETEE;identite non resolue , presente 4/6 jours , volume irregulier (CV 1.21)
Allemagne;de_gtfsde;;de_gtfsde|222126;34.8;20;58;77.5;92.5;95;17.5;1.18;1.1;9;34;4;0;0;REJETEE;identite non resolue , presente 4/6 jours , volume irregulier (CV 1.18)
Allemagne;de_gtfsde;;de_gtfsde|453131;33.5;20;60;81.3;97.5;98.8;17.5;1.11;1.01;10;14;4;0;0;REJETEE;identite non resolue , presente 4/6 jours , volume irregulier (CV 1.11)
Allemagne;de_gtfsde;;de_gtfsde|226347;33.5;20;60;58.8;93.8;97.5;38.7;1.1;1.08;15;7;4;0;0;REJETEE;identite non resolue , presente 4/6 jours , volume irregulier (CV 1.10)
Allemagne;de_gtfsde;;de_gtfsde|550591;32.3;20;62;51.2;88.8;100;48.8;1.39;1.36;13;7;4;0;0;REJETEE;identite non resolue , presente 4/6 jours , volume irregulier (CV 1.39)
Etats-Unis;us_mta_lirr;;us_mta_lirr|187;30.5;20;66;41.3;90;100;58.8;0.87;0.8;17;354;4;0.5;0;REJETEE;identite non resolue , presente 4/6 jours , volume irregulier (CV 0.87)
Allemagne;de_gtfsde;;de_gtfsde|482360;29.8;20;67;37.5;88.8;100;62.5;1.4;1.37;13;8;4;0;0;REJETEE;identite non resolue , presente 4/6 jours , volume irregulier (CV 1.40)
Allemagne;de_gtfsde;;de_gtfsde|422912;43.5;19.8;45;27.8;70.9;88.6;60.8;1.27;1.19;36;9;4;0;0;REJETEE;identite non resolue , presente 4/6 jours , volume irregulier (CV 1.27)
Allemagne;de_gtfsde;;de_gtfsde|155506;39.5;19.8;50;51.9;81;96.2;44.3;0.98;0.94;60;10;4;0;0;REJETEE;identite non resolue , presente 4/6 jours , volume irregulier (CV 0.98)
Allemagne;de_gtfsde;;de_gtfsde|599929;38;19.8;52;34.2;75.9;91.1;57;1.11;1.07;67;10;4;0;0;REJETEE;identite non resolue , presente 4/6 jours , volume irregulier (CV 1.11) , ponctualite erratique (amplitude 67 pt)
Allemagne;de_gtfsde;;de_gtfsde|223139;36.8;19.8;54;58.2;79.7;84.8;26.6;1.2;1.16;27;13;4;0;0;REJETEE;identite non resolue , presente 4/6 jours , volume irregulier (CV 1.20)
Allemagne;de_gtfsde;;de_gtfsde|11786;33.8;19.8;59;20.3;44.3;54.4;34.2;1.46;1.46;57;7;4;0;0;REJETEE;identite non resolue , presente 4/6 jours , volume irregulier (CV 1.46)
Allemagne;de_gtfsde;;de_gtfsde|302611;33.3;19.8;59;46.8;81;88.6;41.8;1.31;1.23;23;12;4;0;0;REJETEE;identite non resolue , presente 4/6 jours , volume irregulier (CV 1.31)
Allemagne;de_gtfsde;;de_gtfsde|326469;33.3;19.8;59;41.8;91.1;97.5;55.7;1.12;1.09;12;7;4;0;0;REJETEE;identite non resolue , presente 4/6 jours , volume irregulier (CV 1.12)
Allemagne;de_gtfsde;;de_gtfsde|601482;32;19.8;62;17.7;34.2;62;44.3;1.35;1.31;100;7;4;0;0;REJETEE;identite non resolue , presente 4/6 jours , volume irregulier (CV 1.35) , ponctualite erratique (amplitude 100 pt)
Allemagne;de_gtfsde;;de_gtfsde|388486;31;19.8;64;53.2;93.7;96.2;43;1.1;1.01;9;7;4;0;0;REJETEE;identite non resolue , presente 4/6 jours , volume irregulier (CV 1.10)
Allemagne;de_gtfsde;;de_gtfsde|590897;30.8;19.8;64;45.6;89.9;98.7;53.2;1.01;0.92;14;15;4;0;0;REJETEE;identite non resolue , presente 4/6 jours , volume irregulier (CV 1.01)
Pays-Bas;nl_ovapi;Den Haag Ypenburg;nl_ovapi|denhaagypenburg@52.06,4.39;30.7;19.8;65;81.5;98.3;100;18.5;0.84;0.82;3;126;6;0;0;REJETEE;ponctualite 98.3 % > 98 % , volume irregulier (CV 0.84)
Allemagne;de_gtfsde;;de_gtfsde|357149;30;19.8;66;30.4;43;63.3;32.9;1.39;1.35;60;10;4;0;0;REJETEE;identite non resolue , presente 4/6 jours , volume irregulier (CV 1.39) , ponctualite erratique (amplitude 60 pt)
Pays-Bas;nl_ovapi;Driehuis;nl_ovapi|driehuis@52.44,4.64;30;19.8;66;87.4;97.5;99.2;11.8;0.55;0.46;9;209;6;0.17;0;REJETEE;volume irregulier (CV 0.55)
Allemagne;de_gtfsde;Böblingen;de_gtfsde|bblingen@48.69,9.00;49;19.6;40;68.4;92.9;95.9;27.6;0.62;0.66;11;159;5;0;0;REJETEE;presente 5/6 jours , volume irregulier (CV 0.62)
Australie;au_translink_seq;Springfield Central station;au_translink_seq|springfieldcentralstation@-27.67,152.90;65;19.5;30;79.5;98.3;98.3;18.8;0.22;0.25;17;72;6;0;0;REJETEE;ponctualite 98.3 % > 98 %
Allemagne;de_gtfsde;;de_gtfsde|252874;57.5;19.5;34;42.3;69.2;89.7;47.4;0.97;0.93;83;17;4;0;0;REJETEE;identite non resolue , presente 4/6 jours , volume irregulier (CV 0.97) , ponctualite erratique (amplitude 83 pt)
Allemagne;de_gtfsde;;de_gtfsde|541439;42.8;19.5;46;73.1;92.3;100;26.9;1.29;1.25;15;11;4;0;0;REJETEE;identite non resolue , presente 4/6 jours , volume irregulier (CV 1.29)
Allemagne;de_gtfsde;;de_gtfsde|131499;39.8;19.5;49;41;80.8;93.6;52.6;0.83;0.72;28;8;4;0;0;REJETEE;identite non resolue , presente 4/6 jours , volume irregulier (CV 0.83)
Allemagne;de_gtfsde;;de_gtfsde|389370;32.3;19.5;60;44.9;85.9;96.2;51.3;1.45;1.39;100;15;4;0;0;REJETEE;identite non resolue , presente 4/6 jours , volume irregulier (CV 1.45) , ponctualite erratique (amplitude 100 pt)
Allemagne;de_gtfsde;;de_gtfsde|101259;32;19.5;61;79.5;98.7;98.7;19.2;1.42;1.38;2;10;4;0;0;REJETEE;identite non resolue , presente 4/6 jours , ponctualite 98.7 % > 98 % , volume irregulier (CV 1.42)
Pays-Bas;nl_ovapi;Leeuwarden Camminghaburen;nl_ovapi|leeuwardencamminghaburen@53.20,5.84;23.8;19.5;82;11.5;98.7;100;88.5;0.51;0.49;20;252;4;0;0;REJETEE;presente 4/6 jours , ponctualite 98.7 % > 98 % , volume irregulier (CV 0.51)
Pays-Bas;nl_ovapi;De Westereen;nl_ovapi|dewestereen@53.25,6.04;23.8;19.5;82;39.7;97.4;100;60.3;0.49;0.49;6;252;4;0;0;REJETEE;presente 4/6 jours , volume irregulier (CV 0.49)
Etats-Unis;us_mta_mnr;;us_mta_mnr|20;58.8;19.3;33;51.7;92.2;100;48.3;0.11;0.13;25;76;6;0;0;REJETEE;identite non resolue
Allemagne;de_gtfsde;;de_gtfsde|47670;52;19.3;37;94.8;98.7;98.7;3.9;0.98;0.93;2;80;4;0;0;REJETEE;identite non resolue , presente 4/6 jours , ponctualite 98.7 % > 98 % , volume irregulier (CV 0.98)
Allemagne;de_gtfsde;;de_gtfsde|665253;50.5;19.3;38;42.9;62.3;85.7;42.9;0.82;0.77;57;6;4;0;0;REJETEE;identite non resolue , presente 4/6 jours , volume irregulier (CV 0.82)
Allemagne;de_gtfsde;;de_gtfsde|12594;31.5;19.3;61;45.5;61;83.1;37.7;1.31;1.24;47;12;4;0;0;REJETEE;identite non resolue , presente 4/6 jours , volume irregulier (CV 1.31)
Allemagne;de_gtfsde;;de_gtfsde|43340;30.3;19.3;64;53.2;88.3;92.2;39;1.05;0.97;15;8;4;0;0;REJETEE;identite non resolue , presente 4/6 jours , volume irregulier (CV 1.05)
France;fr_sncf;Chambéry - Challes-les-Eaux;fr_sncf|UIC87741009;85.2;19.2;23;51.3;78.3;86.1;34.8;0.39;0.32;42;104;6;1;0.33;REJETEE;volume irregulier (CV 0.39)
Allemagne;de_gtfsde;Quickborn Süd;de_gtfsde|quickbornsd@53.72,9.91;33;19.2;58;47.9;81.3;84.4;36.5;0.77;0.74;38;138;5;0;0;REJETEE;presente 5/6 jours , volume irregulier (CV 0.77)
Pays-Bas;nl_ovapi;Voorburg;nl_ovapi|voorburg@52.07,4.36;30.7;19.2;63;82.6;99.1;100;17.4;0.84;0.82;3;126;6;0;0;REJETEE;ponctualite 99.1 % > 98 % , volume irregulier (CV 0.84)
Etats-Unis;us_mta_lirr;;us_mta_lirr|117;25.6;19.2;75;52.1;84.4;99;46.9;1.09;1.05;22;219;5;0.4;0;REJETEE;identite non resolue , presente 5/6 jours , volume irregulier (CV 1.09)
Etats-Unis;us_mta_mnr;;us_mta_mnr|78;56.5;19;34;48.2;87.7;96.5;48.2;0.27;0.17;25;68;6;0;0;REJETEE;identite non resolue
Allemagne;de_gtfsde;;de_gtfsde|198666;50;19;38;53.9;85.5;92.1;38.2;1.25;1.22;100;13;4;0;0;REJETEE;identite non resolue , presente 4/6 jours , volume irregulier (CV 1.25) , ponctualite erratique (amplitude 100 pt)
Allemagne;de_gtfsde;;de_gtfsde|357257;49.3;19;39;76.3;94.7;98.7;22.4;1.06;1.01;9;11;4;0;0;REJETEE;identite non resolue , presente 4/6 jours , volume irregulier (CV 1.06)
Allemagne;de_gtfsde;;de_gtfsde|516504;47.3;19;40;47.4;80.3;90.8;43.4;1.2;1.14;30;28;4;0;0;REJETEE;identite non resolue , presente 4/6 jours , volume irregulier (CV 1.20)
Allemagne;de_gtfsde;;de_gtfsde|558952;46.3;19;41;75;97.4;98.7;23.7;1.18;1.14;7;7;4;0;0;REJETEE;identite non resolue , presente 4/6 jours , volume irregulier (CV 1.18)
Allemagne;de_gtfsde;;de_gtfsde|521900;39;19;49;67.1;97.4;98.7;31.6;1.02;0.98;4;6;4;0;0;REJETEE;identite non resolue , presente 4/6 jours , volume irregulier (CV 1.02)
Allemagne;de_gtfsde;Calbe(Saale) West;de_gtfsde|calbesaalewest@51.91,11.76;37.5;19;51;15.8;36.8;57.9;42.1;1.32;1.26;17;28;4;0;0;REJETEE;presente 4/6 jours , volume irregulier (CV 1.32)
Allemagne;de_gtfsde;;de_gtfsde|571911;37;19;51;31.6;77.6;94.7;63.2;1.06;1.05;50;10;4;0;0;REJETEE;identite non resolue , presente 4/6 jours , volume irregulier (CV 1.06)
Allemagne;de_gtfsde;;de_gtfsde|123348;33.8;19;56;55.3;92.1;97.4;42.1;1.2;1.18;15;7;4;0;0;REJETEE;identite non resolue , presente 4/6 jours , volume irregulier (CV 1.20)
Allemagne;de_gtfsde;;de_gtfsde|628831;32.8;19;58;46.1;88.2;96.1;50;1.06;1;40;9;4;0;0;REJETEE;identite non resolue , presente 4/6 jours , volume irregulier (CV 1.06)
Allemagne;de_gtfsde;Münchberg;de_gtfsde|mnchberg@50.19,11.79;31.2;19;61;37.7;76.3;92.1;54.4;1.54;1.48;100;29;6;0;0;REJETEE;volume irregulier (CV 1.54) , ponctualite erratique (amplitude 100 pt)
Allemagne;de_gtfsde;;de_gtfsde|486726;30;19;63;31.6;82.9;90.8;59.2;1.13;1.07;21;16;4;0;0;REJETEE;identite non resolue , presente 4/6 jours , volume irregulier (CV 1.13)
Etats-Unis;us_mta_lirr;;us_mta_lirr|38;25.6;19;74;54.7;86.3;100;45.3;1.09;1.05;100;219;5;0.4;0;REJETEE;identite non resolue , presente 5/6 jours , volume irregulier (CV 1.09) , ponctualite erratique (amplitude 100 pt)
Pays-Bas;nl_ovapi;Nijmegen Heyendaal;nl_ovapi|nijmegenheyendaal@51.83,5.87;63.2;18.8;30;66;96.8;98.9;33;0.7;0.63;100;108;5;1.8;0;REJETEE;presente 5/6 jours , volume irregulier (CV 0.70) , ponctualite erratique (amplitude 100 pt)
Allemagne;de_gtfsde;;de_gtfsde|342056;43;18.8;44;29.3;65.3;77.3;48;1.3;1.21;100;33;4;0;0;REJETEE;identite non resolue , presente 4/6 jours , volume irregulier (CV 1.30) , ponctualite erratique (amplitude 100 pt)
Allemagne;de_gtfsde;;de_gtfsde|621790;40.8;18.8;46;62.7;90.7;97.3;34.7;1.02;0.96;14;8;4;0;0;REJETEE;identite non resolue , presente 4/6 jours , volume irregulier (CV 1.02)
Allemagne;de_gtfsde;;de_gtfsde|595548;37.8;18.8;50;66.7;89.3;96;29.3;1.13;1.13;13;10;4;0;0;REJETEE;identite non resolue , presente 4/6 jours , volume irregulier (CV 1.13)
Pays-Bas;nl_ovapi;Halfweg-Zwanenburg;nl_ovapi|halfwegzwanenburg@52.38,4.75;37;18.8;51;77.9;99.1;99.1;21.2;0.59;0.51;4;204;6;0.17;0;REJETEE;ponctualite 99.1 % > 98 % , volume irregulier (CV 0.59)
Allemagne;de_gtfsde;;de_gtfsde|48525;35.5;18.8;53;84;92;94.7;10.7;1.08;0.97;25;9;4;0;0;REJETEE;identite non resolue , presente 4/6 jours , volume irregulier (CV 1.08)
Allemagne;de_gtfsde;;de_gtfsde|158163;34.5;18.8;54;54.7;89.3;90.7;36;0.91;0.84;23;9;4;0;0;REJETEE;identite non resolue , presente 4/6 jours , volume irregulier (CV 0.91)
Allemagne;de_gtfsde;;de_gtfsde|306854;33.8;18.8;56;56;93.3;98.7;42.7;1.13;1.1;50;9;4;0;0;REJETEE;identite non resolue , presente 4/6 jours , volume irregulier (CV 1.13)
Allemagne;de_gtfsde;;de_gtfsde|576694;31;18.8;60;56;92;96;40;1.11;1.03;10;7;4;0;0;REJETEE;identite non resolue , presente 4/6 jours , volume irregulier (CV 1.11)
Allemagne;de_gtfsde;;de_gtfsde|218283;30.3;18.8;62;45.3;92;96;50.7;1.16;1.09;9;8;4;0;0;REJETEE;identite non resolue , presente 4/6 jours , volume irregulier (CV 1.16)
Pays-Bas;nl_ovapi;Bloemendaal;nl_ovapi|bloemendaal@52.40,4.63;30;18.8;63;77;97.3;99.1;22.1;0.55;0.46;9;209;6;0.17;0;REJETEE;volume irregulier (CV 0.55)
Allemagne;de_gtfsde;;de_gtfsde|52195;29.8;18.8;63;37.3;89.3;100;62.7;1.05;1;17;8;4;0;0;REJETEE;identite non resolue , presente 4/6 jours , volume irregulier (CV 1.05)
Pays-Bas;nl_ovapi;Zuidhorn;nl_ovapi|zuidhorn@53.25,6.41;28.5;18.8;66;22.7;93.3;100;77.3;0.41;0.42;8;178;4;0;0;REJETEE;presente 4/6 jours , volume irregulier (CV 0.41)
Pays-Bas;nl_ovapi;Rotterdam Noord;nl_ovapi|rotterdamnoord@51.94,4.48;28.3;18.8;66;51.3;92.9;94.7;43.4;0.52;0.5;38;143;6;0.17;0;REJETEE;volume irregulier (CV 0.52)
Pays-Bas;nl_ovapi;Capelle Schollevaar;nl_ovapi|capelleschollevaar@51.95,4.58;28.2;18.8;67;73.5;93.8;95.6;22.1;0.53;0.51;25;145;6;0.17;0;REJETEE;volume irregulier (CV 0.53)
Pays-Bas;nl_ovapi;Bilthoven;nl_ovapi|bilthoven@52.13,5.21;26.7;18.8;71;78.8;95.6;100;21.2;0.48;0.48;14;71;6;0;0;REJETEE;volume irregulier (CV 0.48)
Allemagne;de_gtfsde;;de_gtfsde|327861;40.8;18.5;45;63.5;86.5;100;36.5;0.88;0.88;20;9;4;0;0;REJETEE;identite non resolue , presente 4/6 jours , volume irregulier (CV 0.88)
Allemagne;de_gtfsde;;de_gtfsde|326982;38.8;18.5;48;58.1;77;93.2;35.1;1.05;1.05;36;8;4;0;0;REJETEE;identite non resolue , presente 4/6 jours , volume irregulier (CV 1.05)
Allemagne;de_gtfsde;Stift Keppel-Allenbach Bf;de_gtfsde|stiftkeppelallenbachbf@50.98,8.09;35.3;18.5;52;73;94.6;98.6;25.7;1.28;1.23;33;16;4;0;0;REJETEE;presente 4/6 jours , volume irregulier (CV 1.28)
Allemagne;de_gtfsde;;de_gtfsde|85465;32.3;18.5;57;28.4;66.2;79.7;51.4;1.07;1.01;19;7;4;0;0;REJETEE;identite non resolue , presente 4/6 jours , volume irregulier (CV 1.07)
Allemagne;de_gtfsde;;de_gtfsde|374203;31;18.5;60;28.4;81.1;91.9;63.5;1.29;1.24;23;13;4;0;0;REJETEE;identite non resolue , presente 4/6 jours , volume irregulier (CV 1.29)
Pays-Bas;nl_ovapi;Zoetermeer Oost;nl_ovapi|zoetermeeroost@52.05,4.49;30.7;18.5;60;73.9;99.1;100;26.1;0.83;0.82;2;126;6;0;0;REJETEE;ponctualite 99.1 % > 98 % , volume irregulier (CV 0.83)
Allemagne;de_gtfsde;;de_gtfsde|78758;23.3;18.5;80;52.7;86.5;95.9;43.2;0.55;0.5;19;13;4;0;0;REJETEE;identite non resolue , presente 4/6 jours , volume irregulier (CV 0.55)
Pays-Bas;nl_ovapi;Bodegraven;nl_ovapi|bodegraven@52.08,4.75;29.8;18.4;62;79.3;95.7;96.7;17.4;0.6;0.58;20;110;5;0.2;0;REJETEE;presente 5/6 jours , volume irregulier (CV 0.60)
Etats-Unis;us_mta_lirr;;us_mta_lirr|135;24.8;18.4;74;28.3;78.3;100;71.7;1.06;1.01;32;201;5;0.4;0;REJETEE;identite non resolue , presente 5/6 jours , volume irregulier (CV 1.06)
Etats-Unis;us_mta_lirr;;us_mta_lirr|226;24;18.4;77;48.9;94.6;100;51.1;1.05;1.01;8;210;5;0.6;0;REJETEE;identite non resolue , presente 5/6 jours , volume irregulier (CV 1.05)
Allemagne;de_gtfsde;;de_gtfsde|640296;129.8;18.3;14;80.8;100;100;19.2;1.02;0.94;100;69;4;0;0;REJETEE;identite non resolue , presente 4/6 jours , trop parfaite (aucun retard > 5 min) , volume irregulier (CV 1.02) , ponctualite erratique (amplitude 100 pt)
France;fr_sncf;Lyon Perrache;fr_sncf|UIC87722025;80.3;18.3;23;75.5;87.3;90;14.5;0.66;0.52;20;94;6;1.83;0;REJETEE;volume irregulier (CV 0.66)
Allemagne;de_gtfsde;;de_gtfsde|338772;68;18.3;27;78.1;95.9;98.6;20.5;1;0.9;6;100;4;0;0;REJETEE;identite non resolue , presente 4/6 jours , volume irregulier (CV 1.00)
Allemagne;de_gtfsde;;de_gtfsde|287873;55.5;18.3;33;54.8;86.3;95.9;41.1;1.32;1.28;16;14;4;0;0;REJETEE;identite non resolue , presente 4/6 jours , volume irregulier (CV 1.32)
Allemagne;de_gtfsde;;de_gtfsde|1544;38;18.3;48;16.4;58.9;84.9;68.5;0.92;0.89;20;8;4;0;0;REJETEE;identite non resolue , presente 4/6 jours , volume irregulier (CV 0.92)
Allemagne;de_gtfsde;;de_gtfsde|555463;36.5;18.3;50;52.1;78.1;89;37;1.4;1.35;100;6;4;0;0;REJETEE;identite non resolue , presente 4/6 jours , volume irregulier (CV 1.40) , ponctualite erratique (amplitude 100 pt)
Allemagne;de_gtfsde;;de_gtfsde|78865;35.8;18.3;51;32.9;63;80.8;47.9;1.1;1.01;62;9;4;0;0;REJETEE;identite non resolue , presente 4/6 jours , volume irregulier (CV 1.10) , ponctualite erratique (amplitude 62 pt)
Allemagne;de_gtfsde;;de_gtfsde|664223;35.8;18.3;51;28.8;71.2;76.7;47.9;1.06;0.98;35;11;4;0;0;REJETEE;identite non resolue , presente 4/6 jours , volume irregulier (CV 1.06)
Allemagne;de_gtfsde;;de_gtfsde|390803;35.3;18.3;52;27.4;56.2;72.6;45.2;1.12;1.12;59;11;4;0;0;REJETEE;identite non resolue , presente 4/6 jours , volume irregulier (CV 1.12)
Allemagne;de_gtfsde;;de_gtfsde|389314;35;18.3;52;41.1;78.1;89;47.9;0.93;0.85;35;33;4;0;0;REJETEE;identite non resolue , presente 4/6 jours , volume irregulier (CV 0.93)
Allemagne;de_gtfsde;;de_gtfsde|96964;34;18.3;54;61.6;90.4;95.9;34.2;1.06;1.03;14;19;4;0;0;REJETEE;identite non resolue , presente 4/6 jours , volume irregulier (CV 1.06)
Allemagne;de_gtfsde;;de_gtfsde|547153;30.5;18.3;60;38.4;75.3;91.8;53.4;1.27;1.21;29;21;4;0;0;REJETEE;identite non resolue , presente 4/6 jours , volume irregulier (CV 1.27)
Allemagne;de_gtfsde;Ittersbach Industrie;de_gtfsde|ittersbachindustrie@48.88,8.51;29.3;18.3;63;60;90.9;96.4;36.4;0.67;0.72;50;269;6;0;0;REJETEE;volume irregulier (CV 0.67)
Allemagne;de_gtfsde;;de_gtfsde|32222;28.3;18.3;65;16.4;74;89;72.6;1.08;1.05;31;14;4;0;0;REJETEE;identite non resolue , presente 4/6 jours , volume irregulier (CV 1.08)
Pays-Bas;nl_ovapi;Nieuwerkerk a/d IJssel;nl_ovapi|nieuwerkerkadijssel@51.97,4.62;28.2;18.3;65;75.5;94.5;95.5;20;0.53;0.51;33;145;6;0.17;0;REJETEE;volume irregulier (CV 0.53)
Etats-Unis;us_mta_mnr;;us_mta_mnr|51;51.2;18.2;36;35.8;81.7;96.3;60.6;0.34;0.34;28;42;6;0;0;REJETEE;identite non resolue
Allemagne;de_gtfsde;Bad Vilbel Bahnhof;de_gtfsde|badvilbelbahnhof@50.19,8.74;41.5;18.2;44;67.9;89.9;95.4;27.5;0.65;0.73;32;360;6;0;0;REJETEE;volume irregulier (CV 0.65)
Allemagne;de_gtfsde;;de_gtfsde|69147;93;18;19;68.1;91.7;100;31.9;1.1;1;100;96;4;0;0;REJETEE;identite non resolue , presente 4/6 jours , volume irregulier (CV 1.10) , ponctualite erratique (amplitude 100 pt)
Allemagne;de_gtfsde;;de_gtfsde|143346;58.5;18;31;100;100;100;0;0.82;0.76;100;58;4;0;0;REJETEE;identite non resolue , presente 4/6 jours , trop parfaite (100 % sous 60 s) , volume irregulier (CV 0.82) , ponctualite erratique (amplitude 100 pt)
Allemagne;de_gtfsde;Frankfurt (Main) Lokalbahnhof;de_gtfsde|frankfurtmainlokalbahnhof@50.10,8.69;40.3;18;45;62.5;77.8;95.8;33.3;0.36;0.36;47;101;4;0;0;REJETEE;presente 4/6 jours , volume irregulier (CV 0.36)
Allemagne;de_gtfsde;;de_gtfsde|385105;32.5;18;55;15.3;62.5;83.3;68.1;0.93;0.91;100;15;4;0;0;REJETEE;identite non resolue , presente 4/6 jours , volume irregulier (CV 0.93) , ponctualite erratique (amplitude 100 pt)
Pays-Bas;nl_ovapi;Zaltbommel;nl_ovapi|zaltbommel@51.81,5.26;32.3;18;56;67.6;96.3;98.1;30.6;0.8;0.74;50;108;6;0;0;REJETEE;volume irregulier (CV 0.80)
Allemagne;de_gtfsde;;de_gtfsde|177477;30;18;60;84.7;97.2;100;15.3;1;0.94;33;21;4;0;0;REJETEE;identite non resolue , presente 4/6 jours , volume irregulier (CV 1.00)
Pays-Bas;nl_ovapi;Oisterwijk;nl_ovapi|oisterwijk@51.58,5.19;29.8;18;60;71.3;99.1;99.1;27.8;0.66;0.57;6;106;6;0;0;REJETEE;ponctualite 99.1 % > 98 % , volume irregulier (CV 0.66)
Allemagne;de_gtfsde;;de_gtfsde|55611;28.3;18;64;48.6;81.9;93.1;44.4;1.48;1.45;20;11;4;0;0;REJETEE;identite non resolue , presente 4/6 jours , volume irregulier (CV 1.48)
Allemagne;de_gtfsde;;de_gtfsde|471808;68.3;17.8;26;78.9;94.4;100;21.1;1;0.91;7;100;4;0;0;REJETEE;identite non resolue , presente 4/6 jours , volume irregulier (CV 1.00)
Allemagne;de_gtfsde;;de_gtfsde|359108;37.8;17.8;47;59.2;77.5;91.5;32.4;1.02;1.02;33;10;4;0;0;REJETEE;identite non resolue , presente 4/6 jours , volume irregulier (CV 1.02)
Allemagne;de_gtfsde;;de_gtfsde|422999;37.8;17.8;47;18.3;62;87.3;69;1.3;1.21;67;19;4;0;0;REJETEE;identite non resolue , presente 4/6 jours , volume irregulier (CV 1.30) , ponctualite erratique (amplitude 67 pt)
Allemagne;de_gtfsde;;de_gtfsde|614272;35.5;17.8;50;56.3;94.4;100;43.7;0.91;0.92;10;11;4;0;0;REJETEE;identite non resolue , presente 4/6 jours , volume irregulier (CV 0.91)
Allemagne;de_gtfsde;Hörselgau;de_gtfsde|hrselgau@50.92,10.58;34.4;17.8;52;61.8;86.5;100;38.2;1.14;1.14;89;14;5;0;0;REJETEE;presente 5/6 jours , volume irregulier (CV 1.14) , ponctualite erratique (amplitude 89 pt)
Allemagne;de_gtfsde;;de_gtfsde|545919;32.3;17.8;55;15.5;67.6;83.1;67.6;0.87;0.85;100;12;4;0;0;REJETEE;identite non resolue , presente 4/6 jours , volume irregulier (CV 0.87) , ponctualite erratique (amplitude 100 pt)
Allemagne;de_gtfsde;;de_gtfsde|64463;32.3;17.8;55;53.5;93;97.2;43.7;0.98;0.97;13;7;4;0;0;REJETEE;identite non resolue , presente 4/6 jours , volume irregulier (CV 0.98)
Allemagne;de_gtfsde;;de_gtfsde|510439;30.3;17.8;59;71.8;90.1;95.8;23.9;1.01;0.97;14;10;4;0;0;REJETEE;identite non resolue , presente 4/6 jours , volume irregulier (CV 1.01)
Allemagne;de_gtfsde;;de_gtfsde|616909;30;17.8;59;50.7;83.1;94.4;43.7;1.1;1.06;20;10;4;0;0;REJETEE;identite non resolue , presente 4/6 jours , volume irregulier (CV 1.10)
Pays-Bas;nl_ovapi;Leiden Lammenschans;nl_ovapi|leidenlammenschans@52.15,4.49;30;17.8;59;76.4;98.9;98.9;22.5;0.56;0.58;3;109;5;0.2;0;REJETEE;presente 5/6 jours , ponctualite 98.9 % > 98 % , volume irregulier (CV 0.56)
Allemagne;de_gtfsde;;de_gtfsde|455673;29.8;17.8;60;60.6;90.1;95.8;35.2;1.06;1.01;22;8;4;0;0;REJETEE;identite non resolue , presente 4/6 jours , volume irregulier (CV 1.06)
Allemagne;de_gtfsde;;de_gtfsde|421108;29;17.8;61;77.5;94.4;97.2;19.7;0.97;0.92;9;8;4;0;0;REJETEE;identite non resolue , presente 4/6 jours , volume irregulier (CV 0.97)
Allemagne;de_gtfsde;;de_gtfsde|140644;28.5;17.8;62;23.9;77.5;95.8;71.8;1.34;1.21;50;23;4;0;0;REJETEE;identite non resolue , presente 4/6 jours , volume irregulier (CV 1.34)
Allemagne;de_gtfsde;;de_gtfsde|266415;27.8;17.8;64;80.3;95.8;100;19.7;0.88;0.85;25;17;4;0;0;REJETEE;identite non resolue , presente 4/6 jours , volume irregulier (CV 0.88)
Allemagne;de_gtfsde;;de_gtfsde|159479;26.8;17.8;66;60.6;95.8;97.2;36.6;1.02;0.97;50;45;4;0;0;REJETEE;identite non resolue , presente 4/6 jours , volume irregulier (CV 1.02)
Allemagne;de_gtfsde;;de_gtfsde|210857;26.3;17.8;68;62;85.9;91.5;29.6;1.05;0.94;18;9;4;0;0;REJETEE;identite non resolue , presente 4/6 jours , volume irregulier (CV 1.05)
Pays-Bas;nl_ovapi;Zevenaar;nl_ovapi|zevenaar@51.92,6.07;24.6;17.8;72;48.3;89.9;94.4;46.1;0.53;0.49;33;117;5;0.4;0;REJETEE;presente 5/6 jours , volume irregulier (CV 0.53)
Etats-Unis;us_mta_lirr;;us_mta_lirr|107;24.2;17.8;74;56.2;88.8;98.9;42.7;1.23;1.15;33;272;5;0;0;REJETEE;identite non resolue , presente 5/6 jours , volume irregulier (CV 1.23)
Etats-Unis;us_mbta;Quincy Center;us_mbta|quincycenter@42.25,-71.01;29.7;17.7;60;100;100;100;0;0.42;0.43;0;51;6;0;0;REJETEE;trop parfaite (100 % sous 60 s) , volume irregulier (CV 0.42)
Pays-Bas;nl_ovapi;Zevenbergen;nl_ovapi|zevenbergen@51.64,4.61;35.2;17.6;50;80.7;100;100;19.3;0.79;0.73;100;9;5;0.2;0;REJETEE;presente 5/6 jours , trop parfaite (aucun retard > 5 min) , volume irregulier (CV 0.79) , ponctualite erratique (amplitude 100 pt)
Pays-Bas;nl_ovapi;Kropswolde;nl_ovapi|kropswolde@53.16,6.72;24.8;17.6;71;69.3;98.9;100;30.7;1.09;1.08;2;491;5;0;0;REJETEE;presente 5/6 jours , ponctualite 98.9 % > 98 % , volume irregulier (CV 1.09)
Allemagne;de_gtfsde;Potsdam, Golm Bhf;de_gtfsde|potsdamgolmbhf@52.41,12.97;51;17.5;34;85.7;97.1;98.6;12.9;0.94;0.85;13;51;4;0;0;REJETEE;presente 4/6 jours , volume irregulier (CV 0.94)
Pays-Bas;nl_ovapi;Zandvoort aan Zee;nl_ovapi|zandvoortaanzee@52.38,4.53;41.5;17.5;42;87.6;99;100;12.4;0.93;1.05;2;907;6;0;0;REJETEE;ponctualite 99.0 % > 98 % , volume irregulier (CV 0.93)
Pays-Bas;nl_ovapi;Winterswijk;nl_ovapi|winterswijk@51.97,6.72;35.5;17.5;49;85.7;100;100;14.3;0.33;0.36;0;163;4;0.5;0;REJETEE;presente 4/6 jours , trop parfaite (aucun retard > 5 min)
Allemagne;de_gtfsde;;de_gtfsde|181544;35;17.5;50;47.1;74.3;87.1;40;1.18;1.13;29;28;4;0;0;REJETEE;identite non resolue , presente 4/6 jours , volume irregulier (CV 1.18)
Allemagne;de_gtfsde;;de_gtfsde|348557;33.8;17.5;52;58.6;92.9;100;41.4;0.99;0.96;20;9;4;0;0;REJETEE;identite non resolue , presente 4/6 jours , volume irregulier (CV 0.99)
Allemagne;de_gtfsde;;de_gtfsde|629621;31.3;17.5;56;50;82.9;92.9;42.9;1.09;0.99;83;21;4;0;0;REJETEE;identite non resolue , presente 4/6 jours , volume irregulier (CV 1.09) , ponctualite erratique (amplitude 83 pt)
Allemagne;de_gtfsde;;de_gtfsde|648423;28;17.5;63;47.1;82.9;95.7;48.6;1.24;1.16;21;11;4;0;0;REJETEE;identite non resolue , presente 4/6 jours , volume irregulier (CV 1.24)
Pays-Bas;nl_ovapi;Grijpskerk;nl_ovapi|grijpskerk@53.26,6.31;23.8;17.5;74;58.6;97.1;100;41.4;0.49;0.49;7;252;4;0;0;REJETEE;presente 4/6 jours , volume irregulier (CV 0.49)
Allemagne;de_gtfsde;Kerpen Horrem Bf;de_gtfsde|kerpenhorrembf@50.92,6.71;38;17.4;46;49.4;81.6;94.3;44.8;0.73;0.74;24;251;5;0;0;REJETEE;presente 5/6 jours , volume irregulier (CV 0.73)
Pays-Bas;nl_ovapi;Rheden;nl_ovapi|rheden@52.01,6.03;36.4;17.4;48;77;94.3;98.9;21.8;0.77;0.75;33;96;5;0.2;0;REJETEE;presente 5/6 jours , volume irregulier (CV 0.77)
Allemagne;de_gtfsde;;de_gtfsde|73835;52.3;17.3;33;55.1;84.1;95.7;40.6;1.36;1.31;87;20;4;0;0;REJETEE;identite non resolue , presente 4/6 jours , volume irregulier (CV 1.36) , ponctualite erratique (amplitude 87 pt)
Allemagne;de_gtfsde;;de_gtfsde|187446;37;17.3;47;53.6;82.6;92.8;39.1;1.39;1.38;33;10;4;0;0;REJETEE;identite non resolue , presente 4/6 jours , volume irregulier (CV 1.39)
Allemagne;de_gtfsde;;de_gtfsde|412879;35;17.3;49;50.7;89.9;98.6;47.8;1.13;1.08;33;16;4;0;0;REJETEE;identite non resolue , presente 4/6 jours , volume irregulier (CV 1.13)
Allemagne;de_gtfsde;;de_gtfsde|502242;34;17.3;51;72.5;95.7;98.6;26.1;1.26;1.27;6;9;4;0;0;REJETEE;identite non resolue , presente 4/6 jours , volume irregulier (CV 1.26)
Allemagne;de_gtfsde;;de_gtfsde|470895;33.8;17.3;51;72.5;92.8;97.1;24.6;1.12;1;21;16;4;0;0;REJETEE;identite non resolue , presente 4/6 jours , volume irregulier (CV 1.12)
Allemagne;de_gtfsde;;de_gtfsde|209785;32;17.3;54;15.9;63.8;75.4;59.4;0.99;0.97;71;10;4;0;0;REJETEE;identite non resolue , presente 4/6 jours , volume irregulier (CV 0.99) , ponctualite erratique (amplitude 71 pt)
Allemagne;de_gtfsde;;de_gtfsde|82687;30.8;17.3;56;58;95.7;98.6;40.6;1.03;0.95;6;8;4;0;0;REJETEE;identite non resolue , presente 4/6 jours , volume irregulier (CV 1.03)
Allemagne;de_gtfsde;;de_gtfsde|388332;30.3;17.3;57;33.3;75.4;91.3;58;1.29;1.24;80;21;4;0;0;REJETEE;identite non resolue , presente 4/6 jours , volume irregulier (CV 1.29) , ponctualite erratique (amplitude 80 pt)
Allemagne;de_gtfsde;;de_gtfsde|541823;28.5;17.3;61;34.8;89.9;95.7;60.9;1.37;1.25;25;23;4;0;0;REJETEE;identite non resolue , presente 4/6 jours , volume irregulier (CV 1.37)
Allemagne;de_gtfsde;;de_gtfsde|51103;28.5;17.3;61;36.2;63.8;79.7;43.5;0.98;0.98;50;8;4;0;0;REJETEE;identite non resolue , presente 4/6 jours , volume irregulier (CV 0.98)
Allemagne;de_gtfsde;;de_gtfsde|321250;28;17.3;62;40.6;89.9;95.7;55.1;1.41;1.28;22;20;4;0;0;REJETEE;identite non resolue , presente 4/6 jours , volume irregulier (CV 1.41)
Allemagne;de_gtfsde;;de_gtfsde|281649;27.5;17.3;63;37.7;69.6;87;49.3;1.24;1.11;37;20;4;0;0;REJETEE;identite non resolue , presente 4/6 jours , volume irregulier (CV 1.24)
Pays-Bas;nl_ovapi;Dronten;nl_ovapi|dronten@52.53,5.72;26.5;17.3;65;90.4;97.1;99;8.7;0.71;0.73;7;378;6;0;0;REJETEE;volume irregulier (CV 0.71)
Allemagne;de_gtfsde;;de_gtfsde|6805;25.3;17.3;68;42;84.1;97.1;55.1;1.04;1;25;9;4;0;0;REJETEE;identite non resolue , presente 4/6 jours , volume irregulier (CV 1.04)
Etats-Unis;us_mbta;Uphams Corner;us_mbta|uphamscorner@42.32,-71.07;23.8;17.2;72;100;100;100;0;0.37;0.34;0;60;6;0;0;REJETEE;trop parfaite (100 % sous 60 s) , volume irregulier (CV 0.37)
Allemagne;de_gtfsde;;de_gtfsde|544572;70.3;17;24;85.3;94.1;98.5;13.2;1.02;0.93;9;100;4;0;0;REJETEE;identite non resolue , presente 4/6 jours , volume irregulier (CV 1.02)
Allemagne;de_gtfsde;;de_gtfsde|256494;55.5;17;31;45.6;75;89.7;44.1;1.46;1.4;33;23;4;0;0;REJETEE;identite non resolue , presente 4/6 jours , volume irregulier (CV 1.46)
Allemagne;de_gtfsde;Nürnberg-Dürrenhof;de_gtfsde|nrnbergdrrenhof@49.45,11.10;34.8;17;49;84.7;97.6;98.8;14.1;0.51;0.5;100;147;5;0;0;REJETEE;presente 5/6 jours , volume irregulier (CV 0.51) , ponctualite erratique (amplitude 100 pt)
Allemagne;de_gtfsde;;de_gtfsde|142719;33.8;17;50;48.5;85.3;100;51.5;1.06;1.03;100;9;4;0;0;REJETEE;identite non resolue , presente 4/6 jours , volume irregulier (CV 1.06) , ponctualite erratique (amplitude 100 pt)
Allemagne;de_gtfsde;;de_gtfsde|161954;29.8;17;57;58.8;77.9;86.8;27.9;1.46;1.4;100;13;4;0;0;REJETEE;identite non resolue , presente 4/6 jours , volume irregulier (CV 1.46) , ponctualite erratique (amplitude 100 pt)
Allemagne;de_gtfsde;;de_gtfsde|101119;26.8;17;64;42.6;76.5;89.7;47.1;1.38;1.33;100;12;4;0;0;REJETEE;identite non resolue , presente 4/6 jours , volume irregulier (CV 1.38) , ponctualite erratique (amplitude 100 pt)
Etats-Unis;us_mta_lirr;;us_mta_lirr|215;25.6;17;66;43.5;91.8;100;56.5;1.06;0.97;15;170;5;0.6;0;REJETEE;identite non resolue , presente 5/6 jours , volume irregulier (CV 1.06)
Pays-Bas;nl_ovapi;Tiel Passewaaij;nl_ovapi|tielpassewaaij@51.87,5.39;25.2;17;67;16.5;74.1;92.9;76.5;0.71;0.73;38;136;5;0.2;0;REJETEE;presente 5/6 jours , volume irregulier (CV 0.71)
Allemagne;de_gtfsde;;de_gtfsde|406978;23.5;17;72;20.6;38.2;76.5;55.9;1.39;1.34;64;13;4;0;0;REJETEE;identite non resolue , presente 4/6 jours , volume irregulier (CV 1.39) , ponctualite erratique (amplitude 64 pt)
Etats-Unis;us_mbta;Newmarket;us_mbta|newmarket@42.33,-71.07;23;17;74;100;100;100;0;0.38;0.32;0;63;6;0;0;REJETEE;trop parfaite (100 % sous 60 s) , volume irregulier (CV 0.38)
Allemagne;de_gtfsde;Luckenwalde, Bahnhof;de_gtfsde|luckenwaldebahnhof@52.09,13.16;44.7;16.8;38;37.6;69.3;84.2;46.5;1.55;1.47;36;29;6;0;0;REJETEE;volume irregulier (CV 1.55)
Allemagne;de_gtfsde;;de_gtfsde|657147;36.8;16.8;46;56.7;86.6;98.5;41.8;1.43;1.39;100;17;4;0;0;REJETEE;identite non resolue , presente 4/6 jours , volume irregulier (CV 1.43) , ponctualite erratique (amplitude 100 pt)
Allemagne;de_gtfsde;;de_gtfsde|40550;31;16.8;54;52.2;94;97;44.8;1.09;1.05;8;10;4;0;0;REJETEE;identite non resolue , presente 4/6 jours , volume irregulier (CV 1.09)
Allemagne;de_gtfsde;;de_gtfsde|227345;29;16.8;58;37.3;83.6;97;59.7;1.31;1.18;25;19;4;0;0;REJETEE;identite non resolue , presente 4/6 jours , volume irregulier (CV 1.31)
Allemagne;de_gtfsde;;de_gtfsde|399693;28.3;16.8;59;74.6;100;100;25.4;1.18;1.14;0;14;4;0;0;REJETEE;identite non resolue , presente 4/6 jours , trop parfaite (aucun retard > 5 min) , volume irregulier (CV 1.18)
Allemagne;de_gtfsde;;de_gtfsde|33211;27.3;16.8;61;86.6;100;100;13.4;1.05;0.97;0;24;4;0;0;REJETEE;identite non resolue , presente 4/6 jours , trop parfaite (aucun retard > 5 min) , volume irregulier (CV 1.05)
Allemagne;de_gtfsde;Frantiskov nad Ploucnici;de_gtfsde|frantiskovnadploucnici@50.72,14.33;25.5;16.8;66;19.4;74.6;88.1;68.7;1.08;1.02;30;15;4;0;0;REJETEE;presente 4/6 jours , volume irregulier (CV 1.08)
Allemagne;de_gtfsde;;de_gtfsde|133477;21.5;16.8;78;34.3;79.1;91;56.7;0.92;0.92;29;15;4;0;0;REJETEE;identite non resolue , presente 4/6 jours , volume irregulier (CV 0.92)
Pays-Bas;nl_ovapi;Heemskerk;nl_ovapi|heemskerk@52.49,4.69;29.8;16.7;56;79;98;99;20;0.56;0.47;8;211;6;0.17;0;REJETEE;volume irregulier (CV 0.56)
Allemagne;de_gtfsde;Hannover Bahnhof Bismarckstr.;de_gtfsde|hannoverbahnhofbismarckstr@52.36,9.77;24;16.7;69;66;90;98;32;0.85;0.68;50;120;6;0;0;REJETEE;volume irregulier (CV 0.85)
Allemagne;de_gtfsde;;de_gtfsde|306343;49.8;16.5;33;71.2;93.9;98.5;27.3;1;0.91;8;88;4;0;0;REJETEE;identite non resolue , presente 4/6 jours , volume irregulier (CV 1.00)
Allemagne;de_gtfsde;;de_gtfsde|179273;35.3;16.5;47;36.4;68.2;83.3;47;1.23;1.22;70;9;4;0;0;REJETEE;identite non resolue , presente 4/6 jours , volume irregulier (CV 1.23) , ponctualite erratique (amplitude 70 pt)
Allemagne;de_gtfsde;;de_gtfsde|518985;34.8;16.5;47;51.5;93.9;100;48.5;0.9;0.85;9;16;4;0;0;REJETEE;identite non resolue , presente 4/6 jours , volume irregulier (CV 0.90)
Allemagne;de_gtfsde;;de_gtfsde|525163;34;16.5;49;83.3;97;98.5;15.2;1.41;1.36;100;29;4;0;0;REJETEE;identite non resolue , presente 4/6 jours , volume irregulier (CV 1.41) , ponctualite erratique (amplitude 100 pt)
Allemagne;de_gtfsde;;de_gtfsde|268148;33;16.5;50;71.2;93.9;95.5;24.2;1.08;1.06;17;7;4;0;0;REJETEE;identite non resolue , presente 4/6 jours , volume irregulier (CV 1.08)
Allemagne;de_gtfsde;;de_gtfsde|317139;31.5;16.5;52;48.5;78.8;93.9;45.5;1.01;0.91;22;23;4;0;0;REJETEE;identite non resolue , presente 4/6 jours , volume irregulier (CV 1.01)
Allemagne;de_gtfsde;;de_gtfsde|619028;31;16.5;53;51.5;80.3;97;45.5;1.02;0.99;86;18;4;0;0;REJETEE;identite non resolue , presente 4/6 jours , volume irregulier (CV 1.02) , ponctualite erratique (amplitude 86 pt)
Allemagne;de_gtfsde;;de_gtfsde|9622;30.8;16.5;54;50;90.9;95.5;45.5;1.12;1.04;11;8;4;0;0;REJETEE;identite non resolue , presente 4/6 jours , volume irregulier (CV 1.12)
Allemagne;de_gtfsde;;de_gtfsde|100714;30.3;16.5;55;43.9;80.3;95.5;51.5;1.22;1.2;100;18;4;0;0;REJETEE;identite non resolue , presente 4/6 jours , volume irregulier (CV 1.22) , ponctualite erratique (amplitude 100 pt)
Allemagne;de_gtfsde;;de_gtfsde|655484;29.5;16.5;56;39.4;78.8;84.8;45.5;1;0.96;21;13;4;0;0;REJETEE;identite non resolue , presente 4/6 jours , volume irregulier (CV 1.00)
Allemagne;de_gtfsde;;de_gtfsde|21122;29.3;16.5;56;66.7;98.5;100;33.3;1.18;1.12;8;22;4;0;0;REJETEE;identite non resolue , presente 4/6 jours , ponctualite 98.5 % > 98 % , volume irregulier (CV 1.18)
Allemagne;de_gtfsde;;de_gtfsde|356854;25.3;16.5;65;45.5;69.7;78.8;33.3;1.41;1.3;100;26;4;0;0;REJETEE;identite non resolue , presente 4/6 jours , volume irregulier (CV 1.41) , ponctualite erratique (amplitude 100 pt)
Allemagne;de_gtfsde;;de_gtfsde|134889;24.5;16.5;67;74.2;95.5;98.5;24.2;1.16;1.15;6;9;4;0;0;REJETEE;identite non resolue , presente 4/6 jours , volume irregulier (CV 1.16)
Allemagne;de_gtfsde;;de_gtfsde|55440;23.8;16.5;69;87.9;100;100;12.1;1.32;1.25;0;10;4;0;0;REJETEE;identite non resolue , presente 4/6 jours , trop parfaite (aucun retard > 5 min) , volume irregulier (CV 1.32)
Pays-Bas;nl_ovapi;Mariënberg;nl_ovapi|marinberg@52.51,6.57;23.2;16.5;71;62.6;99;100;37.4;0.67;0.68;6;271;6;0.33;0;REJETEE;ponctualite 99.0 % > 98 % , volume irregulier (CV 0.67)
Pays-Bas;nl_ovapi;Hardenberg;nl_ovapi|hardenberg@52.57,6.63;22.7;16.5;73;46.5;99;100;53.5;0.65;0.66;6;269;6;0.33;0;REJETEE;ponctualite 99.0 % > 98 % , volume irregulier (CV 0.65)
Allemagne;de_gtfsde;;de_gtfsde|321722;19.8;16.5;84;39.4;72.7;87.9;48.5;0.81;0.7;50;16;4;0;0;REJETEE;identite non resolue , presente 4/6 jours , volume irregulier (CV 0.81)
Pays-Bas;nl_ovapi;Vught;nl_ovapi|vught@51.66,5.29;21;16.4;78;43.9;97.6;98.8;54.9;0.86;0.89;4;600;5;0;0;REJETEE;presente 5/6 jours , volume irregulier (CV 0.86)
Allemagne;de_gtfsde;;de_gtfsde|239197;55.8;16.3;29;56.9;80;84.6;27.7;1.3;1.24;100;16;4;0;0;REJETEE;identite non resolue , presente 4/6 jours , volume irregulier (CV 1.30) , ponctualite erratique (amplitude 100 pt)
Allemagne;de_gtfsde;;de_gtfsde|617378;33;16.3;49;44.6;89.2;93.8;49.2;0.78;0.72;31;7;4;0;0;REJETEE;identite non resolue , presente 4/6 jours , volume irregulier (CV 0.78)
Allemagne;de_gtfsde;;de_gtfsde|292408;32.5;16.3;50;43.1;72.3;83.1;40;0.84;0.82;50;7;4;0;0;REJETEE;identite non resolue , presente 4/6 jours , volume irregulier (CV 0.84)
Allemagne;de_gtfsde;;de_gtfsde|270098;30;16.3;54;56.9;100;100;43.1;1.27;1.2;0;50;4;0;0;REJETEE;identite non resolue , presente 4/6 jours , trop parfaite (aucun retard > 5 min) , volume irregulier (CV 1.27)
Allemagne;de_gtfsde;;de_gtfsde|623465;29.5;16.3;55;52.3;100;100;47.7;1.27;1.21;0;47;4;0;0;REJETEE;identite non resolue , presente 4/6 jours , trop parfaite (aucun retard > 5 min) , volume irregulier (CV 1.27)
Allemagne;de_gtfsde;;de_gtfsde|101081;25.8;16.3;63;60;86.2;95.4;35.4;1.36;1.26;33;19;4;0;0;REJETEE;identite non resolue , presente 4/6 jours , volume irregulier (CV 1.36)
Allemagne;de_gtfsde;;de_gtfsde|344104;24.8;16.3;66;36.9;61.5;69.2;32.3;1.17;1.15;50;16;4;0;0;REJETEE;identite non resolue , presente 4/6 jours , volume irregulier (CV 1.17)
Allemagne;de_gtfsde;;de_gtfsde|450509;22.8;16.3;71;29.2;92.3;98.5;69.2;1.12;1.09;100;10;4;0;0;REJETEE;identite non resolue , presente 4/6 jours , volume irregulier (CV 1.12) , ponctualite erratique (amplitude 100 pt)
Pays-Bas;nl_ovapi;Heeze;nl_ovapi|heeze@51.39,5.57;23.3;16.2;69;61.9;96.9;100;38.1;0.73;0.67;6;72;6;0;0;REJETEE;volume irregulier (CV 0.73)
Allemagne;de_gtfsde;;de_gtfsde|39545;38.8;16;41;42.2;78.1;92.2;50;1.27;1.22;26;16;4;0;0;REJETEE;identite non resolue , presente 4/6 jours , volume irregulier (CV 1.27)
Allemagne;de_gtfsde;;de_gtfsde|404344;37.3;16;43;48.4;78.1;82.8;34.4;1.07;1.04;29;8;4;0;0;REJETEE;identite non resolue , presente 4/6 jours , volume irregulier (CV 1.07)
Allemagne;de_gtfsde;;de_gtfsde|536878;34.5;16;46;51.6;78.1;87.5;35.9;1.35;1.33;25;21;4;0;0;REJETEE;identite non resolue , presente 4/6 jours , volume irregulier (CV 1.35)
Allemagne;de_gtfsde;;de_gtfsde|326244;34;16;47;84.4;92.2;95.3;10.9;1.11;0.97;10;11;4;0;0;REJETEE;identite non resolue , presente 4/6 jours , volume irregulier (CV 1.11)
Allemagne;de_gtfsde;;de_gtfsde|139410;31.5;16;51;57.8;89.1;98.4;40.6;1.07;1.01;12;15;4;0;0;REJETEE;identite non resolue , presente 4/6 jours , volume irregulier (CV 1.07)
Allemagne;de_gtfsde;;de_gtfsde|16018;31.3;16;51;75;93.8;96.9;21.9;1.09;1.05;8;13;4;0;0;REJETEE;identite non resolue , presente 4/6 jours , volume irregulier (CV 1.09)
Allemagne;de_gtfsde;;de_gtfsde|133102;30;16;53;37.5;67.2;79.7;42.2;0.85;0.8;50;8;4;0;0;REJETEE;identite non resolue , presente 4/6 jours , volume irregulier (CV 0.85)
Allemagne;de_gtfsde;;de_gtfsde|630276;27.3;16;59;64.1;93.8;98.4;34.4;1.18;1.14;50;8;4;0;0;REJETEE;identite non resolue , presente 4/6 jours , volume irregulier (CV 1.18)
Allemagne;de_gtfsde;;de_gtfsde|350025;27.3;16;59;46.9;67.2;89.1;42.2;1.24;1.17;40;21;4;0;0;REJETEE;identite non resolue , presente 4/6 jours , volume irregulier (CV 1.24)
Allemagne;de_gtfsde;;de_gtfsde|236812;27.3;16;59;79.7;95.3;98.4;18.8;1.3;1.29;6;14;4;0;0;REJETEE;identite non resolue , presente 4/6 jours , volume irregulier (CV 1.30)
Pays-Bas;nl_ovapi;Sauwerd;nl_ovapi|sauwerd@53.29,6.54;27;16;59;55;100;100;45;0.97;0.98;0;483;5;0;0;REJETEE;presente 5/6 jours , trop parfaite (aucun retard > 5 min) , volume irregulier (CV 0.97)
Allemagne;de_gtfsde;;de_gtfsde|97741;25.5;16;63;64.1;89.1;93.8;29.7;1.03;0.91;17;9;4;0;0;REJETEE;identite non resolue , presente 4/6 jours , volume irregulier (CV 1.03)
Pays-Bas;nl_ovapi;Martenshoek;nl_ovapi|martenshoek@53.16,6.74;24.8;16;65;63.7;98.8;100;36.3;1.12;1.08;2;491;5;0;0;REJETEE;presente 5/6 jours , ponctualite 98.8 % > 98 % , volume irregulier (CV 1.12)
Allemagne;de_gtfsde;;de_gtfsde|133500;136;15.8;12;81;92.1;100;19;0.99;0.89;100;96;4;0;0;REJETEE;identite non resolue , presente 4/6 jours , volume irregulier (CV 0.99) , ponctualite erratique (amplitude 100 pt)
Allemagne;de_gtfsde;;de_gtfsde|255739;48;15.8;33;63.5;92.1;96.8;33.3;1.02;0.93;11;20;4;0;0;REJETEE;identite non resolue , presente 4/6 jours , volume irregulier (CV 1.02)
Allemagne;de_gtfsde;;de_gtfsde|482128;33.3;15.8;47;44.4;77.8;96.8;52.4;0.93;0.95;25;19;4;0;0;REJETEE;identite non resolue , presente 4/6 jours , volume irregulier (CV 0.93)
Allemagne;de_gtfsde;;de_gtfsde|657946;32.8;15.8;48;31.7;66.7;79.4;47.6;0.85;0.83;50;7;4;0;0;REJETEE;identite non resolue , presente 4/6 jours , volume irregulier (CV 0.85)
Allemagne;de_gtfsde;;de_gtfsde|495676;30;15.8;53;22.2;74.6;87.3;65.1;0.76;0.74;83;8;4;0;0;REJETEE;identite non resolue , presente 4/6 jours , volume irregulier (CV 0.76) , ponctualite erratique (amplitude 83 pt)
Allemagne;de_gtfsde;;de_gtfsde|576031;29.3;15.8;54;44.4;84.1;95.2;50.8;1.11;1.08;100;19;4;0;0;REJETEE;identite non resolue , presente 4/6 jours , volume irregulier (CV 1.11) , ponctualite erratique (amplitude 100 pt)
Allemagne;de_gtfsde;;de_gtfsde|285549;28.8;15.8;55;36.5;65.1;84.1;47.6;1.13;1.06;43;11;4;0;0;REJETEE;identite non resolue , presente 4/6 jours , volume irregulier (CV 1.13)
Allemagne;de_gtfsde;;de_gtfsde|410777;28.5;15.8;55;71.4;88.9;96.8;25.4;1.04;0.99;14;8;4;0;0;REJETEE;identite non resolue , presente 4/6 jours , volume irregulier (CV 1.04)
Allemagne;de_gtfsde;;de_gtfsde|102606;28;15.8;56;57.1;95.2;98.4;41.3;1.03;0.97;8;8;4;0;0;REJETEE;identite non resolue , presente 4/6 jours , volume irregulier (CV 1.03)
Allemagne;de_gtfsde;;de_gtfsde|81598;27.5;15.8;57;74.6;100;100;25.4;1.25;1.19;0;14;4;0;0;REJETEE;identite non resolue , presente 4/6 jours , trop parfaite (aucun retard > 5 min) , volume irregulier (CV 1.25)
Allemagne;de_gtfsde;;de_gtfsde|229123;27.5;15.8;57;58.7;88.9;95.2;36.5;1.07;0.96;25;14;4;0;0;REJETEE;identite non resolue , presente 4/6 jours , volume irregulier (CV 1.07)
Allemagne;de_gtfsde;;de_gtfsde|337110;26.3;15.8;60;41.3;85.7;98.4;57.1;1.37;1.29;20;15;4;0;0;REJETEE;identite non resolue , presente 4/6 jours , volume irregulier (CV 1.37)
Allemagne;de_gtfsde;;de_gtfsde|153915;25;15.8;63;22.2;69.8;87.3;65.1;1.21;1.18;37;9;4;0;0;REJETEE;identite non resolue , presente 4/6 jours , volume irregulier (CV 1.21)
Allemagne;de_gtfsde;;de_gtfsde|150503;24.5;15.8;64;19;69.8;87.3;68.3;1.13;1.04;33;9;4;0;0;REJETEE;identite non resolue , presente 4/6 jours , volume irregulier (CV 1.13)
Allemagne;de_gtfsde;;de_gtfsde|210921;24.3;15.8;65;31.7;68.3;79.4;47.6;1.35;1.33;100;13;4;0;0;REJETEE;identite non resolue , presente 4/6 jours , volume irregulier (CV 1.35) , ponctualite erratique (amplitude 100 pt)
Allemagne;de_gtfsde;Kreuzstraße;de_gtfsde|kreuzstrae@47.92,11.76;23;15.8;68;14.3;69.8;93.7;79.4;1.38;1.26;33;21;4;0;0;REJETEE;presente 4/6 jours , volume irregulier (CV 1.38)
Allemagne;de_gtfsde;;de_gtfsde|166484;22.3;15.8;71;87.3;100;100;12.7;1.05;0.97;0;14;4;0;0;REJETEE;identite non resolue , presente 4/6 jours , trop parfaite (aucun retard > 5 min) , volume irregulier (CV 1.05)
Pays-Bas;nl_ovapi;Maarheeze;nl_ovapi|maarheeze@51.30,5.63;23.5;15.7;67;34;95.7;100;66;0.73;0.67;6;71;6;0;0;REJETEE;volume irregulier (CV 0.73)
Pays-Bas;nl_ovapi;Geldrop;nl_ovapi|geldrop@51.42,5.55;23.3;15.7;67;72.3;95.7;100;27.7;0.73;0.67;8;72;6;0;0;REJETEE;volume irregulier (CV 0.73)
France;fr_sncf;Lille Flandres;fr_sncf|UIC87286005;83;15.6;19;80.8;87.2;97.4;16.7;0.61;0.77;36;443;5;0.8;0.4;REJETEE;presente 5/6 jours , volume irregulier (CV 0.61)
Pays-Bas;nl_ovapi;Brummen;nl_ovapi|brummen@52.09,6.15;36.4;15.6;43;69.2;96.2;98.7;29.5;0.75;0.72;50;92;5;0.2;0;REJETEE;presente 5/6 jours , volume irregulier (CV 0.75)
Allemagne;de_gtfsde;;de_gtfsde|338161;139.3;15.5;11;75.8;88.7;98.4;22.6;1;0.9;100;93;4;0;0;REJETEE;identite non resolue , presente 4/6 jours , volume irregulier (CV 1.00) , ponctualite erratique (amplitude 100 pt)
France;fr_sncf;Nantes;fr_sncf|UIC87481002;70;15.5;22;67.7;79.6;86;18.3;0.62;0.76;38;353;6;1.33;0;REJETEE;volume irregulier (CV 0.62)
Allemagne;de_gtfsde;;de_gtfsde|34045;53.8;15.5;29;61.3;82.3;91.9;30.6;1.31;1.27;21;26;4;0;0;REJETEE;identite non resolue , presente 4/6 jours , volume irregulier (CV 1.31)
Allemagne;de_gtfsde;;de_gtfsde|456267;41;15.5;38;41.9;77.4;90.3;48.4;1.31;1.29;25;11;4;0;0;REJETEE;identite non resolue , presente 4/6 jours , volume irregulier (CV 1.31)
Allemagne;de_gtfsde;;de_gtfsde|113985;37.3;15.5;42;41.9;79;93.5;51.6;1.22;1.13;23;19;4;0;0;REJETEE;identite non resolue , presente 4/6 jours , volume irregulier (CV 1.22)
Allemagne;de_gtfsde;;de_gtfsde|440901;34.8;15.5;45;58.1;91.9;95.2;37.1;1.16;1.11;50;53;4;0;0;REJETEE;identite non resolue , presente 4/6 jours , volume irregulier (CV 1.16)
Allemagne;de_gtfsde;Dautphetal-Buchenau (Lahn) Bahnhof;de_gtfsde|dautphetalbuchenaulahnbahnhof@50.87,8.60;29.3;15.5;53;87.1;98.4;100;12.9;0.77;0.78;10;103;4;0;0;REJETEE;presente 4/6 jours , ponctualite 98.4 % > 98 % , volume irregulier (CV 0.77)
Allemagne;de_gtfsde;;de_gtfsde|147898;29.3;15.5;53;48.4;85.5;96.8;48.4;1.21;1.16;25;13;4;0;0;REJETEE;identite non resolue , presente 4/6 jours , volume irregulier (CV 1.21)
Allemagne;de_gtfsde;;de_gtfsde|219628;28.5;15.5;54;67.7;88.7;98.4;30.6;1.25;1.22;100;8;4;0;0;REJETEE;identite non resolue , presente 4/6 jours , volume irregulier (CV 1.25) , ponctualite erratique (amplitude 100 pt)
Allemagne;de_gtfsde;;de_gtfsde|280936;25.3;15.5;61;48.4;82.3;90.3;41.9;1;0.94;27;9;4;0;0;REJETEE;identite non resolue , presente 4/6 jours , volume irregulier (CV 1.00)
Allemagne;de_gtfsde;Eschweiler Talbahnhof;de_gtfsde|eschweilertalbahnhof@50.81,6.26;25.2;15.5;62;69.9;86;94.6;24.7;1.36;1.19;100;72;6;0;0;REJETEE;volume irregulier (CV 1.36) , ponctualite erratique (amplitude 100 pt)
Allemagne;de_gtfsde;;de_gtfsde|430306;24.8;15.5;63;27.4;72.6;83.9;56.5;1.31;1.29;100;13;4;0;0;REJETEE;identite non resolue , presente 4/6 jours , volume irregulier (CV 1.31) , ponctualite erratique (amplitude 100 pt)
Pays-Bas;nl_ovapi;Maarssen;nl_ovapi|maarssen@52.14,5.03;24;15.5;65;75.3;96.8;100;24.7;0.47;0.41;18;85;6;0;0;REJETEE;volume irregulier (CV 0.47)
Allemagne;de_gtfsde;;de_gtfsde|228298;23.5;15.5;66;17.7;53.2;79;61.3;1.33;1.27;67;13;4;0;0;REJETEE;identite non resolue , presente 4/6 jours , volume irregulier (CV 1.33) , ponctualite erratique (amplitude 67 pt)
Allemagne;de_gtfsde;;de_gtfsde|612078;23;15.5;67;30.6;56.5;77.4;46.8;1.35;1.28;54;10;4;0;0;REJETEE;identite non resolue , presente 4/6 jours , volume irregulier (CV 1.35)
Allemagne;de_gtfsde;;de_gtfsde|191592;21.8;15.5;71;61.3;91.9;95.2;33.9;1.05;0.96;13;11;4;0;0;REJETEE;identite non resolue , presente 4/6 jours , volume irregulier (CV 1.05)
Etats-Unis;us_mbta;Canton Junction;us_mbta|cantonjunction@42.16,-71.15;20.3;15.5;76;100;100;100;0;0.54;0.52;0;26;6;0;0;REJETEE;trop parfaite (100 % sous 60 s) , volume irregulier (CV 0.54)
Allemagne;de_gtfsde;Burgau (Schwab);de_gtfsde|burgauschwab@48.42,10.43;31.8;15.4;48;28.6;45.5;74;45.5;1.23;1.08;83;44;5;0;0;REJETEE;presente 5/6 jours , volume irregulier (CV 1.23) , ponctualite erratique (amplitude 83 pt)
Pays-Bas;nl_ovapi;Hoogezand-Sappemeer;nl_ovapi|hoogezandsappemeer@53.16,6.77;24.8;15.4;62;57.1;98.7;100;42.9;1.12;1.08;2;491;5;0;0;REJETEE;presente 5/6 jours , ponctualite 98.7 % > 98 % , volume irregulier (CV 1.12)
Etats-Unis;us_mta_lirr;;us_mta_lirr|20;20.6;15.4;75;55.8;84.4;96.1;40.3;0.76;0.7;23;116;5;0;0;REJETEE;identite non resolue , presente 5/6 jours , volume irregulier (CV 0.76)
Allemagne;de_gtfsde;;de_gtfsde|31169;76.5;15.3;20;57.4;82;86.9;29.5;1.09;1.03;29;34;4;0;0;REJETEE;identite non resolue , presente 4/6 jours , volume irregulier (CV 1.09)
Allemagne;de_gtfsde;Ritschenhausen (Bushaltestelle);de_gtfsde|ritschenhausenbushaltestelle@50.51,10.43;38.3;15.3;40;70.5;93.4;96.7;26.2;1.06;1;50;17;4;0;0;REJETEE;presente 4/6 jours , volume irregulier (CV 1.06)
Pays-Bas;nl_ovapi;Oosterbeek;nl_ovapi|oosterbeek@51.99,5.84;32;15.3;48;70.5;98.4;100;29.5;0.72;0.62;4;29;4;0;0;REJETEE;presente 4/6 jours , ponctualite 98.4 % > 98 % , volume irregulier (CV 0.72)
Allemagne;de_gtfsde;;de_gtfsde|260634;31.3;15.3;49;83.6;98.4;100;16.4;1.05;0.94;3;21;4;0;0;REJETEE;identite non resolue , presente 4/6 jours , ponctualite 98.4 % > 98 % , volume irregulier (CV 1.05)
Allemagne;de_gtfsde;;de_gtfsde|347136;29.3;15.3;52;57.4;88.5;100;42.6;1.26;1.22;13;13;4;0;0;REJETEE;identite non resolue , presente 4/6 jours , volume irregulier (CV 1.26)
Allemagne;de_gtfsde;;de_gtfsde|198410;28.3;15.3;54;44.3;78.7;91.8;47.5;1.22;1.17;27;23;4;0;0;REJETEE;identite non resolue , presente 4/6 jours , volume irregulier (CV 1.22)
Allemagne;de_gtfsde;;de_gtfsde|589399;28.3;15.3;54;19.7;82;95.1;75.4;1.39;1.39;50;14;4;0;0;REJETEE;identite non resolue , presente 4/6 jours , volume irregulier (CV 1.39)
Allemagne;de_gtfsde;;de_gtfsde|73338;27.3;15.3;56;44.3;80.3;91.8;47.5;1.27;1.23;26;24;4;0;0;REJETEE;identite non resolue , presente 4/6 jours , volume irregulier (CV 1.27)
Allemagne;de_gtfsde;;de_gtfsde|448112;26.8;15.3;57;44.3;85.2;95.1;50.8;1.51;1.43;100;9;4;0;0;REJETEE;identite non resolue , presente 4/6 jours , volume irregulier (CV 1.51) , ponctualite erratique (amplitude 100 pt)
Allemagne;de_gtfsde;;de_gtfsde|477973;25;15.3;61;23;65.6;77;54.1;1.09;1.07;100;16;4;0;0;REJETEE;identite non resolue , presente 4/6 jours , volume irregulier (CV 1.09) , ponctualite erratique (amplitude 100 pt)
Allemagne;de_gtfsde;;de_gtfsde|508469;24.8;15.3;62;60.7;90.2;95.1;34.4;1.26;1.24;18;9;4;0;0;REJETEE;identite non resolue , presente 4/6 jours , volume irregulier (CV 1.26)
Allemagne;de_gtfsde;;de_gtfsde|46109;24.3;15.3;63;59;85.2;90.2;31.1;1.07;1.03;20;13;4;0;0;REJETEE;identite non resolue , presente 4/6 jours , volume irregulier (CV 1.07)
Allemagne;de_gtfsde;;de_gtfsde|609368;24.3;15.3;63;59;83.6;88.5;29.5;1.01;0.99;23;13;4;0;0;REJETEE;identite non resolue , presente 4/6 jours , volume irregulier (CV 1.01)
Allemagne;de_gtfsde;;de_gtfsde|9475;24;15.3;64;42.6;73.8;83.6;41;1.33;1.32;100;13;4;0;0;REJETEE;identite non resolue , presente 4/6 jours , volume irregulier (CV 1.33) , ponctualite erratique (amplitude 100 pt)
Allemagne;de_gtfsde;;de_gtfsde|82764;23.8;15.3;64;52.5;90.2;95.1;42.6;1.09;0.97;14;17;4;0;0;REJETEE;identite non resolue , presente 4/6 jours , volume irregulier (CV 1.09)
Allemagne;de_gtfsde;;de_gtfsde|181635;23.3;15.3;66;45.9;72.1;91.8;45.9;0.8;0.73;34;10;4;0;0;REJETEE;identite non resolue , presente 4/6 jours , volume irregulier (CV 0.80)
Allemagne;de_gtfsde;;de_gtfsde|510916;22.8;15.3;67;32.8;47.5;65.6;32.8;1.3;1.28;80;17;4;0;0;REJETEE;identite non resolue , presente 4/6 jours , volume irregulier (CV 1.30) , ponctualite erratique (amplitude 80 pt)
Allemagne;de_gtfsde;;de_gtfsde|118;22.5;15.3;68;62.3;96.7;100;37.7;1.16;1.14;5;14;4;0;0;REJETEE;identite non resolue , presente 4/6 jours , volume irregulier (CV 1.16)
Allemagne;de_gtfsde;;de_gtfsde|20202;22.3;15.3;69;62.3;91.8;95.1;32.8;1.1;0.99;13;14;4;0;0;REJETEE;identite non resolue , presente 4/6 jours , volume irregulier (CV 1.10)
Allemagne;de_gtfsde;;de_gtfsde|328105;21;15.3;73;57.4;82;86.9;29.5;1.1;1.05;21;15;4;0;0;REJETEE;identite non resolue , presente 4/6 jours , volume irregulier (CV 1.10)
Pays-Bas;nl_ovapi;Hoogeveen;nl_ovapi|hoogeveen@52.73,6.47;19;15.3;81;75;90.2;92.4;17.4;0.61;0.53;38;200;6;0.5;0;REJETEE;volume irregulier (CV 0.61)
Allemagne;de_gtfsde;Sparrieshoop;de_gtfsde|sparrieshoop@53.78,9.69;37.3;15.2;41;56;74.7;85.7;29.7;1.36;1.26;40;53;6;0;0;REJETEE;volume irregulier (CV 1.36)
Allemagne;de_gtfsde;Friedland(Kr Göttingen);de_gtfsde|friedlandkrgttingen@51.42,9.91;35.8;15.2;42;71.1;96.1;98.7;27.6;0.6;0.56;29;53;5;0;0;REJETEE;presente 5/6 jours , volume irregulier (CV 0.60)
Pays-Bas;nl_ovapi;Groningen Noord;nl_ovapi|groningennoord@53.23,6.56;26.8;15.2;57;61.8;100;100;38.2;0.99;0.99;0;478;5;0;0;REJETEE;presente 5/6 jours , trop parfaite (aucun retard > 5 min) , volume irregulier (CV 0.99)
Allemagne;de_gtfsde;St. Ingbert;de_gtfsde|stingbert@49.27,7.11;25.7;15.2;59;65.9;92.3;95.6;29.7;0.65;0.79;14;281;6;0;0;REJETEE;volume irregulier (CV 0.65)
Etats-Unis;us_mbta;Four Corners/Geneva;us_mbta|fourcornersgeneva@42.31,-71.08;24.7;15.2;61;100;100;100;0;0.34;0.33;0;60;6;0;0;REJETEE;trop parfaite (100 % sous 60 s)
Pays-Bas;nl_ovapi;Twello;nl_ovapi|twello@52.24,6.10;21.5;15.2;71;76.9;92.3;100;23.1;0.39;0.49;18;100;6;0;0;REJETEE;volume irregulier (CV 0.39)
Allemagne;de_gtfsde;;de_gtfsde|618702;58;15;26;98.3;100;100;1.7;0.82;0.75;100;59;4;0;0;REJETEE;identite non resolue , presente 4/6 jours , trop parfaite (98 % sous 60 s) , volume irregulier (CV 0.82) , ponctualite erratique (amplitude 100 pt)
Allemagne;de_gtfsde;;de_gtfsde|45952;39;15;38;66.7;80;88.3;21.7;1.21;1.13;26;32;4;0;0;REJETEE;identite non resolue , presente 4/6 jours , volume irregulier (CV 1.21)
Allemagne;de_gtfsde;;de_gtfsde|615354;31.5;15;48;63.3;90;93.3;30;1.37;1.3;11;18;4;0;0;REJETEE;identite non resolue , presente 4/6 jours , volume irregulier (CV 1.37)
Allemagne;de_gtfsde;;de_gtfsde|204028;30;15;50;75;93.3;95;20;1.07;1.03;10;13;4;0;0;REJETEE;identite non resolue , presente 4/6 jours , volume irregulier (CV 1.07)
Allemagne;de_gtfsde;;de_gtfsde|567693;29.3;15;51;63.3;88.3;93.3;30;1.11;1.06;33;16;4;0;0;REJETEE;identite non resolue , presente 4/6 jours , volume irregulier (CV 1.11)
Allemagne;de_gtfsde;;de_gtfsde|593836;27.8;15;54;23.3;61.7;80;56.7;1.02;0.96;53;14;4;0;0;REJETEE;identite non resolue , presente 4/6 jours , volume irregulier (CV 1.02)
Allemagne;de_gtfsde;;de_gtfsde|258793;26.5;15;57;31.7;71.7;86.7;55;1.01;0.97;38;9;4;0;0;REJETEE;identite non resolue , presente 4/6 jours , volume irregulier (CV 1.01)
Etats-Unis;us_mbta;East Taunton;us_mbta|easttaunton@41.87,-71.06;25.2;15;60;100;100;100;0;0.17;0.23;0;67;5;0;0;REJETEE;presente 5/6 jours , trop parfaite (100 % sous 60 s)
Allemagne;de_gtfsde;;de_gtfsde|24312;23.3;15;65;71.7;96.7;96.7;25;0.87;0.92;13;10;4;0;0;REJETEE;identite non resolue , presente 4/6 jours , volume irregulier (CV 0.87)
Pays-Bas;nl_ovapi;Maastricht Randwyck;nl_ovapi|maastrichtrandwyck@50.84,5.72;21.8;15;69;93.3;100;100;6.7;0.9;1.01;100;43;4;0.25;0;REJETEE;presente 4/6 jours , trop parfaite (aucun retard > 5 min) , volume irregulier (CV 0.90) , ponctualite erratique (amplitude 100 pt)
Allemagne;de_gtfsde;;de_gtfsde|149352;21.5;15;70;46.7;80;95;48.3;1.39;1.33;100;15;4;0;0;REJETEE;identite non resolue , presente 4/6 jours , volume irregulier (CV 1.39) , ponctualite erratique (amplitude 100 pt)
Allemagne;de_gtfsde;;de_gtfsde|271935;21;15;71;35;70;88.3;53.3;1.29;1.19;50;15;4;0;0;REJETEE;identite non resolue , presente 4/6 jours , volume irregulier (CV 1.29)
Allemagne;de_gtfsde;;de_gtfsde|596525;71.5;14.8;21;81.4;93.2;98.3;16.9;1.02;0.92;11;97;4;0;0;REJETEE;identite non resolue , presente 4/6 jours , volume observable 14.8 < 15 , volume irregulier (CV 1.02)
Allemagne;de_gtfsde;;de_gtfsde|429241;69;14.8;21;79.7;94.9;100;20.3;0.99;0.91;100;100;4;0;0;REJETEE;identite non resolue , presente 4/6 jours , volume observable 14.8 < 15 , volume irregulier (CV 0.99) , ponctualite erratique (amplitude 100 pt)
France;fr_sncf;Valence Ville;fr_sncf|UIC87761007;49.2;14.8;30;56.2;67.4;74.2;18;0.33;0.35;55;153;6;1.17;0.17;REJETEE;volume observable 14.8 < 15
Allemagne;de_gtfsde;;de_gtfsde|150974;43.8;14.8;34;59.3;88.1;91.5;32.2;1.24;1.18;18;22;4;0;0;REJETEE;identite non resolue , presente 4/6 jours , volume observable 14.8 < 15 , volume irregulier (CV 1.24)
Allemagne;de_gtfsde;;de_gtfsde|665386;40;14.8;37;45.8;72.9;83.1;37.3;1.25;1.14;100;33;4;0;0;REJETEE;identite non resolue , presente 4/6 jours , volume observable 14.8 < 15 , volume irregulier (CV 1.25) , ponctualite erratique (amplitude 100 pt)
Allemagne;de_gtfsde;;de_gtfsde|128388;32.8;14.8;45;55.9;88.1;89.8;33.9;1.21;1.13;13;7;4;0;0;REJETEE;identite non resolue , presente 4/6 jours , volume observable 14.8 < 15 , volume irregulier (CV 1.21)
Allemagne;de_gtfsde;;de_gtfsde|66583;29.5;14.8;50;33.9;79.7;91.5;57.6;1.2;1.12;24;11;4;0;0;REJETEE;identite non resolue , presente 4/6 jours , volume observable 14.8 < 15 , volume irregulier (CV 1.20)
Allemagne;de_gtfsde;;de_gtfsde|426780;27.8;14.8;53;42.4;69.5;84.7;42.4;1.47;1.44;100;8;4;0;0;REJETEE;identite non resolue , presente 4/6 jours , volume observable 14.8 < 15 , volume irregulier (CV 1.47) , ponctualite erratique (amplitude 100 pt)
Allemagne;de_gtfsde;;de_gtfsde|80169;27.3;14.8;54;47.5;74.6;84.7;37.3;1.12;1.06;34;11;4;0;0;REJETEE;identite non resolue , presente 4/6 jours , volume observable 14.8 < 15 , volume irregulier (CV 1.12)
Allemagne;de_gtfsde;;de_gtfsde|457796;25.3;14.8;58;59.3;91.5;98.3;39;0.86;0.79;13;16;4;0;0;REJETEE;identite non resolue , presente 4/6 jours , volume observable 14.8 < 15 , volume irregulier (CV 0.86)
Allemagne;de_gtfsde;;de_gtfsde|64288;24.8;14.8;60;32.2;66.1;88.1;55.9;1.42;1.38;39;9;4;0;0;REJETEE;identite non resolue , presente 4/6 jours , volume observable 14.8 < 15 , volume irregulier (CV 1.42)
Allemagne;de_gtfsde;Löhne, Remarqueplatz/Bhf;de_gtfsde|lhneremarqueplatzbhf@52.20,8.71;23.8;14.8;62;54.2;71.2;84.7;30.5;0.57;0.47;65;70;4;0;0;REJETEE;presente 4/6 jours , volume observable 14.8 < 15 , volume irregulier (CV 0.57) , ponctualite erratique (amplitude 65 pt)
Allemagne;de_gtfsde;Umrathshausen Ort;de_gtfsde|umrathshausenort@47.81,12.33;23;14.8;64;59.3;84.7;94.9;35.6;1;0.97;18;25;4;0;0;REJETEE;presente 4/6 jours , volume observable 14.8 < 15 , volume irregulier (CV 1.00)
Allemagne;de_gtfsde;;de_gtfsde|20344;23;14.8;64;64.4;93.2;96.6;32.2;0.9;0.85;15;10;4;0;0;REJETEE;identite non resolue , presente 4/6 jours , volume observable 14.8 < 15 , volume irregulier (CV 0.90)
Allemagne;de_gtfsde;;de_gtfsde|30944;22.8;14.8;65;62.7;79.7;88.1;25.4;1.13;1.06;25;14;4;0;0;REJETEE;identite non resolue , presente 4/6 jours , volume observable 14.8 < 15 , volume irregulier (CV 1.13)
Allemagne;de_gtfsde;;de_gtfsde|315797;22.8;14.8;65;33.9;57.6;72.9;39;1.31;1.28;100;17;4;0;0;REJETEE;identite non resolue , presente 4/6 jours , volume observable 14.8 < 15 , volume irregulier (CV 1.31) , ponctualite erratique (amplitude 100 pt)
Allemagne;de_gtfsde;;de_gtfsde|545463;22.3;14.8;66;89.8;100;100;10.2;1.02;0.95;0;18;4;0;0;REJETEE;identite non resolue , presente 4/6 jours , volume observable 14.8 < 15 , trop parfaite (aucun retard > 5 min) , volume irregulier (CV 1.02)
Allemagne;de_gtfsde;;de_gtfsde|268460;22;14.8;67;42.4;72.9;86.4;44.1;1.4;1.37;60;14;4;0;0;REJETEE;identite non resolue , presente 4/6 jours , volume observable 14.8 < 15 , volume irregulier (CV 1.40)
Allemagne;de_gtfsde;;de_gtfsde|167508;21.8;14.8;68;66.1;94.9;96.6;30.5;0.98;1.05;100;11;4;0;0;REJETEE;identite non resolue , presente 4/6 jours , volume observable 14.8 < 15 , volume irregulier (CV 0.98) , ponctualite erratique (amplitude 100 pt)
Allemagne;de_gtfsde;Schallstadt Bahnhof;de_gtfsde|schallstadtbahnhof@47.96,7.75;21.3;14.8;69;69.5;91.5;93.2;23.7;0.51;0.35;8;70;4;0;0;REJETEE;presente 4/6 jours , volume observable 14.8 < 15 , volume irregulier (CV 0.51)
Allemagne;de_gtfsde;;de_gtfsde|388851;21;14.8;70;67.8;94.9;98.3;30.5;0.9;0.9;17;19;4;0;0;REJETEE;identite non resolue , presente 4/6 jours , volume observable 14.8 < 15 , volume irregulier (CV 0.90)
Allemagne;de_gtfsde;;de_gtfsde|291893;20.8;14.8;71;81.4;94.9;96.6;15.3;0.98;0.95;7;11;4;0;0;REJETEE;identite non resolue , presente 4/6 jours , volume observable 14.8 < 15 , volume irregulier (CV 0.98)
Allemagne;de_gtfsde;Friedrichsh. Stadtbahnhof;de_gtfsde|friedrichshstadtbahnhof@47.65,9.47;29.3;14.7;50;68.2;93.2;98.9;30.7;0.78;0.79;15;120;6;0;0;REJETEE;volume observable 14.7 < 15 , volume irregulier (CV 0.78)
Pays-Bas;nl_ovapi;;nl_ovapi|;24.2;14.7;61;70.5;95.5;98.9;28.4;0.44;0.46;15;141;6;0.33;0;REJETEE;identite non resolue , volume observable 14.7 < 15 , volume irregulier (CV 0.44)
Allemagne;de_gtfsde;Gt-Avenw/Bhf, Bahnhof;de_gtfsde|gtavenwbhfbahnhof@51.94,8.44;23.8;14.7;62;37.5;86.4;95.5;58;1.31;1.22;33;42;6;0;0;REJETEE;volume observable 14.7 < 15 , volume irregulier (CV 1.31)
Pays-Bas;nl_ovapi;Haren;nl_ovapi|haren@53.18,6.62;19.2;14.7;77;63.6;94.3;98.9;35.2;0.54;0.52;21;183;6;0.5;0;REJETEE;volume observable 14.7 < 15 , volume irregulier (CV 0.54)
Pays-Bas;nl_ovapi;Westervoort;nl_ovapi|westervoort@51.96,5.97;19.2;14.6;76;47.9;94.5;95.9;47.9;0.46;0.44;25;103;5;0.4;0;REJETEE;presente 5/6 jours , volume observable 14.6 < 15 , volume irregulier (CV 0.46)
Allemagne;de_gtfsde;;de_gtfsde|580139;57;14.5;25;65.5;89.7;94.8;29.3;1.08;0.94;25;105;4;0;0;REJETEE;identite non resolue , presente 4/6 jours , volume observable 14.5 < 15 , volume irregulier (CV 1.08)
Allemagne;de_gtfsde;;de_gtfsde|515245;34.3;14.5;42;56.9;86.2;94.8;37.9;0.97;0.88;17;11;4;0;0;REJETEE;identite non resolue , presente 4/6 jours , volume observable 14.5 < 15 , volume irregulier (CV 0.97)
Allemagne;de_gtfsde;;de_gtfsde|433460;34;14.5;43;67.2;82.8;86.2;19;1.45;1.39;50;21;4;0;0;REJETEE;identite non resolue , presente 4/6 jours , volume observable 14.5 < 15 , volume irregulier (CV 1.45)
Allemagne;de_gtfsde;;de_gtfsde|166958;33.8;14.5;43;74.1;94.8;94.8;20.7;1.46;1.44;6;16;4;0;0;REJETEE;identite non resolue , presente 4/6 jours , volume observable 14.5 < 15 , volume irregulier (CV 1.46)
Allemagne;de_gtfsde;;de_gtfsde|277730;28.8;14.5;50;58.6;87.9;96.6;37.9;1.34;1.3;25;11;4;0;0;REJETEE;identite non resolue , presente 4/6 jours , volume observable 14.5 < 15 , volume irregulier (CV 1.34)
Allemagne;de_gtfsde;;de_gtfsde|143625;28.5;14.5;51;46.6;86.2;100;53.4;1.28;1.26;91;8;4;0;0;REJETEE;identite non resolue , presente 4/6 jours , volume observable 14.5 < 15 , volume irregulier (CV 1.28) , ponctualite erratique (amplitude 91 pt)
Allemagne;de_gtfsde;;de_gtfsde|645078;27.3;14.5;53;75.9;100;100;24.1;1.05;1.01;0;8;4;0;0;REJETEE;identite non resolue , presente 4/6 jours , volume observable 14.5 < 15 , trop parfaite (aucun retard > 5 min) , volume irregulier (CV 1.05)
Allemagne;de_gtfsde;;de_gtfsde|263717;27.3;14.5;53;75.9;94.8;98.3;22.4;0.9;0.84;9;11;4;0;0;REJETEE;identite non resolue , presente 4/6 jours , volume observable 14.5 < 15 , volume irregulier (CV 0.90)
Allemagne;de_gtfsde;;de_gtfsde|13718;25.3;14.5;57;96.6;100;100;3.4;1.38;1.37;100;9;4;0;0;REJETEE;identite non resolue , presente 4/6 jours , volume observable 14.5 < 15 , trop parfaite (aucun retard > 5 min) , volume irregulier (CV 1.38) , ponctualite erratique (amplitude 100 pt)
Etats-Unis;us_mbta;Morton Street;us_mbta|mortonstreet@42.28,-71.09;24.3;14.5;60;100;100;100;0;0.32;0.31;0;56;6;0;0;REJETEE;volume observable 14.5 < 15 , trop parfaite (100 % sous 60 s)
Allemagne;de_gtfsde;;de_gtfsde|467280;24;14.5;60;43.1;79.3;89.7;46.6;1.05;0.91;50;10;4;0;0;REJETEE;identite non resolue , presente 4/6 jours , volume observable 14.5 < 15 , volume irregulier (CV 1.05)
Allemagne;de_gtfsde;;de_gtfsde|189251;23.5;14.5;62;69;93.1;96.6;27.6;0.91;0.87;14;10;4;0;0;REJETEE;identite non resolue , presente 4/6 jours , volume observable 14.5 < 15 , volume irregulier (CV 0.91)
Allemagne;de_gtfsde;;de_gtfsde|389850;23.3;14.5;62;15.5;31;74.1;58.6;1.29;1.25;72;10;4;0;0;REJETEE;identite non resolue , presente 4/6 jours , volume observable 14.5 < 15 , volume irregulier (CV 1.29) , ponctualite erratique (amplitude 72 pt)
Allemagne;de_gtfsde;;de_gtfsde|597369;23.3;14.5;62;43.1;72.4;94.8;51.7;1.18;1.1;38;10;4;0;0;REJETEE;identite non resolue , presente 4/6 jours , volume observable 14.5 < 15 , volume irregulier (CV 1.18)
Allemagne;de_gtfsde;;de_gtfsde|441655;23.3;14.5;62;48.3;86.2;94.8;46.6;1.02;1.01;33;10;4;0;0;REJETEE;identite non resolue , presente 4/6 jours , volume observable 14.5 < 15 , volume irregulier (CV 1.02)
Pays-Bas;nl_ovapi;Obdam;nl_ovapi|obdam@52.68,4.91;23.2;14.5;63;57.5;100;100;42.5;0.55;0.54;0;221;6;0.17;0;REJETEE;volume observable 14.5 < 15 , trop parfaite (aucun retard > 5 min) , volume irregulier (CV 0.55)
Allemagne;de_gtfsde;;de_gtfsde|639552;22.5;14.5;64;53.4;75.9;87.9;34.5;1.43;1.4;100;10;4;0;0;REJETEE;identite non resolue , presente 4/6 jours , volume observable 14.5 < 15 , volume irregulier (CV 1.43) , ponctualite erratique (amplitude 100 pt)
Allemagne;de_gtfsde;Sluknov;de_gtfsde|sluknov@51.01,14.46;21.8;14.5;67;53.4;67.2;75.9;22.4;1.22;1.13;37;14;4;0;0;REJETEE;presente 4/6 jours , volume observable 14.5 < 15 , volume irregulier (CV 1.22)
Pays-Bas;nl_ovapi;Apeldoorn Osseveld;nl_ovapi|apeldoornosseveld@52.22,6.01;21.5;14.5;67;56.3;90.8;100;43.7;0.39;0.49;18;100;6;0;0;REJETEE;volume observable 14.5 < 15 , volume irregulier (CV 0.39)
Allemagne;de_gtfsde;;de_gtfsde|636189;19.8;14.5;73;70.7;84.5;89.7;19;1.37;1.35;20;16;4;0;0;REJETEE;identite non resolue , presente 4/6 jours , volume observable 14.5 < 15 , volume irregulier (CV 1.37)
Allemagne;de_gtfsde;;de_gtfsde|167094;19.5;14.5;74;62.1;84.5;91.4;29.3;1.39;1.38;19;12;4;0;0;REJETEE;identite non resolue , presente 4/6 jours , volume observable 14.5 < 15 , volume irregulier (CV 1.39)
Allemagne;de_gtfsde;Mauer, Bahnhof;de_gtfsde|mauerbahnhof@49.34,8.80;24.8;14.4;58;44.4;72.2;90.3;45.8;0.69;0.68;56;44;5;0;0;REJETEE;presente 5/6 jours , volume observable 14.4 < 15 , volume irregulier (CV 0.69)
Pays-Bas;nl_ovapi;Zuidbroek;nl_ovapi|zuidbroek@53.16,6.87;24.8;14.4;58;52.8;98.6;100;47.2;1.12;1.08;100;491;5;0;0;REJETEE;presente 5/6 jours , volume observable 14.4 < 15 , ponctualite 98.6 % > 98 % , volume irregulier (CV 1.12) , ponctualite erratique (amplitude 100 pt)
Pays-Bas;nl_ovapi;Didam;nl_ovapi|didam@51.93,6.13;19.6;14.4;73;41.7;95.8;97.2;55.6;0.47;0.46;14;108;5;0.4;0;REJETEE;presente 5/6 jours , volume observable 14.4 < 15 , volume irregulier (CV 0.47)
Allemagne;de_gtfsde;BASF, Bahnhof Mitte;de_gtfsde|basfbahnhofmitte@49.51,8.43;57;14.3;25;87.7;94.7;96.5;8.8;0.89;0.82;100;76;4;0;0;REJETEE;presente 4/6 jours , volume observable 14.3 < 15 , volume irregulier (CV 0.89) , ponctualite erratique (amplitude 100 pt)
France;fr_sncf;Orry-la-Ville - Coye;fr_sncf|UIC87276279;38.3;14.3;37;66.3;86;91.9;25.6;0.79;0.74;22;126;6;4;0;REJETEE;volume observable 14.3 < 15 , volume irregulier (CV 0.79)
Allemagne;de_gtfsde;;de_gtfsde|545004;29;14.3;49;40.4;89.5;96.5;56.1;1.18;1.12;13;11;4;0;0;REJETEE;identite non resolue , presente 4/6 jours , volume observable 14.3 < 15 , volume irregulier (CV 1.18)
Allemagne;de_gtfsde;;de_gtfsde|497349;27.8;14.3;51;77.2;94.7;98.2;21.1;0.99;0.92;97;11;4;0;0;REJETEE;identite non resolue , presente 4/6 jours , volume observable 14.3 < 15 , volume irregulier (CV 0.99) , ponctualite erratique (amplitude 97 pt)
Allemagne;de_gtfsde;;de_gtfsde|422823;27.8;14.3;51;71.9;87.7;93;21.1;1.11;1.14;13;11;4;0;0;REJETEE;identite non resolue , presente 4/6 jours , volume observable 14.3 < 15 , volume irregulier (CV 1.11)
Allemagne;de_gtfsde;;de_gtfsde|230518;26.5;14.3;54;45.6;66.7;78.9;33.3;1.16;1.09;42;12;4;0;0;REJETEE;identite non resolue , presente 4/6 jours , volume observable 14.3 < 15 , volume irregulier (CV 1.16)
Allemagne;de_gtfsde;;de_gtfsde|439660;24.8;14.3;58;8.8;66.7;82.5;73.7;1.4;1.38;30;9;4;0;0;REJETEE;identite non resolue , presente 4/6 jours , volume observable 14.3 < 15 , volume irregulier (CV 1.40)
Allemagne;de_gtfsde;;de_gtfsde|39436;24.5;14.3;58;42.1;91.2;94.7;52.6;0.76;0.66;13;16;4;0;0;REJETEE;identite non resolue , presente 4/6 jours , volume observable 14.3 < 15 , volume irregulier (CV 0.76)
Allemagne;de_gtfsde;;de_gtfsde|63565;24.5;14.3;58;86;98.2;100;14;0.99;0.84;9;9;4;0;0;REJETEE;identite non resolue , presente 4/6 jours , volume observable 14.3 < 15 , ponctualite 98.2 % > 98 % , volume irregulier (CV 0.99)
Allemagne;de_gtfsde;;de_gtfsde|639647;24.5;14.3;58;10.5;86;94.7;84.2;1;1;20;13;4;0;0;REJETEE;identite non resolue , presente 4/6 jours , volume observable 14.3 < 15 , volume irregulier (CV 1.00)
Allemagne;de_gtfsde;;de_gtfsde|511339;24.3;14.3;59;26.3;45.6;64.9;38.6;1.32;1.31;61;13;4;0;0;REJETEE;identite non resolue , presente 4/6 jours , volume observable 14.3 < 15 , volume irregulier (CV 1.32) , ponctualite erratique (amplitude 61 pt)
Allemagne;de_gtfsde;;de_gtfsde|213627;22.8;14.3;63;42.1;64.9;82.5;40.4;1.36;1.33;68;14;4;0;0;REJETEE;identite non resolue , presente 4/6 jours , volume observable 14.3 < 15 , volume irregulier (CV 1.36) , ponctualite erratique (amplitude 68 pt)
Allemagne;de_gtfsde;;de_gtfsde|543041;21.5;14.3;66;49.1;82.5;87.7;38.6;0.77;0.7;23;27;4;0;0;REJETEE;identite non resolue , presente 4/6 jours , volume observable 14.3 < 15 , volume irregulier (CV 0.77)
Allemagne;de_gtfsde;;de_gtfsde|336906;20.3;14.3;70;43.9;78.9;94.7;50.9;1.39;1.33;26;16;4;0;0;REJETEE;identite non resolue , presente 4/6 jours , volume observable 14.3 < 15 , volume irregulier (CV 1.39)
France;fr_sncf;Cannes;fr_sncf|UIC87757625;60.3;14.2;23;49.4;81.2;84.7;35.3;0.85;0.81;95;148;6;1.17;0.5;REJETEE;volume observable 14.2 < 15 , volume irregulier (CV 0.85) , ponctualite erratique (amplitude 95 pt)
France;fr_sncf;Valence TGV Rhône-Alpes Sud;fr_sncf|UIC87763029;50;14.2;28;32.9;49.4;55.3;22.4;0.42;0.39;74;151;6;0.67;0.83;REJETEE;volume observable 14.2 < 15 , volume irregulier (CV 0.42) , ponctualite erratique (amplitude 74 pt)
Allemagne;de_gtfsde;Ahaus, Bahnhof;de_gtfsde|ahausbahnhof@52.08,7.02;46.4;14.2;31;63.4;93;97.2;33.8;0.97;0.92;50;40;5;0;0;REJETEE;presente 5/6 jours , volume observable 14.2 < 15 , volume irregulier (CV 0.97)
Pays-Bas;nl_ovapi;Santpoort Zuid;nl_ovapi|santpoortzuid@52.42,4.63;30;14.2;47;69.4;96.5;98.8;29.4;0.55;0.46;12;209;6;0.17;0;REJETEE;volume observable 14.2 < 15 , volume irregulier (CV 0.55)
Pays-Bas;nl_ovapi;Utrecht Zuilen;nl_ovapi|utrechtzuilen@52.10,5.09;23.2;14.2;61;89.4;96.5;100;10.6;0.52;0.45;19;84;6;0;0;REJETEE;volume observable 14.2 < 15 , volume irregulier (CV 0.52)
Etats-Unis;us_mta_mnr;;us_mta_mnr|161;21.3;14.2;66;23.5;82.4;97.6;74.1;0.36;0.33;43;44;6;0;0;REJETEE;identite non resolue , volume observable 14.2 < 15 , volume irregulier (CV 0.36)
Pays-Bas;nl_ovapi;Duiven;nl_ovapi|duiven@51.94,6.01;19.2;14.2;74;40.8;94.4;95.8;54.9;0.46;0.44;25;103;5;0.4;0;REJETEE;presente 5/6 jours , volume observable 14.2 < 15 , volume irregulier (CV 0.46)
Pays-Bas;nl_ovapi;Ommen;nl_ovapi|ommen@52.51,6.42;18.7;14.2;76;60;98.8;100;40;0.69;0.66;7;257;6;0.5;0;REJETEE;volume observable 14.2 < 15 , ponctualite 98.8 % > 98 % , volume irregulier (CV 0.69)
Pays-Bas;nl_ovapi;Nijkerk;nl_ovapi|nijkerk@52.22,5.49;18.7;14.2;76;63.5;92.9;100;36.5;0.54;0.52;20;77;6;0;0;REJETEE;volume observable 14.2 < 15 , volume irregulier (CV 0.54)
Allemagne;de_gtfsde;;de_gtfsde|375378;36.8;14;38;46.4;73.2;96.4;50;1.31;1.28;31;17;4;0;0;REJETEE;identite non resolue , presente 4/6 jours , volume observable 14.0 < 15 , volume irregulier (CV 1.31)
Allemagne;de_gtfsde;;de_gtfsde|601013;35.5;14;39;35.7;76.8;89.3;53.6;0.84;0.72;31;9;4;0;0;REJETEE;identite non resolue , presente 4/6 jours , volume observable 14.0 < 15 , volume irregulier (CV 0.84)
Allemagne;de_gtfsde;;de_gtfsde|100839;30.8;14;46;48.2;82.1;94.6;46.4;1.28;1.21;29;15;4;0;0;REJETEE;identite non resolue , presente 4/6 jours , volume observable 14.0 < 15 , volume irregulier (CV 1.28)
Allemagne;de_gtfsde;;de_gtfsde|324079;29;14;48;58.9;83.9;89.3;30.4;1.17;1.11;100;8;4;0;0;REJETEE;identite non resolue , presente 4/6 jours , volume observable 14.0 < 15 , volume irregulier (CV 1.17) , ponctualite erratique (amplitude 100 pt)
Allemagne;de_gtfsde;;de_gtfsde|502466;28.5;14;49;33.9;57.1;89.3;55.4;1.38;1.35;51;20;4;0;0;REJETEE;identite non resolue , presente 4/6 jours , volume observable 14.0 < 15 , volume irregulier (CV 1.38)
Allemagne;de_gtfsde;;de_gtfsde|91817;27.8;14;50;76.8;96.4;98.2;21.4;1.06;0.99;13;11;4;0;0;REJETEE;identite non resolue , presente 4/6 jours , volume observable 14.0 < 15 , volume irregulier (CV 1.06)
Allemagne;de_gtfsde;;de_gtfsde|665645;27.3;14;51;69.6;96.4;100;30.4;1.09;1.03;17;14;4;0;0;REJETEE;identite non resolue , presente 4/6 jours , volume observable 14.0 < 15 , volume irregulier (CV 1.09)
Allemagne;de_gtfsde;;de_gtfsde|61107;26.8;14;52;30.4;71.4;92.9;62.5;1.11;1.02;34;28;4;0;0;REJETEE;identite non resolue , presente 4/6 jours , volume observable 14.0 < 15 , volume irregulier (CV 1.11)
Allemagne;de_gtfsde;;de_gtfsde|247103;26.8;14;52;76.8;100;100;23.2;1.05;1.01;0;18;4;0;0;REJETEE;identite non resolue , presente 4/6 jours , volume observable 14.0 < 15 , trop parfaite (aucun retard > 5 min) , volume irregulier (CV 1.05)
Allemagne;de_gtfsde;;de_gtfsde|201623;26.3;14;53;26.8;69.6;83.9;57.1;1.21;1.14;34;15;4;0;0;REJETEE;identite non resolue , presente 4/6 jours , volume observable 14.0 < 15 , volume irregulier (CV 1.21)
Allemagne;de_gtfsde;;de_gtfsde|583473;26.3;14;53;23.2;58.9;76.8;53.6;0.86;0.78;50;18;4;0;0;REJETEE;identite non resolue , presente 4/6 jours , volume observable 14.0 < 15 , volume irregulier (CV 0.86)
Allemagne;de_gtfsde;Dülmen, Bahnhof;de_gtfsde|dlmenbahnhof@51.83,7.29;24.5;14;57;35.7;62.5;82.1;46.4;0.31;0.29;62;85;4;0;0;REJETEE;presente 4/6 jours , volume observable 14.0 < 15 , ponctualite erratique (amplitude 62 pt)
Allemagne;de_gtfsde;;de_gtfsde|66783;24.3;14;58;66.1;94.6;100;33.9;1.22;1.19;6;10;4;0;0;REJETEE;identite non resolue , presente 4/6 jours , volume observable 14.0 < 15 , volume irregulier (CV 1.22)
Allemagne;de_gtfsde;;de_gtfsde|274104;22.8;14;62;53.6;89.3;100;46.4;1.39;1.3;50;17;4;0;0;REJETEE;identite non resolue , presente 4/6 jours , volume observable 14.0 < 15 , volume irregulier (CV 1.39)
Allemagne;de_gtfsde;;de_gtfsde|8569;22;14;64;46.4;78.6;92.9;46.4;1.38;1.31;100;14;4;0;0;REJETEE;identite non resolue , presente 4/6 jours , volume observable 14.0 < 15 , volume irregulier (CV 1.38) , ponctualite erratique (amplitude 100 pt)
Allemagne;de_gtfsde;;de_gtfsde|358266;22;14;64;35.7;78.6;96.4;60.7;1.33;1.26;100;14;4;0;0;REJETEE;identite non resolue , presente 4/6 jours , volume observable 14.0 < 15 , volume irregulier (CV 1.33) , ponctualite erratique (amplitude 100 pt)
Etats-Unis;us_mta_mnr;;us_mta_mnr|160;21.3;14;66;23.8;82.1;97.6;73.8;0.34;0.31;43;46;6;0;0;REJETEE;identite non resolue , volume observable 14.0 < 15
Etats-Unis;us_mta_mnr;;us_mta_mnr|162;21.3;14;66;22.6;83.3;97.6;75;0.32;0.33;38;44;6;0;0;REJETEE;identite non resolue , volume observable 14.0 < 15
Allemagne;de_gtfsde;;de_gtfsde|306806;20.5;14;68;44.6;94.6;100;55.4;1.34;1.31;25;19;4;0;0;REJETEE;identite non resolue , presente 4/6 jours , volume observable 14.0 < 15 , volume irregulier (CV 1.34)
Allemagne;de_gtfsde;;de_gtfsde|323010;20.3;14;69;71.4;92.9;96.4;25;1.31;1.28;13;16;4;0;0;REJETEE;identite non resolue , presente 4/6 jours , volume observable 14.0 < 15 , volume irregulier (CV 1.31)
Allemagne;de_gtfsde;;de_gtfsde|295671;19.5;14;72;55.4;83.9;91.1;35.7;1.4;1.38;20;12;4;0;0;REJETEE;identite non resolue , presente 4/6 jours , volume observable 14.0 < 15 , volume irregulier (CV 1.40)
Allemagne;de_gtfsde;;de_gtfsde|545269;18;14;78;28.6;55.4;76.8;48.2;1.23;1.14;55;18;4;0;0;REJETEE;identite non resolue , presente 4/6 jours , volume observable 14.0 < 15 , volume irregulier (CV 1.23)
Allemagne;de_gtfsde;;de_gtfsde|213078;48.3;13.8;28;65.5;96.4;100;34.5;1.14;1.1;6;6;4;0;0;REJETEE;identite non resolue , presente 4/6 jours , volume observable 13.8 < 15 , volume irregulier (CV 1.14)
Allemagne;de_gtfsde;;de_gtfsde|356878;25.8;13.8;53;29.1;69.1;85.5;56.4;1.2;1.13;36;12;4;0;0;REJETEE;identite non resolue , presente 4/6 jours , volume observable 13.8 < 15 , volume irregulier (CV 1.20)
Allemagne;de_gtfsde;;de_gtfsde|358034;25;13.8;55;25.5;60;85.5;60;1.48;1.43;100;9;4;0;0;REJETEE;identite non resolue , presente 4/6 jours , volume observable 13.8 < 15 , volume irregulier (CV 1.48) , ponctualite erratique (amplitude 100 pt)
Etats-Unis;us_mbta;Braintree;us_mbta|braintree@42.21,-71.00;24.5;13.8;56;100;100;100;0;0.41;0.44;0;43;6;0;0;REJETEE;volume observable 13.8 < 15 , trop parfaite (100 % sous 60 s) , volume irregulier (CV 0.41)
Allemagne;de_gtfsde;;de_gtfsde|36832;21.3;13.8;65;36.4;70.9;80;43.6;0.98;0.86;33;19;4;0;0;REJETEE;identite non resolue , presente 4/6 jours , volume observable 13.8 < 15 , volume irregulier (CV 0.98)
Allemagne;de_gtfsde;;de_gtfsde|72721;21;13.8;65;32.7;70.9;89.1;56.4;1.32;1.16;36;15;4;0;0;REJETEE;identite non resolue , presente 4/6 jours , volume observable 13.8 < 15 , volume irregulier (CV 1.32)
Allemagne;de_gtfsde;;de_gtfsde|588716;20.5;13.8;67;52.7;96.4;100;47.3;1.39;1.37;33;19;4;0;0;REJETEE;identite non resolue , presente 4/6 jours , volume observable 13.8 < 15 , volume irregulier (CV 1.39)
Allemagne;de_gtfsde;;de_gtfsde|56130;20;13.8;69;40;74.5;89.1;49.1;1.47;1.44;33;12;4;0;0;REJETEE;identite non resolue , presente 4/6 jours , volume observable 13.8 < 15 , volume irregulier (CV 1.47)
Allemagne;de_gtfsde;Tacherting;de_gtfsde|tacherting@48.08,12.57;27.5;13.7;50;47.6;90.2;91.5;43.9;1.07;0.86;25;41;6;0;0;REJETEE;volume observable 13.7 < 15 , volume irregulier (CV 1.07)
Etats-Unis;us_mta_mnr;;us_mta_mnr|158;21.3;13.7;64;22;80.5;96.3;74.4;0.4;0.31;43;46;6;0;0;REJETEE;identite non resolue , volume observable 13.7 < 15 , volume irregulier (CV 0.40)
Pays-Bas;nl_ovapi;Beilen;nl_ovapi|beilen@52.85,6.52;18.5;13.7;74;78;91.5;95.1;17.1;0.63;0.56;33;183;6;0.5;0;REJETEE;volume observable 13.7 < 15 , volume irregulier (CV 0.63)
Allemagne;de_gtfsde;Leipzig-Möckern;de_gtfsde|leipzigmckern@51.36,12.35;23.8;13.6;57;63.2;94.1;100;36.8;0.49;0.4;17;82;5;0;0;REJETEE;presente 5/6 jours , volume observable 13.6 < 15 , volume irregulier (CV 0.49)
Etats-Unis;us_mta_lirr;;us_mta_lirr|220;21;13.6;65;55.9;88.2;94.1;38.2;0.68;0.61;21;104;5;0.6;0;REJETEE;identite non resolue , presente 5/6 jours , volume observable 13.6 < 15 , volume irregulier (CV 0.68)
Etats-Unis;us_mta_lirr;;us_mta_lirr|29;21;13.6;65;48.5;89.7;95.6;47.1;0.67;0.62;14;100;5;0.6;0;REJETEE;identite non resolue , presente 5/6 jours , volume observable 13.6 < 15 , volume irregulier (CV 0.67)
Allemagne;de_gtfsde;;de_gtfsde|17381;32;13.5;42;40.7;88.9;100;59.3;1.04;0.93;25;10;4;0;0;REJETEE;identite non resolue , presente 4/6 jours , volume observable 13.5 < 15 , volume irregulier (CV 1.04)
Allemagne;de_gtfsde;;de_gtfsde|222747;31.3;13.5;43;90.7;100;100;9.3;1.41;1.36;100;15;4;0;0;REJETEE;identite non resolue , presente 4/6 jours , volume observable 13.5 < 15 , trop parfaite (aucun retard > 5 min) , volume irregulier (CV 1.41) , ponctualite erratique (amplitude 100 pt)
Allemagne;de_gtfsde;;de_gtfsde|333022;30.8;13.5;44;51.9;100;100;48.1;0.69;0.65;100;24;4;0;0;REJETEE;identite non resolue , presente 4/6 jours , volume observable 13.5 < 15 , trop parfaite (aucun retard > 5 min) , volume irregulier (CV 0.69) , ponctualite erratique (amplitude 100 pt)
Allemagne;de_gtfsde;;de_gtfsde|19928;28.3;13.5;48;57.4;88.9;100;42.6;1.22;1.18;18;11;4;0;0;REJETEE;identite non resolue , presente 4/6 jours , volume observable 13.5 < 15 , volume irregulier (CV 1.22)
Allemagne;de_gtfsde;;de_gtfsde|97433;27.5;13.5;49;66.7;83.3;96.3;29.6;1.27;1.22;86;11;4;0;0;REJETEE;identite non resolue , presente 4/6 jours , volume observable 13.5 < 15 , volume irregulier (CV 1.27) , ponctualite erratique (amplitude 86 pt)
Allemagne;de_gtfsde;;de_gtfsde|282742;27;13.5;50;83.3;96.3;100;16.7;1;0.93;8;12;4;0;0;REJETEE;identite non resolue , presente 4/6 jours , volume observable 13.5 < 15 , volume irregulier (CV 1.00)
Allemagne;de_gtfsde;;de_gtfsde|56967;25.8;13.5;52;48.1;77.8;85.2;37;1.27;1.26;27;12;4;0;0;REJETEE;identite non resolue , presente 4/6 jours , volume observable 13.5 < 15 , volume irregulier (CV 1.27)
Allemagne;de_gtfsde;;de_gtfsde|156218;22.5;13.5;60;68.5;88.9;94.4;25.9;1.05;1.04;14;10;4;0;0;REJETEE;identite non resolue , presente 4/6 jours , volume observable 13.5 < 15 , volume irregulier (CV 1.05)
Allemagne;de_gtfsde;;de_gtfsde|486278;22.3;13.5;61;48.1;88.9;96.3;48.1;1.28;1.23;13;14;4;0;0;REJETEE;identite non resolue , presente 4/6 jours , volume observable 13.5 < 15 , volume irregulier (CV 1.28)
Allemagne;de_gtfsde;;de_gtfsde|314577;22;13.5;61;31.5;75.9;88.9;57.4;0.99;0.91;31;14;4;0;0;REJETEE;identite non resolue , presente 4/6 jours , volume observable 13.5 < 15 , volume irregulier (CV 0.99)
Etats-Unis;us_mbta;Route 128;us_mbta|route128@42.21,-71.15;21.2;13.5;64;100;100;100;0;0.44;0.5;0;25;6;0;0;REJETEE;volume observable 13.5 < 15 , trop parfaite (100 % sous 60 s) , volume irregulier (CV 0.44)
Pays-Bas;nl_ovapi;Bunnik;nl_ovapi|bunnik@52.06,5.20;20.7;13.5;65;77.8;98.8;100;22.2;0.57;0.47;9;102;6;0;0;REJETEE;volume observable 13.5 < 15 , ponctualite 98.8 % > 98 % , volume irregulier (CV 0.57)
Allemagne;de_gtfsde;;de_gtfsde|575661;20.5;13.5;66;75.9;96.3;98.1;22.2;0.95;0.93;9;19;4;0;0;REJETEE;identite non resolue , presente 4/6 jours , volume observable 13.5 < 15 , volume irregulier (CV 0.95)
Allemagne;de_gtfsde;;de_gtfsde|513140;19.5;13.5;69;50;87;100;50;1.14;1.14;33;21;4;0;0;REJETEE;identite non resolue , presente 4/6 jours , volume observable 13.5 < 15 , volume irregulier (CV 1.14)
Etats-Unis;us_mta_lirr;;us_mta_lirr|59;20.2;13.4;66;59.7;89.6;95.5;35.8;0.74;0.64;23;121;5;0.6;0;REJETEE;identite non resolue , presente 5/6 jours , volume observable 13.4 < 15 , volume irregulier (CV 0.74)
Pays-Bas;nl_ovapi;Barneveld Noord;nl_ovapi|barneveldnoord@52.16,5.60;14.6;13.4;92;43.3;100;100;56.7;0.69;0.71;0;30;5;0;0;REJETEE;presente 5/6 jours , volume observable 13.4 < 15 , trop parfaite (aucun retard > 5 min) , volume irregulier (CV 0.69)
France;fr_sncf;Rennes;fr_sncf|UIC87471003;63.2;13.3;21;65;80;87.5;22.5;0.6;0.69;50;302;6;0.33;0;REJETEE;volume observable 13.3 < 15 , volume irregulier (CV 0.60)
France;fr_sncf;Nîmes Centre;fr_sncf|UIC87775007;52;13.3;26;43.8;62.5;68.8;25;0.43;0.45;49;161;6;1;1.33;REJETEE;volume observable 13.3 < 15 , volume irregulier (CV 0.43)
Allemagne;de_gtfsde;;de_gtfsde|371905;30.5;13.3;43;73.6;90.6;92.5;18.9;1.11;1.09;67;8;4;0;0;REJETEE;identite non resolue , presente 4/6 jours , volume observable 13.3 < 15 , volume irregulier (CV 1.11) , ponctualite erratique (amplitude 67 pt)
Allemagne;de_gtfsde;;de_gtfsde|446600;30.3;13.3;44;52.8;79.2;90.6;37.7;1.19;1.13;100;8;4;0;0;REJETEE;identite non resolue , presente 4/6 jours , volume observable 13.3 < 15 , volume irregulier (CV 1.19) , ponctualite erratique (amplitude 100 pt)
Allemagne;de_gtfsde;;de_gtfsde|482543;30;13.3;44;56.6;86.8;90.6;34;1.03;0.96;33;13;4;0;0;REJETEE;identite non resolue , presente 4/6 jours , volume observable 13.3 < 15 , volume irregulier (CV 1.03)
Allemagne;de_gtfsde;;de_gtfsde|374938;29.5;13.3;45;39.6;69.8;88.7;49.1;1.24;1.13;57;11;4;0;0;REJETEE;identite non resolue , presente 4/6 jours , volume observable 13.3 < 15 , volume irregulier (CV 1.24)
Allemagne;de_gtfsde;;de_gtfsde|72324;28.5;13.3;46;35.8;64.2;77.4;41.5;1.09;1.09;60;8;4;0;0;REJETEE;identite non resolue , presente 4/6 jours , volume observable 13.3 < 15 , volume irregulier (CV 1.09)
Allemagne;de_gtfsde;;de_gtfsde|208846;22.3;13.3;60;90.6;100;100;9.4;1.06;0.98;0;14;4;0;0;REJETEE;identite non resolue , presente 4/6 jours , volume observable 13.3 < 15 , trop parfaite (aucun retard > 5 min) , volume irregulier (CV 1.06)
Allemagne;de_gtfsde;;de_gtfsde|269979;21.5;13.3;62;64.2;90.6;96.2;32.1;1.2;1.12;22;22;4;0;0;REJETEE;identite non resolue , presente 4/6 jours , volume observable 13.3 < 15 , volume irregulier (CV 1.20)
Allemagne;de_gtfsde;;de_gtfsde|207127;21.5;13.3;62;32.1;62.3;84.9;52.8;1.24;1.15;50;15;4;0;0;REJETEE;identite non resolue , presente 4/6 jours , volume observable 13.3 < 15 , volume irregulier (CV 1.24)
Allemagne;de_gtfsde;;de_gtfsde|461302;21.5;13.3;62;73.6;90.6;96.2;22.6;1.07;1.05;33;11;4;0;0;REJETEE;identite non resolue , presente 4/6 jours , volume observable 13.3 < 15 , volume irregulier (CV 1.07)
Allemagne;de_gtfsde;;de_gtfsde|58697;20.3;13.3;65;43.4;73.6;90.6;47.2;1.5;1.48;30;12;4;0;0;REJETEE;identite non resolue , presente 4/6 jours , volume observable 13.3 < 15 , volume irregulier (CV 1.50)
Pays-Bas;nl_ovapi;Dalfsen;nl_ovapi|dalfsen@52.50,6.26;18;13.3;74;58.8;98.8;100;41.3;0.71;0.64;8;241;6;0.33;0;REJETEE;volume observable 13.3 < 15 , ponctualite 98.8 % > 98 % , volume irregulier (CV 0.71)
Pays-Bas;nl_ovapi;Coevorden;nl_ovapi|coevorden@52.66,6.74;18;13.3;74;78.8;98.8;100;21.3;0.66;0.67;8;250;6;0.33;0;REJETEE;volume observable 13.3 < 15 , ponctualite 98.8 % > 98 % , volume irregulier (CV 0.66)
Pays-Bas;nl_ovapi;Varsseveld;nl_ovapi|varsseveld@51.94,6.46;17;13.3;78;52.8;98.1;100;47.2;0.37;0.38;7;89;4;0.5;0;REJETEE;presente 4/6 jours , volume observable 13.3 < 15 , ponctualite 98.1 % > 98 % , volume irregulier (CV 0.37)
Pays-Bas;nl_ovapi;Antwerpen-Centraal;nl_ovapi|antwerpencentraal@51.22,4.42;54.5;13.2;24;63.3;82.3;88.6;25.3;0.72;0.75;100;135;6;0.5;0;REJETEE;volume observable 13.2 < 15 , volume irregulier (CV 0.72) , ponctualite erratique (amplitude 100 pt)
Etats-Unis;us_mbta;Talbot Avenue;us_mbta|talbotavenue@42.29,-71.08;24.2;13.2;54;100;100;100;0;0.33;0.33;0;57;6;0;0;REJETEE;volume observable 13.2 < 15 , trop parfaite (100 % sous 60 s)
Etats-Unis;us_mbta;Blue Hill Avenue;us_mbta|bluehillavenue@42.27,-71.10;23.8;13.2;55;100;100;100;0;0.33;0.32;0;55;6;0;0;REJETEE;volume observable 13.2 < 15 , trop parfaite (100 % sous 60 s)
Pays-Bas;nl_ovapi;Wehl;nl_ovapi|wehl@51.96,6.21;19.4;13.2;68;57.6;95.5;98.5;40.9;0.46;0.45;13;105;5;0.4;0;REJETEE;presente 5/6 jours , volume observable 13.2 < 15 , volume irregulier (CV 0.46)
Pays-Bas;nl_ovapi;Putten;nl_ovapi|putten@52.27,5.58;19;13.2;69;64.6;92.4;100;35.4;0.53;0.51;18;78;6;0;0;REJETEE;volume observable 13.2 < 15 , volume irregulier (CV 0.53)
Allemagne;de_gtfsde;;de_gtfsde|458298;58;13;22;98.1;100;100;1.9;0.83;0.76;100;59;4;0;0;REJETEE;identite non resolue , presente 4/6 jours , volume observable 13.0 < 15 , trop parfaite (98 % sous 60 s) , volume irregulier (CV 0.83) , ponctualite erratique (amplitude 100 pt)
Allemagne;de_gtfsde;;de_gtfsde|604455;51.3;13;25;71.2;90.4;94.2;23.1;1.01;0.94;100;80;4;0;0;REJETEE;identite non resolue , presente 4/6 jours , volume observable 13.0 < 15 , volume irregulier (CV 1.01) , ponctualite erratique (amplitude 100 pt)
Allemagne;de_gtfsde;;de_gtfsde|169592;34;13;38;44.2;86.5;98.1;53.8;1.09;1.04;50;14;4;0;0;REJETEE;identite non resolue , presente 4/6 jours , volume observable 13.0 < 15 , volume irregulier (CV 1.09)
Allemagne;de_gtfsde;;de_gtfsde|10745;29.8;13;44;73.1;90.4;94.2;21.2;0.88;0.84;25;8;4;0;0;REJETEE;identite non resolue , presente 4/6 jours , volume observable 13.0 < 15 , volume irregulier (CV 0.88)
Allemagne;de_gtfsde;;de_gtfsde|612650;28;13;46;71.2;88.5;98.1;26.9;1.22;1.2;100;11;4;0;0;REJETEE;identite non resolue , presente 4/6 jours , volume observable 13.0 < 15 , volume irregulier (CV 1.22) , ponctualite erratique (amplitude 100 pt)
Allemagne;de_gtfsde;;de_gtfsde|465036;26.5;13;49;30.8;61.5;82.7;51.9;0.69;0.68;57;15;4;0;0;REJETEE;identite non resolue , presente 4/6 jours , volume observable 13.0 < 15 , volume irregulier (CV 0.69)
Allemagne;de_gtfsde;;de_gtfsde|418734;24.3;13;54;25;65.4;86.5;61.5;1.36;1.27;68;10;4;0;0;REJETEE;identite non resolue , presente 4/6 jours , volume observable 13.0 < 15 , volume irregulier (CV 1.36) , ponctualite erratique (amplitude 68 pt)
Allemagne;de_gtfsde;;de_gtfsde|400344;23.8;13;55;51.9;84.6;94.2;42.3;1.39;1.32;19;17;4;0;0;REJETEE;identite non resolue , presente 4/6 jours , volume observable 13.0 < 15 , volume irregulier (CV 1.39)
Allemagne;de_gtfsde;;de_gtfsde|71375;22.3;13;58;38.5;86.5;96.2;57.7;1.07;1;15;14;4;0;0;REJETEE;identite non resolue , presente 4/6 jours , volume observable 13.0 < 15 , volume irregulier (CV 1.07)
Allemagne;de_gtfsde;;de_gtfsde|398442;22;13;59;55.8;86.5;90.4;34.6;1.11;1.06;16;62;4;0;0;REJETEE;identite non resolue , presente 4/6 jours , volume observable 13.0 < 15 , volume irregulier (CV 1.11)
Allemagne;de_gtfsde;;de_gtfsde|519560;22;13;59;46.2;76.9;92.3;46.2;1.39;1.34;100;14;4;0;0;REJETEE;identite non resolue , presente 4/6 jours , volume observable 13.0 < 15 , volume irregulier (CV 1.39) , ponctualite erratique (amplitude 100 pt)
Allemagne;de_gtfsde;;de_gtfsde|260901;21;13;62;36.5;71.2;90.4;53.8;1.32;1.16;33;15;4;0;0;REJETEE;identite non resolue , presente 4/6 jours , volume observable 13.0 < 15 , volume irregulier (CV 1.32)
Allemagne;de_gtfsde;;de_gtfsde|545100;19.5;13;67;69.2;96.2;100;30.8;1.29;1.29;5;12;4;0;0;REJETEE;identite non resolue , presente 4/6 jours , volume observable 13.0 < 15 , volume irregulier (CV 1.29)
Pays-Bas;nl_ovapi;Doetinchem De Huet;nl_ovapi|doetinchemdehuet@51.96,6.26;19.4;13;67;69.2;98.5;98.5;29.2;0.44;0.45;13;105;5;0.4;0;REJETEE;presente 5/6 jours , volume observable 13.0 < 15 , ponctualite 98.5 % > 98 % , volume irregulier (CV 0.44)
Pays-Bas;nl_ovapi;Barneveld Zuid;nl_ovapi|barneveldzuid@52.13,5.60;14.6;13;89;40;100;100;60;0.69;0.71;0;30;5;0;0;REJETEE;presente 5/6 jours , volume observable 13.0 < 15 , trop parfaite (aucun retard > 5 min) , volume irregulier (CV 0.69)
Allemagne;de_gtfsde;;de_gtfsde|158056;32;12.8;40;68.6;90.2;100;31.4;1.15;1.13;100;7;4;0;0;REJETEE;identite non resolue , presente 4/6 jours , volume observable 12.8 < 15 , volume irregulier (CV 1.15) , ponctualite erratique (amplitude 100 pt)
Allemagne;de_gtfsde;Wicklesgreuth;de_gtfsde|wicklesgreuth@49.31,10.71;30.2;12.8;43;58.4;80.5;85.7;27.3;1.01;0.92;100;78;6;0;0;REJETEE;volume observable 12.8 < 15 , volume irregulier (CV 1.01) , ponctualite erratique (amplitude 100 pt)
Allemagne;de_gtfsde;;de_gtfsde|121627;29;12.8;44;80.4;90.2;96.1;15.7;1.28;1.15;13;14;4;0;0;REJETEE;identite non resolue , presente 4/6 jours , volume observable 12.8 < 15 , volume irregulier (CV 1.28)
Allemagne;de_gtfsde;;de_gtfsde|109298;28.5;12.8;45;58.8;90.2;94.1;35.3;1.15;1.12;25;11;4;0;0;REJETEE;identite non resolue , presente 4/6 jours , volume observable 12.8 < 15 , volume irregulier (CV 1.15)
Allemagne;de_gtfsde;;de_gtfsde|194678;27.5;12.8;46;74.5;100;100;25.5;1.1;1.06;0;11;4;0;0;REJETEE;identite non resolue , presente 4/6 jours , volume observable 12.8 < 15 , trop parfaite (aucun retard > 5 min) , volume irregulier (CV 1.10)
Allemagne;de_gtfsde;;de_gtfsde|620038;25.3;12.8;50;49;94.1;100;51;0.79;0.71;17;19;4;0;0;REJETEE;identite non resolue , presente 4/6 jours , volume observable 12.8 < 15 , volume irregulier (CV 0.79)
Allemagne;de_gtfsde;;de_gtfsde|119184;24.8;12.8;52;98;98;100;2;0.96;0.95;3;9;4;0;0;REJETEE;identite non resolue , presente 4/6 jours , volume observable 12.8 < 15 , trop parfaite (98 % sous 60 s) , volume irregulier (CV 0.96)
Allemagne;de_gtfsde;Schlierbach-Ziegelhausen, Bhf;de_gtfsde|schlierbachziegelhausenbhf@49.42,8.76;23.6;12.8;54;56.3;87.5;96.9;40.6;0.56;0.52;26;99;5;0;0;REJETEE;presente 5/6 jours , volume observable 12.8 < 15 , volume irregulier (CV 0.56)
Allemagne;de_gtfsde;;de_gtfsde|614448;23.3;12.8;55;74.5;94.1;98;23.5;0.84;0.71;9;17;4;0;0;REJETEE;identite non resolue , presente 4/6 jours , volume observable 12.8 < 15 , volume irregulier (CV 0.84)
Allemagne;de_gtfsde;;de_gtfsde|400692;22.5;12.8;57;43.1;82.4;94.1;51;1.08;1.05;25;10;4;0;0;REJETEE;identite non resolue , presente 4/6 jours , volume observable 12.8 < 15 , volume irregulier (CV 1.08)
Etats-Unis;us_mbta;Fairmount;us_mbta|fairmount@42.25,-71.12;22.2;12.8;58;100;100;100;0;0.32;0.29;0;63;6;0;0;REJETEE;volume observable 12.8 < 15 , trop parfaite (100 % sous 60 s)
Allemagne;de_gtfsde;Appenweier Bahnhof;de_gtfsde|appenweierbahnhof@48.54,7.97;22;12.8;58;46.9;81.3;89.1;42.2;0.52;0.46;36;108;5;0;0;REJETEE;presente 5/6 jours , volume observable 12.8 < 15 , volume irregulier (CV 0.52)
Allemagne;de_gtfsde;;de_gtfsde|249873;21.3;12.8;60;58.8;82.4;90.2;31.4;1.08;1.05;40;11;4;0;0;REJETEE;identite non resolue , presente 4/6 jours , volume observable 12.8 < 15 , volume irregulier (CV 1.08)
Allemagne;de_gtfsde;;de_gtfsde|417522;21.3;12.8;60;39.2;80.4;94.1;54.9;1.28;1.22;100;15;4;0;0;REJETEE;identite non resolue , presente 4/6 jours , volume observable 12.8 < 15 , volume irregulier (CV 1.28) , ponctualite erratique (amplitude 100 pt)
Etats-Unis;us_mta_lirr;;us_mta_lirr|44;20;12.8;64;64.1;89.1;95.3;31.3;0.66;0.63;23;109;5;0.6;0;REJETEE;identite non resolue , presente 5/6 jours , volume observable 12.8 < 15 , volume irregulier (CV 0.66)
Pays-Bas;nl_ovapi;Harderwijk;nl_ovapi|harderwijk@52.34,5.62;18.7;12.8;69;71.4;93.5;100;28.6;0.54;0.52;17;77;6;0;0;REJETEE;volume observable 12.8 < 15 , volume irregulier (CV 0.54)
Allemagne;de_gtfsde;;de_gtfsde|225806;18.3;12.8;70;13.7;62.7;100;86.3;1.41;1.35;50;17;4;0;0;REJETEE;identite non resolue , presente 4/6 jours , volume observable 12.8 < 15 , volume irregulier (CV 1.41)
Pays-Bas;nl_ovapi;Gaanderen;nl_ovapi|gaanderen@51.93,6.35;17;12.8;75;45.1;98;100;54.9;0.37;0.38;7;89;4;0.5;0;REJETEE;presente 4/6 jours , volume observable 12.8 < 15 , ponctualite 98.0 % > 98 % , volume irregulier (CV 0.37)
Pays-Bas;nl_ovapi;Hoevelaken;nl_ovapi|hoevelaken@52.17,5.46;14.6;12.8;88;59.4;100;100;40.6;0.69;0.71;0;30;5;0;0;REJETEE;presente 5/6 jours , volume observable 12.8 < 15 , trop parfaite (aucun retard > 5 min) , volume irregulier (CV 0.69)
Allemagne;de_gtfsde;;de_gtfsde|288030;13.3;12.8;96;80.4;94.1;98;17.6;0.75;0.66;100;18;4;0;0;REJETEE;identite non resolue , presente 4/6 jours , volume observable 12.8 < 15 , volume irregulier (CV 0.75) , ponctualite erratique (amplitude 100 pt)
Etats-Unis;us_mta_mnr;;us_mta_mnr|163;21.3;12.7;59;23.7;84.2;97.4;73.7;0.32;0.33;50;44;6;0;0;REJETEE;identite non resolue , volume observable 12.7 < 15
Etats-Unis;us_mta_lirr;;us_mta_lirr|91;21.4;12.6;59;25.4;74.6;100;74.6;0.99;0.97;35;113;5;0;0;REJETEE;identite non resolue , presente 5/6 jours , volume observable 12.6 < 15 , volume irregulier (CV 0.99)
France;fr_sncf;Versailles Chantiers;fr_sncf|UIC87393009;48;12.5;26;77.3;93.3;96;18.7;0.8;0.76;11;165;6;1.83;0;REJETEE;volume observable 12.5 < 15 , volume irregulier (CV 0.80)
Allemagne;de_gtfsde;;de_gtfsde|106404;38.3;12.5;33;54;76;88;34;1.19;1.11;33;33;4;0;0;REJETEE;identite non resolue , presente 4/6 jours , volume observable 12.5 < 15 , volume irregulier (CV 1.19)
Allemagne;de_gtfsde;;de_gtfsde|84638;29.5;12.5;42;66;86;98;32;1.2;1.12;38;11;4;0;0;REJETEE;identite non resolue , presente 4/6 jours , volume observable 12.5 < 15 , volume irregulier (CV 1.20)
Allemagne;de_gtfsde;;de_gtfsde|547036;28.8;12.5;43;52;82;98;46;1.25;1.22;100;11;4;0;0;REJETEE;identite non resolue , presente 4/6 jours , volume observable 12.5 < 15 , volume irregulier (CV 1.25) , ponctualite erratique (amplitude 100 pt)
Allemagne;de_gtfsde;;de_gtfsde|538854;27;12.5;46;76;100;100;24;0.97;0.9;0;12;4;0;0;REJETEE;identite non resolue , presente 4/6 jours , volume observable 12.5 < 15 , trop parfaite (aucun retard > 5 min) , volume irregulier (CV 0.97)
Allemagne;de_gtfsde;;de_gtfsde|630071;23.5;12.5;53;30;72;96;66;1.47;1.37;100;13;4;0;0;REJETEE;identite non resolue , presente 4/6 jours , volume observable 12.5 < 15 , volume irregulier (CV 1.47) , ponctualite erratique (amplitude 100 pt)
Allemagne;de_gtfsde;;de_gtfsde|181079;20.3;12.5;62;14;98;100;86;1.28;1.25;33;16;4;0;0;REJETEE;identite non resolue , presente 4/6 jours , volume observable 12.5 < 15 , volume irregulier (CV 1.28)
Allemagne;de_gtfsde;;de_gtfsde|228101;20.3;12.5;62;78;96;98;20;1.16;1.11;6;12;4;0;0;REJETEE;identite non resolue , presente 4/6 jours , volume observable 12.5 < 15 , volume irregulier (CV 1.16)
Allemagne;de_gtfsde;;de_gtfsde|239395;20.3;12.5;62;48;80;94;46;1.31;1.25;22;16;4;0;0;REJETEE;identite non resolue , presente 4/6 jours , volume observable 12.5 < 15 , volume irregulier (CV 1.31)
Allemagne;de_gtfsde;;de_gtfsde|44954;20;12.5;63;58;94;100;42;1.27;1.25;7;12;4;0;0;REJETEE;identite non resolue , presente 4/6 jours , volume observable 12.5 < 15 , volume irregulier (CV 1.27)
Allemagne;de_gtfsde;;de_gtfsde|563699;19.5;12.5;64;88;98;98;10;1.02;0.87;7;12;4;0;0;REJETEE;identite non resolue , presente 4/6 jours , volume observable 12.5 < 15 , volume irregulier (CV 1.02)
Allemagne;de_gtfsde;;de_gtfsde|555965;19.3;12.5;65;50;88;94;44;1.25;1.21;13;12;4;0;0;REJETEE;identite non resolue , presente 4/6 jours , volume observable 12.5 < 15 , volume irregulier (CV 1.25)
Allemagne;de_gtfsde;;de_gtfsde|618594;18;12.5;69;92;100;100;8;1.2;1.13;0;22;4;0;0;REJETEE;identite non resolue , presente 4/6 jours , volume observable 12.5 < 15 , trop parfaite (aucun retard > 5 min) , volume irregulier (CV 1.20)
Pays-Bas;nl_ovapi;Nieuw Amsterdam;nl_ovapi|nieuwamsterdam@52.72,6.85;17.8;12.5;70;74.7;100;100;25.3;0.64;0.66;0;246;6;0.33;0;REJETEE;volume observable 12.5 < 15 , trop parfaite (aucun retard > 5 min) , volume irregulier (CV 0.64)
Pays-Bas;nl_ovapi;Barneveld Centrum;nl_ovapi|barneveldcentrum@52.14,5.59;14;12.5;89;72;98.7;98.7;26.7;0.74;0.74;14;43;6;0;0;REJETEE;volume observable 12.5 < 15 , ponctualite 98.7 % > 98 % , volume irregulier (CV 0.74)
Pays-Bas;nl_ovapi;Wolfheze;nl_ovapi|wolfheze@52.01,5.79;27.8;12.4;45;54.8;98.4;100;45.2;0.83;0.72;5;50;5;0;0;REJETEE;presente 5/6 jours , volume observable 12.4 < 15 , ponctualite 98.4 % > 98 % , volume irregulier (CV 0.83)
Allemagne;de_gtfsde;Munderkingen Bahnhof;de_gtfsde|munderkingenbahnhof@48.24,9.65;19.4;12.4;64;56.5;90.3;98.4;41.9;0.68;0.62;45;49;5;0;0;REJETEE;presente 5/6 jours , volume observable 12.4 < 15 , volume irregulier (CV 0.68)
France;fr_sncf;Antibes;fr_sncf|UIC87757674;58.2;12.3;21;56.8;79.7;83.8;27;0.88;0.82;27;149;6;1.17;0.5;REJETEE;volume observable 12.3 < 15 , volume irregulier (CV 0.88)
France;fr_sncf;Bourgoin-Jallieu;fr_sncf|UIC87723429;48.2;12.3;26;54.1;73;78.4;24.3;0.63;0.58;28;112;6;3.33;0.67;REJETEE;volume observable 12.3 < 15 , volume irregulier (CV 0.63)
Allemagne;de_gtfsde;;de_gtfsde|300689;32;12.3;38;38.8;71.4;89.8;51;1.28;1.24;100;10;4;0;0;REJETEE;identite non resolue , presente 4/6 jours , volume observable 12.3 < 15 , volume irregulier (CV 1.28) , ponctualite erratique (amplitude 100 pt)
Allemagne;de_gtfsde;;de_gtfsde|108677;29.5;12.3;42;53.1;93.9;100;46.9;1.06;1.03;33;11;4;0;0;REJETEE;identite non resolue , presente 4/6 jours , volume observable 12.3 < 15 , volume irregulier (CV 1.06)
Allemagne;de_gtfsde;;de_gtfsde|133819;28.3;12.3;43;83.7;98;100;16.3;1.27;1.24;3;11;4;0;0;REJETEE;identite non resolue , presente 4/6 jours , volume observable 12.3 < 15 , volume irregulier (CV 1.27)
Allemagne;de_gtfsde;;de_gtfsde|658301;27.5;12.3;45;71.4;87.8;98;26.5;1.19;1.15;17;11;4;0;0;REJETEE;identite non resolue , presente 4/6 jours , volume observable 12.3 < 15 , volume irregulier (CV 1.19)
Allemagne;de_gtfsde;;de_gtfsde|65839;26.8;12.3;46;51;87.8;100;49;1.37;1.35;15;18;4;0;0;REJETEE;identite non resolue , presente 4/6 jours , volume observable 12.3 < 15 , volume irregulier (CV 1.37)
Allemagne;de_gtfsde;;de_gtfsde|640002;21.8;12.3;56;22.4;71.4;93.9;71.4;1.46;1.39;100;14;4;0;0;REJETEE;identite non resolue , presente 4/6 jours , volume observable 12.3 < 15 , volume irregulier (CV 1.46) , ponctualite erratique (amplitude 100 pt)
Allemagne;de_gtfsde;Oberlichtenau;de_gtfsde|oberlichtenau@50.91,12.96;20.3;12.3;61;64.9;83.8;90.5;25.7;1.21;1;33;52;6;0;0;REJETEE;volume observable 12.3 < 15 , volume irregulier (CV 1.21)
Allemagne;de_gtfsde;;de_gtfsde|246993;20.3;12.3;60;40.8;89.8;95.9;55.1;0.88;0.78;25;42;4;0;0;REJETEE;identite non resolue , presente 4/6 jours , volume observable 12.3 < 15 , volume irregulier (CV 0.88)
Allemagne;de_gtfsde;;de_gtfsde|278394;20;12.3;61;81.6;93.9;100;18.4;1.1;1.04;20;16;4;0;0;REJETEE;identite non resolue , presente 4/6 jours , volume observable 12.3 < 15 , volume irregulier (CV 1.10)
Allemagne;de_gtfsde;;de_gtfsde|643532;20;12.3;61;73.5;95.9;98;24.5;1.06;1.01;7;20;4;0;0;REJETEE;identite non resolue , presente 4/6 jours , volume observable 12.3 < 15 , volume irregulier (CV 1.06)
Allemagne;de_gtfsde;;de_gtfsde|96685;18.3;12.3;67;59.2;95.9;100;40.8;0.81;0.76;5;32;4;0;0;REJETEE;identite non resolue , presente 4/6 jours , volume observable 12.3 < 15 , volume irregulier (CV 0.81)
Pays-Bas;nl_ovapi;Emmen Zuid;nl_ovapi|emmenzuid@52.75,6.87;18.2;12.3;68;74.3;100;100;25.7;0.66;0.68;0;254;6;0.33;0;REJETEE;volume observable 12.3 < 15 , trop parfaite (aucun retard > 5 min) , volume irregulier (CV 0.66)
Allemagne;de_gtfsde;;de_gtfsde|159663;17;12.3;72;30.6;93.9;100;69.4;1.31;1.2;33;14;4;0;0;REJETEE;identite non resolue , presente 4/6 jours , volume observable 12.3 < 15 , volume irregulier (CV 1.31)
Allemagne;de_gtfsde;;de_gtfsde|632407;16.5;12.3;74;53.1;75.5;83.7;30.6;1.23;0.99;28;19;4;0;0;REJETEE;identite non resolue , presente 4/6 jours , volume observable 12.3 < 15 , volume irregulier (CV 1.23)
Allemagne;de_gtfsde;;de_gtfsde|448068;16.5;12.3;74;81.6;98;100;18.4;0.95;0.89;6;14;4;0;0;REJETEE;identite non resolue , presente 4/6 jours , volume observable 12.3 < 15 , volume irregulier (CV 0.95)
Allemagne;de_gtfsde;S Frohnau (Berlin);de_gtfsde|sfrohnauberlin@52.63,13.29;24.8;12.2;49;53.4;86.3;91.8;38.4;0.91;0.92;100;232;6;0;0;REJETEE;volume observable 12.2 < 15 , volume irregulier (CV 0.91) , ponctualite erratique (amplitude 100 pt)
Etats-Unis;us_mta_lirr;;us_mta_lirr|33;19.6;12.2;62;70.5;93.4;98.4;27.9;0.64;0.65;17;117;5;0.6;0;REJETEE;identite non resolue , presente 5/6 jours , volume observable 12.2 < 15 , volume irregulier (CV 0.64)
Pays-Bas;nl_ovapi;Nunspeet;nl_ovapi|nunspeet@52.37,5.78;18.7;12.2;65;65.8;91.8;98.6;32.9;0.54;0.52;20;77;6;0;0;REJETEE;volume observable 12.2 < 15 , volume irregulier (CV 0.54)
France;fr_sncf;Grenoble;fr_sncf|UIC87747006;62.5;12;19;73.6;83.3;84.7;11.1;0.57;0.44;40;123;6;4.17;0.17;REJETEE;volume observable 12.0 < 15 , volume irregulier (CV 0.57)
France;fr_sncf;Paris Austerlitz;fr_sncf|UIC87547000;47.3;12;25;76.4;81.9;86.1;9.7;0.72;0.84;50;424;6;3.17;0.67;REJETEE;volume observable 12.0 < 15 , volume irregulier (CV 0.72)
Allemagne;de_gtfsde;;de_gtfsde|239108;33.8;12;36;43.8;75;91.7;47.9;1.16;1.08;33;12;4;0;0;REJETEE;identite non resolue , presente 4/6 jours , volume observable 12.0 < 15 , volume irregulier (CV 1.16)
Allemagne;de_gtfsde;;de_gtfsde|660306;32;12;38;45.8;83.3;97.9;52.1;1.23;1.18;100;10;4;0;0;REJETEE;identite non resolue , presente 4/6 jours , volume observable 12.0 < 15 , volume irregulier (CV 1.23) , ponctualite erratique (amplitude 100 pt)
Allemagne;de_gtfsde;;de_gtfsde|267171;25.8;12;47;66.7;87.5;95.8;29.2;1.05;1.05;18;12;4;0;0;REJETEE;identite non resolue , presente 4/6 jours , volume observable 12.0 < 15 , volume irregulier (CV 1.05)
Allemagne;de_gtfsde;;de_gtfsde|12852;21.5;12;56;75;100;100;25;1.28;1.1;0;58;4;0;0;REJETEE;identite non resolue , presente 4/6 jours , volume observable 12.0 < 15 , trop parfaite (aucun retard > 5 min) , volume irregulier (CV 1.28)
Allemagne;de_gtfsde;;de_gtfsde|119684;21.3;12;56;43.8;85.4;93.8;50;1.02;0.95;92;15;4;0;0;REJETEE;identite non resolue , presente 4/6 jours , volume observable 12.0 < 15 , volume irregulier (CV 1.02) , ponctualite erratique (amplitude 92 pt)
Allemagne;de_gtfsde;;de_gtfsde|187554;19;12;63;50;60.4;77.1;27.1;0.81;0.8;80;12;4;0;0;REJETEE;identite non resolue , presente 4/6 jours , volume observable 12.0 < 15 , volume irregulier (CV 0.81) , ponctualite erratique (amplitude 80 pt)
Allemagne;de_gtfsde;;de_gtfsde|627634;19;12;63;70.8;95.8;100;29.2;0.9;0.84;13;21;4;0;0;REJETEE;identite non resolue , presente 4/6 jours , volume observable 12.0 < 15 , volume irregulier (CV 0.90)
Allemagne;de_gtfsde;;de_gtfsde|283614;18.8;12;64;37.5;79.2;85.4;47.9;1.05;0.94;33;17;4;0;0;REJETEE;identite non resolue , presente 4/6 jours , volume observable 12.0 < 15 , volume irregulier (CV 1.05)
Allemagne;de_gtfsde;;de_gtfsde|286647;18.8;12;64;18.8;70.8;97.9;79.2;1.41;1.33;31;13;4;0;0;REJETEE;identite non resolue , presente 4/6 jours , volume observable 12.0 < 15 , volume irregulier (CV 1.41)
Allemagne;de_gtfsde;;de_gtfsde|385722;16.3;12;74;12.5;66.7;100;87.5;1.39;1.31;38;15;4;0;0;REJETEE;identite non resolue , presente 4/6 jours , volume observable 12.0 < 15 , volume irregulier (CV 1.39)
Etats-Unis;us_mta_lirr;;us_mta_lirr|204;15.4;12;78;43.3;83.3;95;51.7;0.88;0.94;50;190;5;0.6;0;REJETEE;identite non resolue , presente 5/6 jours , volume observable 12.0 < 15 , volume irregulier (CV 0.88)
Pays-Bas;nl_ovapi;Lunteren;nl_ovapi|lunteren@52.09,5.62;14.4;12;83;43.3;100;100;56.7;0.66;0.7;0;30;5;0;0;REJETEE;presente 5/6 jours , volume observable 12.0 < 15 , trop parfaite (aucun retard > 5 min) , volume irregulier (CV 0.66)
Allemagne;de_gtfsde;;de_gtfsde|14212;43.3;11.8;27;83;95.7;97.9;14.9;1.12;1.08;9;7;4;0;0;REJETEE;identite non resolue , presente 4/6 jours , volume observable 11.8 < 15 , volume irregulier (CV 1.12)
Allemagne;de_gtfsde;;de_gtfsde|648403;39.8;11.8;30;53.2;76.6;78.7;25.5;1;0.85;88;34;4;0;0;REJETEE;identite non resolue , presente 4/6 jours , volume observable 11.8 < 15 , volume irregulier (CV 1.00) , ponctualite erratique (amplitude 88 pt)
Allemagne;de_gtfsde;;de_gtfsde|209635;29.5;11.8;40;74.5;89.4;95.7;21.3;1.25;1.14;29;11;4;0;0;REJETEE;identite non resolue , presente 4/6 jours , volume observable 11.8 < 15 , volume irregulier (CV 1.25)
Allemagne;de_gtfsde;;de_gtfsde|18721;26.3;11.8;45;63.8;95.7;97.9;34;1.18;1.13;50;9;4;0;0;REJETEE;identite non resolue , presente 4/6 jours , volume observable 11.8 < 15 , volume irregulier (CV 1.18)
Allemagne;de_gtfsde;;de_gtfsde|406072;26;11.8;45;74.5;91.5;97.9;23.4;1.33;1.27;100;18;4;0;0;REJETEE;identite non resolue , presente 4/6 jours , volume observable 11.8 < 15 , volume irregulier (CV 1.33) , ponctualite erratique (amplitude 100 pt)
Allemagne;de_gtfsde;;de_gtfsde|624472;25.8;11.8;46;100;100;100;0;1.2;1.18;0;9;4;0;0;REJETEE;identite non resolue , presente 4/6 jours , volume observable 11.8 < 15 , trop parfaite (100 % sous 60 s) , volume irregulier (CV 1.20)
Allemagne;de_gtfsde;;de_gtfsde|202182;23.3;11.8;51;74.5;89.4;97.9;23.4;1.12;1.1;100;13;4;0;0;REJETEE;identite non resolue , presente 4/6 jours , volume observable 11.8 < 15 , volume irregulier (CV 1.12) , ponctualite erratique (amplitude 100 pt)
Allemagne;de_gtfsde;;de_gtfsde|382629;22.8;11.8;52;57.4;74.5;83;25.5;1.26;1.25;100;14;4;0;0;REJETEE;identite non resolue , presente 4/6 jours , volume observable 11.8 < 15 , volume irregulier (CV 1.26) , ponctualite erratique (amplitude 100 pt)
Allemagne;de_gtfsde;;de_gtfsde|581239;22.5;11.8;52;74.5;91.5;95.7;21.3;0.69;0.6;15;18;4;0;0;REJETEE;identite non resolue , presente 4/6 jours , volume observable 11.8 < 15 , volume irregulier (CV 0.69)
Allemagne;de_gtfsde;;de_gtfsde|285857;20.8;11.8;57;36.2;63.8;89.4;53.2;1.33;1.34;100;11;4;0;0;REJETEE;identite non resolue , presente 4/6 jours , volume observable 11.8 < 15 , volume irregulier (CV 1.33) , ponctualite erratique (amplitude 100 pt)
Allemagne;de_gtfsde;;de_gtfsde|878;20.3;11.8;58;66;87.2;95.7;29.8;1.48;1.39;14;16;4;0;0;REJETEE;identite non resolue , presente 4/6 jours , volume observable 11.8 < 15 , volume irregulier (CV 1.48)
Allemagne;de_gtfsde;;de_gtfsde|663604;19.8;11.8;59;89.4;97.9;97.9;8.5;0.97;0.94;13;12;4;0;0;REJETEE;identite non resolue , presente 4/6 jours , volume observable 11.8 < 15 , volume irregulier (CV 0.97)
Pays-Bas;nl_ovapi;'t Harde;nl_ovapi|tharde@52.41,5.89;19;11.8;62;73.2;88.7;98.6;25.4;0.51;0.49;18;78;6;0;0;REJETEE;volume observable 11.8 < 15 , volume irregulier (CV 0.51)
Pays-Bas;nl_ovapi;Landgraaf;nl_ovapi|landgraaf@50.90,6.02;18.3;11.8;64;53.2;95.7;100;46.8;0.68;0.87;6;33;4;1;0;REJETEE;presente 4/6 jours , volume observable 11.8 < 15 , volume irregulier (CV 0.68)
Allemagne;de_gtfsde;;de_gtfsde|67845;17;11.8;69;19.1;42.6;66;46.8;0.83;0.71;56;19;4;0;0;REJETEE;identite non resolue , presente 4/6 jours , volume observable 11.8 < 15 , volume irregulier (CV 0.83)
Pays-Bas;nl_ovapi;Doetinchem;nl_ovapi|doetinchem@51.96,6.30;16.7;11.8;71;76.1;97.2;98.6;22.5;0.58;0.61;13;133;6;0.33;0;REJETEE;volume observable 11.8 < 15 , volume irregulier (CV 0.58)
Pays-Bas;nl_ovapi;Ede Centrum;nl_ovapi|edecentrum@52.04,5.67;14.4;11.8;82;42.4;100;100;57.6;0.67;0.7;0;30;5;0;0;REJETEE;presente 5/6 jours , volume observable 11.8 < 15 , trop parfaite (aucun retard > 5 min) , volume irregulier (CV 0.67)
Allemagne;de_gtfsde;;de_gtfsde|629737;14;11.8;84;57.4;85.1;91.5;34;0.62;0.61;22;17;4;0;0;REJETEE;identite non resolue , presente 4/6 jours , volume observable 11.8 < 15 , volume irregulier (CV 0.62)
France;fr_sncf;Nice-Ville;fr_sncf|UIC87756056;63.5;11.7;18;65.7;85.7;90;24.3;0.81;0.77;33;140;6;1.17;0.33;REJETEE;volume observable 11.7 < 15 , volume irregulier (CV 0.81)
France;fr_sncf;La Tour-du-Pin;fr_sncf|UIC87723478;48.7;11.7;24;55.7;71.4;78.6;22.9;0.61;0.57;29;111;6;3.33;0.67;REJETEE;volume observable 11.7 < 15 , volume irregulier (CV 0.61)
France;fr_sncf;Montpellier Saint-Roch;fr_sncf|UIC87773002;46;11.7;25;44.3;61.4;68.6;24.3;0.42;0.46;44;139;6;0.83;1;REJETEE;volume observable 11.7 < 15 , volume irregulier (CV 0.42)
Pays-Bas;nl_ovapi;Ermelo;nl_ovapi|ermelo@52.30,5.61;18.7;11.7;63;71.4;92.9;100;28.6;0.54;0.52;25;77;6;0;0;REJETEE;volume observable 11.7 < 15 , volume irregulier (CV 0.54)
Pays-Bas;nl_ovapi;Emmen;nl_ovapi|emmen@52.79,6.90;18.3;11.7;64;71.4;100;100;28.6;0.62;0.66;0;258;6;0.33;0;REJETEE;volume observable 11.7 < 15 , trop parfaite (aucun retard > 5 min) , volume irregulier (CV 0.62)
Etats-Unis;us_mta_lirr;;us_mta_lirr|26;15.4;11.6;75;44.8;84.5;94.8;50;0.84;0.93;25;180;5;0.6;0;REJETEE;identite non resolue , presente 5/6 jours , volume observable 11.6 < 15 , volume irregulier (CV 0.84)
Allemagne;de_gtfsde;;de_gtfsde|190319;40.3;11.5;29;41.3;80.4;97.8;56.5;1.39;1.32;50;24;4;0;0;REJETEE;identite non resolue , presente 4/6 jours , volume observable 11.5 < 15 , volume irregulier (CV 1.39)
Allemagne;de_gtfsde;;de_gtfsde|207348;38.8;11.5;30;63;84.8;97.8;34.8;1.37;1.32;20;18;4;0;0;REJETEE;identite non resolue , presente 4/6 jours , volume observable 11.5 < 15 , volume irregulier (CV 1.37)
Allemagne;de_gtfsde;;de_gtfsde|428983;36.3;11.5;32;50;89.1;91.3;41.3;1.02;0.99;12;11;4;0;0;REJETEE;identite non resolue , presente 4/6 jours , volume observable 11.5 < 15 , volume irregulier (CV 1.02)
Allemagne;de_gtfsde;;de_gtfsde|78627;33.8;11.5;34;34.8;87;97.8;63;1.08;1.04;100;12;4;0;0;REJETEE;identite non resolue , presente 4/6 jours , volume observable 11.5 < 15 , volume irregulier (CV 1.08) , ponctualite erratique (amplitude 100 pt)
Allemagne;de_gtfsde;;de_gtfsde|598947;29.8;11.5;39;58.7;89.1;93.5;34.8;1.12;1.04;33;16;4;0;0;REJETEE;identite non resolue , presente 4/6 jours , volume observable 11.5 < 15 , volume irregulier (CV 1.12)
Allemagne;de_gtfsde;;de_gtfsde|182314;28.3;11.5;41;65.2;91.3;95.7;30.4;0.91;0.84;100;36;4;0;0;REJETEE;identite non resolue , presente 4/6 jours , volume observable 11.5 < 15 , volume irregulier (CV 0.91) , ponctualite erratique (amplitude 100 pt)
Allemagne;de_gtfsde;Dörverden;de_gtfsde|drverden@52.85,9.25;27.3;11.5;42;68.1;92.8;94.2;26.1;1.13;1.08;30;47;6;0;0;REJETEE;volume observable 11.5 < 15 , volume irregulier (CV 1.13)
Pays-Bas;nl_ovapi;Hillegom;nl_ovapi|hillegom@52.30,4.57;26.2;11.5;44;49.3;97.1;97.1;47.8;0.83;0.83;25;127;6;0;0;REJETEE;volume observable 11.5 < 15 , volume irregulier (CV 0.83)
Allemagne;de_gtfsde;;de_gtfsde|352636;24.5;11.5;47;73.9;95.7;97.8;23.9;1.06;0.93;11;20;4;0;0;REJETEE;identite non resolue , presente 4/6 jours , volume observable 11.5 < 15 , volume irregulier (CV 1.06)
Allemagne;de_gtfsde;;de_gtfsde|541036;22.8;11.5;51;67.4;93.5;93.5;26.1;0.9;0.83;19;10;4;0;0;REJETEE;identite non resolue , presente 4/6 jours , volume observable 11.5 < 15 , volume irregulier (CV 0.90)
Allemagne;de_gtfsde;;de_gtfsde|28394;22.8;11.5;51;84.8;97.8;100;15.2;1.32;1.3;100;14;4;0;0;REJETEE;identite non resolue , presente 4/6 jours , volume observable 11.5 < 15 , volume irregulier (CV 1.32) , ponctualite erratique (amplitude 100 pt)
Allemagne;de_gtfsde;;de_gtfsde|130851;21.3;11.5;54;84.8;97.8;100;15.2;1.03;1;4;11;4;0;0;REJETEE;identite non resolue , presente 4/6 jours , volume observable 11.5 < 15 , volume irregulier (CV 1.03)
Allemagne;de_gtfsde;;de_gtfsde|152442;20.8;11.5;55;50;84.8;93.5;43.5;1.42;1.37;100;15;4;0;0;REJETEE;identite non resolue , presente 4/6 jours , volume observable 11.5 < 15 , volume irregulier (CV 1.42) , ponctualite erratique (amplitude 100 pt)
Etats-Unis;us_mbta;Framingham;us_mbta|framingham@42.28,-71.42;20.2;11.5;57;100;100;100;0;0.46;0.53;0;24;6;0;0;REJETEE;volume observable 11.5 < 15 , trop parfaite (100 % sous 60 s) , volume irregulier (CV 0.46)
Allemagne;de_gtfsde;;de_gtfsde|566189;19.3;11.5;60;63;89.1;93.5;30.4;1.04;1.01;13;12;4;0;0;REJETEE;identite non resolue , presente 4/6 jours , volume observable 11.5 < 15 , volume irregulier (CV 1.04)
Allemagne;de_gtfsde;;de_gtfsde|235743;19;11.5;61;34.8;78.3;97.8;63;1.48;1.34;26;17;4;0;0;REJETEE;identite non resolue , presente 4/6 jours , volume observable 11.5 < 15 , volume irregulier (CV 1.48)
Allemagne;de_gtfsde;;de_gtfsde|187656;18.8;11.5;61;34.8;78.3;91.3;56.5;1.07;0.99;27;13;4;0;0;REJETEE;identite non resolue , presente 4/6 jours , volume observable 11.5 < 15 , volume irregulier (CV 1.07)
Allemagne;de_gtfsde;;de_gtfsde|153215;18.3;11.5;63;60.9;80.4;84.8;23.9;1.42;1.35;100;13;4;0;0;REJETEE;identite non resolue , presente 4/6 jours , volume observable 11.5 < 15 , volume irregulier (CV 1.42) , ponctualite erratique (amplitude 100 pt)
Allemagne;de_gtfsde;;de_gtfsde|316021;17.8;11.5;65;21.7;78.3;97.8;76.1;1.43;1.38;25;13;4;0;0;REJETEE;identite non resolue , presente 4/6 jours , volume observable 11.5 < 15 , volume irregulier (CV 1.43)
Allemagne;de_gtfsde;;de_gtfsde|263807;17;11.5;68;41.3;67.4;84.8;43.5;1.15;0.97;40;19;4;0;0;REJETEE;identite non resolue , presente 4/6 jours , volume observable 11.5 < 15 , volume irregulier (CV 1.15)
Pays-Bas;nl_ovapi;Terborg;nl_ovapi|terborg@51.92,6.36;17;11.5;68;71.7;100;100;28.3;0.37;0.38;0;89;4;0.5;0;REJETEE;presente 4/6 jours , volume observable 11.5 < 15 , trop parfaite (aucun retard > 5 min) , volume irregulier (CV 0.37)
Pays-Bas;nl_ovapi;Aalten;nl_ovapi|aalten@51.92,6.58;17;11.5;68;84.8;100;100;15.2;0.4;0.38;0;89;4;0.5;0;REJETEE;presente 4/6 jours , volume observable 11.5 < 15 , trop parfaite (aucun retard > 5 min) , volume irregulier (CV 0.40)
Allemagne;de_gtfsde;;de_gtfsde|370256;16.3;11.5;71;23.9;80.4;97.8;73.9;1.41;1.31;40;15;4;0;0;REJETEE;identite non resolue , presente 4/6 jours , volume observable 11.5 < 15 , volume irregulier (CV 1.41)
Allemagne;de_gtfsde;Zivonin;de_gtfsde|zivonin@50.39,14.61;16;11.5;72;13;67.4;100;87;1.38;1.3;39;15;4;0;0;REJETEE;presente 4/6 jours , volume observable 11.5 < 15 , volume irregulier (CV 1.38)
Allemagne;de_gtfsde;Barmstedt Brunnenstraße;de_gtfsde|barmstedtbrunnenstrae@53.79,9.76;15.3;11.5;75;45.7;78.3;91.3;45.7;0.61;0.63;47;290;4;0;0;REJETEE;presente 4/6 jours , volume observable 11.5 < 15 , volume irregulier (CV 0.61)
France;fr_sncf;Roquebrune-Cap-Martin;fr_sncf|UIC87756460;43.4;11.4;26;31.6;45.6;77.2;45.6;0.87;0.86;52;119;5;0;0.6;REJETEE;presente 5/6 jours , volume observable 11.4 < 15 , volume irregulier (CV 0.87)
Pays-Bas;nl_ovapi;Helmond Brandevoort;nl_ovapi|helmondbrandevoort@51.46,5.61;14;11.4;81;45.6;94.7;100;54.4;0.74;0.8;25;550;5;0;0;REJETEE;presente 5/6 jours , volume observable 11.4 < 15 , volume irregulier (CV 0.74)
Pays-Bas;nl_ovapi;Antwerpen-Berchem;nl_ovapi|antwerpenberchem@51.20,4.43;40;11.3;28;37.8;80;84.4;46.7;0.48;0.46;33;175;4;0.5;0;REJETEE;presente 4/6 jours , volume observable 11.3 < 15 , volume irregulier (CV 0.48)
Allemagne;de_gtfsde;;de_gtfsde|227535;28.5;11.3;39;51.1;84.4;100;48.9;1.14;1.12;90;11;4;0;0;REJETEE;identite non resolue , presente 4/6 jours , volume observable 11.3 < 15 , volume irregulier (CV 1.14) , ponctualite erratique (amplitude 90 pt)
Allemagne;de_gtfsde;;de_gtfsde|379575;26.3;11.3;43;42.2;88.9;97.8;55.6;1.44;1.4;100;12;4;0;0;REJETEE;identite non resolue , presente 4/6 jours , volume observable 11.3 < 15 , volume irregulier (CV 1.44) , ponctualite erratique (amplitude 100 pt)
Allemagne;de_gtfsde;;de_gtfsde|82350;25.8;11.3;44;71.1;100;100;28.9;1.12;1.08;0;12;4;0;0;REJETEE;identite non resolue , presente 4/6 jours , volume observable 11.3 < 15 , trop parfaite (aucun retard > 5 min) , volume irregulier (CV 1.12)
Allemagne;de_gtfsde;;de_gtfsde|276668;25.8;11.3;44;64.4;91.1;97.8;33.3;0.97;0.92;25;9;4;0;0;REJETEE;identite non resolue , presente 4/6 jours , volume observable 11.3 < 15 , volume irregulier (CV 0.97)
Allemagne;de_gtfsde;;de_gtfsde|544323;25.5;11.3;44;68.9;91.1;93.3;24.4;0.88;0.84;13;9;4;0;0;REJETEE;identite non resolue , presente 4/6 jours , volume observable 11.3 < 15 , volume irregulier (CV 0.88)
France;fr_sncf;Ecully Arrêt TCL Demi-Lune Vauboin;fr_sncf|UIC87698274;24.8;11.3;46;26.5;89.7;94.1;67.6;1.35;1.19;18;33;6;0;0;REJETEE;volume observable 11.3 < 15 , volume irregulier (CV 1.35)
Allemagne;de_gtfsde;Pleinfeld;de_gtfsde|pleinfeld@49.11,10.98;23;11.3;49;55.6;86.7;91.1;35.6;0.45;0.35;24;67;4;0;0;REJETEE;presente 4/6 jours , volume observable 11.3 < 15 , volume irregulier (CV 0.45)
Allemagne;de_gtfsde;;de_gtfsde|445663;22.5;11.3;50;68.9;93.3;100;31.1;0.85;0.81;9;18;4;0;0;REJETEE;identite non resolue , presente 4/6 jours , volume observable 11.3 < 15 , volume irregulier (CV 0.85)
Allemagne;de_gtfsde;;de_gtfsde|649510;22.3;11.3;51;64.4;86.7;97.8;33.3;0.75;0.64;18;14;4;0;0;REJETEE;identite non resolue , presente 4/6 jours , volume observable 11.3 < 15 , volume irregulier (CV 0.75)
Allemagne;de_gtfsde;;de_gtfsde|446264;21.3;11.3;53;66.7;88.9;95.6;28.9;1.07;0.86;16;49;4;0;0;REJETEE;identite non resolue , presente 4/6 jours , volume observable 11.3 < 15 , volume irregulier (CV 1.07)
Allemagne;de_gtfsde;;de_gtfsde|88808;20.5;11.3;55;62.2;95.6;100;37.8;0.99;0.9;100;62;4;0;0;REJETEE;identite non resolue , presente 4/6 jours , volume observable 11.3 < 15 , volume irregulier (CV 0.99) , ponctualite erratique (amplitude 100 pt)
Allemagne;de_gtfsde;Speele;de_gtfsde|speele@51.38,9.56;20.2;11.3;56;76.5;92.6;94.1;17.6;0.77;0.75;25;33;6;0;0;REJETEE;volume observable 11.3 < 15 , volume irregulier (CV 0.77)
Allemagne;de_gtfsde;;de_gtfsde|432692;19.8;11.3;57;42.2;86.7;100;57.8;0.89;0.79;50;12;4;0;0;REJETEE;identite non resolue , presente 4/6 jours , volume observable 11.3 < 15 , volume irregulier (CV 0.89)
Allemagne;de_gtfsde;;de_gtfsde|166568;19.8;11.3;57;40;82.2;91.1;51.1;1.34;1.25;100;12;4;0;0;REJETEE;identite non resolue , presente 4/6 jours , volume observable 11.3 < 15 , volume irregulier (CV 1.34) , ponctualite erratique (amplitude 100 pt)
Allemagne;de_gtfsde;;de_gtfsde|153331;15.8;11.3;71;20;77.8;97.8;77.8;1.38;1.29;29;15;4;0;0;REJETEE;identite non resolue , presente 4/6 jours , volume observable 11.3 < 15 , volume irregulier (CV 1.38)
Etats-Unis;us_mta_lirr;;us_mta_lirr|163;15.8;11.3;71;33.3;75.6;91.1;57.8;0.65;0.73;50;330;4;0.5;0;REJETEE;identite non resolue , presente 4/6 jours , volume observable 11.3 < 15 , volume irregulier (CV 0.65)
Etats-Unis;us_mta_lirr;;us_mta_lirr|216;15.8;11.3;71;22.2;97.8;100;77.8;0.76;0.77;10;142;4;0;0;REJETEE;identite non resolue , presente 4/6 jours , volume observable 11.3 < 15 , volume irregulier (CV 0.76)
France;fr_sncf;Monaco-Monte-Carlo;fr_sncf|UIC87756403;54.6;11.2;21;60.7;83.9;91.1;30.4;0.91;0.87;100;125;5;0.2;0.2;REJETEE;presente 5/6 jours , volume observable 11.2 < 15 , volume irregulier (CV 0.91) , ponctualite erratique (amplitude 100 pt)
France;fr_sncf;Menton;fr_sncf|UIC87756486;44.2;11.2;25;35.7;48.2;64.3;28.6;0.87;0.85;63;115;5;0;0.6;REJETEE;presente 5/6 jours , volume observable 11.2 < 15 , volume irregulier (CV 0.87) , ponctualite erratique (amplitude 63 pt)
France;fr_sncf;Avignon TGV;fr_sncf|UIC87318964;36.3;11.2;31;26.9;58.2;68.7;41.8;0.62;0.54;55;154;6;0;0.17;REJETEE;volume observable 11.2 < 15 , volume irregulier (CV 0.62)
France;fr_sncf;Ambérieu-en-Bugey;fr_sncf|UIC87743716;35.8;11.2;31;65.7;89.6;94;28.4;0.78;0.69;29;64;6;0.33;0.33;REJETEE;volume observable 11.2 < 15 , volume irregulier (CV 0.78)
Allemagne;de_gtfsde;Herzberg am Harz;de_gtfsde|herzbergamharz@51.64,10.33;19.2;11.2;58;82.1;98.2;100;17.9;0.78;0.71;25;45;5;0;0;REJETEE;presente 5/6 jours , volume observable 11.2 < 15 , ponctualite 98.2 % > 98 % , volume irregulier (CV 0.78)
Allemagne;de_gtfsde;Herbertshofen;de_gtfsde|herbertshofen@48.53,10.85;13.2;11.2;85;60.7;91.1;96.4;35.7;0.3;0.22;14;118;5;0;0;REJETEE;presente 5/6 jours , volume observable 11.2 < 15
Allemagne;de_gtfsde;;de_gtfsde|243713;68.8;11;16;65.9;93.2;100;34.1;0.99;0.9;100;100;4;0;0;REJETEE;identite non resolue , presente 4/6 jours , volume observable 11.0 < 15 , volume irregulier (CV 0.99) , ponctualite erratique (amplitude 100 pt)
France;fr_sncf;Béziers;fr_sncf|UIC87781005;37.2;11;30;30.3;53;59.1;28.8;0.67;0.46;71;133;6;1;0.5;REJETEE;volume observable 11.0 < 15 , volume irregulier (CV 0.67) , ponctualite erratique (amplitude 71 pt)
Allemagne;de_gtfsde;Dresden S-Bahnhof Dobritz;de_gtfsde|dresdensbahnhofdobritz@51.01,13.81;26;11;42;43.2;72.7;86.4;43.2;0.4;0.37;83;89;4;0;0;REJETEE;presente 4/6 jours , volume observable 11.0 < 15 , volume irregulier (CV 0.40) , ponctualite erratique (amplitude 83 pt)
Allemagne;de_gtfsde;;de_gtfsde|58770;25.5;11;43;70.5;90.9;95.5;25;1.1;1.05;50;9;4;0;0;REJETEE;identite non resolue , presente 4/6 jours , volume observable 11.0 < 15 , volume irregulier (CV 1.10)
Allemagne;de_gtfsde;;de_gtfsde|246250;24.5;11;45;50;86.4;97.7;47.7;0.98;0.93;18;27;4;0;0;REJETEE;identite non resolue , presente 4/6 jours , volume observable 11.0 < 15 , volume irregulier (CV 0.98)
Allemagne;de_gtfsde;GLA West Bf;de_gtfsde|glawestbf@51.58,6.98;22.2;11;50;45.5;81.8;89.4;43.9;1.09;0.96;50;49;6;0;0;REJETEE;volume observable 11.0 < 15 , volume irregulier (CV 1.09)
Pays-Bas;nl_ovapi;Scheemda;nl_ovapi|scheemda@53.17,6.98;22;11;50;58.2;98.2;100;41.8;1.07;1.08;3;485;5;0;0;REJETEE;presente 5/6 jours , volume observable 11.0 < 15 , ponctualite 98.2 % > 98 % , volume irregulier (CV 1.07)
Allemagne;de_gtfsde;;de_gtfsde|70546;21.3;11;52;59.1;77.3;90.9;31.8;1.02;0.95;36;15;4;0;0;REJETEE;identite non resolue , presente 4/6 jours , volume observable 11.0 < 15 , volume irregulier (CV 1.02)
Allemagne;de_gtfsde;;de_gtfsde|381942;21;11;52;38.6;79.5;86.4;47.7;1.12;0.99;22;11;4;0;0;REJETEE;identite non resolue , presente 4/6 jours , volume observable 11.0 < 15 , volume irregulier (CV 1.12)
Allemagne;de_gtfsde;;de_gtfsde|419935;20.5;11;54;45.5;88.6;100;54.5;1.02;0.97;91;15;4;0;0;REJETEE;identite non resolue , presente 4/6 jours , volume observable 11.0 < 15 , volume irregulier (CV 1.02) , ponctualite erratique (amplitude 91 pt)
Allemagne;de_gtfsde;;de_gtfsde|309435;19.5;11;56;56.8;79.5;93.2;36.4;1.36;1.32;100;16;4;0;0;REJETEE;identite non resolue , presente 4/6 jours , volume observable 11.0 < 15 , volume irregulier (CV 1.36) , ponctualite erratique (amplitude 100 pt)
Allemagne;de_gtfsde;;de_gtfsde|317403;18.5;11;59;52.3;84.1;95.5;43.2;1.09;0.99;100;17;4;0;0;REJETEE;identite non resolue , presente 4/6 jours , volume observable 11.0 < 15 , volume irregulier (CV 1.09) , ponctualite erratique (amplitude 100 pt)
Allemagne;de_gtfsde;;de_gtfsde|223749;17.8;11;62;25;81.8;100;75;1.42;1.31;21;13;4;0;0;REJETEE;identite non resolue , presente 4/6 jours , volume observable 11.0 < 15 , volume irregulier (CV 1.42)
Pays-Bas;nl_ovapi;Warffum;nl_ovapi|warffum@53.39,6.57;17.8;11;62;54.5;100;100;45.5;0.69;0.71;0;344;4;0;0;REJETEE;presente 4/6 jours , volume observable 11.0 < 15 , trop parfaite (aucun retard > 5 min) , volume irregulier (CV 0.69)
Allemagne;de_gtfsde;;de_gtfsde|652439;16.8;11;66;27.3;65.9;86.4;59.1;1.24;1.19;71;19;4;0;0;REJETEE;identite non resolue , presente 4/6 jours , volume observable 11.0 < 15 , volume irregulier (CV 1.24) , ponctualite erratique (amplitude 71 pt)
Allemagne;de_gtfsde;;de_gtfsde|527150;16.3;11;68;79.5;95.5;97.7;18.2;0.87;0.97;100;15;4;0;0;REJETEE;identite non resolue , presente 4/6 jours , volume observable 11.0 < 15 , volume irregulier (CV 0.87) , ponctualite erratique (amplitude 100 pt)
Allemagne;de_gtfsde;;de_gtfsde|56293;15.8;11;70;18.2;77.3;97.7;79.5;1.44;1.33;25;15;4;0;0;REJETEE;identite non resolue , presente 4/6 jours , volume observable 11.0 < 15 , volume irregulier (CV 1.44)
Pays-Bas;nl_ovapi;Helmond 't Hout;nl_ovapi|helmondthout@51.47,5.63;14;11;79;63.6;94.5;100;36.4;0.74;0.8;33;550;5;0;0;REJETEE;presente 5/6 jours , volume observable 11.0 < 15 , volume irregulier (CV 0.74)
Allemagne;de_gtfsde;Waldsolms-Hasselborn;de_gtfsde|waldsolmshasselborn@50.41,8.50;27;10.8;40;58.5;86.2;98.5;40;0.97;0.9;100;57;6;0;0;REJETEE;volume observable 10.8 < 15 , volume irregulier (CV 0.97) , ponctualite erratique (amplitude 100 pt)
Allemagne;de_gtfsde;;de_gtfsde|531201;27;10.8;40;72.1;100;100;27.9;1.22;1.17;0;12;4;0;0;REJETEE;identite non resolue , presente 4/6 jours , volume observable 10.8 < 15 , trop parfaite (aucun retard > 5 min) , volume irregulier (CV 1.22)
Allemagne;de_gtfsde;;de_gtfsde|518745;25.5;10.8;42;48.8;69.8;81.4;32.6;1.35;1.35;100;9;4;0;0;REJETEE;identite non resolue , presente 4/6 jours , volume observable 10.8 < 15 , volume irregulier (CV 1.35) , ponctualite erratique (amplitude 100 pt)
Allemagne;de_gtfsde;;de_gtfsde|620332;23.5;10.8;46;60.5;97.7;100;39.5;1.11;1.06;3;10;4;0;0;REJETEE;identite non resolue , presente 4/6 jours , volume observable 10.8 < 15 , volume irregulier (CV 1.11)
Allemagne;de_gtfsde;;de_gtfsde|118842;22.3;10.8;48;39.5;67.4;95.3;55.8;0.98;0.89;43;10;4;0;0;REJETEE;identite non resolue , presente 4/6 jours , volume observable 10.8 < 15 , volume irregulier (CV 0.98)
Allemagne;de_gtfsde;;de_gtfsde|163501;22.3;10.8;48;23.3;55.8;79.1;55.8;1.26;1.08;100;18;4;0;0;REJETEE;identite non resolue , presente 4/6 jours , volume observable 10.8 < 15 , volume irregulier (CV 1.26) , ponctualite erratique (amplitude 100 pt)
Allemagne;de_gtfsde;;de_gtfsde|228502;21.5;10.8;50;58.1;79.1;88.4;30.2;1.48;1.41;24;15;4;0;0;REJETEE;identite non resolue , presente 4/6 jours , volume observable 10.8 < 15 , volume irregulier (CV 1.48)
France;fr_sncf;Mitry - Claye;fr_sncf|UIC87271528;21.5;10.8;50;69.8;93;97.7;27.9;0.65;0.42;13;187;4;0;0;REJETEE;presente 4/6 jours , volume observable 10.8 < 15 , volume irregulier (CV 0.65)
Etats-Unis;us_mta_mnr;;us_mta_mnr|164;21.3;10.8;51;27.7;86.2;96.9;69.2;0.34;0.33;27;44;6;0;0;REJETEE;identite non resolue , volume observable 10.8 < 15
Allemagne;de_gtfsde;;de_gtfsde|317600;20.5;10.8;52;60.5;86;95.3;34.9;1.42;1.34;16;15;4;0;0;REJETEE;identite non resolue , presente 4/6 jours , volume observable 10.8 < 15 , volume irregulier (CV 1.42)
Allemagne;de_gtfsde;;de_gtfsde|31734;20.3;10.8;53;34.9;62.8;79.1;44.2;1.07;0.98;48;12;4;0;0;REJETEE;identite non resolue , presente 4/6 jours , volume observable 10.8 < 15 , volume irregulier (CV 1.07)
Allemagne;de_gtfsde;;de_gtfsde|445350;20.3;10.8;53;39.5;69.8;76.7;37.2;1.23;1.11;38;20;4;0;0;REJETEE;identite non resolue , presente 4/6 jours , volume observable 10.8 < 15 , volume irregulier (CV 1.23)
Etats-Unis;us_mbta;Norwood Central;us_mbta|norwoodcentral@42.19,-71.20;20.2;10.8;53;100;100;100;0;0.2;0.23;0;54;5;0;0;REJETEE;presente 5/6 jours , volume observable 10.8 < 15 , trop parfaite (100 % sous 60 s)
Allemagne;de_gtfsde;;de_gtfsde|546202;19.5;10.8;55;69.8;81.4;95.3;25.6;0.82;0.72;27;49;4;0;0;REJETEE;identite non resolue , presente 4/6 jours , volume observable 10.8 < 15 , volume irregulier (CV 0.82)
Allemagne;de_gtfsde;;de_gtfsde|30156;18.8;10.8;57;55.8;76.7;86;30.2;1.21;1.1;33;13;4;0;0;REJETEE;identite non resolue , presente 4/6 jours , volume observable 10.8 < 15 , volume irregulier (CV 1.21)
Allemagne;de_gtfsde;;de_gtfsde|424491;18.8;10.8;57;41.9;67.4;81.4;39.5;1.12;1.13;40;13;4;0;0;REJETEE;identite non resolue , presente 4/6 jours , volume observable 10.8 < 15 , volume irregulier (CV 1.12)
Allemagne;de_gtfsde;;de_gtfsde|297813;18.5;10.8;58;27.9;60.5;81.4;53.5;1.2;1.03;44;17;4;0;0;REJETEE;identite non resolue , presente 4/6 jours , volume observable 10.8 < 15 , volume irregulier (CV 1.20)
Pays-Bas;nl_ovapi;Winsum;nl_ovapi|winsum@53.33,6.52;17.8;10.8;61;55.8;100;100;44.2;0.69;0.71;0;344;4;0;0;REJETEE;presente 4/6 jours , volume observable 10.8 < 15 , trop parfaite (aucun retard > 5 min) , volume irregulier (CV 0.69)
Pays-Bas;nl_ovapi;Baflo;nl_ovapi|baflo@53.36,6.52;17.8;10.8;61;62.8;100;100;37.2;0.69;0.71;0;344;4;0;0;REJETEE;presente 4/6 jours , volume observable 10.8 < 15 , trop parfaite (aucun retard > 5 min) , volume irregulier (CV 0.69)
Allemagne;de_gtfsde;;de_gtfsde|3378;16.5;10.8;65;55.8;79.1;95.3;39.5;1.06;0.99;33;14;4;0;0;REJETEE;identite non resolue , presente 4/6 jours , volume observable 10.8 < 15 , volume irregulier (CV 1.06)
Allemagne;de_gtfsde;;de_gtfsde|419248;15.8;10.8;68;14;72.1;100;86;1.39;1.29;33;15;4;0;0;REJETEE;identite non resolue , presente 4/6 jours , volume observable 10.8 < 15 , volume irregulier (CV 1.39)
Allemagne;de_gtfsde;;de_gtfsde|89754;15.8;10.8;68;18.6;74.4;100;81.4;1.38;1.29;32;15;4;0;0;REJETEE;identite non resolue , presente 4/6 jours , volume observable 10.8 < 15 , volume irregulier (CV 1.38)
Allemagne;de_gtfsde;;de_gtfsde|183999;15.8;10.8;68;90.7;100;100;9.3;1.14;1.09;0;15;4;0;0;REJETEE;identite non resolue , presente 4/6 jours , volume observable 10.8 < 15 , trop parfaite (aucun retard > 5 min) , volume irregulier (CV 1.14)
Etats-Unis;us_mta_lirr;;us_mta_lirr|184;15.8;10.8;68;60.5;97.7;97.7;37.2;0.79;0.73;3;133;4;0;0;REJETEE;identite non resolue , presente 4/6 jours , volume observable 10.8 < 15 , volume irregulier (CV 0.79)
Pays-Bas;nl_ovapi;Maarn;nl_ovapi|maarn@52.06,5.37;15.2;10.8;71;63;100;100;37;0.64;0.7;0;195;5;0;0;REJETEE;presente 5/6 jours , volume observable 10.8 < 15 , trop parfaite (aucun retard > 5 min) , volume irregulier (CV 0.64)
Etats-Unis;us_mta_lirr;;us_mta_lirr|157;13.4;10.8;81;44.4;88.9;98.1;53.7;0.99;0.97;13;197;5;0.6;0;REJETEE;identite non resolue , presente 5/6 jours , volume observable 10.8 < 15 , volume irregulier (CV 0.99)
France;fr_sncf;Paris Est;fr_sncf|UIC87113001;53.7;10.7;20;67.2;84.4;84.4;17.2;0.8;0.74;20;355;6;0;0;REJETEE;volume observable 10.7 < 15 , volume irregulier (CV 0.80)
Australie;au_translink_seq;Walloon station;au_translink_seq|walloonstation@-27.61,152.67;28;10.7;38;37.5;100;100;62.5;0.23;0.29;0;67;6;0;0;REJETEE;volume observable 10.7 < 15 , trop parfaite (aucun retard > 5 min)
France;fr_sncf;Carnoles;fr_sncf|UIC87756478;43.4;10.6;24;34;47.2;67.9;34;0.88;0.86;59;119;5;0;0.6;REJETEE;presente 5/6 jours , volume observable 10.6 < 15 , volume irregulier (CV 0.88)
Pays-Bas;nl_ovapi;Helmond Brouwhuis;nl_ovapi|helmondbrouwhuis@51.47,5.70;14;10.6;76;73.6;98.1;100;26.4;0.74;0.8;6;550;5;0;0;REJETEE;presente 5/6 jours , volume observable 10.6 < 15 , ponctualite 98.1 % > 98 % , volume irregulier (CV 0.74)
Etats-Unis;us_mta_lirr;;us_mta_lirr|74;13.4;10.6;79;41.5;88.7;98.1;56.6;0.96;0.97;13;197;5;0.6;0;REJETEE;identite non resolue , presente 5/6 jours , volume observable 10.6 < 15 , volume irregulier (CV 0.96)
France;fr_sncf;Avignon Centre;fr_sncf|UIC87765008;49.5;10.5;21;74.6;87.3;93.7;19;0.58;0.56;100;167;6;1.17;0.33;REJETEE;volume observable 10.5 < 15 , volume irregulier (CV 0.58) , ponctualite erratique (amplitude 100 pt)
France;fr_sncf;Toulouse Matabiau;fr_sncf|UIC87611004;47.5;10.5;22;66.7;74.6;77.8;11.1;0.69;0.87;33;370;6;1.83;0;REJETEE;volume observable 10.5 < 15 , volume irregulier (CV 0.69)
Allemagne;de_gtfsde;;de_gtfsde|531425;26.3;10.5;40;61.9;85.7;97.6;35.7;0.94;0.84;21;21;4;0;0;REJETEE;identite non resolue , presente 4/6 jours , volume observable 10.5 < 15 , volume irregulier (CV 0.94)
Allemagne;de_gtfsde;;de_gtfsde|239801;21;10.5;50;64.3;88.1;100;35.7;1.22;1.14;25;19;4;0;0;REJETEE;identite non resolue , presente 4/6 jours , volume observable 10.5 < 15 , volume irregulier (CV 1.22)
Allemagne;de_gtfsde;;de_gtfsde|385373;19.5;10.5;54;57.1;88.1;95.2;38.1;1.09;0.98;15;12;4;0;0;REJETEE;identite non resolue , presente 4/6 jours , volume observable 10.5 < 15 , volume irregulier (CV 1.09)
Etats-Unis;us_mbta;Lansdowne;us_mbta|lansdowne@42.35,-71.10;19.3;10.5;54;100;100;100;0;0.47;0.54;0;27;6;0;0;REJETEE;volume observable 10.5 < 15 , trop parfaite (100 % sous 60 s) , volume irregulier (CV 0.47)
Allemagne;de_gtfsde;;de_gtfsde|214879;17.3;10.5;61;45.2;88.1;100;54.8;0.86;0.76;50;14;4;0;0;REJETEE;identite non resolue , presente 4/6 jours , volume observable 10.5 < 15 , volume irregulier (CV 0.86)
Allemagne;de_gtfsde;;de_gtfsde|146557;17;10.5;62;50;83.3;97.6;47.6;1.04;0.98;33;29;4;0;0;REJETEE;identite non resolue , presente 4/6 jours , volume observable 10.5 < 15 , volume irregulier (CV 1.04)
Allemagne;de_gtfsde;;de_gtfsde|341105;16;10.5;66;90.5;100;100;9.5;1.06;1.01;0;20;4;0;0;REJETEE;identite non resolue , presente 4/6 jours , volume observable 10.5 < 15 , trop parfaite (aucun retard > 5 min) , volume irregulier (CV 1.06)
Allemagne;de_gtfsde;Elend Drw_Eld 007 P7;de_gtfsde|elenddrweld007p7@51.76,10.70;15.5;10.5;68;35.7;88.1;100;64.3;1.19;1.15;16;15;4;0;0;REJETEE;presente 4/6 jours , volume observable 10.5 < 15 , volume irregulier (CV 1.19)
Etats-Unis;us_mbta;Windsor Gardens;us_mbta|windsorgardens@42.17,-71.22;19.4;10.4;54;100;100;100;0;0.17;0.23;0;56;5;0;0;REJETEE;presente 5/6 jours , volume observable 10.4 < 15 , trop parfaite (100 % sous 60 s)
Pays-Bas;nl_ovapi;Oldenzaal;nl_ovapi|oldenzaal@52.31,6.93;15.8;10.4;66;88.5;98.1;98.1;9.6;0.55;0.62;17;139;5;0.6;0;REJETEE;presente 5/6 jours , volume observable 10.4 < 15 , ponctualite 98.1 % > 98 % , volume irregulier (CV 0.55)
Allemagne;de_gtfsde;;de_gtfsde|506529;30.3;10.3;34;56.1;95.1;100;43.9;1.09;1.02;10;8;4;0;0;REJETEE;identite non resolue , presente 4/6 jours , volume observable 10.3 < 15 , volume irregulier (CV 1.09)
Allemagne;de_gtfsde;;de_gtfsde|161443;26;10.3;39;92.7;100;100;7.3;1.43;1.4;0;9;4;0;0;REJETEE;identite non resolue , presente 4/6 jours , volume observable 10.3 < 15 , trop parfaite (aucun retard > 5 min) , volume irregulier (CV 1.43)
Allemagne;de_gtfsde;;de_gtfsde|473472;24.5;10.3;42;80.5;97.6;100;19.5;1.39;1.36;100;9;4;0;0;REJETEE;identite non resolue , presente 4/6 jours , volume observable 10.3 < 15 , volume irregulier (CV 1.39) , ponctualite erratique (amplitude 100 pt)
Allemagne;de_gtfsde;;de_gtfsde|113617;22.3;10.3;46;46.3;80.5;87.8;41.5;1.29;1.23;25;10;4;0;0;REJETEE;identite non resolue , presente 4/6 jours , volume observable 10.3 < 15 , volume irregulier (CV 1.29)
Allemagne;de_gtfsde;;de_gtfsde|281484;22;10.3;47;61;92.7;92.7;31.7;0.88;0.82;18;11;4;0;0;REJETEE;identite non resolue , presente 4/6 jours , volume observable 10.3 < 15 , volume irregulier (CV 0.88)
Allemagne;de_gtfsde;;de_gtfsde|468628;21.8;10.3;47;53.7;68.3;70.7;17.1;0.96;0.89;43;11;4;0;0;REJETEE;identite non resolue , presente 4/6 jours , volume observable 10.3 < 15 , volume irregulier (CV 0.96)
Allemagne;de_gtfsde;;de_gtfsde|403169;20.5;10.3;50;56.1;90.2;100;43.9;1.15;1.04;12;19;4;0;0;REJETEE;identite non resolue , presente 4/6 jours , volume observable 10.3 < 15 , volume irregulier (CV 1.15)
Allemagne;de_gtfsde;Wolmirstedt;de_gtfsde|wolmirstedt@52.25,11.64;19.2;10.3;54;50;82.3;90.3;40.3;0.9;0.91;50;154;6;0;0;REJETEE;volume observable 10.3 < 15 , volume irregulier (CV 0.90)
Allemagne;de_gtfsde;;de_gtfsde|641333;18.8;10.3;55;22;87.8;100;78;1.17;1.11;17;17;4;0;0;REJETEE;identite non resolue , presente 4/6 jours , volume observable 10.3 < 15 , volume irregulier (CV 1.17)
Allemagne;de_gtfsde;;de_gtfsde|60170;17;10.3;60;85.4;97.6;100;14.6;0.85;0.78;6;19;4;0;0;REJETEE;identite non resolue , presente 4/6 jours , volume observable 10.3 < 15 , volume irregulier (CV 0.85)
Allemagne;de_gtfsde;Mosbach, Bahnhof;de_gtfsde|mosbachbahnhof@49.35,9.14;16.5;10.3;63;58.1;93.5;95.2;37.1;0.63;0.48;25;154;6;0;0;REJETEE;volume observable 10.3 < 15 , volume irregulier (CV 0.63)
Allemagne;de_gtfsde;;de_gtfsde|637665;15.8;10.3;65;85.4;97.6;97.6;12.2;1.06;1;33;15;4;0;0;REJETEE;identite non resolue , presente 4/6 jours , volume observable 10.3 < 15 , volume irregulier (CV 1.06)
France;fr_sncf;Narbonne;fr_sncf|UIC87781104;41.7;10.2;24;47.5;68.9;73.8;26.2;0.61;0.53;86;173;6;0.67;0.5;REJETEE;volume observable 10.2 < 15 , volume irregulier (CV 0.61) , ponctualite erratique (amplitude 86 pt)
France;fr_sncf;Lyon Gorge de Loup;fr_sncf|UIC87721175;24.8;10.2;41;55.7;88.5;95.1;39.3;1.29;1.19;18;33;6;0;0;REJETEE;volume observable 10.2 < 15 , volume irregulier (CV 1.29)
Etats-Unis;us_mbta;Pawtucket/Central Falls;us_mbta|pawtucketcentralfalls@41.88,-71.39;20.6;10.2;50;100;100;100;0;0.26;0.35;0;53;5;0;0;REJETEE;presente 5/6 jours , volume observable 10.2 < 15 , trop parfaite (100 % sous 60 s)
Etats-Unis;us_mbta;West Natick;us_mbta|westnatick@42.28,-71.39;18.2;10.2;56;100;100;100;0;0.48;0.51;0;27;6;0;0;REJETEE;volume observable 10.2 < 15 , trop parfaite (100 % sous 60 s) , volume irregulier (CV 0.48)
France;fr_sncf;Cap-d'Ail;fr_sncf|UIC87756395;53.4;10;19;56;82;90;34;0.92;0.89;100;130;5;0.2;0.2;REJETEE;presente 5/6 jours , volume observable 10.0 < 15 , volume irregulier (CV 0.92) , ponctualite erratique (amplitude 100 pt)
Etats-Unis;us_mta_mnr;;us_mta_mnr|153;38.3;10;26;28.3;76.7;88.3;60;0.07;0.02;100;95;6;0;0;REJETEE;identite non resolue , volume observable 10.0 < 15 , ponctualite erratique (amplitude 100 pt)
Australie;au_translink_seq;Wulkuraka station;au_translink_seq|wulkurakastation@-27.61,152.73;27.5;10;36;88.3;100;100;11.7;0.2;0.27;0;73;6;0;0;REJETEE;volume observable 10.0 < 15 , trop parfaite (aucun retard > 5 min)
Allemagne;de_gtfsde;;de_gtfsde|352450;27;10;37;70;95;100;30;1.21;1.17;100;12;4;0;0;REJETEE;identite non resolue , presente 4/6 jours , volume observable 10.0 < 15 , volume irregulier (CV 1.21) , ponctualite erratique (amplitude 100 pt)
Allemagne;de_gtfsde;;de_gtfsde|239336;26.5;10;38;92.5;95;100;7.5;1.25;1.2;50;12;4;0;0;REJETEE;identite non resolue , presente 4/6 jours , volume observable 10.0 < 15 , volume irregulier (CV 1.25)
Allemagne;de_gtfsde;;de_gtfsde|12654;25.5;10;39;85;100;100;15;0.95;0.86;0;69;4;0;0;REJETEE;identite non resolue , presente 4/6 jours , volume observable 10.0 < 15 , trop parfaite (aucun retard > 5 min) , volume irregulier (CV 0.95)
Pays-Bas;nl_ovapi;Winschoten;nl_ovapi|winschoten@53.14,7.03;22.2;10;45;78;98;100;22;1.1;1.07;3;467;5;0;0;REJETEE;presente 5/6 jours , volume observable 10.0 < 15 , volume irregulier (CV 1.10)
Allemagne;de_gtfsde;;de_gtfsde|246220;20;10;50;40;85;97.5;57.5;1.24;1.2;17;12;4;0;0;REJETEE;identite non resolue , presente 4/6 jours , volume observable 10.0 < 15 , volume irregulier (CV 1.24)
Allemagne;de_gtfsde;;de_gtfsde|12883;19.8;10;51;50;87.5;95;45;0.93;0.88;20;20;4;0;0;REJETEE;identite non resolue , presente 4/6 jours , volume observable 10.0 < 15 , volume irregulier (CV 0.93)
Allemagne;de_gtfsde;;de_gtfsde|621427;19.5;10;51;27.5;72.5;92.5;65;1.23;1.21;35;21;4;0;0;REJETEE;identite non resolue , presente 4/6 jours , volume observable 10.0 < 15 , volume irregulier (CV 1.23)
Allemagne;de_gtfsde;Meckenbeuren Kehlen, Bahnhof;de_gtfsde|meckenbeurenkehlenbahnhof@47.68,9.55;19.3;10;52;67.5;92.5;97.5;30;0.91;0.83;25;16;4;0;0;REJETEE;presente 4/6 jours , volume observable 10.0 < 15 , volume irregulier (CV 0.91)
Allemagne;de_gtfsde;Haarhausen;de_gtfsde|haarhausen@50.87,10.91;19.2;10;52;56;94;98;42;0.57;0.6;18;107;5;0;0;REJETEE;presente 5/6 jours , volume observable 10.0 < 15 , volume irregulier (CV 0.57)
Allemagne;de_gtfsde;;de_gtfsde|538508;18.8;10;53;22.5;82.5;95;72.5;1.47;1.39;50;13;4;0;0;REJETEE;identite non resolue , presente 4/6 jours , volume observable 10.0 < 15 , volume irregulier (CV 1.47)
Allemagne;de_gtfsde;;de_gtfsde|612837;18.5;10;54;60;82.5;90;30;1.28;1.21;100;22;4;0;0;REJETEE;identite non resolue , presente 4/6 jours , volume observable 10.0 < 15 , volume irregulier (CV 1.28) , ponctualite erratique (amplitude 100 pt)
Allemagne;de_gtfsde;;de_gtfsde|369347;18.3;10;55;30;57.5;65;35;1.34;1.26;59;32;4;0;0;REJETEE;identite non resolue , presente 4/6 jours , volume observable 10.0 < 15 , volume irregulier (CV 1.34)
Pays-Bas;nl_ovapi;Usquert;nl_ovapi|usquert@53.40,6.61;17.8;10;56;80;100;100;20;0.69;0.71;0;344;4;0;0;REJETEE;presente 4/6 jours , volume observable 10.0 < 15 , trop parfaite (aucun retard > 5 min) , volume irregulier (CV 0.69)
Allemagne;de_gtfsde;;de_gtfsde|132246;16.8;10;60;40;80;90;50;0.7;0.71;100;59;4;0;0;REJETEE;identite non resolue , presente 4/6 jours , volume observable 10.0 < 15 , volume irregulier (CV 0.70) , ponctualite erratique (amplitude 100 pt)
Allemagne;de_gtfsde;;de_gtfsde|582235;14.8;10;68;77.5;100;100;22.5;0.84;0.8;0;16;4;0;0;REJETEE;identite non resolue , presente 4/6 jours , volume observable 10.0 < 15 , trop parfaite (aucun retard > 5 min) , volume irregulier (CV 0.84)
Etats-Unis;us_mta_lirr;;us_mta_lirr|219;14.8;10;68;50;100;100;50;0.77;0.75;0;157;4;0;0;REJETEE;identite non resolue , presente 4/6 jours , volume observable 10.0 < 15 , trop parfaite (aucun retard > 5 min) , volume irregulier (CV 0.77)
Etats-Unis;us_mta_lirr;;us_mta_lirr|142;14.8;10;68;20;95;100;80;0.79;0.75;7;157;4;0;0;REJETEE;identite non resolue , presente 4/6 jours , volume observable 10.0 < 15 , volume irregulier (CV 0.79)
Etats-Unis;us_mbta;JFK/UMass;us_mbta|jfkumass@42.32,-71.05;14.5;10;69;100;100;100;0;0.27;0.19;0;;4;0;0;REJETEE;presente 4/6 jours , volume observable 10.0 < 15 , trop parfaite (100 % sous 60 s)
Allemagne;de_gtfsde;;de_gtfsde|286910;13.8;10;73;40;77.5;85;45;1.27;1.23;33;17;4;0;0;REJETEE;identite non resolue , presente 4/6 jours , volume observable 10.0 < 15 , volume irregulier (CV 1.27)
Etats-Unis;us_mta_lirr;;us_mta_lirr|100;13.4;10;75;44;86;96;52;0.95;0.97;19;197;5;0.6;0;REJETEE;identite non resolue , presente 5/6 jours , volume observable 10.0 < 15 , volume irregulier (CV 0.95)
Allemagne;de_gtfsde;;de_gtfsde|255174;45.8;9.8;21;35.9;82.1;94.9;59;1.48;1.39;100;17;4;0;0;REJETEE;identite non resolue , presente 4/6 jours , volume observable 9.8 < 15 , volume irregulier (CV 1.48) , ponctualite erratique (amplitude 100 pt)
Pays-Bas;nl_ovapi;Deventer Colmschate;nl_ovapi|deventercolmschate@52.25,6.22;34.5;9.8;28;59;89.7;97.4;38.5;0.8;0.77;100;45;4;0;0;REJETEE;presente 4/6 jours , volume observable 9.8 < 15 , volume irregulier (CV 0.80) , ponctualite erratique (amplitude 100 pt)
Pays-Bas;nl_ovapi;Rijssen;nl_ovapi|rijssen@52.31,6.52;34.5;9.8;28;69.2;89.7;94.9;25.6;0.84;0.77;100;45;4;0;0;REJETEE;presente 4/6 jours , volume observable 9.8 < 15 , volume irregulier (CV 0.84) , ponctualite erratique (amplitude 100 pt)
Allemagne;de_gtfsde;;de_gtfsde|501567;30.5;9.8;32;43.6;66.7;82.1;38.5;1.33;1.28;39;30;4;0;0;REJETEE;identite non resolue , presente 4/6 jours , volume observable 9.8 < 15 , volume irregulier (CV 1.33)
Allemagne;de_gtfsde;;de_gtfsde|492485;23;9.8;42;30.8;74.4;94.9;64.1;1.24;1.21;33;21;4;0;0;REJETEE;identite non resolue , presente 4/6 jours , volume observable 9.8 < 15 , volume irregulier (CV 1.24)
Allemagne;de_gtfsde;;de_gtfsde|102528;22.8;9.8;43;43.6;66.7;92.3;48.7;1.1;1.02;50;10;4;0;0;REJETEE;identite non resolue , presente 4/6 jours , volume observable 9.8 < 15 , volume irregulier (CV 1.10)
Allemagne;de_gtfsde;;de_gtfsde|605202;22.5;9.8;43;56.4;84.6;87.2;30.8;0.56;0.56;50;18;4;0;0;REJETEE;identite non resolue , presente 4/6 jours , volume observable 9.8 < 15 , volume irregulier (CV 0.56)
Allemagne;de_gtfsde;;de_gtfsde|99291;22;9.8;44;59;87.2;87.2;28.2;0.55;0.54;36;14;4;0;0;REJETEE;identite non resolue , presente 4/6 jours , volume observable 9.8 < 15 , volume irregulier (CV 0.55)
Allemagne;de_gtfsde;;de_gtfsde|638657;21.3;9.8;46;51.3;92.3;94.9;43.6;1.24;1.19;50;31;4;0;0;REJETEE;identite non resolue , presente 4/6 jours , volume observable 9.8 < 15 , volume irregulier (CV 1.24)
Etats-Unis;us_mbta;Attleboro;us_mbta|attleboro@41.94,-71.29;21;9.8;47;100;100;100;0;0.23;0.31;0;57;5;0;0;REJETEE;presente 5/6 jours , volume observable 9.8 < 15 , trop parfaite (100 % sous 60 s)
Allemagne;de_gtfsde;;de_gtfsde|549051;18.8;9.8;52;66.7;97.4;97.4;30.8;1.23;1.16;100;17;4;0;0;REJETEE;identite non resolue , presente 4/6 jours , volume observable 9.8 < 15 , volume irregulier (CV 1.23) , ponctualite erratique (amplitude 100 pt)
Allemagne;de_gtfsde;;de_gtfsde|87969;18.3;9.8;53;41;69.2;89.7;48.7;1.15;0.9;38;17;4;0;0;REJETEE;identite non resolue , presente 4/6 jours , volume observable 9.8 < 15 , volume irregulier (CV 1.15)
Allemagne;de_gtfsde;;de_gtfsde|45452;18.3;9.8;53;79.5;87.2;94.9;15.4;1.01;0.93;100;71;4;0;0;REJETEE;identite non resolue , presente 4/6 jours , volume observable 9.8 < 15 , volume irregulier (CV 1.01) , ponctualite erratique (amplitude 100 pt)
Allemagne;de_gtfsde;;de_gtfsde|55303;17.5;9.8;56;69.2;94.9;100;30.8;0.8;0.75;25;13;4;0;0;REJETEE;identite non resolue , presente 4/6 jours , volume observable 9.8 < 15 , volume irregulier (CV 0.80)
Etats-Unis;us_mta_lirr;;us_mta_lirr|205;16.8;9.8;58;59.2;87.8;100;40.8;1;0.95;21;165;5;0;0;REJETEE;identite non resolue , presente 5/6 jours , volume observable 9.8 < 15 , volume irregulier (CV 1.00)
Allemagne;de_gtfsde;;de_gtfsde|169035;16;9.8;61;56.4;84.6;97.4;41;1.06;0.98;22;15;4;0;0;REJETEE;identite non resolue , presente 4/6 jours , volume observable 9.8 < 15 , volume irregulier (CV 1.06)
Allemagne;de_gtfsde;;de_gtfsde|137615;15.8;9.8;62;71.8;100;100;28.2;0.87;0.84;0;15;4;0;0;REJETEE;identite non resolue , presente 4/6 jours , volume observable 9.8 < 15 , trop parfaite (aucun retard > 5 min) , volume irregulier (CV 0.87)
Allemagne;de_gtfsde;;de_gtfsde|25315;15.3;9.8;64;46.2;87.2;100;53.8;1.31;1.28;16;16;4;0;0;REJETEE;identite non resolue , presente 4/6 jours , volume observable 9.8 < 15 , volume irregulier (CV 1.31)
Pays-Bas;nl_ovapi;Veenendaal West;nl_ovapi|veenendaalwest@52.03,5.53;15.2;9.8;64;69.4;98;100;30.6;0.64;0.7;8;195;5;0;0;REJETEE;presente 5/6 jours , volume observable 9.8 < 15 , volume irregulier (CV 0.64)
Allemagne;de_gtfsde;;de_gtfsde|513203;12;9.8;81;46.2;74.4;89.7;43.6;0.78;0.84;50;20;4;0;0;REJETEE;identite non resolue , presente 4/6 jours , volume observable 9.8 < 15 , volume irregulier (CV 0.78)
France;fr_sncf;Nancy;fr_sncf|UIC87141002;54.3;9.7;18;79.3;84.5;91.4;12.1;0.91;1.04;18;887;6;0.17;0.17;REJETEE;volume observable 9.7 < 15 , volume irregulier (CV 0.91)
France;fr_sncf;Sète;fr_sncf|UIC87773200;35;9.7;28;29.3;53.4;60.3;31;0.5;0.53;64;136;6;0;0.5;REJETEE;volume observable 9.7 < 15 , volume irregulier (CV 0.50) , ponctualite erratique (amplitude 64 pt)
Australie;au_translink_seq;Karrabin station;au_translink_seq|karrabinstation@-27.60,152.71;28.3;9.7;34;60.3;100;100;39.7;0.21;0.28;0;68;6;0;0;REJETEE;volume observable 9.7 < 15 , trop parfaite (aucun retard > 5 min)
Pays-Bas;nl_ovapi;Purmerend Overwhere;nl_ovapi|purmerendoverwhere@52.51,4.97;18.8;9.7;51;58.6;94.8;96.6;37.9;0.91;0.84;20;219;6;0.5;0;REJETEE;volume observable 9.7 < 15 , volume irregulier (CV 0.91)
Etats-Unis;us_mbta;Sharon;us_mbta|sharon@42.12,-71.18;16.8;9.7;57;100;100;100;0;0.44;0.52;100;30;6;0;0;REJETEE;volume observable 9.7 < 15 , trop parfaite (100 % sous 60 s) , volume irregulier (CV 0.44) , ponctualite erratique (amplitude 100 pt)
France;fr_sncf;Èze;fr_sncf|UIC87756387;53.4;9.6;18;58.3;83.3;89.6;31.3;0.92;0.89;100;130;5;0.2;0.2;REJETEE;presente 5/6 jours , volume observable 9.6 < 15 , volume irregulier (CV 0.92) , ponctualite erratique (amplitude 100 pt)
Etats-Unis;us_mbta;Middleborough;us_mbta|middleborough@41.89,-70.92;20.2;9.6;48;100;100;100;0;0.15;0.17;0;99;5;0;0;REJETEE;presente 5/6 jours , volume observable 9.6 < 15 , trop parfaite (100 % sous 60 s)
Allemagne;de_gtfsde;Peiting Nord;de_gtfsde|peitingnord@47.80,10.93;19.6;9.6;49;45.8;93.8;97.9;52.1;1.4;1.42;20;13;5;0;0;REJETEE;presente 5/6 jours , volume observable 9.6 < 15 , volume irregulier (CV 1.40)
Allemagne;de_gtfsde;;de_gtfsde|635309;52;9.5;18;68.4;86.8;94.7;26.3;1.07;0.94;100;92;4;0;0;REJETEE;identite non resolue , presente 4/6 jours , volume observable 9.5 < 15 , volume irregulier (CV 1.07) , ponctualite erratique (amplitude 100 pt)
France;fr_sncf;Tours;fr_sncf|UIC87571000;47.2;9.5;20;84.2;91.2;91.2;7;0.81;0.94;100;620;6;0.33;0;REJETEE;volume observable 9.5 < 15 , volume irregulier (CV 0.81) , ponctualite erratique (amplitude 100 pt)
Etats-Unis;us_mta_mnr;;us_mta_mnr|154;38.3;9.5;25;28.1;77.2;89.5;61.4;0.07;0.02;100;95;6;0;0;REJETEE;identite non resolue , volume observable 9.5 < 15 , ponctualite erratique (amplitude 100 pt)
Pays-Bas;nl_ovapi;Holten;nl_ovapi|holten@52.28,6.42;34.5;9.5;28;76.3;89.5;94.7;18.4;0.83;0.77;100;45;4;0;0;REJETEE;presente 4/6 jours , volume observable 9.5 < 15 , volume irregulier (CV 0.83) , ponctualite erratique (amplitude 100 pt)
Allemagne;de_gtfsde;;de_gtfsde|645129;29.3;9.5;32;44.7;84.2;100;55.3;1.45;1.36;90;13;4;0;0;REJETEE;identite non resolue , presente 4/6 jours , volume observable 9.5 < 15 , volume irregulier (CV 1.45) , ponctualite erratique (amplitude 90 pt)
Australie;au_translink_seq;Thagoona station;au_translink_seq|thagoonastation@-27.63,152.63;26.8;9.5;35;38.6;100;100;61.4;0.23;0.3;0;68;6;0;0;REJETEE;volume observable 9.5 < 15 , trop parfaite (aucun retard > 5 min)
Etats-Unis;us_mta_mnr;;us_mta_mnr|98;24;9.5;40;50.9;98.2;100;49.1;0.19;0.16;11;69;6;0;0;REJETEE;identite non resolue , volume observable 9.5 < 15 , ponctualite 98.2 % > 98 %
Allemagne;de_gtfsde;;de_gtfsde|109906;23;9.5;41;68.4;94.7;100;31.6;1.2;1.15;7;29;4;0;0;REJETEE;identite non resolue , presente 4/6 jours , volume observable 9.5 < 15 , volume irregulier (CV 1.20)
Allemagne;de_gtfsde;;de_gtfsde|159692;21.3;9.5;45;86.8;100;100;13.2;1.04;0.97;100;64;4;0;0;REJETEE;identite non resolue , presente 4/6 jours , volume observable 9.5 < 15 , trop parfaite (aucun retard > 5 min) , volume irregulier (CV 1.04) , ponctualite erratique (amplitude 100 pt)
Etats-Unis;us_mbta;Boston Landing;us_mbta|bostonlanding@42.36,-71.14;19.2;9.5;50;100;100;100;0;0.44;0.49;0;30;6;0;0;REJETEE;volume observable 9.5 < 15 , trop parfaite (100 % sous 60 s) , volume irregulier (CV 0.44)
Allemagne;de_gtfsde;;de_gtfsde|153311;18.5;9.5;51;26.3;55.3;78.9;52.6;1.38;1.3;59;22;4;0;0;REJETEE;identite non resolue , presente 4/6 jours , volume observable 9.5 < 15 , volume irregulier (CV 1.38)
Allemagne;de_gtfsde;;de_gtfsde|350554;16.3;9.5;58;89.5;100;100;10.5;0.84;0.81;0;15;4;0;0;REJETEE;identite non resolue , presente 4/6 jours , volume observable 9.5 < 15 , trop parfaite (aucun retard > 5 min) , volume irregulier (CV 0.84)
Pays-Bas;nl_ovapi;Sneek;nl_ovapi|sneek@53.03,5.65;16.3;9.5;58;100;100;100;0;0.4;0.47;0;225;4;0;0;REJETEE;presente 4/6 jours , volume observable 9.5 < 15 , trop parfaite (100 % sous 60 s) , volume irregulier (CV 0.40)
Allemagne;de_gtfsde;;de_gtfsde|414600;16;9.5;59;18.4;76.3;97.4;78.9;1.39;1.3;29;15;4;0;0;REJETEE;identite non resolue , presente 4/6 jours , volume observable 9.5 < 15 , volume irregulier (CV 1.39)
Allemagne;de_gtfsde;;de_gtfsde|141729;15.5;9.5;61;39.5;84.2;92.1;52.6;1.29;1.08;50;21;4;0;0;REJETEE;identite non resolue , presente 4/6 jours , volume observable 9.5 < 15 , volume irregulier (CV 1.29)
Allemagne;de_gtfsde;Salzburg Aiglhof;de_gtfsde|salzburgaiglhof@47.81,13.03;14.3;9.5;66;47.4;93;98.2;50.9;1.06;1;67;29;6;0;0;REJETEE;volume observable 9.5 < 15 , volume irregulier (CV 1.06) , ponctualite erratique (amplitude 67 pt)
Pays-Bas;nl_ovapi;Akkrum;nl_ovapi|akkrum@53.05,5.84;13.8;9.5;69;77.2;94.7;98.2;21.1;0.61;0.6;17;177;6;0;0;REJETEE;volume observable 9.5 < 15 , volume irregulier (CV 0.61)
Pays-Bas;nl_ovapi;Wolvega;nl_ovapi|wolvega@52.88,6.00;13.7;9.5;70;68.4;94.7;96.5;28.1;0.68;0.61;17;181;6;0;0;REJETEE;volume observable 9.5 < 15 , volume irregulier (CV 0.68)
Pays-Bas;nl_ovapi;Veenendaal Centrum;nl_ovapi|veenendaalcentrum@52.02,5.55;15.2;9.4;62;91.5;100;100;8.5;0.64;0.7;0;195;5;0;0;REJETEE;presente 5/6 jours , volume observable 9.4 < 15 , trop parfaite (aucun retard > 5 min) , volume irregulier (CV 0.64)
Allemagne;de_gtfsde;;de_gtfsde|479553;70.3;9.3;13;83.8;91.9;97.3;13.5;1.03;0.93;100;98;4;0;0;REJETEE;identite non resolue , presente 4/6 jours , volume observable 9.3 < 15 , volume irregulier (CV 1.03) , ponctualite erratique (amplitude 100 pt)
France;fr_sncf;Mulhouse;fr_sncf|UIC87182063;47;9.3;20;64.3;83.9;87.5;23.2;0.75;0.83;50;420;6;0;0;REJETEE;volume observable 9.3 < 15 , volume irregulier (CV 0.75)
Allemagne;de_gtfsde;;de_gtfsde|45525;35;9.3;26;64.9;86.5;91.9;27;1.19;1.08;40;26;4;0;0;REJETEE;identite non resolue , presente 4/6 jours , volume observable 9.3 < 15 , volume irregulier (CV 1.19)
Allemagne;de_gtfsde;;de_gtfsde|503411;24.5;9.3;38;35.1;75.7;86.5;51.4;0.97;0.83;85;30;4;0;0;REJETEE;identite non resolue , presente 4/6 jours , volume observable 9.3 < 15 , volume irregulier (CV 0.97) , ponctualite erratique (amplitude 85 pt)
Allemagne;de_gtfsde;;de_gtfsde|273389;22.3;9.3;42;43.2;86.5;86.5;43.2;0.55;0.54;42;14;4;0;0;REJETEE;identite non resolue , presente 4/6 jours , volume observable 9.3 < 15 , volume irregulier (CV 0.55)
Allemagne;de_gtfsde;;de_gtfsde|483914;21.8;9.3;43;62.2;91.9;91.9;29.7;0.87;0.81;23;11;4;0;0;REJETEE;identite non resolue , presente 4/6 jours , volume observable 9.3 < 15 , volume irregulier (CV 0.87)
Allemagne;de_gtfsde;;de_gtfsde|37611;19.5;9.3;47;81.1;100;100;18.9;1;0.92;0;12;4;0;0;REJETEE;identite non resolue , presente 4/6 jours , volume observable 9.3 < 15 , trop parfaite (aucun retard > 5 min) , volume irregulier (CV 1.00)
Pays-Bas;nl_ovapi;Purmerend;nl_ovapi|purmerend@52.50,4.95;17.5;9.3;53;66.1;94.6;96.4;30.4;0.97;0.92;25;257;6;0.5;0;REJETEE;volume observable 9.3 < 15 , volume irregulier (CV 0.97)
Allemagne;de_gtfsde;;de_gtfsde|504367;16.5;9.3;56;64.9;100;100;35.1;0.86;0.8;0;14;4;0;0;REJETEE;identite non resolue , presente 4/6 jours , volume observable 9.3 < 15 , trop parfaite (aucun retard > 5 min) , volume irregulier (CV 0.86)
Etats-Unis;us_mbta;Islington;us_mbta|islington@42.22,-71.18;16.3;9.3;57;100;100;100;0;0.46;0.48;100;28;6;0;0;REJETEE;volume observable 9.3 < 15 , trop parfaite (100 % sous 60 s) , volume irregulier (CV 0.46) , ponctualite erratique (amplitude 100 pt)
Allemagne;de_gtfsde;;de_gtfsde|515015;15.3;9.3;61;54.1;81.1;91.9;37.8;1.33;1.32;100;16;4;0;0;REJETEE;identite non resolue , presente 4/6 jours , volume observable 9.3 < 15 , volume irregulier (CV 1.33) , ponctualite erratique (amplitude 100 pt)
Allemagne;de_gtfsde;;de_gtfsde|306807;14.5;9.3;64;70.3;94.6;97.3;27;1.06;0.95;17;16;4;0;0;REJETEE;identite non resolue , presente 4/6 jours , volume observable 9.3 < 15 , volume irregulier (CV 1.06)
Allemagne;de_gtfsde;;de_gtfsde|309410;14.5;9.3;64;35.1;62.2;70.3;35.1;1.11;1.1;100;22;4;0;0;REJETEE;identite non resolue , presente 4/6 jours , volume observable 9.3 < 15 , volume irregulier (CV 1.11) , ponctualite erratique (amplitude 100 pt)
Etats-Unis;us_mta_lirr;;us_mta_lirr|124;13.8;9.3;67;40.5;91.9;100;59.5;0.7;0.7;13;129;4;0;0;REJETEE;identite non resolue , presente 4/6 jours , volume observable 9.3 < 15 , volume irregulier (CV 0.70)
Etats-Unis;us_mta_lirr;;us_mta_lirr|85;13.8;9.3;67;40.5;89.2;100;59.5;0.7;0.72;100;129;4;0;0;REJETEE;identite non resolue , presente 4/6 jours , volume observable 9.3 < 15 , volume irregulier (CV 0.70) , ponctualite erratique (amplitude 100 pt)
Etats-Unis;us_mbta;Canton Center;us_mbta|cantoncenter@42.16,-71.15;10;9.3;93;100;100;100;0;0.24;0.12;0;;4;0;0;REJETEE;presente 4/6 jours , volume observable 9.3 < 15 , trop parfaite (100 % sous 60 s)
France;fr_sncf;Beaulieu-sur-Mer;fr_sncf|UIC87756379;53.8;9.2;17;56.5;84.8;91.3;34.8;0.88;0.88;100;128;5;0.2;0.2;REJETEE;presente 5/6 jours , volume observable 9.2 < 15 , volume irregulier (CV 0.88) , ponctualite erratique (amplitude 100 pt)
France;fr_sncf;Montmélian;fr_sncf|UIC87741181;41.8;9.2;22;43.6;69.1;76.4;32.7;0.39;0.41;54;106;6;0.5;0.5;REJETEE;volume observable 9.2 < 15 , volume irregulier (CV 0.39)
Allemagne;de_gtfsde;Rollhofen;de_gtfsde|rollhofen@49.54,11.34;20.2;9.2;45;70.9;100;100;29.1;1.15;1;0;44;6;0;0;REJETEE;volume observable 9.2 < 15 , trop parfaite (aucun retard > 5 min) , volume irregulier (CV 1.15)
Pays-Bas;nl_ovapi;Purmerend Weidevenne;nl_ovapi|purmerendweidevenne@52.50,4.94;17.5;9.2;52;65.5;94.5;96.4;30.9;0.97;0.92;25;257;6;0.5;0;REJETEE;volume observable 9.2 < 15 , volume irregulier (CV 0.97)
Allemagne;de_gtfsde;Brilon Wald, Bahnhof;de_gtfsde|brilonwaldbahnhof@51.35,8.58;16.4;9.2;56;78.3;91.3;100;21.7;0.51;0.65;33;212;5;0;0;REJETEE;presente 5/6 jours , volume observable 9.2 < 15 , volume irregulier (CV 0.51)
Allemagne;de_gtfsde;Norsingen Bahnhof;de_gtfsde|norsingenbahnhof@47.94,7.73;13.4;9.2;69;56.5;91.3;95.7;39.1;0.63;0.53;25;78;5;0;0;REJETEE;presente 5/6 jours , volume observable 9.2 < 15 , volume irregulier (CV 0.63)
France;fr_sncf;Aix-les-Bains le Revard;fr_sncf|UIC87741132;51.7;9;17;53.7;72.2;83.3;29.6;0.38;0.33;50;105;6;1;0.33;REJETEE;volume observable 9.0 < 15 , volume irregulier (CV 0.38)
Etats-Unis;us_mta_mnr;;us_mta_mnr|155;51.3;9;18;25.9;75.9;88.9;63;0.35;0.31;100;185;6;0;0;REJETEE;identite non resolue , volume observable 9.0 < 15 , volume irregulier (CV 0.35) , ponctualite erratique (amplitude 100 pt)
France;fr_sncf;Biganos Facture;fr_sncf|UIC87582478;32.2;9;28;44.4;83.3;92.6;48.1;1.15;0.97;28;198;6;8.5;5.5;REJETEE;volume observable 9.0 < 15 , volume irregulier (CV 1.15)
France;fr_sncf;Clermont-Ferrand;fr_sncf|UIC87734004;30.7;9;29;88.9;94.4;96.3;7.4;0.52;0.48;25;154;6;0;0;REJETEE;volume observable 9.0 < 15 , volume irregulier (CV 0.52)
Allemagne;de_gtfsde;;de_gtfsde|291767;24.8;9;36;47.2;91.7;97.2;50;1.2;1.19;100;13;4;0;0;REJETEE;identite non resolue , presente 4/6 jours , volume observable 9.0 < 15 , volume irregulier (CV 1.20) , ponctualite erratique (amplitude 100 pt)
Allemagne;de_gtfsde;;de_gtfsde|427535;24.8;9;36;61.1;88.9;91.7;30.6;1.32;1.32;100;13;4;0;0;REJETEE;identite non resolue , presente 4/6 jours , volume observable 9.0 < 15 , volume irregulier (CV 1.32) , ponctualite erratique (amplitude 100 pt)
Allemagne;de_gtfsde;;de_gtfsde|101590;24.5;9;37;58.3;86.1;91.7;33.3;1.32;1.28;100;16;4;0;0;REJETEE;identite non resolue , presente 4/6 jours , volume observable 9.0 < 15 , volume irregulier (CV 1.32) , ponctualite erratique (amplitude 100 pt)
Etats-Unis;us_mta_mnr;;us_mta_mnr|97;24;9;38;51.9;98.1;100;48.1;0.22;0.16;11;69;6;0;0;REJETEE;identite non resolue , volume observable 9.0 < 15 , ponctualite 98.1 % > 98 %
Etats-Unis;us_mta_mnr;;us_mta_mnr|100;24;9;38;48.1;98.1;100;51.9;0.17;0.16;11;69;6;0;0;REJETEE;identite non resolue , volume observable 9.0 < 15 , ponctualite 98.1 % > 98 %
Allemagne;de_gtfsde;;de_gtfsde|237021;20;9;45;58.3;88.9;94.4;36.1;1.17;1.07;14;43;4;0;0;REJETEE;identite non resolue , presente 4/6 jours , volume observable 9.0 < 15 , volume irregulier (CV 1.17)
Allemagne;de_gtfsde;;de_gtfsde|168036;18.3;9;49;50;83.3;94.4;44.4;1.07;1.09;50;13;4;0;0;REJETEE;identite non resolue , presente 4/6 jours , volume observable 9.0 < 15 , volume irregulier (CV 1.07)
Etats-Unis;us_mbta;Mansfield;us_mbta|mansfield@42.03,-71.22;18;9;50;100;100;100;0;0.45;0.53;0;30;6;0;0;REJETEE;volume observable 9.0 < 15 , trop parfaite (100 % sous 60 s) , volume irregulier (CV 0.45)
France;fr_sncf;Le Méridien La Ferrière;fr_sncf|UIC87721522;17.8;9;51;60;80;88.9;28.9;0.98;0.97;44;28;5;0;0;REJETEE;presente 5/6 jours , volume observable 9.0 < 15 , volume irregulier (CV 0.98)
France;fr_sncf;Tassin-le-Baraillon;fr_sncf|UIC87698738;17.8;9;51;13.3;86.7;91.1;77.8;1.03;0.97;22;28;5;0;0;REJETEE;presente 5/6 jours , volume observable 9.0 < 15 , volume irregulier (CV 1.03)
Allemagne;de_gtfsde;;de_gtfsde|359138;17;9;53;58.3;94.4;97.2;38.9;1.12;1.08;8;14;4;0;0;REJETEE;identite non resolue , presente 4/6 jours , volume observable 9.0 < 15 , volume irregulier (CV 1.12)
Etats-Unis;us_mta_lirr;;us_mta_lirr|40;16.6;9;54;48.9;77.8;100;51.1;1.02;0.96;41;169;5;0;0;REJETEE;identite non resolue , presente 5/6 jours , volume observable 9.0 < 15 , volume irregulier (CV 1.02)
Allemagne;de_gtfsde;Feldkirch;de_gtfsde|feldkirch@47.24,9.60;16.3;9;55;58.3;80.6;94.4;36.1;0.63;0.54;41;35;4;0;0;REJETEE;presente 4/6 jours , volume observable 9.0 < 15 , volume irregulier (CV 0.63)
Allemagne;de_gtfsde;;de_gtfsde|424322;15.5;9;58;47.2;61.1;86.1;38.9;1.09;1.03;54;51;4;0;0;REJETEE;identite non resolue , presente 4/6 jours , volume observable 9.0 < 15 , volume irregulier (CV 1.09)
Allemagne;de_gtfsde;;de_gtfsde|559728;15.5;9;58;38.9;75;88.9;50;1.3;1.29;28;21;4;0;0;REJETEE;identite non resolue , presente 4/6 jours , volume observable 9.0 < 15 , volume irregulier (CV 1.30)
Allemagne;de_gtfsde;;de_gtfsde|509138;14.8;9;61;8.3;52.8;86.1;77.8;0.97;0.99;19;34;4;0;0;REJETEE;identite non resolue , presente 4/6 jours , volume observable 9.0 < 15 , volume irregulier (CV 0.97)
Allemagne;de_gtfsde;;de_gtfsde|66334;14.3;9;63;13.9;38.9;50;36.1;1.21;1.13;65;17;4;0;0;REJETEE;identite non resolue , presente 4/6 jours , volume observable 9.0 < 15 , volume irregulier (CV 1.21) , ponctualite erratique (amplitude 65 pt)
Pays-Bas;nl_ovapi;Kampen;nl_ovapi|kampen@52.56,5.92;14.3;9;63;100;100;100;0;0.67;0.65;100;97;4;0;0;REJETEE;presente 4/6 jours , volume observable 9.0 < 15 , trop parfaite (100 % sous 60 s) , volume irregulier (CV 0.67) , ponctualite erratique (amplitude 100 pt)
Allemagne;de_gtfsde;Handeloh;de_gtfsde|handeloh@53.24,9.84;14;9;64;55.6;84.4;91.1;35.6;0.78;0.69;33;73;5;0;0;REJETEE;presente 5/6 jours , volume observable 9.0 < 15 , volume irregulier (CV 0.78)
Allemagne;de_gtfsde;;de_gtfsde|648069;13.5;9;67;22.2;63.9;97.2;75;1.4;1.3;50;18;4;0;0;REJETEE;identite non resolue , presente 4/6 jours , volume observable 9.0 < 15 , volume irregulier (CV 1.40)
France;fr_sncf;Lyon-Saint-Paul Quai de Bondy;fr_sncf|UIC87698332;13.4;9;67;100;100;100;0;1.02;1.11;0;23;5;0;0;REJETEE;presente 5/6 jours , volume observable 9.0 < 15 , trop parfaite (100 % sous 60 s) , volume irregulier (CV 1.02)
Pays-Bas;nl_ovapi;Almere Buiten;nl_ovapi|almerebuiten@52.39,5.28;77;8.8;11;54.3;97.1;100;45.7;0.1;0.1;97;111;4;0.75;0;REJETEE;presente 4/6 jours , volume observable 8.8 < 15 , ponctualite erratique (amplitude 97 pt)
Allemagne;de_gtfsde;Knittlingen-Kleinvillars;de_gtfsde|knittlingenkleinvillars@48.99,8.74;27.3;8.8;32;85.7;100;100;14.3;1.15;1.09;0;14;4;0;0;REJETEE;presente 4/6 jours , volume observable 8.8 < 15 , trop parfaite (aucun retard > 5 min) , volume irregulier (CV 1.15)
France;fr_sncf;Lille Europe;fr_sncf|UIC87223263;27;8.8;32;51.4;71.4;82.9;31.4;0.21;0.47;19;260;4;0;0.25;REJETEE;presente 4/6 jours , volume observable 8.8 < 15
Australie;au_translink_seq;Rosewood station;au_translink_seq|rosewoodstation@-27.64,152.59;23.3;8.8;38;79.2;100;100;20.8;0.23;0.29;0;72;6;0;0;REJETEE;volume observable 8.8 < 15 , trop parfaite (aucun retard > 5 min)
Allemagne;de_gtfsde;Taben, Bahnhof;de_gtfsde|tabenbahnhof@49.55,6.60;23.2;8.8;38;68.2;90.9;95.5;27.3;0.97;0.89;25;60;5;0;0;REJETEE;presente 5/6 jours , volume observable 8.8 < 15 , volume irregulier (CV 0.97)
Allemagne;de_gtfsde;Iserl., Letmathe Bf;de_gtfsde|iserlletmathebf@51.36,7.62;20.2;8.8;44;61.4;81.8;90.9;29.5;0.76;0.67;44;73;5;0;0;REJETEE;presente 5/6 jours , volume observable 8.8 < 15 , volume irregulier (CV 0.76)
Allemagne;de_gtfsde;;de_gtfsde|363441;19.3;8.8;45;77.1;94.3;97.1;20;1.14;1.1;8;16;4;0;0;REJETEE;identite non resolue , presente 4/6 jours , volume observable 8.8 < 15 , volume irregulier (CV 1.14)
Pays-Bas;nl_ovapi;Enschede Kennispark;nl_ovapi|enschedekennispark@52.24,6.84;18.5;8.8;48;60.4;94.3;100;39.6;0.52;0.48;23;147;6;0;0;REJETEE;volume observable 8.8 < 15 , volume irregulier (CV 0.52)
Allemagne;de_gtfsde;;de_gtfsde|211196;18;8.8;49;37.1;77.1;82.9;45.7;1.36;1.28;100;13;4;0;0;REJETEE;identite non resolue , presente 4/6 jours , volume observable 8.8 < 15 , volume irregulier (CV 1.36) , ponctualite erratique (amplitude 100 pt)
France;fr_sncf;Charbonnières-les-Bains;fr_sncf|UIC87721530;17.8;8.8;49;59.1;81.8;88.6;29.5;0.98;0.97;38;28;5;0;0;REJETEE;presente 5/6 jours , volume observable 8.8 < 15 , volume irregulier (CV 0.98)
Etats-Unis;us_mta_lirr;;us_mta_lirr|179;17.2;8.8;51;45.5;93.2;97.7;52.3;0.76;0.74;25;130;5;0.6;0;REJETEE;identite non resolue , presente 5/6 jours , volume observable 8.8 < 15 , volume irregulier (CV 0.76)
Etats-Unis;us_mbta;Dedham Corporate Center;us_mbta|dedhamcorporatecenter@42.23,-71.17;16.5;8.8;54;100;100;100;0;0.46;0.47;100;28;6;0;0;REJETEE;volume observable 8.8 < 15 , trop parfaite (100 % sous 60 s) , volume irregulier (CV 0.46) , ponctualite erratique (amplitude 100 pt)
Pays-Bas;nl_ovapi;Sneek Noord;nl_ovapi|sneeknoord@53.04,5.66;16;8.8;55;65.7;100;100;34.3;0.44;0.5;0;237;4;0;0;REJETEE;presente 4/6 jours , volume observable 8.8 < 15 , trop parfaite (aucun retard > 5 min) , volume irregulier (CV 0.44)
Allemagne;de_gtfsde;;de_gtfsde|63811;15.3;8.8;57;45.7;74.3;85.7;40;0.93;0.9;30;16;4;0;0;REJETEE;identite non resolue , presente 4/6 jours , volume observable 8.8 < 15 , volume irregulier (CV 0.93)
Allemagne;de_gtfsde;;de_gtfsde|32630;15;8.8;58;45.7;77.1;94.3;48.6;1;1.09;33;16;4;0;0;REJETEE;identite non resolue , presente 4/6 jours , volume observable 8.8 < 15 , volume irregulier (CV 1.00)
Etats-Unis;us_mbta;Forest Hills;us_mbta|foresthills@42.30,-71.11;14.8;8.8;59;100;100;100;0;0.28;0.19;0;;4;0;0;REJETEE;presente 4/6 jours , volume observable 8.8 < 15 , trop parfaite (100 % sous 60 s)
Allemagne;de_gtfsde;;de_gtfsde|64748;14;8.8;63;37.1;85.7;94.3;57.1;0.88;0.82;100;23;4;0;0;REJETEE;identite non resolue , presente 4/6 jours , volume observable 8.8 < 15 , volume irregulier (CV 0.88) , ponctualite erratique (amplitude 100 pt)
Allemagne;de_gtfsde;;de_gtfsde|410758;13.8;8.8;64;54.3;71.4;80;25.7;1.21;1.19;100;24;4;0;0;REJETEE;identite non resolue , presente 4/6 jours , volume observable 8.8 < 15 , volume irregulier (CV 1.21) , ponctualite erratique (amplitude 100 pt)
Allemagne;de_gtfsde;;de_gtfsde|474117;13.5;8.8;65;91.4;100;100;8.6;0.93;0.86;0;18;4;0;0;REJETEE;identite non resolue , presente 4/6 jours , volume observable 8.8 < 15 , trop parfaite (aucun retard > 5 min) , volume irregulier (CV 0.93)
Allemagne;de_gtfsde;;de_gtfsde|262633;11.8;8.8;74;14.3;60;97.1;82.9;1.33;1.24;45;20;4;0;0;REJETEE;identite non resolue , presente 4/6 jours , volume observable 8.8 < 15 , volume irregulier (CV 1.33)
Pays-Bas;nl_ovapi;Voorhout;nl_ovapi|voorhout@52.22,4.48;26.2;8.7;33;75;96.2;96.2;21.2;0.88;0.83;25;127;6;0;0;REJETEE;volume observable 8.7 < 15 , volume irregulier (CV 0.88)
Etats-Unis;us_mta_mnr;;us_mta_mnr|176;23;8.7;38;50;98.1;100;50;0.24;0.16;11;71;6;0;0;REJETEE;identite non resolue , volume observable 8.7 < 15 , ponctualite 98.1 % > 98 %
France;fr_sncf;Pessac;fr_sncf|UIC87581751;33.4;8.6;26;46.5;86;93;46.5;1.04;0.88;100;148;5;10;4.2;REJETEE;presente 5/6 jours , volume observable 8.6 < 15 , volume irregulier (CV 1.04) , ponctualite erratique (amplitude 100 pt)
France;fr_sncf;L'Arbresle;fr_sncf|UIC87721431;27.4;8.6;31;81.4;95.3;95.3;14;1.12;1.03;9;35;5;0;0;REJETEE;presente 5/6 jours , volume observable 8.6 < 15 , volume irregulier (CV 1.12)
France;fr_sncf;Casino Lacroix Laval;fr_sncf|UIC87208553;17.8;8.6;48;55.8;81.4;88.4;32.6;0.98;0.97;38;28;5;0;0;REJETEE;presente 5/6 jours , volume observable 8.6 < 15 , volume irregulier (CV 0.98)
Allemagne;de_gtfsde;Bingen-Gaulsheim;de_gtfsde|bingengaulsheim@49.97,7.95;16.2;8.6;53;23.3;65.1;90.7;67.4;1.07;1.05;47;37;5;0;0;REJETEE;presente 5/6 jours , volume observable 8.6 < 15 , volume irregulier (CV 1.07)
Allemagne;de_gtfsde;Dortmund Kirchderne Bf;de_gtfsde|dortmundkirchdernebf@51.55,7.51;12;8.6;72;25.6;65.1;81.4;55.8;0.66;0.59;50;81;5;0;0;REJETEE;presente 5/6 jours , volume observable 8.6 < 15 , volume irregulier (CV 0.66)
France;fr_sncf;Le Mans;fr_sncf|UIC87396002;55.7;8.5;15;54.9;76.5;84.3;29.4;0.56;0.68;43;339;6;0.67;0;REJETEE;volume observable 8.5 < 15 , volume irregulier (CV 0.56)
France;fr_sncf;Saint-Étienne Châteaucreux;fr_sncf|UIC87726000;42;8.5;20;86.3;96.1;98;11.8;1.14;0.97;33;60;6;0.5;0;REJETEE;volume observable 8.5 < 15 , volume irregulier (CV 1.14)
Etats-Unis;us_mta_mnr;;us_mta_mnr|101;24;8.5;35;49;98;100;51;0.18;0.16;11;69;6;0;0;REJETEE;identite non resolue , volume observable 8.5 < 15 , ponctualite 98.0 % > 98 %
Allemagne;de_gtfsde;;de_gtfsde|47738;21.8;8.5;39;55.9;82.4;82.4;26.5;0.55;0.52;50;14;4;0;0;REJETEE;identite non resolue , presente 4/6 jours , volume observable 8.5 < 15 , volume irregulier (CV 0.55)
Allemagne;de_gtfsde;;de_gtfsde|388345;21.5;8.5;40;79.4;100;100;20.6;1.37;1.24;0;11;4;0;0;REJETEE;identite non resolue , presente 4/6 jours , volume observable 8.5 < 15 , trop parfaite (aucun retard > 5 min) , volume irregulier (CV 1.37)
Etats-Unis;us_mta_mnr;;us_mta_mnr|165;21.3;8.5;40;33.3;90.2;98;64.7;0.44;0.35;25;42;6;0;0;REJETEE;identite non resolue , volume observable 8.5 < 15 , volume irregulier (CV 0.44)
Allemagne;de_gtfsde;;de_gtfsde|135066;21.3;8.5;40;47.1;73.5;79.4;32.4;0.62;0.6;100;11;4;0;0;REJETEE;identite non resolue , presente 4/6 jours , volume observable 8.5 < 15 , volume irregulier (CV 0.62) , ponctualite erratique (amplitude 100 pt)
Allemagne;de_gtfsde;;de_gtfsde|193337;19.5;8.5;44;58.8;88.2;91.2;32.4;1.06;0.96;14;12;4;0;0;REJETEE;identite non resolue , presente 4/6 jours , volume observable 8.5 < 15 , volume irregulier (CV 1.06)
Allemagne;de_gtfsde;Baltersweiler;de_gtfsde|baltersweiler@49.49,7.17;18.2;8.5;47;49;88.2;96.1;47.1;0.91;0.84;25;107;6;0;0;REJETEE;volume observable 8.5 < 15 , volume irregulier (CV 0.91)
Allemagne;de_gtfsde;;de_gtfsde|499594;18;8.5;47;94.1;97.1;100;5.9;1.08;1.03;4;13;4;0;0;REJETEE;identite non resolue , presente 4/6 jours , volume observable 8.5 < 15 , volume irregulier (CV 1.08)
Etats-Unis;us_mbta;Norwood Depot;us_mbta|norwooddepot@42.20,-71.20;16.8;8.5;50;100;100;100;0;0.44;0.47;100;30;6;0;0;REJETEE;volume observable 8.5 < 15 , trop parfaite (100 % sous 60 s) , volume irregulier (CV 0.44) , ponctualite erratique (amplitude 100 pt)
Etats-Unis;us_mbta;Endicott;us_mbta|endicott@42.23,-71.16;16.3;8.5;52;100;100;100;0;0.42;0.47;100;28;6;0;0;REJETEE;volume observable 8.5 < 15 , trop parfaite (100 % sous 60 s) , volume irregulier (CV 0.42) , ponctualite erratique (amplitude 100 pt)
Allemagne;de_gtfsde;;de_gtfsde|609803;15.8;8.5;54;50;76.5;82.4;32.4;0.77;0.62;100;26;4;0;0;REJETEE;identite non resolue , presente 4/6 jours , volume observable 8.5 < 15 , volume irregulier (CV 0.77) , ponctualite erratique (amplitude 100 pt)
Allemagne;de_gtfsde;;de_gtfsde|286293;14;8.5;61;35.3;64.7;82.4;47.1;0.99;0.89;56;17;4;0;0;REJETEE;identite non resolue , presente 4/6 jours , volume observable 8.5 < 15 , volume irregulier (CV 0.99)
Allemagne;de_gtfsde;;de_gtfsde|560179;12.5;8.5;68;61.8;97.1;97.1;35.3;0.97;0.95;11;19;4;0;0;REJETEE;identite non resolue , presente 4/6 jours , volume observable 8.5 < 15 , volume irregulier (CV 0.97)
France;fr_sncf;Nice Riquier;fr_sncf|UIC87756353;53.8;8.4;16;52.4;83.3;90.5;38.1;0.86;0.88;100;128;5;0.2;0.2;REJETEE;presente 5/6 jours , volume observable 8.4 < 15 , volume irregulier (CV 0.86) , ponctualite erratique (amplitude 100 pt)
France;fr_sncf;Villefranche-sur-Mer;fr_sncf|UIC87756361;53.8;8.4;16;54.8;83.3;90.5;35.7;0.89;0.88;100;128;5;0.2;0.2;REJETEE;presente 5/6 jours , volume observable 8.4 < 15 , volume irregulier (CV 0.89) , ponctualite erratique (amplitude 100 pt)
Pays-Bas;nl_ovapi;Heino;nl_ovapi|heino@52.43,6.22;14.6;8.4;58;81;97.6;100;19;0.7;0.71;17;228;5;0;0;REJETEE;presente 5/6 jours , volume observable 8.4 < 15 , volume irregulier (CV 0.70)
Allemagne;de_gtfsde;Mergelstetten Bahnhof;de_gtfsde|mergelstettenbahnhof@48.65,10.16;12.8;8.4;66;54.8;81;83.3;28.6;1.08;1.05;100;46;5;0;0;REJETEE;presente 5/6 jours , volume observable 8.4 < 15 , volume irregulier (CV 1.08) , ponctualite erratique (amplitude 100 pt)
France;fr_sncf;Sélestat;fr_sncf|UIC87214056;50.3;8.3;16;78.8;93.9;93.9;15.2;0.52;0.64;13;429;4;0;0;REJETEE;presente 4/6 jours , volume observable 8.3 < 15 , volume irregulier (CV 0.52)
France;fr_sncf;Juan les Pins;fr_sncf|UIC87757666;45.8;8.3;18;54;86;88;34;1.11;1.06;100;159;6;1.17;0.33;REJETEE;volume observable 8.3 < 15 , volume irregulier (CV 1.11) , ponctualite erratique (amplitude 100 pt)
France;fr_sncf;Creil;fr_sncf|UIC87276006;34.5;8.3;24;90;96;96;6;0.7;0.75;10;311;6;0.83;0.17;REJETEE;volume observable 8.3 < 15 , volume irregulier (CV 0.70)
Allemagne;de_gtfsde;;de_gtfsde|85585;32.8;8.3;25;51.5;87.9;93.9;42.4;0.93;0.94;20;9;4;0;0;REJETEE;identite non resolue , presente 4/6 jours , volume observable 8.3 < 15 , volume irregulier (CV 0.93)
France;fr_sncf;Mouans-Sartoux;fr_sncf|UIC87401323;32.8;8.3;25;75.8;93.9;97;21.2;0.81;0.73;100;111;4;0;0;REJETEE;presente 4/6 jours , volume observable 8.3 < 15 , volume irregulier (CV 0.81) , ponctualite erratique (amplitude 100 pt)
Allemagne;de_gtfsde;;de_gtfsde|345621;26.5;8.3;31;39.4;57.6;69.7;30.3;1.42;1.37;100;9;4;0;0;REJETEE;identite non resolue , presente 4/6 jours , volume observable 8.3 < 15 , volume irregulier (CV 1.42) , ponctualite erratique (amplitude 100 pt)
Etats-Unis;us_mta_mnr;;us_mta_mnr|177;23;8.3;36;52;98;100;48;0.24;0.16;11;71;6;0;0;REJETEE;identite non resolue , volume observable 8.3 < 15
Allemagne;de_gtfsde;Potsdam, Park Sanssouci Bhf;de_gtfsde|potsdamparksanssoucibhf@52.39,13.02;21.3;8.3;39;66.7;84.8;87.9;21.2;0.31;0.29;27;158;4;0;0;REJETEE;presente 4/6 jours , volume observable 8.3 < 15
Allemagne;de_gtfsde;;de_gtfsde|667932;20;8.3;41;42.4;84.8;97;54.5;1.44;1.41;18;16;4;0;0;REJETEE;identite non resolue , presente 4/6 jours , volume observable 8.3 < 15 , volume irregulier (CV 1.44)
Allemagne;de_gtfsde;;de_gtfsde|213946;20;8.3;41;48.5;78.8;97;48.5;1.01;0.99;100;16;4;0;0;REJETEE;identite non resolue , presente 4/6 jours , volume observable 8.3 < 15 , volume irregulier (CV 1.01) , ponctualite erratique (amplitude 100 pt)
Etats-Unis;us_mbta;Ashland;us_mbta|ashland@42.26,-71.48;15.8;8.3;53;100;100;100;0;0.4;0.48;0;29;6;0;0;REJETEE;volume observable 8.3 < 15 , trop parfaite (100 % sous 60 s) , volume irregulier (CV 0.40)
Pays-Bas;nl_ovapi;Mantgum;nl_ovapi|mantgum@53.13,5.71;15.8;8.3;52;60.6;100;100;39.4;0.43;0.49;0;250;4;0;0;REJETEE;presente 4/6 jours , volume observable 8.3 < 15 , trop parfaite (aucun retard > 5 min) , volume irregulier (CV 0.43)
Etats-Unis;us_mbta;Natick Center;us_mbta|natickcenter@42.29,-71.35;15.2;8.3;55;100;100;100;0;0.49;0.52;0;30;6;0;0;REJETEE;volume observable 8.3 < 15 , trop parfaite (100 % sous 60 s) , volume irregulier (CV 0.49)
Allemagne;de_gtfsde;;de_gtfsde|360354;15;8.3;55;93.9;100;100;6.1;1.35;1.23;100;21;4;0;0;REJETEE;identite non resolue , presente 4/6 jours , volume observable 8.3 < 15 , trop parfaite (aucun retard > 5 min) , volume irregulier (CV 1.35) , ponctualite erratique (amplitude 100 pt)
Pays-Bas;nl_ovapi;Raalte;nl_ovapi|raalte@52.39,6.28;14.3;8.3;58;70;100;100;30;0.67;0.68;0;210;6;0;0;REJETEE;volume observable 8.3 < 15 , trop parfaite (aucun retard > 5 min) , volume irregulier (CV 0.67)
Allemagne;de_gtfsde;;de_gtfsde|357178;13.5;8.3;61;57.6;75.8;87.9;30.3;1.29;1.26;100;24;4;0;0;REJETEE;identite non resolue , presente 4/6 jours , volume observable 8.3 < 15 , volume irregulier (CV 1.29) , ponctualite erratique (amplitude 100 pt)
Etats-Unis;us_mbta;Hyde Park;us_mbta|hydepark@42.26,-71.13;11.8;8.3;70;100;100;100;0;0.29;0.3;0;54;6;0;0;REJETEE;volume observable 8.3 < 15 , trop parfaite (100 % sous 60 s)
Allemagne;de_gtfsde;;de_gtfsde|180907;11.8;8.3;70;15.2;60.6;93.9;78.8;1.38;1.29;67;20;4;0;0;REJETEE;identite non resolue , presente 4/6 jours , volume observable 8.3 < 15 , volume irregulier (CV 1.38) , ponctualite erratique (amplitude 67 pt)
Allemagne;de_gtfsde;;de_gtfsde|69983;11.3;8.3;73;18.2;87.9;97;78.8;1.37;1.27;14;21;4;0;0;REJETEE;identite non resolue , presente 4/6 jours , volume observable 8.3 < 15 , volume irregulier (CV 1.37)
Pays-Bas;nl_ovapi;Dalen;nl_ovapi|dalen@52.69,6.76;11.2;8.3;75;22;98;100;78;0.6;0.56;10;232;6;0.17;0;REJETEE;volume observable 8.3 < 15 , volume irregulier (CV 0.60)
Allemagne;de_gtfsde;;de_gtfsde|117294;11;8.3;75;57.6;90.9;100;42.4;1.12;1.16;12;22;4;0;0;REJETEE;identite non resolue , presente 4/6 jours , volume observable 8.3 < 15 , volume irregulier (CV 1.12)
France;fr_sncf;La Tour-de-Salvagny Hippodrome;fr_sncf|UIC87698316;17.8;8.2;46;46.3;75.6;87.8;41.5;0.98;0.97;38;28;5;0;0;REJETEE;presente 5/6 jours , volume observable 8.2 < 15 , volume irregulier (CV 0.98)
Pays-Bas;nl_ovapi;Nijverdal;nl_ovapi|nijverdal@52.37,6.47;14.3;8.2;57;93.9;98;100;6.1;0.66;0.68;20;210;6;0;0;REJETEE;volume observable 8.2 < 15 , volume irregulier (CV 0.66)
Etats-Unis;us_mta_lirr;;us_mta_lirr|198;11.2;8.2;73;22;68.3;87.8;65.9;0.88;0.8;89;161;5;0.4;0;REJETEE;identite non resolue , presente 5/6 jours , volume observable 8.2 < 15 , volume irregulier (CV 0.88) , ponctualite erratique (amplitude 89 pt)
France;fr_sncf;Saint-Pierre-des-Corps;fr_sncf|UIC87571240;44.3;8;18;56.3;81.3;83.3;27.1;0.68;0.8;33;449;6;1;0;REJETEE;volume observable 8.0 < 15 , volume irregulier (CV 0.68)
France;fr_sncf;Grasse;fr_sncf|UIC87757724;32.8;8;24;87.5;100;100;12.5;0.79;0.73;0;111;4;0;0.25;REJETEE;presente 4/6 jours , volume observable 8.0 < 15 , trop parfaite (aucun retard > 5 min) , volume irregulier (CV 0.79)
France;fr_sncf;Vienne;fr_sncf|UIC87722587;30.3;8;26;60.4;77.1;81.3;20.8;0.88;0.78;100;101;6;0.33;1.17;REJETEE;volume observable 8.0 < 15 , volume irregulier (CV 0.88) , ponctualite erratique (amplitude 100 pt)
France;fr_sncf;Aix-en-Provence TGV;fr_sncf|UIC87319012;23.3;8;34;47.9;66.7;77.1;29.2;0.69;0.52;53;101;6;0;0.17;REJETEE;volume observable 8.0 < 15 , volume irregulier (CV 0.69)
Allemagne;de_gtfsde;;de_gtfsde|98278;21.8;8;37;62.5;84.4;87.5;25;0.54;0.52;36;14;4;0;0;REJETEE;identite non resolue , presente 4/6 jours , volume observable 8.0 < 15 , volume irregulier (CV 0.54)
Allemagne;de_gtfsde;;de_gtfsde|514869;18.8;8;43;50;84.4;93.8;43.8;1.09;1.06;23;21;4;0;0;REJETEE;identite non resolue , presente 4/6 jours , volume observable 8.0 < 15 , volume irregulier (CV 1.09)
France;fr_sncf;Sain-Bel;fr_sncf|UIC87721605;17.8;8;45;80;87.5;92.5;12.5;1.13;0.97;25;28;5;0;0;REJETEE;presente 5/6 jours , volume observable 8.0 < 15 , volume irregulier (CV 1.13)
France;fr_sncf;La Tour-de-Salvagny Centre;fr_sncf|UIC87698324;17.8;8;45;42.5;75;87.5;45;1.11;0.97;33;28;5;0;0;REJETEE;presente 5/6 jours , volume observable 8.0 < 15 , volume irregulier (CV 1.11)
Allemagne;de_gtfsde;;de_gtfsde|327528;17.3;8;46;43.8;71.9;87.5;43.8;0.96;0.83;100;91;4;0;0;REJETEE;identite non resolue , presente 4/6 jours , volume observable 8.0 < 15 , volume irregulier (CV 0.96) , ponctualite erratique (amplitude 100 pt)
Pays-Bas;nl_ovapi;Almelo de Riet;nl_ovapi|almeloderiet@52.34,6.67;17;8;47;81.3;97.9;100;18.8;0.56;0.55;17;164;6;0;0;REJETEE;volume observable 8.0 < 15 , volume irregulier (CV 0.56)
Allemagne;de_gtfsde;;de_gtfsde|589763;16.3;8;49;43.8;68.8;87.5;43.8;0.96;0.85;38;25;4;0;0;REJETEE;identite non resolue , presente 4/6 jours , volume observable 8.0 < 15 , volume irregulier (CV 0.96)
Pays-Bas;nl_ovapi;Rhenen;nl_ovapi|rhenen@51.96,5.58;15.4;8;52;87.5;100;100;12.5;0.66;0.71;0;200;5;0;0;REJETEE;presente 5/6 jours , volume observable 8.0 < 15 , trop parfaite (aucun retard > 5 min) , volume irregulier (CV 0.66)
Allemagne;de_gtfsde;;de_gtfsde|372831;13.8;8;58;62.5;96.9;100;37.5;0.83;0.79;6;17;4;0;0;REJETEE;identite non resolue , presente 4/6 jours , volume observable 8.0 < 15 , volume irregulier (CV 0.83)
Allemagne;de_gtfsde;;de_gtfsde|296219;13.3;8;60;59.4;71.9;84.4;25;1.28;1.25;100;24;4;0;0;REJETEE;identite non resolue , presente 4/6 jours , volume observable 8.0 < 15 , volume irregulier (CV 1.28) , ponctualite erratique (amplitude 100 pt)
Allemagne;de_gtfsde;;de_gtfsde|634045;11.8;8;68;31.3;65.6;93.8;62.5;1.38;1.29;67;20;4;0;0;REJETEE;identite non resolue , presente 4/6 jours , volume observable 8.0 < 15 , volume irregulier (CV 1.38) , ponctualite erratique (amplitude 67 pt)
Pays-Bas;nl_ovapi;Kerkrade Centrum;nl_ovapi|kerkradecentrum@50.86,6.06;11;8;73;93.8;100;100;6.3;0.76;0.82;0;57;4;0;0;REJETEE;presente 4/6 jours , volume observable 8.0 < 15 , trop parfaite (aucun retard > 5 min) , volume irregulier (CV 0.76)
Etats-Unis;us_mbta;West Roxbury;us_mbta|westroxbury@42.28,-71.16;10.8;8;74;100;100;100;0;0.25;0.18;0;;4;0;0;REJETEE;presente 4/6 jours , volume observable 8.0 < 15 , trop parfaite (100 % sous 60 s)
Allemagne;de_gtfsde;Ramsbach Birkhof;de_gtfsde|ramsbachbirkhof@48.49,8.15;71.2;7.8;11;76.9;87.2;87.2;10.3;1.33;1.24;67;41;5;0;0;REJETEE;presente 5/6 jours , volume observable 7.8 < 15 , volume irregulier (CV 1.33) , ponctualite erratique (amplitude 67 pt)
Allemagne;de_gtfsde;;de_gtfsde|347805;27.8;7.8;28;71;96.8;96.8;25.8;1.33;1.2;100;20;4;0;0;REJETEE;identite non resolue , presente 4/6 jours , volume observable 7.8 < 15 , volume irregulier (CV 1.33) , ponctualite erratique (amplitude 100 pt)
Allemagne;de_gtfsde;;de_gtfsde|279346;21.8;7.8;36;51.6;87.1;96.8;45.2;1.12;1.07;14;11;4;0;0;REJETEE;identite non resolue , presente 4/6 jours , volume observable 7.8 < 15 , volume irregulier (CV 1.12)
Allemagne;de_gtfsde;;de_gtfsde|318031;19.8;7.8;39;58.1;77.4;87.1;29;1.29;1.09;29;25;4;0;0;REJETEE;identite non resolue , presente 4/6 jours , volume observable 7.8 < 15 , volume irregulier (CV 1.29)
Etats-Unis;us_mbta;Campello;us_mbta|campello@42.06,-71.01;19.4;7.8;40;100;100;100;0;0.2;0.23;0;104;5;0;0;REJETEE;presente 5/6 jours , volume observable 7.8 < 15 , trop parfaite (100 % sous 60 s)
Etats-Unis;us_mbta;Holbrook/Randolph;us_mbta|holbrookrandolph@42.16,-71.03;19;7.8;41;100;100;100;0;0.23;0.22;0;100;5;0;0;REJETEE;presente 5/6 jours , volume observable 7.8 < 15 , trop parfaite (100 % sous 60 s)
Allemagne;de_gtfsde;;de_gtfsde|249717;16.8;7.8;46;80.6;100;100;19.4;1.35;1.28;0;19;4;0;0;REJETEE;identite non resolue , presente 4/6 jours , volume observable 7.8 < 15 , trop parfaite (aucun retard > 5 min) , volume irregulier (CV 1.35)
Allemagne;de_gtfsde;;de_gtfsde|638132;14.8;7.8;53;51.6;90.3;96.8;45.2;1.26;1.19;12;16;4;0;0;REJETEE;identite non resolue , presente 4/6 jours , volume observable 7.8 < 15 , volume irregulier (CV 1.26)
Etats-Unis;us_mbta;Chelsea;us_mbta|chelsea@42.40,-71.04;14.5;7.8;53;100;100;100;0;0.55;0.56;0;170;4;0;0;REJETEE;presente 4/6 jours , volume observable 7.8 < 15 , trop parfaite (100 % sous 60 s) , volume irregulier (CV 0.55)
Allemagne;de_gtfsde;;de_gtfsde|350930;13.8;7.8;56;51.6;74.2;80.6;29;1.21;1.19;67;30;4;0;0;REJETEE;identite non resolue , presente 4/6 jours , volume observable 7.8 < 15 , volume irregulier (CV 1.21) , ponctualite erratique (amplitude 67 pt)
Allemagne;de_gtfsde;;de_gtfsde|519135;12.5;7.8;62;38.7;67.7;77.4;38.7;0.67;0.59;44;117;4;0;0;REJETEE;identite non resolue , presente 4/6 jours , volume observable 7.8 < 15 , volume irregulier (CV 0.67)
Allemagne;de_gtfsde;;de_gtfsde|523784;11.8;7.8;66;48.4;71;96.8;48.4;1.23;1.14;36;20;4;0;0;REJETEE;identite non resolue , presente 4/6 jours , volume observable 7.8 < 15 , volume irregulier (CV 1.23)
Allemagne;de_gtfsde;Herrnburg Bahnhof;de_gtfsde|herrnburgbahnhof@53.84,10.76;11.3;7.8;69;38.7;93.5;93.5;54.8;0.84;0.85;33;21;4;0;0;REJETEE;presente 4/6 jours , volume observable 7.8 < 15 , volume irregulier (CV 0.84)
Pays-Bas;nl_ovapi;Gramsbergen;nl_ovapi|gramsbergen@52.61,6.68;11.2;7.8;70;44.7;97.9;100;55.3;0.63;0.56;13;232;6;0.17;0;REJETEE;volume observable 7.8 < 15 , volume irregulier (CV 0.63)
Allemagne;de_gtfsde;;de_gtfsde|661323;10.5;7.8;74;3.2;25.8;54.8;51.6;0.9;0.92;80;23;4;0;0;REJETEE;identite non resolue , presente 4/6 jours , volume observable 7.8 < 15 , volume irregulier (CV 0.90) , ponctualite erratique (amplitude 80 pt)
Etats-Unis;us_mbta;Hersey;us_mbta|hersey@42.28,-71.22;10.5;7.8;74;100;100;100;0;0.37;0.27;0;;4;0;0;REJETEE;presente 4/6 jours , volume observable 7.8 < 15 , trop parfaite (100 % sous 60 s) , volume irregulier (CV 0.37)
Etats-Unis;us_mta_lirr;;us_mta_lirr|140;10.5;7.8;74;25.8;71;90.3;64.5;0.49;0.6;100;248;4;0.5;0;REJETEE;identite non resolue , presente 4/6 jours , volume observable 7.8 < 15 , volume irregulier (CV 0.49) , ponctualite erratique (amplitude 100 pt)
France;fr_sncf;Libourne;fr_sncf|UIC87584052;28.7;7.7;27;69.6;84.8;95.7;26.1;0.4;0.4;100;134;6;1.83;0.17;REJETEE;volume observable 7.7 < 15 , volume irregulier (CV 0.40) , ponctualite erratique (amplitude 100 pt)
Pays-Bas;nl_ovapi;Valkenburg;nl_ovapi|valkenburg@50.87,5.83;34.4;7.6;22;89.5;100;100;10.5;1.39;1.34;0;16;5;0;0;REJETEE;presente 5/6 jours , volume observable 7.6 < 15 , trop parfaite (aucun retard > 5 min) , volume irregulier (CV 1.39)
France;fr_sncf;Chantilly - Gouvieux;fr_sncf|UIC87276113;23.4;7.6;32;63.2;86.8;94.7;31.6;0.44;0.44;43;175;5;0.4;0.2;REJETEE;presente 5/6 jours , volume observable 7.6 < 15 , volume irregulier (CV 0.44)
Etats-Unis;us_mbta;Lynn Interim;us_mbta|lynninterim@42.47,-70.94;12.6;7.6;60;100;100;100;0;0.53;0.53;0;99;5;0;0;REJETEE;presente 5/6 jours , volume observable 7.6 < 15 , trop parfaite (100 % sous 60 s) , volume irregulier (CV 0.53)
Pays-Bas;nl_ovapi;Soest;nl_ovapi|soest@52.17,5.31;9.6;7.6;79;78.9;94.7;100;21.1;0.84;1;8;56;5;0;0;REJETEE;presente 5/6 jours , volume observable 7.6 < 15 , volume irregulier (CV 0.84)
Allemagne;de_gtfsde;;de_gtfsde|246709;28.3;7.5;27;36.7;60;73.3;36.7;1.37;1.33;67;11;4;0;0;REJETEE;identite non resolue , presente 4/6 jours , volume observable 7.5 < 15 , volume irregulier (CV 1.37) , ponctualite erratique (amplitude 67 pt)
Allemagne;de_gtfsde;;de_gtfsde|226154;22;7.5;34;50;80;90;40;1.04;0.91;33;11;4;0;0;REJETEE;identite non resolue , presente 4/6 jours , volume observable 7.5 < 15 , volume irregulier (CV 1.04)
Allemagne;de_gtfsde;;de_gtfsde|604800;21.3;7.5;35;46.7;66.7;80;33.3;0.64;0.62;100;11;4;0;0;REJETEE;identite non resolue , presente 4/6 jours , volume observable 7.5 < 15 , volume irregulier (CV 0.64) , ponctualite erratique (amplitude 100 pt)
Allemagne;de_gtfsde;;de_gtfsde|609323;21;7.5;36;56.7;93.3;100;43.3;0.94;0.85;11;27;4;0;0;REJETEE;identite non resolue , presente 4/6 jours , volume observable 7.5 < 15 , volume irregulier (CV 0.94)
Allemagne;de_gtfsde;;de_gtfsde|314369;19.3;7.5;39;56.7;73.3;90;33.3;1.36;1.16;38;25;4;0;0;REJETEE;identite non resolue , presente 4/6 jours , volume observable 7.5 < 15 , volume irregulier (CV 1.36)
Allemagne;de_gtfsde;;de_gtfsde|637449;17.3;7.5;43;63.3;96.7;96.7;33.3;1.12;1.06;4;14;4;0;0;REJETEE;identite non resolue , presente 4/6 jours , volume observable 7.5 < 15 , volume irregulier (CV 1.12)
Allemagne;de_gtfsde;;de_gtfsde|375162;17;7.5;44;73.3;90;100;26.7;1.02;0.94;20;14;4;0;0;REJETEE;identite non resolue , presente 4/6 jours , volume observable 7.5 < 15 , volume irregulier (CV 1.02)
Etats-Unis;us_mbta;Providence;us_mbta|providence@41.83,-71.41;16;7.5;47;100;100;100;0;0.46;0.5;0;31;6;0;0;REJETEE;volume observable 7.5 < 15 , trop parfaite (100 % sous 60 s) , volume irregulier (CV 0.46)
Allemagne;de_gtfsde;;de_gtfsde|354371;15.5;7.5;48;40;76.7;93.3;53.3;1.11;1.03;100;26;4;0;0;REJETEE;identite non resolue , presente 4/6 jours , volume observable 7.5 < 15 , volume irregulier (CV 1.11) , ponctualite erratique (amplitude 100 pt)
Etats-Unis;us_mbta;Southborough;us_mbta|southborough@42.27,-71.52;15.3;7.5;49;100;100;100;0;0.42;0.48;0;30;6;0;0;REJETEE;volume observable 7.5 < 15 , trop parfaite (100 % sous 60 s) , volume irregulier (CV 0.42)
Allemagne;de_gtfsde;;de_gtfsde|483019;13.8;7.5;55;56.7;83.3;86.7;30;1.18;1.14;67;30;4;0;0;REJETEE;identite non resolue , presente 4/6 jours , volume observable 7.5 < 15 , volume irregulier (CV 1.18) , ponctualite erratique (amplitude 67 pt)
Allemagne;de_gtfsde;;de_gtfsde|271001;13.5;7.5;56;70;100;100;30;0.92;0.89;100;18;4;0;0;REJETEE;identite non resolue , presente 4/6 jours , volume observable 7.5 < 15 , trop parfaite (aucun retard > 5 min) , volume irregulier (CV 0.92) , ponctualite erratique (amplitude 100 pt)
Allemagne;de_gtfsde;;de_gtfsde|439968;11;7.5;68;56.7;83.3;93.3;36.7;0.99;0.86;57;22;4;0;0;REJETEE;identite non resolue , presente 4/6 jours , volume observable 7.5 < 15 , volume irregulier (CV 0.99)
Etats-Unis;us_mbta;Bellevue;us_mbta|bellevue@42.29,-71.15;10.3;7.5;73;100;100;100;0;0.32;0.23;0;;4;0;0;REJETEE;presente 4/6 jours , volume observable 7.5 < 15 , trop parfaite (100 % sous 60 s)
Etats-Unis;us_mbta;Needham Center;us_mbta|needhamcenter@42.28,-71.24;10;7.5;75;100;100;100;0;0.27;0.28;0;;4;0;0;REJETEE;presente 4/6 jours , volume observable 7.5 < 15 , trop parfaite (100 % sous 60 s)
France;fr_sncf;Caen;fr_sncf|UIC87444000;31.4;7.4;24;75.7;83.8;86.5;10.8;0.61;0.71;50;373;5;0;0;REJETEE;presente 5/6 jours , volume observable 7.4 < 15 , volume irregulier (CV 0.61)
France;fr_sncf;VENTIMIGLIA;fr_sncf|UIC83045013;29.2;7.4;25;45.9;56.8;73;27;0.92;0.87;28;131;5;0;0.4;REJETEE;presente 5/6 jours , volume observable 7.4 < 15 , volume irregulier (CV 0.92)
France;fr_sncf;Massy-Palaiseau;fr_sncf|UIC87393579;19.8;7.4;37;81.1;91.9;91.9;10.8;0.62;0.79;67;287;5;2.2;0.2;REJETEE;presente 5/6 jours , volume observable 7.4 < 15 , volume irregulier (CV 0.62) , ponctualite erratique (amplitude 67 pt)
Etats-Unis;us_mbta;Church Street;us_mbta|churchstreet@41.67,-70.94;10.8;7.4;69;100;100;100;0;0.13;0.12;0;91;5;0;0;REJETEE;presente 5/6 jours , volume observable 7.4 < 15 , trop parfaite (100 % sous 60 s)
Pays-Bas;nl_ovapi;Soest Zuid;nl_ovapi|soestzuid@52.17,5.30;9.6;7.4;77;45.9;97.3;100;54.1;0.88;1;5;56;5;0;0;REJETEE;presente 5/6 jours , volume observable 7.4 < 15 , volume irregulier (CV 0.88)
France;fr_sncf;Nice Saint-Augustin;fr_sncf|UIC87756254;45.8;7.3;16;59.1;86.4;93.2;34.1;1.11;1.06;100;159;6;1.17;0.33;REJETEE;volume observable 7.3 < 15 , volume irregulier (CV 1.11) , ponctualite erratique (amplitude 100 pt)
Allemagne;de_gtfsde;;de_gtfsde|380250;34.8;7.3;21;79.3;93.1;100;20.7;0.8;0.74;15;42;4;0;0;REJETEE;identite non resolue , presente 4/6 jours , volume observable 7.3 < 15 , volume irregulier (CV 0.80)
France;fr_sncf;Agde;fr_sncf|UIC87781278;28.2;7.3;26;29.5;54.5;59.1;29.5;0.66;0.54;69;128;6;0;0.5;REJETEE;volume observable 7.3 < 15 , volume irregulier (CV 0.66) , ponctualite erratique (amplitude 69 pt)
Australie;au_translink_seq;Thomas Street station;au_translink_seq|thomasstreetstation@-27.61,152.75;27.5;7.3;27;72.7;100;100;27.3;0.24;0.29;0;73;6;0;0;REJETEE;volume observable 7.3 < 15 , trop parfaite (aucun retard > 5 min)
Allemagne;de_gtfsde;Hodenhagen;de_gtfsde|hodenhagen@52.77,9.60;21;7.3;35;24.1;79.3;96.6;72.4;0.97;0.8;31;50;4;0;0;REJETEE;presente 4/6 jours , volume observable 7.3 < 15 , volume irregulier (CV 0.97)
Allemagne;de_gtfsde;;de_gtfsde|91051;19.8;7.3;37;55.2;89.7;96.6;41.4;1.31;1.27;100;16;4;0;0;REJETEE;identite non resolue , presente 4/6 jours , volume observable 7.3 < 15 , volume irregulier (CV 1.31) , ponctualite erratique (amplitude 100 pt)
Pays-Bas;nl_ovapi;Uithuizermeeden;nl_ovapi|uithuizermeeden@53.41,6.72;17.8;7.3;41;93.1;100;100;6.9;0.77;0.71;0;344;4;0;0;REJETEE;presente 4/6 jours , volume observable 7.3 < 15 , trop parfaite (aucun retard > 5 min) , volume irregulier (CV 0.77)
Pays-Bas;nl_ovapi;Roodeschool;nl_ovapi|roodeschool@53.42,6.76;17.8;7.3;41;86.2;100;100;13.8;0.8;0.71;0;344;4;0;0;REJETEE;presente 4/6 jours , volume observable 7.3 < 15 , trop parfaite (aucun retard > 5 min) , volume irregulier (CV 0.80)
Allemagne;de_gtfsde;Frankfurt (Oder), Bahnhof;de_gtfsde|frankfurtoderbahnhof@52.34,14.55;16.8;7.3;43;31;65.5;82.8;51.7;0.82;0.66;100;22;4;0;0;REJETEE;presente 4/6 jours , volume observable 7.3 < 15 , volume irregulier (CV 0.82) , ponctualite erratique (amplitude 100 pt)
Allemagne;de_gtfsde;;de_gtfsde|261318;16;7.3;45;44.8;79.3;82.8;37.9;1.09;1.04;25;15;4;0;0;REJETEE;identite non resolue , presente 4/6 jours , volume observable 7.3 < 15 , volume irregulier (CV 1.09)
Etats-Unis;us_mbta;Westborough;us_mbta|westborough@42.27,-71.65;15.5;7.3;47;100;100;100;0;0.37;0.45;0;35;6;0;0;REJETEE;volume observable 7.3 < 15 , trop parfaite (100 % sous 60 s) , volume irregulier (CV 0.37)
Allemagne;de_gtfsde;;de_gtfsde|162744;15.3;7.3;48;41.4;69;75.9;34.5;1.1;0.8;80;16;4;0;0;REJETEE;identite non resolue , presente 4/6 jours , volume observable 7.3 < 15 , volume irregulier (CV 1.10) , ponctualite erratique (amplitude 80 pt)
Allemagne;de_gtfsde;;de_gtfsde|626165;13.8;7.3;53;17.2;58.6;75.9;58.6;0.93;0.83;71;17;4;0;0;REJETEE;identite non resolue , presente 4/6 jours , volume observable 7.3 < 15 , volume irregulier (CV 0.93) , ponctualite erratique (amplitude 71 pt)
Allemagne;de_gtfsde;;de_gtfsde|360498;12;7.3;60;51.7;82.8;89.7;37.9;0.69;0.65;25;27;4;0;0;REJETEE;identite non resolue , presente 4/6 jours , volume observable 7.3 < 15 , volume irregulier (CV 0.69)
Allemagne;de_gtfsde;Alte Veste;de_gtfsde|alteveste@49.45,10.97;11.3;7.3;64;69;89.7;96.6;27.6;0.63;0.39;25;45;4;0;0;REJETEE;presente 4/6 jours , volume observable 7.3 < 15 , volume irregulier (CV 0.63)
Etats-Unis;us_mbta;Needham Junction;us_mbta|needhamjunction@42.27,-71.24;10.5;7.3;69;100;100;100;0;0.27;0.27;0;;4;0;0;REJETEE;presente 4/6 jours , volume observable 7.3 < 15 , trop parfaite (100 % sous 60 s)
Australie;au_translink_seq;;au_translink_seq|600187;7.8;7.3;94;89.7;96.6;96.6;6.9;1.09;0.63;9;;4;0;0;REJETEE;identite non resolue , presente 4/6 jours , volume observable 7.3 < 15 , volume irregulier (CV 1.09)
France;fr_sncf;Cagnes-sur-Mer;fr_sncf|UIC87756320;45.8;7.2;16;60.5;86;93;32.6;1.09;1.06;100;159;6;1.17;0.33;REJETEE;volume observable 7.2 < 15 , volume irregulier (CV 1.09) , ponctualite erratique (amplitude 100 pt)
France;fr_sncf;Saint-Laurent-du-Var;fr_sncf|UIC87756346;45.8;7.2;16;55.8;86;93;37.2;1.11;1.06;100;159;6;1.17;0.33;REJETEE;volume observable 7.2 < 15 , volume irregulier (CV 1.11) , ponctualite erratique (amplitude 100 pt)
France;fr_sncf;La Verpillière;fr_sncf|UIC87723395;27.5;7.2;26;53.5;62.8;69.8;16.3;0.84;0.84;100;106;6;3.33;0;REJETEE;volume observable 7.2 < 15 , volume irregulier (CV 0.84) , ponctualite erratique (amplitude 100 pt)
France;fr_sncf;Dax;fr_sncf|UIC87673202;27.2;7.2;26;55.8;76.7;86;30.2;0.49;0.54;100;154;6;1.83;4.33;REJETEE;volume observable 7.2 < 15 , volume irregulier (CV 0.49) , ponctualite erratique (amplitude 100 pt)
Etats-Unis;us_mbta;Montello;us_mbta|montello@42.11,-71.02;19;7.2;38;100;100;100;0;0.2;0.2;0;100;5;0;0;REJETEE;presente 5/6 jours , volume observable 7.2 < 15 , trop parfaite (100 % sous 60 s)
Allemagne;de_gtfsde;Kraftsdorf;de_gtfsde|kraftsdorf@50.88,11.93;18.8;7.2;38;83.7;97.7;100;16.3;1.28;1.22;100;15;6;0;0;REJETEE;volume observable 7.2 < 15 , volume irregulier (CV 1.28) , ponctualite erratique (amplitude 100 pt)
Pays-Bas;nl_ovapi;Wezep;nl_ovapi|wezep@52.45,6.00;18.7;7.2;38;65.1;88.4;100;34.9;0.54;0.52;29;77;6;0;0;REJETEE;volume observable 7.2 < 15 , volume irregulier (CV 0.54)
France;fr_sncf;Lentilly Charpenay;fr_sncf|UIC87566919;17.8;7.2;40;41.7;83.3;88.9;47.2;1.23;0.97;29;28;5;0;0;REJETEE;presente 5/6 jours , volume observable 7.2 < 15 , volume irregulier (CV 1.23)
Pays-Bas;nl_ovapi;Soestdijk;nl_ovapi|soestdijk@52.18,5.30;9.6;7.2;75;44.4;94.4;100;55.6;0.92;1;10;56;5;0;0;REJETEE;presente 5/6 jours , volume observable 7.2 < 15 , volume irregulier (CV 0.92)
France;fr_sncf;Angers Saint-Laud;fr_sncf|UIC87484006;46;7;15;54.8;71.4;78.6;23.8;0.54;0.68;45;306;6;1.17;0;REJETEE;volume observable 7.0 < 15 , volume irregulier (CV 0.54)
France;fr_sncf;Molsheim;fr_sncf|UIC87214577;42.5;7;16;100;100;100;0;0.44;0.61;0;372;4;0;0;REJETEE;presente 4/6 jours , volume observable 7.0 < 15 , trop parfaite (100 % sous 60 s) , volume irregulier (CV 0.44)
France;fr_sncf;Arras;fr_sncf|UIC87342014;42;7;17;67.9;89.3;100;32.1;0.47;0.61;20;367;4;0;0;REJETEE;presente 4/6 jours , volume observable 7.0 < 15 , volume irregulier (CV 0.47)
France;fr_sncf;Dijon;fr_sncf|UIC87713040;36.8;7;19;71.4;90.5;90.5;19;0.65;0.66;17;213;6;0.17;0.17;REJETEE;volume observable 7.0 < 15 , volume irregulier (CV 0.65)
France;fr_sncf;Perpignan;fr_sncf|UIC87784009;27.2;7;26;64.3;76.2;83.3;19;0.57;0.63;88;241;6;0.17;0;REJETEE;volume observable 7.0 < 15 , volume irregulier (CV 0.57) , ponctualite erratique (amplitude 88 pt)
Allemagne;de_gtfsde;;de_gtfsde|454911;25;7;28;64.3;92.9;96.4;32.1;1.04;1.03;100;9;4;0;0;REJETEE;identite non resolue , presente 4/6 jours , volume observable 7.0 < 15 , volume irregulier (CV 1.04) , ponctualite erratique (amplitude 100 pt)
Allemagne;de_gtfsde;;de_gtfsde|286311;21.3;7;33;42.9;64.3;78.6;35.7;0.64;0.62;100;11;4;0;0;REJETEE;identite non resolue , presente 4/6 jours , volume observable 7.0 < 15 , volume irregulier (CV 0.64) , ponctualite erratique (amplitude 100 pt)
Etats-Unis;us_mbta;Brockton;us_mbta|brockton@42.08,-71.02;19.6;7;36;100;100;100;0;0.22;0.22;0;103;5;0;0;REJETEE;presente 5/6 jours , volume observable 7.0 < 15 , trop parfaite (100 % sous 60 s)
Etats-Unis;us_mbta;Bridgewater;us_mbta|bridgewater@41.98,-70.97;19.4;7;36;100;100;100;0;0.15;0.17;0;104;5;0;0;REJETEE;presente 5/6 jours , volume observable 7.0 < 15 , trop parfaite (100 % sous 60 s)
Pays-Bas;nl_ovapi;Zaandam Kogerveld;nl_ovapi|zaandamkogerveld@52.46,4.82;17.5;7;40;59.5;95.2;97.6;38.1;0.97;0.92;50;257;6;0.5;0;REJETEE;volume observable 7.0 < 15 , volume irregulier (CV 0.97)
Allemagne;de_gtfsde;;de_gtfsde|273298;16.8;7;42;82.1;92.9;100;17.9;0.94;0.92;15;24;4;0;0;REJETEE;identite non resolue , presente 4/6 jours , volume observable 7.0 < 15 , volume irregulier (CV 0.94)
Allemagne;de_gtfsde;;de_gtfsde|553590;16.3;7;43;75;89.3;92.9;17.9;1.24;1.2;14;36;4;0;0;REJETEE;identite non resolue , presente 4/6 jours , volume observable 7.0 < 15 , volume irregulier (CV 1.24)
Etats-Unis;us_mbta;Grafton;us_mbta|grafton@42.25,-71.69;14.8;7;47;100;100;100;0;0.36;0.44;0;37;6;0;0;REJETEE;volume observable 7.0 < 15 , trop parfaite (100 % sous 60 s) , volume irregulier (CV 0.36)
Pays-Bas;nl_ovapi;Zwolle Stadshagen;nl_ovapi|zwollestadshagen@52.53,6.05;14.3;7;49;100;100;100;0;0.67;0.65;100;97;4;0;0;REJETEE;presente 4/6 jours , volume observable 7.0 < 15 , trop parfaite (100 % sous 60 s) , volume irregulier (CV 0.67) , ponctualite erratique (amplitude 100 pt)
Pays-Bas;nl_ovapi;Grou-Jirnsum;nl_ovapi|groujirnsum@53.09,5.82;13.7;7;51;61.9;92.9;97.6;35.7;0.62;0.61;25;181;6;0;0;REJETEE;volume observable 7.0 < 15 , volume irregulier (CV 0.62)
Allemagne;de_gtfsde;;de_gtfsde|650683;12.8;7;55;78.6;100;100;21.4;0.76;0.71;100;19;4;0;0;REJETEE;identite non resolue , presente 4/6 jours , volume observable 7.0 < 15 , trop parfaite (aucun retard > 5 min) , volume irregulier (CV 0.76) , ponctualite erratique (amplitude 100 pt)
Pays-Bas;nl_ovapi;Dortmund Hbf;nl_ovapi|dortmundhbf@51.52,7.46;11.8;7;60;25;42.9;57.1;32.1;0.58;0.51;86;28;4;0.25;0;REJETEE;presente 4/6 jours , volume observable 7.0 < 15 , volume irregulier (CV 0.58) , ponctualite erratique (amplitude 86 pt)
Etats-Unis;us_mbta;Kingston;us_mbta|kingston@41.98,-70.72;10.4;7;67;100;100;100;0;0.37;0.26;0;84;5;0;0;REJETEE;presente 5/6 jours , volume observable 7.0 < 15 , trop parfaite (100 % sous 60 s) , volume irregulier (CV 0.37)
France;fr_sncf;Amiens;fr_sncf|UIC87313874;44.3;6.8;15;81.5;96.3;96.3;14.8;0.56;0.72;100;490;4;0;0;REJETEE;presente 4/6 jours , volume observable 6.8 < 15 , volume irregulier (CV 0.56) , ponctualite erratique (amplitude 100 pt)
France;fr_sncf;Orléans;fr_sncf|UIC87543009;33.5;6.8;20;85.2;88.9;92.6;7.4;0.28;0.47;50;262;4;0.25;0;REJETEE;presente 4/6 jours , volume observable 6.8 < 15
France;fr_sncf;Miramas;fr_sncf|UIC87753004;28.8;6.8;24;70.7;87.8;92.7;22;0.72;0.6;36;88;6;0.5;0.17;REJETEE;volume observable 6.8 < 15 , volume irregulier (CV 0.72)
France;fr_sncf;Vitrolles Aéroport Marseille P;fr_sncf|UIC87439554;24.7;6.8;28;75.6;92.7;95.1;19.5;0.57;0.58;17;85;6;0.17;0.17;REJETEE;volume observable 6.8 < 15 , volume irregulier (CV 0.57)
Australie;au_translink_seq;Ascot station;au_translink_seq|ascotstation@-27.43,153.06;21.7;6.8;32;51.2;100;100;48.8;0.25;0.41;100;48;6;0;0;REJETEE;volume observable 6.8 < 15 , trop parfaite (aucun retard > 5 min) , ponctualite erratique (amplitude 100 pt)
Allemagne;de_gtfsde;;de_gtfsde|548300;21;6.8;32;37;66.7;85.2;48.1;0.64;0.62;100;11;4;0;0;REJETEE;identite non resolue , presente 4/6 jours , volume observable 6.8 < 15 , volume irregulier (CV 0.64) , ponctualite erratique (amplitude 100 pt)
France;fr_sncf;Gujan-Mestras;fr_sncf|UIC87582619;20;6.8;34;63;96.3;100;37;0.83;0.8;100;111;4;6.25;1;REJETEE;presente 4/6 jours , volume observable 6.8 < 15 , volume irregulier (CV 0.83) , ponctualite erratique (amplitude 100 pt)
France;fr_sncf;La Hume;fr_sncf|UIC87582635;20;6.8;34;66.7;92.6;96.3;29.6;0.83;0.8;100;111;4;6.25;1;REJETEE;presente 4/6 jours , volume observable 6.8 < 15 , volume irregulier (CV 0.83) , ponctualite erratique (amplitude 100 pt)
Allemagne;de_gtfsde;;de_gtfsde|476355;15.5;6.8;44;29.6;40.7;51.9;22.2;1.15;1.04;70;21;4;0;0;REJETEE;identite non resolue , presente 4/6 jours , volume observable 6.8 < 15 , volume irregulier (CV 1.15) , ponctualite erratique (amplitude 70 pt)
Etats-Unis;us_mbta;Wellesley Farms;us_mbta|wellesleyfarms@42.32,-71.27;14.7;6.8;47;100;100;100;0;0.43;0.47;0;35;6;0;0;REJETEE;volume observable 6.8 < 15 , trop parfaite (100 % sous 60 s) , volume irregulier (CV 0.43)
Allemagne;de_gtfsde;Buseck-Großen-Buseck Bahnhof;de_gtfsde|buseckgroenbuseckbahnhof@50.61,8.78;14.4;6.8;47;41.2;91.2;100;58.8;0.87;0.78;100;113;5;0;0;REJETEE;presente 5/6 jours , volume observable 6.8 < 15 , volume irregulier (CV 0.87) , ponctualite erratique (amplitude 100 pt)
Etats-Unis;us_mbta;Wellesley Square;us_mbta|wellesleysquare@42.30,-71.29;14;6.8;49;100;100;100;0;0.45;0.49;0;33;6;0;0;REJETEE;volume observable 6.8 < 15 , trop parfaite (100 % sous 60 s) , volume irregulier (CV 0.45)
Etats-Unis;us_mbta;Norfolk;us_mbta|norfolk@42.12,-71.33;13;6.8;52;100;100;100;0;0.18;0.15;0;91;5;0;0;REJETEE;presente 5/6 jours , volume observable 6.8 < 15 , trop parfaite (100 % sous 60 s)
Pays-Bas;nl_ovapi;Hannover Hbf;nl_ovapi|hannoverhbf@52.38,9.74;12.8;6.8;53;29.3;43.9;68.3;39;0.53;0.41;42;108;6;0;0;REJETEE;volume observable 6.8 < 15 , volume irregulier (CV 0.53)
Allemagne;de_gtfsde;Bad Sooden-Allendorf;de_gtfsde|badsoodenallendorf@51.27,9.97;12.8;6.8;53;74.1;92.6;100;25.9;0.86;0.7;33;50;4;0;0;REJETEE;presente 4/6 jours , volume observable 6.8 < 15 , volume irregulier (CV 0.86)
Allemagne;de_gtfsde;Graal-Müritz Koppelweg;de_gtfsde|graalmritzkoppelweg@54.25,12.24;12.4;6.8;55;41.2;82.4;97.1;55.9;0.99;0.95;100;35;5;0;0;REJETEE;presente 5/6 jours , volume observable 6.8 < 15 , volume irregulier (CV 0.99) , ponctualite erratique (amplitude 100 pt)
Allemagne;de_gtfsde;;de_gtfsde|136894;10.8;6.8;63;51.9;77.8;85.2;33.3;1.03;1;33;22;4;0;0;REJETEE;identite non resolue , presente 4/6 jours , volume observable 6.8 < 15 , volume irregulier (CV 1.03)
Allemagne;de_gtfsde;Mühlen(Oldb);de_gtfsde|mhlenoldb@52.62,8.21;10.3;6.8;66;26.8;56.1;68.3;41.5;0.79;0.72;94;118;6;0;0;REJETEE;volume observable 6.8 < 15 , volume irregulier (CV 0.79) , ponctualite erratique (amplitude 94 pt)
Allemagne;de_gtfsde;;de_gtfsde|532166;9.8;6.8;69;33.3;63;88.9;55.6;0.96;0.98;100;25;4;0;0;REJETEE;identite non resolue , presente 4/6 jours , volume observable 6.8 < 15 , volume irregulier (CV 0.96) , ponctualite erratique (amplitude 100 pt)
Etats-Unis;us_mta_mnr;;us_mta_mnr|157;51.3;6.7;13;27.5;80;90;62.5;0.37;0.31;100;183;6;0;0;REJETEE;identite non resolue , volume observable 6.7 < 15 , volume irregulier (CV 0.37) , ponctualite erratique (amplitude 100 pt)
France;fr_sncf;Genève Cornavin;fr_sncf|UIC85010082;45.7;6.7;15;87.5;90;95;7.5;0.39;0.48;25;222;6;0.5;0;REJETEE;volume observable 6.7 < 15 , volume irregulier (CV 0.39)
France;fr_sncf;Cenon;fr_sncf|UIC87581595;29.7;6.7;22;72.5;82.5;95;22.5;0.44;0.4;33;142;6;2;0.17;REJETEE;volume observable 6.7 < 15 , volume irregulier (CV 0.44)
Etats-Unis;us_mbta;Worcester;us_mbta|worcester@42.26,-71.79;12.5;6.7;53;100;100;100;0;0.52;0.52;0;31;6;0;0;REJETEE;volume observable 6.7 < 15 , trop parfaite (100 % sous 60 s) , volume irregulier (CV 0.52)
France;fr_sncf;Limoges Bénédictins;fr_sncf|UIC87592006;33;6.6;20;78.8;93.9;97;18.2;0.53;0.69;100;326;5;0.8;0;REJETEE;presente 5/6 jours , volume observable 6.6 < 15 , volume irregulier (CV 0.53) , ponctualite erratique (amplitude 100 pt)
France;fr_sncf;Fleurieux RN7;fr_sncf|UIC87698282;17.8;6.6;37;66.7;90.9;90.9;24.2;1.07;0.97;23;28;5;0;0;REJETEE;presente 5/6 jours , volume observable 6.6 < 15 , volume irregulier (CV 1.07)
France;fr_sncf;Lentilly;fr_sncf|UIC87721555;17.8;6.6;37;48.5;87.9;90.9;42.4;1.23;0.97;20;28;5;0;0;REJETEE;presente 5/6 jours , volume observable 6.6 < 15 , volume irregulier (CV 1.23)
Allemagne;de_gtfsde;Gladbeck-Zweckel Bf;de_gtfsde|gladbeckzweckelbf@51.59,6.98;16.4;6.6;40;69.7;87.9;97;27.3;0.92;0.79;33;34;5;0;0;REJETEE;presente 5/6 jours , volume observable 6.6 < 15 , volume irregulier (CV 0.92)
Allemagne;de_gtfsde;Neu Wokern, Bahnhof;de_gtfsde|neuwokernbahnhof@53.76,12.50;10;6.6;66;87.9;100;100;12.1;0.85;0.86;0;64;5;0;0;REJETEE;presente 5/6 jours , volume observable 6.6 < 15 , trop parfaite (aucun retard > 5 min) , volume irregulier (CV 0.85)
Allemagne;de_gtfsde;Schortens-Heidmühle;de_gtfsde|schortensheidmhle@53.54,7.95;8;6.6;83;51.5;54.5;69.7;18.2;0.65;0.58;100;57;5;0;0;REJETEE;presente 5/6 jours , volume observable 6.6 < 15 , volume irregulier (CV 0.65) , ponctualite erratique (amplitude 100 pt)
France;fr_sncf;Toulon;fr_sncf|UIC87755009;29.8;6.5;22;43.6;69.2;76.9;33.3;0.62;0.59;80;144;6;0.83;0;REJETEE;volume observable 6.5 < 15 , volume irregulier (CV 0.62) , ponctualite erratique (amplitude 80 pt)
Allemagne;de_gtfsde;;de_gtfsde|308799;28.3;6.5;23;46.2;76.9;96.2;50;1.25;1.18;100;61;4;0;0;REJETEE;identite non resolue , presente 4/6 jours , volume observable 6.5 < 15 , volume irregulier (CV 1.25) , ponctualite erratique (amplitude 100 pt)
Pays-Bas;nl_ovapi;Noorderkempen;nl_ovapi|noorderkempen@51.36,4.63;27;6.5;24;38.5;88.5;96.2;57.7;0.35;0.28;33;115;4;0.5;0;REJETEE;presente 4/6 jours , volume observable 6.5 < 15 , volume irregulier (CV 0.35)
Allemagne;de_gtfsde;;de_gtfsde|520882;25.8;6.5;25;50;61.5;80.8;30.8;1.1;1.03;100;19;4;0;0;REJETEE;identite non resolue , presente 4/6 jours , volume observable 6.5 < 15 , volume irregulier (CV 1.10) , ponctualite erratique (amplitude 100 pt)
France;fr_sncf;Pierrelatte;fr_sncf|UIC87764308;24.8;6.5;26;50;84.6;88.5;38.5;0.48;0.26;22;71;4;0.25;0.25;REJETEE;presente 4/6 jours , volume observable 6.5 < 15 , volume irregulier (CV 0.48)
Allemagne;de_gtfsde;;de_gtfsde|473703;23.5;6.5;28;80.8;100;100;19.2;1.04;0.97;0;24;4;0;0;REJETEE;identite non resolue , presente 4/6 jours , volume observable 6.5 < 15 , trop parfaite (aucun retard > 5 min) , volume irregulier (CV 1.04)
France;fr_sncf;Lyon Jean Macé;fr_sncf|UIC87282624;21.8;6.5;30;69.2;79.5;84.6;15.4;0.93;0.9;50;85;6;1;0;REJETEE;volume observable 6.5 < 15 , volume irregulier (CV 0.93)
France;fr_sncf;La Teste;fr_sncf|UIC87582643;21;6.5;31;69.2;92.3;96.2;26.9;0.82;0.79;100;115;4;6.25;1.25;REJETEE;presente 4/6 jours , volume observable 6.5 < 15 , volume irregulier (CV 0.82) , ponctualite erratique (amplitude 100 pt)
Allemagne;de_gtfsde;;de_gtfsde|4987;19.5;6.5;33;69.2;92.3;100;30.8;1.01;0.93;29;25;4;0;0;REJETEE;identite non resolue , presente 4/6 jours , volume observable 6.5 < 15 , volume irregulier (CV 1.01)
France;fr_sncf;Angoulême;fr_sncf|UIC87583005;19.2;6.5;34;30.8;61.5;76.9;46.2;0.55;0.62;100;269;6;0.17;0;REJETEE;volume observable 6.5 < 15 , volume irregulier (CV 0.55) , ponctualite erratique (amplitude 100 pt)
Allemagne;de_gtfsde;;de_gtfsde|97270;18.5;6.5;35;50;88.5;100;50;1.31;1.27;100;17;4;0;0;REJETEE;identite non resolue , presente 4/6 jours , volume observable 6.5 < 15 , volume irregulier (CV 1.31) , ponctualite erratique (amplitude 100 pt)
Allemagne;de_gtfsde;;de_gtfsde|166325;16.5;6.5;39;30.8;73.1;88.5;57.7;1.12;1.09;100;19;4;0;0;REJETEE;identite non resolue , presente 4/6 jours , volume observable 6.5 < 15 , volume irregulier (CV 1.12) , ponctualite erratique (amplitude 100 pt)
Allemagne;de_gtfsde;;de_gtfsde|593667;16.3;6.5;40;30.8;76.9;92.3;61.5;1.27;1.24;83;31;4;0;0;REJETEE;identite non resolue , presente 4/6 jours , volume observable 6.5 < 15 , volume irregulier (CV 1.27) , ponctualite erratique (amplitude 83 pt)
Allemagne;de_gtfsde;;de_gtfsde|160195;15.8;6.5;41;88.5;100;100;11.5;1.09;0.94;0;20;4;0;0;REJETEE;identite non resolue , presente 4/6 jours , volume observable 6.5 < 15 , trop parfaite (aucun retard > 5 min) , volume irregulier (CV 1.09)
Allemagne;de_gtfsde;;de_gtfsde|4308;14.8;6.5;44;19.2;61.5;88.5;69.2;1.17;1.11;100;16;4;0;0;REJETEE;identite non resolue , presente 4/6 jours , volume observable 6.5 < 15 , volume irregulier (CV 1.17) , ponctualite erratique (amplitude 100 pt)
Allemagne;de_gtfsde;Burg(Dithm);de_gtfsde|burgdithm@54.01,9.25;14;6.5;46;69.2;92.3;96.2;26.9;0.84;0.79;100;30;4;0;0;REJETEE;presente 4/6 jours , volume observable 6.5 < 15 , volume irregulier (CV 0.84) , ponctualite erratique (amplitude 100 pt)
Allemagne;de_gtfsde;;de_gtfsde|124577;12;6.5;54;34.6;80.8;88.5;53.8;0.89;0.79;25;20;4;0;0;REJETEE;identite non resolue , presente 4/6 jours , volume observable 6.5 < 15 , volume irregulier (CV 0.89)
Allemagne;de_gtfsde;;de_gtfsde|344510;11.5;6.5;57;88.5;100;100;11.5;1.32;1.23;100;21;4;0;0;REJETEE;identite non resolue , presente 4/6 jours , volume observable 6.5 < 15 , trop parfaite (aucun retard > 5 min) , volume irregulier (CV 1.32) , ponctualite erratique (amplitude 100 pt)
Allemagne;de_gtfsde;;de_gtfsde|606442;11.5;6.5;57;73.1;80.8;88.5;15.4;0.85;0.85;33;21;4;0;0;REJETEE;identite non resolue , presente 4/6 jours , volume observable 6.5 < 15 , volume irregulier (CV 0.85)
Allemagne;de_gtfsde;Westerstetten Bahnhof;de_gtfsde|westerstettenbahnhof@48.52,9.95;11.3;6.5;58;53.8;92.3;96.2;42.3;0.76;0.7;100;21;4;0;0;REJETEE;presente 4/6 jours , volume observable 6.5 < 15 , volume irregulier (CV 0.76) , ponctualite erratique (amplitude 100 pt)
Etats-Unis;us_mta_lirr;;us_mta_lirr|21;9.3;6.5;70;38.5;73.1;92.3;53.8;0.4;0.53;50;205;4;0.5;0;REJETEE;identite non resolue , presente 4/6 jours , volume observable 6.5 < 15 , volume irregulier (CV 0.40)
Pays-Bas;nl_ovapi;Workum;nl_ovapi|workum@52.97,5.46;9;6.5;72;38.5;100;100;61.5;0.49;0.44;100;177;4;0;0;REJETEE;presente 4/6 jours , volume observable 6.5 < 15 , trop parfaite (aucun retard > 5 min) , volume irregulier (CV 0.49) , ponctualite erratique (amplitude 100 pt)
France;fr_sncf;Rouen Rive Droite;fr_sncf|UIC87411017;36.6;6.4;17;68.8;84.4;96.9;28.1;0.77;0.92;100;797;5;0;0;REJETEE;presente 5/6 jours , volume observable 6.4 < 15 , volume irregulier (CV 0.77) , ponctualite erratique (amplitude 100 pt)
France;fr_sncf;Romans - Bourg-de-Péage;fr_sncf|UIC87761650;20;6.4;32;40.6;56.3;65.6;25;0.37;0.49;50;169;5;0.4;0.8;REJETEE;presente 5/6 jours , volume observable 6.4 < 15 , volume irregulier (CV 0.37)
Allemagne;de_gtfsde;Langenwang (Schwab);de_gtfsde|langenwangschwab@47.44,10.28;15.4;6.4;42;56.3;75;84.4;28.1;0.84;0.73;100;72;5;0;0;REJETEE;presente 5/6 jours , volume observable 6.4 < 15 , volume irregulier (CV 0.84) , ponctualite erratique (amplitude 100 pt)
Etats-Unis;us_mbta;Franklin;us_mbta|franklin@42.08,-71.40;12.2;6.4;52;100;100;100;0;0.17;0.15;0;78;5;0;0;REJETEE;presente 5/6 jours , volume observable 6.4 < 15 , trop parfaite (100 % sous 60 s)
Etats-Unis;us_mbta;Walpole;us_mbta|walpole@42.15,-71.26;12.2;6.4;52;100;100;100;0;0.21;0.18;0;98;5;0;0;REJETEE;presente 5/6 jours , volume observable 6.4 < 15 , trop parfaite (100 % sous 60 s)
Etats-Unis;us_mbta;Abington;us_mbta|abington@42.11,-70.93;10;6.4;64;100;100;100;0;0.34;0.3;0;44;5;0;0;REJETEE;presente 5/6 jours , volume observable 6.4 < 15 , trop parfaite (100 % sous 60 s)
France;fr_sncf;Le Péage-de-Roussillon;fr_sncf|UIC87722678;25.5;6.3;25;50;76.3;78.9;28.9;0.73;0.65;100;122;6;0.33;1.17;REJETEE;volume observable 6.3 < 15 , volume irregulier (CV 0.73) , ponctualite erratique (amplitude 100 pt)
France;fr_sncf;Tain-l'Hermitage - Tournon;fr_sncf|UIC87761163;25.2;6.3;25;50;68.4;68.4;18.4;0.77;0.66;100;118;6;0.33;0.17;REJETEE;volume observable 6.3 < 15 , volume irregulier (CV 0.77) , ponctualite erratique (amplitude 100 pt)
France;fr_sncf;Talence-Médoquine;fr_sncf|UIC87748350;24.3;6.3;26;52;88;92;40;0.62;0.57;100;149;4;6.5;1;REJETEE;presente 4/6 jours , volume observable 6.3 < 15 , volume irregulier (CV 0.62) , ponctualite erratique (amplitude 100 pt)
Allemagne;de_gtfsde;;de_gtfsde|340034;21.8;6.3;29;40;60;76;36;1.15;1.1;60;22;4;0;0;REJETEE;identite non resolue , presente 4/6 jours , volume observable 6.3 < 15 , volume irregulier (CV 1.15)
Australie;au_translink_seq;Hendra station;au_translink_seq|hendrastation@-27.42,153.06;21.3;6.3;30;52.6;100;100;47.4;0.21;0.39;100;51;6;0;0;REJETEE;volume observable 6.3 < 15 , trop parfaite (aucun retard > 5 min) , ponctualite erratique (amplitude 100 pt)
France;fr_sncf;Le Teich;fr_sncf|UIC87582601;20;6.3;31;60;96;100;40;0.83;0.8;100;111;4;6.25;1;REJETEE;presente 4/6 jours , volume observable 6.3 < 15 , volume irregulier (CV 0.83) , ponctualite erratique (amplitude 100 pt)
Allemagne;de_gtfsde;Oberkirch Bahnhof;de_gtfsde|oberkirchbahnhof@48.53,8.08;18.8;6.3;33;48;84;88;40;0.95;0.92;42;17;4;0;0;REJETEE;presente 4/6 jours , volume observable 6.3 < 15 , volume irregulier (CV 0.95)
Allemagne;de_gtfsde;;de_gtfsde|364085;18.3;6.3;34;64;96;96;32;1.29;1.23;33;17;4;0;0;REJETEE;identite non resolue , presente 4/6 jours , volume observable 6.3 < 15 , volume irregulier (CV 1.29)
Pays-Bas;nl_ovapi;Borne;nl_ovapi|borne@52.30,6.75;17;6.3;37;84.2;97.4;100;15.8;0.56;0.55;20;164;6;0;0;REJETEE;volume observable 6.3 < 15 , volume irregulier (CV 0.56)
Allemagne;de_gtfsde;;de_gtfsde|502253;16.5;6.3;38;24;56;72;48;1.04;1.04;100;25;4;0;0;REJETEE;identite non resolue , presente 4/6 jours , volume observable 6.3 < 15 , volume irregulier (CV 1.04) , ponctualite erratique (amplitude 100 pt)
Allemagne;de_gtfsde;;de_gtfsde|281530;16;6.3;39;36;68;84;48;1.21;1.17;100;15;4;0;0;REJETEE;identite non resolue , presente 4/6 jours , volume observable 6.3 < 15 , volume irregulier (CV 1.21) , ponctualite erratique (amplitude 100 pt)
Etats-Unis;us_mbta;Wellesley Hills;us_mbta|wellesleyhills@42.31,-71.28;14.2;6.3;45;100;100;100;0;0.48;0.5;0;33;6;0;0;REJETEE;volume observable 6.3 < 15 , trop parfaite (100 % sous 60 s) , volume irregulier (CV 0.48)
Pays-Bas;nl_ovapi;Berlin-Spandau;nl_ovapi|berlinspandau@52.53,13.20;13.3;6.3;48;28.9;60.5;78.9;50;0.54;0.43;57;86;6;0;0;REJETEE;volume observable 6.3 < 15 , volume irregulier (CV 0.54)
Allemagne;de_gtfsde;;de_gtfsde|82194;10.3;6.3;61;48;72;88;40;1.07;0.96;40;24;4;0;0;REJETEE;identite non resolue , presente 4/6 jours , volume observable 6.3 < 15 , volume irregulier (CV 1.07)
Allemagne;de_gtfsde;;de_gtfsde|530125;9.3;6.3;68;56;76;88;32;0.92;0.89;40;26;4;0;0;REJETEE;identite non resolue , presente 4/6 jours , volume observable 6.3 < 15 , volume irregulier (CV 0.92)
Allemagne;de_gtfsde;;de_gtfsde|232984;9;6.3;69;56;68;88;32;0.74;0.74;38;27;4;0;0;REJETEE;identite non resolue , presente 4/6 jours , volume observable 6.3 < 15 , volume irregulier (CV 0.74)
Pays-Bas;nl_ovapi;Hindeloopen;nl_ovapi|hindeloopen@52.95,5.42;9;6.3;69;52;100;100;48;0.46;0.44;100;177;4;0;0;REJETEE;presente 4/6 jours , volume observable 6.3 < 15 , trop parfaite (aucun retard > 5 min) , volume irregulier (CV 0.46) , ponctualite erratique (amplitude 100 pt)
Etats-Unis;us_mbta;Halifax;us_mbta|halifax@42.01,-70.82;8.7;6.3;73;100;100;100;0;0.41;0.36;0;48;6;0;0;REJETEE;volume observable 6.3 < 15 , trop parfaite (100 % sous 60 s) , volume irregulier (CV 0.41)
Etats-Unis;us_mbta;Stoughton;us_mbta|stoughton@42.12,-71.10;7;6.3;89;100;100;100;0;0.37;0.23;0;;4;0;0;REJETEE;presente 4/6 jours , volume observable 6.3 < 15 , trop parfaite (100 % sous 60 s) , volume irregulier (CV 0.37)
France;fr_sncf;Nîmes Pont du Gard;fr_sncf|UIC87703975;26.3;6.2;23;45.9;59.5;67.6;21.6;0.67;0.41;67;104;6;0.17;0.17;REJETEE;volume observable 6.2 < 15 , volume irregulier (CV 0.67) , ponctualite erratique (amplitude 67 pt)
France;fr_sncf;Saint-Clair - Les Roches;fr_sncf|UIC87722652;23.5;6.2;26;54.1;78.4;78.4;24.3;0.78;0.66;100;117;6;0.33;1;REJETEE;volume observable 6.2 < 15 , volume irregulier (CV 0.78) , ponctualite erratique (amplitude 100 pt)
Australie;au_translink_seq;Doomben station;au_translink_seq|doombenstation@-27.43,153.07;21.2;6.2;29;56.8;100;100;43.2;0.31;0.38;0;54;6;0;0;REJETEE;volume observable 6.2 < 15 , trop parfaite (aucun retard > 5 min)
Allemagne;de_gtfsde;Dedenhausen Bahnhof;de_gtfsde|dedenhausenbahnhof@52.43,10.24;14.4;6.2;43;61.3;96.8;100;38.7;1.19;1.18;5;17;5;0;0;REJETEE;presente 5/6 jours , volume observable 6.2 < 15 , volume irregulier (CV 1.19)
Etats-Unis;us_mbta;Hanson;us_mbta|hanson@42.04,-70.88;9.8;6.2;63;100;100;100;0;0.32;0.24;0;67;5;0;0;REJETEE;presente 5/6 jours , volume observable 6.2 < 15 , trop parfaite (100 % sous 60 s)
Etats-Unis;us_mbta;West Hingham;us_mbta|westhingham@42.24,-70.90;9.8;6.2;63;100;100;100;0;0.26;0.29;0;78;5;0;0;REJETEE;presente 5/6 jours , volume observable 6.2 < 15 , trop parfaite (100 % sous 60 s)
France;fr_sncf;Colmar;fr_sncf|UIC87182014;35.4;6;17;76.7;90;90;13.3;0.7;0.8;22;482;5;0;0;REJETEE;presente 5/6 jours , volume observable 6.0 < 15 , volume irregulier (CV 0.70)
France;fr_sncf;Vierzon;fr_sncf|UIC87576009;32.6;6;18;53.3;73.3;80;26.7;0.28;0.36;38;194;5;1.2;0;REJETEE;presente 5/6 jours , volume observable 6.0 < 15
France;fr_sncf;Annecy;fr_sncf|UIC87746008;32.3;6;19;86.1;94.4;97.2;11.1;0.35;0.28;33;140;6;0.67;0.5;REJETEE;volume observable 6.0 < 15 , volume irregulier (CV 0.35)
France;fr_sncf;Bollène la Croisière;fr_sncf|UIC87764357;24;6;25;50;83.3;95.8;45.8;0.44;0.25;27;71;4;0.25;0.25;REJETEE;presente 4/6 jours , volume observable 6.0 < 15 , volume irregulier (CV 0.44)
France;fr_sncf;Saint-Raphaël Valescure;fr_sncf|UIC87757526;23.2;6;26;44.4;75;86.1;41.7;0.54;0.57;50;139;6;0.17;0.33;REJETEE;volume observable 6.0 < 15 , volume irregulier (CV 0.54)
Allemagne;de_gtfsde;Oberweimar;de_gtfsde|oberweimar@50.97,11.35;22.5;6;27;66.7;91.7;100;33.3;0.83;0.8;14;143;4;0;0;REJETEE;presente 4/6 jours , volume observable 6.0 < 15 , volume irregulier (CV 0.83)
France;fr_sncf;Baillargues;fr_sncf|UIC87773457;22.3;6;27;44.4;61.1;66.7;22.2;0.82;0.84;100;131;6;0;0.33;REJETEE;volume observable 6.0 < 15 , volume irregulier (CV 0.82) , ponctualite erratique (amplitude 100 pt)
Allemagne;de_gtfsde;;de_gtfsde|592693;21.5;6;28;33.3;62.5;70.8;37.5;0.63;0.6;100;11;4;0;0;REJETEE;identite non resolue , presente 4/6 jours , volume observable 6.0 < 15 , volume irregulier (CV 0.63) , ponctualite erratique (amplitude 100 pt)
Australie;au_translink_seq;Clayfield station;au_translink_seq|clayfieldstation@-27.42,153.06;21.3;6;28;75;100;100;25;0.21;0.39;0;51;6;0;0;REJETEE;volume observable 6.0 < 15 , trop parfaite (aucun retard > 5 min)
France;fr_sncf;Saint-Quentin en Yvelines;fr_sncf|UIC87393843;17.3;6;35;83.3;100;100;16.7;0.75;0.69;0;64;4;0;0;REJETEE;presente 4/6 jours , volume observable 6.0 < 15 , trop parfaite (aucun retard > 5 min) , volume irregulier (CV 0.75)
France;fr_sncf;Arcachon;fr_sncf|UIC87582668;17.2;6;35;77.8;94.4;94.4;16.7;0.97;0.97;12;204;6;5.83;2.5;REJETEE;volume observable 6.0 < 15 , volume irregulier (CV 0.97)
Allemagne;de_gtfsde;;de_gtfsde|600179;16.3;6;37;16.7;41.7;83.3;66.7;0.91;0.89;38;31;4;0;0;REJETEE;identite non resolue , presente 4/6 jours , volume observable 6.0 < 15 , volume irregulier (CV 0.91)
Etats-Unis;us_mbta;Beverly;us_mbta|beverly@42.55,-70.89;12.4;6;48;100;100;100;0;0.56;0.59;0;116;5;0;0;REJETEE;presente 5/6 jours , volume observable 6.0 < 15 , trop parfaite (100 % sous 60 s) , volume irregulier (CV 0.56)
Etats-Unis;us_mbta;Swampscott;us_mbta|swampscott@42.47,-70.92;12.4;6;48;100;100;100;0;0.52;0.54;0;108;5;0;0;REJETEE;presente 5/6 jours , volume observable 6.0 < 15 , trop parfaite (100 % sous 60 s) , volume irregulier (CV 0.52)
Etats-Unis;us_mbta;Salem;us_mbta|salem@42.52,-70.90;12.2;6;49;100;100;100;0;0.61;0.64;0;119;5;0;0;REJETEE;presente 5/6 jours , volume observable 6.0 < 15 , trop parfaite (100 % sous 60 s) , volume irregulier (CV 0.61)
Allemagne;de_gtfsde;;de_gtfsde|300328;11.5;6;52;41.7;66.7;100;58.3;1.19;1.13;100;21;4;0;0;REJETEE;identite non resolue , presente 4/6 jours , volume observable 6.0 < 15 , volume irregulier (CV 1.19) , ponctualite erratique (amplitude 100 pt)
Allemagne;de_gtfsde;Schkeuditz;de_gtfsde|schkeuditz@51.40,12.22;11.3;6;53;75;86.1;97.2;22.2;0.69;0.65;100;43;6;0;0;REJETEE;volume observable 6.0 < 15 , volume irregulier (CV 0.69) , ponctualite erratique (amplitude 100 pt)
Allemagne;de_gtfsde;;de_gtfsde|577528;11.3;6;53;45.8;70.8;87.5;41.7;1.12;1.07;100;21;4;0;0;REJETEE;identite non resolue , presente 4/6 jours , volume observable 6.0 < 15 , volume irregulier (CV 1.12) , ponctualite erratique (amplitude 100 pt)
Etats-Unis;us_mbta;Freetown;us_mbta|freetown@41.77,-71.09;11.2;6;54;100;100;100;0;0.5;0.45;0;31;6;0;0;REJETEE;volume observable 6.0 < 15 , trop parfaite (100 % sous 60 s) , volume irregulier (CV 0.50)
Allemagne;de_gtfsde;;de_gtfsde|571141;10.5;6;57;16.7;50;75;58.3;0.86;0.77;100;82;4;0;0;REJETEE;identite non resolue , presente 4/6 jours , volume observable 6.0 < 15 , volume irregulier (CV 0.86) , ponctualite erratique (amplitude 100 pt)
Allemagne;de_gtfsde;;de_gtfsde|133069;10.5;6;57;58.3;83.3;83.3;25;0.87;0.77;25;23;4;0;0;REJETEE;identite non resolue , presente 4/6 jours , volume observable 6.0 < 15 , volume irregulier (CV 0.87)
Etats-Unis;us_mbta;Roslindale Village;us_mbta|roslindalevillage@42.29,-71.13;10.5;6;57;100;100;100;0;0.34;0.26;0;;4;0;0;REJETEE;presente 4/6 jours , volume observable 6.0 < 15 , trop parfaite (100 % sous 60 s)
Etats-Unis;us_mbta;Highland;us_mbta|highland@42.28,-71.15;10.3;6;59;100;100;100;0;0.32;0.23;0;;4;0;0;REJETEE;presente 4/6 jours , volume observable 6.0 < 15 , trop parfaite (100 % sous 60 s)
Etats-Unis;us_mbta;North Scituate;us_mbta|northscituate@42.22,-70.79;10.2;6;59;100;100;100;0;0.11;0.16;0;74;5;0;0;REJETEE;presente 5/6 jours , volume observable 6.0 < 15 , trop parfaite (100 % sous 60 s)
Etats-Unis;us_mbta;Whitman;us_mbta|whitman@42.08,-70.92;9.8;6;61;100;100;100;0;0.29;0.28;0;45;5;0;0;REJETEE;presente 5/6 jours , volume observable 6.0 < 15 , trop parfaite (100 % sous 60 s)
Etats-Unis;us_mbta;South Weymouth;us_mbta|southweymouth@42.16,-70.95;9.2;6;65;100;100;100;0;0.42;0.36;0;28;5;0;0;REJETEE;presente 5/6 jours , volume observable 6.0 < 15 , trop parfaite (100 % sous 60 s) , volume irregulier (CV 0.42)
Etats-Unis;us_mbta;Wilmington;us_mbta|wilmington@42.55,-71.17;8;6;75;100;100;100;0;0.6;0.64;0;57;5;0;0;REJETEE;presente 5/6 jours , volume observable 6.0 < 15 , trop parfaite (100 % sous 60 s) , volume irregulier (CV 0.60)
Etats-Unis;us_mta_lirr;;us_mta_lirr|233;7.8;6;77;58.3;75;91.7;33.3;0.67;0.52;46;247;4;0.25;0;REJETEE;identite non resolue , presente 4/6 jours , volume observable 6.0 < 15 , volume irregulier (CV 0.67)
Allemagne;de_gtfsde;Barnten/Bahnhof;de_gtfsde|barntenbahnhof@52.20,9.81;7.5;6;80;41.7;88.9;88.9;47.2;0.27;0.21;38;73;6;0;0;REJETEE;volume observable 6.0 < 15
Etats-Unis;us_mta_lirr;;us_mta_lirr|141;7.5;6;80;20.8;75;91.7;70.8;0.68;0.49;50;229;4;0.25;0;REJETEE;identite non resolue , presente 4/6 jours , volume observable 6.0 < 15 , volume irregulier (CV 0.68)
France;fr_sncf;Valenciennes;fr_sncf|UIC87343004;34.8;5.8;17;87;95.7;100;13;0.15;0.27;20;162;4;0;0;REJETEE;presente 4/6 jours , volume observable 5.8 < 15
France;fr_sncf;Le Bosquet;fr_sncf|UIC87757757;32.8;5.8;18;60.9;95.7;95.7;34.8;0.79;0.73;100;111;4;0;0;REJETEE;presente 4/6 jours , volume observable 5.8 < 15 , volume irregulier (CV 0.79) , ponctualite erratique (amplitude 100 pt)
France;fr_sncf;La Frayère;fr_sncf|UIC87757740;32.8;5.8;18;73.9;100;100;26.1;0.81;0.73;100;111;4;0;0;REJETEE;presente 4/6 jours , volume observable 5.8 < 15 , trop parfaite (aucun retard > 5 min) , volume irregulier (CV 0.81) , ponctualite erratique (amplitude 100 pt)
France;fr_sncf;Ranguin;fr_sncf|UIC87757732;32.8;5.8;18;73.9;100;100;26.1;0.81;0.73;100;111;4;0;0;REJETEE;presente 4/6 jours , volume observable 5.8 < 15 , trop parfaite (aucun retard > 5 min) , volume irregulier (CV 0.81) , ponctualite erratique (amplitude 100 pt)
Pays-Bas;nl_ovapi;Bad Nieuweschans;nl_ovapi|badnieuweschans@53.18,7.20;30.3;5.8;19;69.6;95.7;100;30.4;0.72;0.73;100;157;4;0;0;REJETEE;presente 4/6 jours , volume observable 5.8 < 15 , volume irregulier (CV 0.72) , ponctualite erratique (amplitude 100 pt)
France;fr_sncf;Brive-la-Gaillarde;fr_sncf|UIC87594002;30.2;5.8;19;80;85.7;85.7;5.7;0.39;0.49;40;177;6;1;0;REJETEE;volume observable 5.8 < 15 , volume irregulier (CV 0.39)
France;fr_sncf;Menton Garavan;fr_sncf|UIC87756494;28.8;5.8;20;37.9;51.7;69;31;0.91;0.88;75;127;5;0;0.4;REJETEE;presente 5/6 jours , volume observable 5.8 < 15 , volume irregulier (CV 0.91) , ponctualite erratique (amplitude 75 pt)
France;fr_sncf;Grenoble Universités - Gières;fr_sncf|UIC87747402;27.8;5.8;21;71.4;80;85.7;14.3;0.43;0.49;50;159;6;1.5;1;REJETEE;volume observable 5.8 < 15 , volume irregulier (CV 0.43)
France;fr_sncf;Pessac-Alouette;fr_sncf|UIC87581793;20;5.8;29;47.8;91.3;95.7;47.8;0.86;0.8;100;111;4;6.25;1;REJETEE;presente 4/6 jours , volume observable 5.8 < 15 , volume irregulier (CV 0.86) , ponctualite erratique (amplitude 100 pt)
France;fr_sncf;Dourdan;fr_sncf|UIC87545525;19.8;5.8;29;60.9;73.9;100;39.1;0.49;0.43;50;216;4;0.5;0;REJETEE;presente 4/6 jours , volume observable 5.8 < 15 , volume irregulier (CV 0.49)
France;fr_sncf;Dammartin - Juilly - Saint-Mard;fr_sncf|UIC87271536;16.8;5.8;34;87;100;100;13;0.64;0.39;0;86;4;0;0;REJETEE;presente 4/6 jours , volume observable 5.8 < 15 , trop parfaite (aucun retard > 5 min) , volume irregulier (CV 0.64)
Allemagne;de_gtfsde;;de_gtfsde|651427;13;5.8;44;39.1;69.6;78.3;39.1;0.88;0.91;100;32;4;0;0;REJETEE;identite non resolue , presente 4/6 jours , volume observable 5.8 < 15 , volume irregulier (CV 0.88) , ponctualite erratique (amplitude 100 pt)
Allemagne;de_gtfsde;Vellmar-Obervellmar Bahnhof;de_gtfsde|vellmarobervellmarbahnhof@51.36,9.45;13;5.8;44;82.6;95.7;95.7;13;0.5;0.58;8;271;4;0;0;REJETEE;presente 4/6 jours , volume observable 5.8 < 15 , volume irregulier (CV 0.50)
Allemagne;de_gtfsde;;de_gtfsde|150345;12.5;5.8;46;73.9;100;100;26.1;0.79;0.74;0;19;4;0;0;REJETEE;identite non resolue , presente 4/6 jours , volume observable 5.8 < 15 , trop parfaite (aucun retard > 5 min) , volume irregulier (CV 0.79)
Allemagne;de_gtfsde;;de_gtfsde|440630;10.5;5.8;55;73.9;100;100;26.1;1.09;1.02;0;41;4;0;0;REJETEE;identite non resolue , presente 4/6 jours , volume observable 5.8 < 15 , trop parfaite (aucun retard > 5 min) , volume irregulier (CV 1.09)
Etats-Unis;us_mbta;East Weymouth;us_mbta|eastweymouth@42.22,-70.92;9.8;5.8;59;100;100;100;0;0.28;0.27;0;90;5;0;0;REJETEE;presente 5/6 jours , volume observable 5.8 < 15 , trop parfaite (100 % sous 60 s)
Allemagne;de_gtfsde;;de_gtfsde|612986;9.8;5.8;59;43.5;82.6;100;56.5;0.93;1.03;24;25;4;0;0;REJETEE;identite non resolue , presente 4/6 jours , volume observable 5.8 < 15 , volume irregulier (CV 0.93)
Allemagne;de_gtfsde;;de_gtfsde|502562;9.5;5.8;61;78.3;95.7;100;21.7;1.14;1.01;6;26;4;0;0;REJETEE;identite non resolue , presente 4/6 jours , volume observable 5.8 < 15 , volume irregulier (CV 1.14)
Etats-Unis;us_mbta;Weymouth Landing/East Braintree;us_mbta|weymouthlandingeastbraintree@42.22,-70.97;9.4;5.8;62;100;100;100;0;0.26;0.16;0;95;5;0;0;REJETEE;presente 5/6 jours , volume observable 5.8 < 15 , trop parfaite (100 % sous 60 s)
Pays-Bas;nl_ovapi;Koudum-Molkwerum;nl_ovapi|koudummolkwerum@52.90,5.41;9;5.8;64;78.3;100;100;21.7;0.46;0.44;100;177;4;0;0;REJETEE;presente 4/6 jours , volume observable 5.8 < 15 , trop parfaite (aucun retard > 5 min) , volume irregulier (CV 0.46) , ponctualite erratique (amplitude 100 pt)
Pays-Bas;nl_ovapi;IJlst;nl_ovapi|ijlst@53.01,5.62;9;5.8;64;60.9;100;100;39.1;0.5;0.44;100;177;4;0;0;REJETEE;presente 4/6 jours , volume observable 5.8 < 15 , trop parfaite (aucun retard > 5 min) , volume irregulier (CV 0.50) , ponctualite erratique (amplitude 100 pt)
Etats-Unis;us_mbta;Wakefield;us_mbta|wakefield@42.50,-71.08;8.3;5.8;70;100;100;100;0;0.59;0.54;0;57;4;0;0;REJETEE;presente 4/6 jours , volume observable 5.8 < 15 , trop parfaite (100 % sous 60 s) , volume irregulier (CV 0.59)
Etats-Unis;us_mbta;Reading;us_mbta|reading@42.52,-71.11;8;5.8;72;100;100;100;0;0.56;0.54;0;60;4;0;0;REJETEE;presente 4/6 jours , volume observable 5.8 < 15 , trop parfaite (100 % sous 60 s) , volume irregulier (CV 0.56)
Etats-Unis;us_mta_lirr;;us_mta_lirr|83;7.5;5.8;77;47.8;87;95.7;47.8;0.72;0.55;23;263;4;0.25;0;REJETEE;identite non resolue , presente 4/6 jours , volume observable 5.8 < 15 , volume irregulier (CV 0.72)
France;fr_sncf;Bellegarde;fr_sncf|UIC87745000;33.2;5.7;17;70.6;82.4;88.2;17.6;0.17;0.33;40;186;6;0.5;0;REJETEE;volume observable 5.7 < 15
France;fr_sncf;Paris Saint-Lazare;fr_sncf|UIC87384008;32.2;5.7;18;70.6;85.3;85.3;14.7;0.86;0.93;100;515;6;0.33;0;REJETEE;volume observable 5.7 < 15 , volume irregulier (CV 0.86) , ponctualite erratique (amplitude 100 pt)
France;fr_sncf;Massy TGV;fr_sncf|UIC87393702;26.5;5.7;21;52.9;73.5;76.5;23.5;0.41;0.38;50;157;6;0;0;REJETEE;volume observable 5.7 < 15 , volume irregulier (CV 0.41)
France;fr_sncf;Saint-Pierre-d'Albigny;fr_sncf|UIC87741223;25.2;5.7;23;32.4;64.7;73.5;41.2;0.43;0.43;57;80;6;0;0;REJETEE;volume observable 5.7 < 15 , volume irregulier (CV 0.43)
Allemagne;de_gtfsde;Zeutern;de_gtfsde|zeutern@49.18,8.68;8.2;5.6;68;71.4;100;100;28.6;0.76;0.81;0;234;5;0;0;REJETEE;presente 5/6 jours , volume observable 5.6 < 15 , trop parfaite (aucun retard > 5 min) , volume irregulier (CV 0.76)
Pays-Bas;nl_ovapi;Brussel-Zuid;nl_ovapi|brusselzuid@50.83,4.34;43.7;5.5;13;100;100;100;0;0.75;0.73;100;120;6;0.33;0;REJETEE;volume observable 5.5 < 15 , trop parfaite (100 % sous 60 s) , volume irregulier (CV 0.75) , ponctualite erratique (amplitude 100 pt)
France;fr_sncf;Poitiers;fr_sncf|UIC87575001;26.5;5.5;21;30.3;57.6;78.8;48.5;0.65;0.74;70;348;6;0.33;0;REJETEE;volume observable 5.5 < 15 , volume irregulier (CV 0.65) , ponctualite erratique (amplitude 70 pt)
France;fr_sncf;Golfe Juan Vallauris;fr_sncf|UIC87757641;25.8;5.5;21;48.5;97;97;48.5;0.98;0.93;100;169;6;0.5;0;REJETEE;volume observable 5.5 < 15 , volume irregulier (CV 0.98) , ponctualite erratique (amplitude 100 pt)
France;fr_sncf;Nevers;fr_sncf|UIC87696005;24;5.5;23;63.6;81.8;90.9;27.3;0.33;0.55;67;243;4;0.5;0;REJETEE;presente 4/6 jours , volume observable 5.5 < 15 , ponctualite erratique (amplitude 67 pt)
France;fr_sncf;Saint-Rambert-d'Albon;fr_sncf|UIC87761106;23.5;5.5;23;45.5;63.6;63.6;18.2;0.75;0.66;100;117;6;0.33;0.17;REJETEE;volume observable 5.5 < 15 , volume irregulier (CV 0.75) , ponctualite erratique (amplitude 100 pt)
Allemagne;de_gtfsde;;de_gtfsde|529704;20.5;5.5;27;72.7;81.8;86.4;13.6;1.16;1.18;100;15;4;0;0;REJETEE;identite non resolue , presente 4/6 jours , volume observable 5.5 < 15 , volume irregulier (CV 1.16) , ponctualite erratique (amplitude 100 pt)
Pays-Bas;nl_ovapi;Oberhausen Hbf;nl_ovapi|oberhausenhbf@51.48,6.85;17.2;5.5;32;36.4;66.7;75.8;39.4;0.41;0.42;60;138;6;0;0;REJETEE;volume observable 5.5 < 15 , volume irregulier (CV 0.41)
Allemagne;de_gtfsde;;de_gtfsde|56901;14.3;5.5;39;54.5;95.5;100;45.5;1.43;1.21;50;17;4;0;0;REJETEE;identite non resolue , presente 4/6 jours , volume observable 5.5 < 15 , volume irregulier (CV 1.43)
Allemagne;de_gtfsde;Hamburg, Rahlstedt;de_gtfsde|hamburgrahlstedt@53.60,10.15;13.8;5.5;40;59.1;90.9;100;40.9;0.35;0.35;20;162;4;0;0;REJETEE;presente 4/6 jours , volume observable 5.5 < 15
Allemagne;de_gtfsde;;de_gtfsde|279378;10.5;5.5;52;50;90.9;90.9;40.9;0.95;0.88;100;23;4;0;0;REJETEE;identite non resolue , presente 4/6 jours , volume observable 5.5 < 15 , volume irregulier (CV 0.95) , ponctualite erratique (amplitude 100 pt)
Allemagne;de_gtfsde;;de_gtfsde|575165;10.3;5.5;54;81.8;95.5;100;18.2;1.1;1.06;6;42;4;0;0;REJETEE;identite non resolue , presente 4/6 jours , volume observable 5.5 < 15 , volume irregulier (CV 1.10)
Allemagne;de_gtfsde;Rüsselsheim Opelwerk Bahnhof;de_gtfsde|rsselsheimopelwerkbahnhof@49.99,8.40;10;5.5;55;40.9;72.7;90.9;50;0.67;0.47;50;90;4;0;0;REJETEE;presente 4/6 jours , volume observable 5.5 < 15 , volume irregulier (CV 0.67)
Allemagne;de_gtfsde;Hagen Oberhagen;de_gtfsde|hagenoberhagen@51.35,7.48;9.8;5.5;56;13.6;59.1;95.5;81.8;0.74;0.76;50;44;4;0;0;REJETEE;presente 4/6 jours , volume observable 5.5 < 15 , volume irregulier (CV 0.74)
Allemagne;de_gtfsde;;de_gtfsde|541360;9.3;5.5;59;54.5;72.7;86.4;31.8;0.81;0.77;43;26;4;0;0;REJETEE;identite non resolue , presente 4/6 jours , volume observable 5.5 < 15 , volume irregulier (CV 0.81)
Pays-Bas;nl_ovapi;Stavoren;nl_ovapi|stavoren@52.89,5.36;9;5.5;61;90.9;100;100;9.1;0.46;0.44;100;177;4;0;0;REJETEE;presente 4/6 jours , volume observable 5.5 < 15 , trop parfaite (aucun retard > 5 min) , volume irregulier (CV 0.46) , ponctualite erratique (amplitude 100 pt)
Etats-Unis;us_mbta;Cohasset;us_mbta|cohasset@42.24,-70.84;8.7;5.5;63;100;100;100;0;0.36;0.39;0;48;6;0;0;REJETEE;volume observable 5.5 < 15 , trop parfaite (100 % sous 60 s) , volume irregulier (CV 0.36)
Allemagne;de_gtfsde;Wörrstadt, Bahnhof;de_gtfsde|wrrstadtbahnhof@49.85,8.11;10;5.4;54;29.6;74.1;92.6;63;0.92;0.66;33;138;5;0;0;REJETEE;presente 5/6 jours , volume observable 5.4 < 15 , volume irregulier (CV 0.92)
Pays-Bas;nl_ovapi;Almere Oostvaarders;nl_ovapi|almereoostvaarders@52.40,5.30;90;5.3;6;61.9;90.5;100;38.1;0.58;0.51;90;82;4;0;0;REJETEE;presente 4/6 jours , volume observable 5.3 < 15 , volume irregulier (CV 0.58) , ponctualite erratique (amplitude 90 pt)
France;fr_sncf;Laon;fr_sncf|UIC87296012;24;5.3;22;90.5;90.5;95.2;4.8;0.52;0.49;15;123;4;0;0;REJETEE;presente 4/6 jours , volume observable 5.3 < 15 , volume irregulier (CV 0.52)
France;fr_sncf;Saint-Vallier sur Rhône;fr_sncf|UIC87761130;23.5;5.3;23;50;68.8;68.8;18.8;0.74;0.66;100;117;6;0.33;0.17;REJETEE;volume observable 5.3 < 15 , volume irregulier (CV 0.74) , ponctualite erratique (amplitude 100 pt)
France;fr_sncf;Frontignan;fr_sncf|UIC87773556;21;5.3;25;37.5;62.5;65.6;28.1;0.87;0.87;83;145;6;0;0.5;REJETEE;volume observable 5.3 < 15 , volume irregulier (CV 0.87) , ponctualite erratique (amplitude 83 pt)
France;fr_sncf;Gazinet - Cestas;fr_sncf|UIC87582403;20;5.3;26;52.4;90.5;95.2;42.9;0.85;0.8;100;111;4;6.25;1;REJETEE;presente 4/6 jours , volume observable 5.3 < 15 , volume irregulier (CV 0.85) , ponctualite erratique (amplitude 100 pt)
Allemagne;de_gtfsde;;de_gtfsde|646453;19.5;5.3;27;57.1;90.5;100;42.9;1.44;1.41;12;16;4;0;0;REJETEE;identite non resolue , presente 4/6 jours , volume observable 5.3 < 15 , volume irregulier (CV 1.44)
Allemagne;de_gtfsde;;de_gtfsde|576177;12.5;5.3;42;57.1;76.2;90.5;33.3;0.85;0.75;50;19;4;0;0;REJETEE;identite non resolue , presente 4/6 jours , volume observable 5.3 < 15 , volume irregulier (CV 0.85)
Allemagne;de_gtfsde;;de_gtfsde|131350;12;5.3;44;76.2;100;100;23.8;1.25;1.15;0;27;4;0;0;REJETEE;identite non resolue , presente 4/6 jours , volume observable 5.3 < 15 , trop parfaite (aucun retard > 5 min) , volume irregulier (CV 1.25)
Allemagne;de_gtfsde;;de_gtfsde|257581;11;5.3;48;66.7;90.5;90.5;23.8;1;0.92;100;22;4;0;0;REJETEE;identite non resolue , presente 4/6 jours , volume observable 5.3 < 15 , volume irregulier (CV 1.00) , ponctualite erratique (amplitude 100 pt)
Etats-Unis;us_mta_mnr;;us_mta_mnr|151;11;5.3;48;47.6;81;100;52.4;0.28;0;3;;4;0;0;REJETEE;identite non resolue , presente 4/6 jours , volume observable 5.3 < 15
Allemagne;de_gtfsde;;de_gtfsde|143091;10.8;5.3;49;61.9;95.2;100;38.1;1.06;1.04;100;22;4;0;0;REJETEE;identite non resolue , presente 4/6 jours , volume observable 5.3 < 15 , volume irregulier (CV 1.06) , ponctualite erratique (amplitude 100 pt)
Allemagne;de_gtfsde;;de_gtfsde|176910;10.5;5.3;50;42.9;90.5;100;57.1;0.99;0.91;100;50;4;0;0;REJETEE;identite non resolue , presente 4/6 jours , volume observable 5.3 < 15 , volume irregulier (CV 0.99) , ponctualite erratique (amplitude 100 pt)
Allemagne;de_gtfsde;;de_gtfsde|375887;10.5;5.3;50;76.2;95.2;100;23.8;1.05;0.87;100;41;4;0;0;REJETEE;identite non resolue , presente 4/6 jours , volume observable 5.3 < 15 , volume irregulier (CV 1.05) , ponctualite erratique (amplitude 100 pt)
Etats-Unis;us_mbta;TF Green Airport;us_mbta|tfgreenairport@41.73,-71.44;9.8;5.3;54;100;100;100;0;0.28;0.23;0;;4;0;0;REJETEE;presente 4/6 jours , volume observable 5.3 < 15 , trop parfaite (100 % sous 60 s)
Allemagne;de_gtfsde;;de_gtfsde|456929;7.8;5.3;68;71.4;90.5;90.5;19;0.81;0.64;50;88;4;0;0;REJETEE;identite non resolue , presente 4/6 jours , volume observable 5.3 < 15 , volume irregulier (CV 0.81)
France;fr_sncf;Voiron;fr_sncf|UIC87747287;30.8;5.2;17;80.8;80.8;80.8;0;1.02;0.9;25;56;5;3.2;0.6;REJETEE;presente 5/6 jours , volume observable 5.2 < 15 , distribution degeneree (0.0 pt) , volume irregulier (CV 1.02)
France;fr_sncf;Lépin-le-Lac - La Bauche;fr_sncf|UIC87741439;22.5;5.2;23;45.2;71;83.9;38.7;0.34;0.37;50;107;6;0;0.67;REJETEE;volume observable 5.2 < 15
France;fr_sncf;Lunel;fr_sncf|UIC87773408;22.3;5.2;23;51.6;67.7;67.7;16.1;0.82;0.84;100;131;6;0;0.33;REJETEE;volume observable 5.2 < 15 , volume irregulier (CV 0.82) , ponctualite erratique (amplitude 100 pt)
France;fr_sncf;Livron;fr_sncf|UIC87761247;17;5.2;31;57.7;69.2;73.1;15.4;0.47;0.39;50;91;5;0.2;0.2;REJETEE;presente 5/6 jours , volume observable 5.2 < 15 , volume irregulier (CV 0.47)
Allemagne;de_gtfsde;Oberkirch Koehlersiedlung;de_gtfsde|oberkirchkoehlersiedlung@48.52,8.09;9.2;5.2;57;69.2;88.5;92.3;23.1;1.27;1.13;67;28;5;0;0;REJETEE;presente 5/6 jours , volume observable 5.2 < 15 , volume irregulier (CV 1.27) , ponctualite erratique (amplitude 67 pt)
France;fr_sncf;Metz;fr_sncf|UIC87192039;49.4;5;10;80;92;92;12;0.62;0.79;100;512;5;0.2;0;REJETEE;presente 5/6 jours , volume observable 5.0 < 15 , volume irregulier (CV 0.62) , ponctualite erratique (amplitude 100 pt)
France;fr_sncf;Biot;fr_sncf|UIC87757690;26;5;19;56;76;84;28;1.06;0.95;38;110;5;1;0.4;REJETEE;presente 5/6 jours , volume observable 5.0 < 15 , volume irregulier (CV 1.06)
France;fr_sncf;Cros de Cagnes;fr_sncf|UIC87756338;26;5;19;68;80;88;20;1.04;0.95;50;110;5;1;0.4;REJETEE;presente 5/6 jours , volume observable 5.0 < 15 , volume irregulier (CV 1.04)
France;fr_sncf;Saint-Marcellin;fr_sncf|UIC87761718;22.2;5;23;44;60;60;16;0.51;0.63;63;176;5;1;0.6;REJETEE;presente 5/6 jours , volume observable 5.0 < 15 , volume irregulier (CV 0.51) , ponctualite erratique (amplitude 63 pt)
France;fr_sncf;Rognac;fr_sncf|UIC87753251;20.4;5;25;68;92;96;28;0.67;0.66;100;60;5;0.2;0;REJETEE;presente 5/6 jours , volume observable 5.0 < 15 , volume irregulier (CV 0.67) , ponctualite erratique (amplitude 100 pt)
France;fr_sncf;Montélimar;fr_sncf|UIC87764001;19.5;5;26;50;76.7;80;30;0.57;0.57;100;144;6;0.33;0.17;REJETEE;volume observable 5.0 < 15 , volume irregulier (CV 0.57) , ponctualite erratique (amplitude 100 pt)
France;fr_sncf;L'Estaque;fr_sncf|UIC87751602;18.4;5;27;64;88;92;28;0.74;0.74;100;62;5;0.2;0;REJETEE;presente 5/6 jours , volume observable 5.0 < 15 , volume irregulier (CV 0.74) , ponctualite erratique (amplitude 100 pt)
Pays-Bas;nl_ovapi;Uithuizen;nl_ovapi|uithuizen@53.41,6.67;17.8;5;28;90;100;100;10;0.69;0.71;0;344;4;0;0;REJETEE;presente 4/6 jours , volume observable 5.0 < 15 , trop parfaite (aucun retard > 5 min) , volume irregulier (CV 0.69)
France;fr_sncf;Mézidon - Canon;fr_sncf|UIC87444208;16.5;5;30;70;80;85;15;0.47;0.57;30;340;4;0;0;REJETEE;presente 4/6 jours , volume observable 5.0 < 15 , volume irregulier (CV 0.47)
Allemagne;de_gtfsde;;de_gtfsde|142968;13.5;5;37;75;95;100;25;1.44;1.35;100;18;4;0;0;REJETEE;identite non resolue , presente 4/6 jours , volume observable 5.0 < 15 , volume irregulier (CV 1.44) , ponctualite erratique (amplitude 100 pt)
Allemagne;de_gtfsde;;de_gtfsde|416012;13;5;38;50;75;85;35;0.96;0.98;100;32;4;0;0;REJETEE;identite non resolue , presente 4/6 jours , volume observable 5.0 < 15 , volume irregulier (CV 0.96) , ponctualite erratique (amplitude 100 pt)
Allemagne;de_gtfsde;;de_gtfsde|150482;11.3;5;44;50;70;80;30;0.9;0.82;50;21;4;0;0;REJETEE;identite non resolue , presente 4/6 jours , volume observable 5.0 < 15 , volume irregulier (CV 0.90)
Allemagne;de_gtfsde;;de_gtfsde|513022;11.3;5;44;85;95;100;15;1.05;0.97;100;21;4;0;0;REJETEE;identite non resolue , presente 4/6 jours , volume observable 5.0 < 15 , volume irregulier (CV 1.05) , ponctualite erratique (amplitude 100 pt)
Allemagne;de_gtfsde;;de_gtfsde|500596;10.8;5;47;60;85;90;30;1.25;1.04;100;39;4;0;0;REJETEE;identite non resolue , presente 4/6 jours , volume observable 5.0 < 15 , volume irregulier (CV 1.25) , ponctualite erratique (amplitude 100 pt)
Etats-Unis;us_mbta;Auburndale;us_mbta|auburndale@42.35,-71.25;10.2;5;49;100;100;100;0;0.27;0.31;0;60;6;0;0;REJETEE;volume observable 5.0 < 15 , trop parfaite (100 % sous 60 s)
Allemagne;de_gtfsde;;de_gtfsde|466786;10;5;50;65;90;100;35;1.1;1.04;100;24;4;0;0;REJETEE;identite non resolue , presente 4/6 jours , volume observable 5.0 < 15 , volume irregulier (CV 1.10) , ponctualite erratique (amplitude 100 pt)
Etats-Unis;us_mbta;New Bedford;us_mbta|newbedford@41.64,-70.93;9.4;5;53;100;100;100;0;0.25;0.22;0;95;5;0;0;REJETEE;presente 5/6 jours , volume observable 5.0 < 15 , trop parfaite (100 % sous 60 s)
Allemagne;de_gtfsde;;de_gtfsde|282870;9.3;5;54;45;80;95;50;0.84;0.7;27;26;4;0;0;REJETEE;identite non resolue , presente 4/6 jours , volume observable 5.0 < 15 , volume irregulier (CV 0.84)
Allemagne;de_gtfsde;Kruft;de_gtfsde|kruft@50.39,7.34;9.3;5;54;55;85;95;40;0.82;0.61;50;42;4;0;0;REJETEE;presente 4/6 jours , volume observable 5.0 < 15 , volume irregulier (CV 0.82)
Allemagne;de_gtfsde;Laufach;de_gtfsde|laufach@50.01,9.28;8.4;5;60;60;80;92;32;0.37;0.38;50;150;5;0;0;REJETEE;presente 5/6 jours , volume observable 5.0 < 15 , volume irregulier (CV 0.37)
Allemagne;de_gtfsde;Neuendettelsau;de_gtfsde|neuendettelsau@49.28,10.78;8;5;63;84;100;100;16;0.83;0.67;0;38;5;0;0;REJETEE;presente 5/6 jours , volume observable 5.0 < 15 , trop parfaite (aucun retard > 5 min) , volume irregulier (CV 0.83)
Etats-Unis;us_mbta;Anderson/Woburn;us_mbta|andersonwoburn@42.52,-71.14;7.4;5;68;100;100;100;0;0.71;0.73;0;56;5;0;0;REJETEE;presente 5/6 jours , volume observable 5.0 < 15 , trop parfaite (100 % sous 60 s) , volume irregulier (CV 0.71)
Etats-Unis;us_mbta;Wedgemere;us_mbta|wedgemere@42.44,-71.14;6.7;5;75;100;100;100;0;0.65;0.65;0;67;6;0;0;REJETEE;volume observable 5.0 < 15 , trop parfaite (100 % sous 60 s) , volume irregulier (CV 0.65)
Pays-Bas;nl_ovapi;Almere Parkwijk;nl_ovapi|almereparkwijk@52.38,5.24;68.8;4.8;7;63.2;100;100;36.8;0.31;0.32;100;143;4;0;0;REJETEE;presente 4/6 jours , volume observable 4.8 < 15 , trop parfaite (aucun retard > 5 min) , ponctualite erratique (amplitude 100 pt)
France;fr_sncf;Entzheim Aéroport;fr_sncf|UIC87214528;32.8;4.8;15;100;100;100;0;0.4;0.55;100;297;4;0;0;REJETEE;presente 4/6 jours , volume observable 4.8 < 15 , trop parfaite (100 % sous 60 s) , volume irregulier (CV 0.40) , ponctualite erratique (amplitude 100 pt)
France;fr_sncf;Bayonne;fr_sncf|UIC87673004;25;4.8;19;91.7;95.8;95.8;4.2;0.42;0.45;20;185;5;1.4;3;REJETEE;presente 5/6 jours , volume observable 4.8 < 15 , volume irregulier (CV 0.42)
France;fr_sncf;Morcenx;fr_sncf|UIC87673103;24.3;4.8;20;42.1;78.9;89.5;47.4;0.42;0.46;29;83;4;2.25;2.5;REJETEE;presente 4/6 jours , volume observable 4.8 < 15 , volume irregulier (CV 0.42)
France;fr_sncf;Pont-de-Beauvoisin;fr_sncf|UIC87741470;22.5;4.8;21;31;72.4;82.8;51.7;0.33;0.37;50;107;6;0;0.67;REJETEE;volume observable 4.8 < 15
France;fr_sncf;Marcheprime;fr_sncf|UIC87582445;20;4.8;24;57.9;94.7;94.7;36.8;0.84;0.8;100;111;4;6.25;1;REJETEE;presente 4/6 jours , volume observable 4.8 < 15 , volume irregulier (CV 0.84) , ponctualite erratique (amplitude 100 pt)
Allemagne;de_gtfsde;;de_gtfsde|6079;19.8;4.8;24;42.1;73.7;89.5;47.4;1.41;1.41;100;12;4;0;0;REJETEE;identite non resolue , presente 4/6 jours , volume observable 4.8 < 15 , volume irregulier (CV 1.41) , ponctualite erratique (amplitude 100 pt)
France;fr_sncf;Orange;fr_sncf|UIC87765107;19;4.8;25;51.7;82.8;96.6;44.8;0.6;0.57;100;145;6;0.33;0.17;REJETEE;volume observable 4.8 < 15 , volume irregulier (CV 0.60) , ponctualite erratique (amplitude 100 pt)
France;fr_sncf;Loriol;fr_sncf|UIC87761262;16.5;4.8;29;68.4;84.2;89.5;21.1;0.46;0.32;33;53;4;0.25;0;REJETEE;presente 4/6 jours , volume observable 4.8 < 15 , volume irregulier (CV 0.46)
France;fr_sncf;Riom - Châtel-Guyon;fr_sncf|UIC87734053;13.5;4.8;36;89.7;96.6;96.6;6.9;0.47;0.43;100;145;6;0;0;REJETEE;volume observable 4.8 < 15 , volume irregulier (CV 0.47) , ponctualite erratique (amplitude 100 pt)
Allemagne;de_gtfsde;;de_gtfsde|358353;13.3;4.8;36;68.4;89.5;100;31.6;0.8;0.71;22;31;4;0;0;REJETEE;identite non resolue , presente 4/6 jours , volume observable 4.8 < 15 , volume irregulier (CV 0.80)
Allemagne;de_gtfsde;Leubingen;de_gtfsde|leubingen@51.21,11.15;13;4.8;37;42.1;89.5;94.7;52.6;0.93;0.7;50;68;4;0;0;REJETEE;presente 4/6 jours , volume observable 4.8 < 15 , volume irregulier (CV 0.93)
Allemagne;de_gtfsde;Bad Belzig, Bahnhof;de_gtfsde|badbelzigbahnhof@52.14,12.60;12.4;4.8;39;54.2;87.5;95.8;41.7;1.14;1.04;100;48;5;0;0;REJETEE;presente 5/6 jours , volume observable 4.8 < 15 , volume irregulier (CV 1.14) , ponctualite erratique (amplitude 100 pt)
Etats-Unis;us_mbta;West Newton;us_mbta|westnewton@42.35,-71.23;10.2;4.8;48;100;100;100;0;0.24;0.29;0;60;6;0;0;REJETEE;volume observable 4.8 < 15 , trop parfaite (100 % sous 60 s)
Allemagne;de_gtfsde;Hammelburg;de_gtfsde|hammelburg@50.12,9.88;10;4.8;48;89.5;94.7;100;10.5;0.56;0.49;11;60;4;0;0;REJETEE;presente 4/6 jours , volume observable 4.8 < 15 , volume irregulier (CV 0.56)
Allemagne;de_gtfsde;;de_gtfsde|577125;9.8;4.8;49;26.3;47.4;89.5;63.2;1.07;1.02;100;44;4;0;0;REJETEE;identite non resolue , presente 4/6 jours , volume observable 4.8 < 15 , volume irregulier (CV 1.07) , ponctualite erratique (amplitude 100 pt)
Allemagne;de_gtfsde;;de_gtfsde|357458;9;4.8;53;68.4;84.2;89.5;21.1;0.64;0.6;30;60;4;0;0;REJETEE;identite non resolue , presente 4/6 jours , volume observable 4.8 < 15 , volume irregulier (CV 0.64)
Pays-Bas;nl_ovapi;Gronau (Westf.);nl_ovapi|gronauwestf@52.22,7.02;9;4.8;53;78.9;94.7;94.7;15.8;0.45;0.56;100;80;4;0;0;REJETEE;presente 4/6 jours , volume observable 4.8 < 15 , volume irregulier (CV 0.45) , ponctualite erratique (amplitude 100 pt)
Etats-Unis;us_mbta;Needham Heights;us_mbta|needhamheights@42.29,-71.24;9;4.8;53;100;100;100;0;0.37;0.3;0;;4;0;0;REJETEE;presente 4/6 jours , volume observable 4.8 < 15 , trop parfaite (100 % sous 60 s) , volume irregulier (CV 0.37)
Allemagne;de_gtfsde;;de_gtfsde|221916;8.5;4.8;56;47.4;78.9;89.5;42.1;0.98;0.92;40;29;4;0;0;REJETEE;identite non resolue , presente 4/6 jours , volume observable 4.8 < 15 , volume irregulier (CV 0.98)
Etats-Unis;us_mbta;North Billerica;us_mbta|northbillerica@42.59,-71.28;6.8;4.8;71;100;100;100;0;0.66;0.64;0;73;6;0;0;REJETEE;volume observable 4.8 < 15 , trop parfaite (100 % sous 60 s) , volume irregulier (CV 0.66)
Allemagne;de_gtfsde;Frommern Bahnhof;de_gtfsde|frommernbahnhof@48.24,8.87;6.8;4.8;71;58.3;95.8;100;41.7;0.6;0.56;33;39;5;0;0;REJETEE;presente 5/6 jours , volume observable 4.8 < 15 , volume irregulier (CV 0.60)
Etats-Unis;us_mbta;West Medford;us_mbta|westmedford@42.42,-71.13;6.3;4.8;76;100;100;100;0;0.61;0.57;0;71;6;0;0;REJETEE;volume observable 4.8 < 15 , trop parfaite (100 % sous 60 s) , volume irregulier (CV 0.61)
France;fr_sncf;Chartres;fr_sncf|UIC87394007;25.3;4.7;18;78.6;89.3;96.4;17.9;0.6;0.69;100;307;6;1.5;0.83;REJETEE;volume observable 4.7 < 15 , volume irregulier (CV 0.60) , ponctualite erratique (amplitude 100 pt)
France;fr_sncf;Rumilly;fr_sncf|UIC87746149;21.7;4.7;22;50;71.4;78.6;28.6;0.49;0.52;100;121;6;0.67;0.5;REJETEE;volume observable 4.7 < 15 , volume irregulier (CV 0.49) , ponctualite erratique (amplitude 100 pt)
France;fr_sncf;Saint-André-le-Gaz;fr_sncf|UIC87723494;17.3;4.7;27;71.4;85.7;89.3;17.9;0.75;0.78;50;89;6;0.67;0.17;REJETEE;volume observable 4.7 < 15 , volume irregulier (CV 0.75)
Etats-Unis;us_mbta;Newtonville;us_mbta|newtonville@42.35,-71.21;10.3;4.7;45;100;100;100;0;0.27;0.31;0;58;6;0;0;REJETEE;volume observable 4.7 < 15 , trop parfaite (100 % sous 60 s)
Etats-Unis;us_mbta;Winchester Center;us_mbta|winchestercenter@42.45,-71.14;6.7;4.7;70;100;100;100;0;0.72;0.71;0;67;6;0;0;REJETEE;volume observable 4.7 < 15 , trop parfaite (100 % sous 60 s) , volume irregulier (CV 0.72)
Etats-Unis;us_mbta;Fall River Depot;us_mbta|fallriverdepot@41.71,-71.15;11.2;4.6;41;100;100;100;0;0.4;0.38;0;31;5;0;0;REJETEE;presente 5/6 jours , volume observable 4.6 < 15 , trop parfaite (100 % sous 60 s) , volume irregulier (CV 0.40)
Allemagne;de_gtfsde;Rothenburg ob der Tauber;de_gtfsde|rothenburgobdertauber@49.38,10.19;9;4.6;51;78.3;100;100;21.7;0.99;0.96;0;38;5;0;0;REJETEE;presente 5/6 jours , volume observable 4.6 < 15 , trop parfaite (aucun retard > 5 min) , volume irregulier (CV 0.99)
Etats-Unis;us_mbta;Porter;us_mbta|porter@42.39,-71.12;6.4;4.6;72;100;100;100;0;0.71;0.64;0;90;5;0;0;REJETEE;presente 5/6 jours , volume observable 4.6 < 15 , trop parfaite (100 % sous 60 s) , volume irregulier (CV 0.71)
France;fr_sncf;Lyon Vaise;fr_sncf|UIC87721001;25.3;4.5;18;61.1;88.9;94.4;33.3;0.81;0.72;100;19;4;0;0.5;REJETEE;presente 4/6 jours , volume observable 4.5 < 15 , volume irregulier (CV 0.81) , ponctualite erratique (amplitude 100 pt)
France;fr_sncf;Crépy-en-Valois;fr_sncf|UIC87271593;20;4.5;22;72.2;94.4;94.4;22.2;0.54;0.43;20;78;4;0;0;REJETEE;presente 4/6 jours , volume observable 4.5 < 15 , volume irregulier (CV 0.54)
France;fr_sncf;Calais Ville;fr_sncf|UIC87317263;16.8;4.5;27;72.2;83.3;83.3;11.1;0.62;0.76;27;738;4;0;0.25;REJETEE;presente 4/6 jours , volume observable 4.5 < 15 , volume irregulier (CV 0.62)
Allemagne;de_gtfsde;;de_gtfsde|430609;15.3;4.5;30;77.8;94.4;94.4;16.7;1.02;0.8;11;98;4;0;0;REJETEE;identite non resolue , presente 4/6 jours , volume observable 4.5 < 15 , volume irregulier (CV 1.02)
Allemagne;de_gtfsde;Bad Ems Westbahnhof;de_gtfsde|bademswestbahnhof@50.33,7.71;12.7;4.5;36;55.6;66.7;74.1;18.5;1.17;1.12;67;45;6;0;0;REJETEE;volume observable 4.5 < 15 , volume irregulier (CV 1.17) , ponctualite erratique (amplitude 67 pt)
Allemagne;de_gtfsde;;de_gtfsde|298503;11.3;4.5;40;88.9;94.4;100;11.1;0.94;0.91;10;29;4;0;0;REJETEE;identite non resolue , presente 4/6 jours , volume observable 4.5 < 15 , volume irregulier (CV 0.94)
Allemagne;de_gtfsde;;de_gtfsde|529959;10.5;4.5;43;72.2;94.4;100;27.8;0.94;0.87;9;41;4;0;0;REJETEE;identite non resolue , presente 4/6 jours , volume observable 4.5 < 15 , volume irregulier (CV 0.94)
Allemagne;de_gtfsde;Nordholz(b Bremerhaven);de_gtfsde|nordholzbbremerhaven@53.78,8.62;10.3;4.5;44;100;100;100;0;0.56;0.44;0;46;4;0;0;REJETEE;presente 4/6 jours , volume observable 4.5 < 15 , trop parfaite (100 % sous 60 s) , volume irregulier (CV 0.56)
Allemagne;de_gtfsde;;de_gtfsde|369065;9.8;4.5;46;72.2;83.3;94.4;22.2;0.89;0.81;27;44;4;0;0;REJETEE;identite non resolue , presente 4/6 jours , volume observable 4.5 < 15 , volume irregulier (CV 0.89)
Allemagne;de_gtfsde;;de_gtfsde|538049;9.5;4.5;47;66.7;94.4;100;33.3;1.06;1.01;100;26;4;0;0;REJETEE;identite non resolue , presente 4/6 jours , volume observable 4.5 < 15 , volume irregulier (CV 1.06) , ponctualite erratique (amplitude 100 pt)
Allemagne;de_gtfsde;;de_gtfsde|329613;9.3;4.5;49;38.9;77.8;94.4;55.6;0.84;0.7;33;26;4;0;0;REJETEE;identite non resolue , presente 4/6 jours , volume observable 4.5 < 15 , volume irregulier (CV 0.84)
Allemagne;de_gtfsde;;de_gtfsde|340040;9.3;4.5;49;44.4;88.9;94.4;50;0.79;0.65;20;26;4;0;0;REJETEE;identite non resolue , presente 4/6 jours , volume observable 4.5 < 15 , volume irregulier (CV 0.79)
Allemagne;de_gtfsde;;de_gtfsde|63881;8.8;4.5;51;55.6;83.3;83.3;27.8;0.56;0.55;33;62;4;0;0;REJETEE;identite non resolue , presente 4/6 jours , volume observable 4.5 < 15 , volume irregulier (CV 0.56)
Etats-Unis;us_mbta;Ballardvale;us_mbta|ballardvale@42.63,-71.16;6.8;4.5;67;100;100;100;0;0.47;0.58;0;80;4;0;0;REJETEE;presente 4/6 jours , volume observable 4.5 < 15 , trop parfaite (100 % sous 60 s) , volume irregulier (CV 0.47)
France;fr_sncf;Marne-la-Vallée Chessy;fr_sncf|UIC87111849;26.6;4.4;17;18.2;40.9;54.5;36.4;0.32;0.48;67;226;5;0;0;REJETEE;presente 5/6 jours , volume observable 4.4 < 15 , ponctualite erratique (amplitude 67 pt)
France;fr_sncf;Rambouillet;fr_sncf|UIC87393314;26.2;4.4;17;86.4;95.5;100;13.6;0.54;0.52;100;195;5;1.2;0;REJETEE;presente 5/6 jours , volume observable 4.4 < 15 , volume irregulier (CV 0.54) , ponctualite erratique (amplitude 100 pt)
France;fr_sncf;Hendaye;fr_sncf|UIC87677005;18.4;4.4;24;81.8;86.4;86.4;4.5;0.47;0.42;40;138;5;1.2;2.8;REJETEE;presente 5/6 jours , volume observable 4.4 < 15 , volume irregulier (CV 0.47)
France;fr_sncf;Pas des Lanciers;fr_sncf|UIC87753285;17.2;4.4;26;63.6;90.9;90.9;27.3;0.76;0.76;100;55;5;0.2;0;REJETEE;presente 5/6 jours , volume observable 4.4 < 15 , volume irregulier (CV 0.76) , ponctualite erratique (amplitude 100 pt)
Etats-Unis;us_mbta;Greenbush;us_mbta|greenbush@42.18,-70.75;9.8;4.4;45;100;100;100;0;0.27;0.27;0;90;5;0;0;REJETEE;presente 5/6 jours , volume observable 4.4 < 15 , trop parfaite (100 % sous 60 s)
Etats-Unis;us_mbta;Melrose Highlands;us_mbta|melrosehighlands@42.47,-71.07;6.8;4.4;65;100;100;100;0;0.72;0.69;0;82;5;0;0;REJETEE;presente 5/6 jours , volume observable 4.4 < 15 , trop parfaite (100 % sous 60 s) , volume irregulier (CV 0.72)
Etats-Unis;us_mbta;Malden Center;us_mbta|maldencenter@42.43,-71.07;6.2;4.4;71;100;100;100;0;0.57;0.59;0;71;5;0;0;REJETEE;presente 5/6 jours , volume observable 4.4 < 15 , trop parfaite (100 % sous 60 s) , volume irregulier (CV 0.57)
France;fr_sncf;Lisieux;fr_sncf|UIC87444265;25.3;4.3;17;76.5;88.2;88.2;11.8;0.43;0.52;29;288;4;0;0;REJETEE;presente 4/6 jours , volume observable 4.3 < 15 , volume irregulier (CV 0.43)
France;fr_sncf;Aix-en-Provence;fr_sncf|UIC87751404;22.8;4.3;19;69.2;92.3;92.3;23.1;0.72;0.71;50;95;6;0.33;0.17;REJETEE;volume observable 4.3 < 15 , volume irregulier (CV 0.72)
France;fr_sncf;Givors Ville;fr_sncf|UIC87722405;22;4.3;20;61.5;88.5;88.5;26.9;1.69;1.61;100;24;6;0.5;0;REJETEE;volume observable 4.3 < 15 , volume irregulier (CV 1.69) , ponctualite erratique (amplitude 100 pt)
Allemagne;de_gtfsde;;de_gtfsde|620514;20.8;4.3;20;52.9;70.6;76.5;23.5;0.38;0.38;88;122;4;0;0;REJETEE;identite non resolue , presente 4/6 jours , volume observable 4.3 < 15 , volume irregulier (CV 0.38) , ponctualite erratique (amplitude 88 pt)
France;fr_sncf;Pau;fr_sncf|UIC87672006;19.7;4.3;22;73.1;92.3;92.3;19.2;0.66;0.62;29;187;6;0.5;2;REJETEE;volume observable 4.3 < 15 , volume irregulier (CV 0.66)
France;fr_sncf;Vergèze - Codognan;fr_sncf|UIC87775114;19.7;4.3;22;42.3;57.7;61.5;19.2;0.75;0.81;100;132;6;0;0.33;REJETEE;volume observable 4.3 < 15 , volume irregulier (CV 0.75) , ponctualite erratique (amplitude 100 pt)
France;fr_sncf;Culoz;fr_sncf|UIC87741074;19.5;4.3;22;46.2;69.2;80.8;34.6;0.61;0.58;100;100;6;0.17;0.17;REJETEE;volume observable 4.3 < 15 , volume irregulier (CV 0.61) , ponctualite erratique (amplitude 100 pt)
France;fr_sncf;Arles;fr_sncf|UIC87753657;18.5;4.3;23;53.8;80.8;88.5;34.6;0.66;0.37;30;108;6;0.5;0.83;REJETEE;volume observable 4.3 < 15 , volume irregulier (CV 0.66)
France;fr_sncf;Lauterbourg;fr_sncf|UIC87212464;13.5;4.3;31;94.1;94.1;100;5.9;0.29;0.26;33;100;4;0;0;REJETEE;presente 4/6 jours , volume observable 4.3 < 15
Allemagne;de_gtfsde;Teschow (b Neubukow);de_gtfsde|teschowbneubukow@53.99,11.64;11.3;4.3;38;41.2;82.4;88.2;47.1;0.97;0.82;22;65;4;0;0;REJETEE;presente 4/6 jours , volume observable 4.3 < 15 , volume irregulier (CV 0.97)
Allemagne;de_gtfsde;;de_gtfsde|449435;10.3;4.3;41;23.5;47.1;64.7;41.2;1.11;0.84;100;62;4;0;0;REJETEE;identite non resolue , presente 4/6 jours , volume observable 4.3 < 15 , volume irregulier (CV 1.11) , ponctualite erratique (amplitude 100 pt)
Allemagne;de_gtfsde;;de_gtfsde|273134;9.8;4.3;44;52.9;76.5;94.1;41.2;1.1;0.92;100;25;4;0;0;REJETEE;identite non resolue , presente 4/6 jours , volume observable 4.3 < 15 , volume irregulier (CV 1.10) , ponctualite erratique (amplitude 100 pt)
Allemagne;de_gtfsde;;de_gtfsde|208869;8.8;4.3;49;64.7;88.2;94.1;29.4;0.65;0.64;25;28;4;0;0;REJETEE;identite non resolue , presente 4/6 jours , volume observable 4.3 < 15 , volume irregulier (CV 0.65)
Allemagne;de_gtfsde;;de_gtfsde|662865;8.8;4.3;49;76.5;94.1;94.1;17.6;0.65;0.64;20;28;4;0;0;REJETEE;identite non resolue , presente 4/6 jours , volume observable 4.3 < 15 , volume irregulier (CV 0.65)
Etats-Unis;us_mbta;Nantasket Junction;us_mbta|nantasketjunction@42.24,-70.87;8.7;4.3;50;100;100;100;0;0.37;0.41;0;48;6;0;0;REJETEE;volume observable 4.3 < 15 , trop parfaite (100 % sous 60 s) , volume irregulier (CV 0.37)
Pays-Bas;nl_ovapi;Zetten-Andelst;nl_ovapi|zettenandelst@51.92,5.72;8.5;4.3;50;94.1;100;100;5.9;0.55;0.6;0;92;4;0;0;REJETEE;presente 4/6 jours , volume observable 4.3 < 15 , trop parfaite (aucun retard > 5 min) , volume irregulier (CV 0.55)
Allemagne;de_gtfsde;;de_gtfsde|264119;7.3;4.3;59;23.5;41.2;64.7;41.2;1.25;1.02;100;35;4;0;0;REJETEE;identite non resolue , presente 4/6 jours , volume observable 4.3 < 15 , volume irregulier (CV 1.25) , ponctualite erratique (amplitude 100 pt)
France;fr_sncf;Reims;fr_sncf|UIC87171009;32.4;4.2;13;90.5;90.5;100;9.5;0.59;0.79;29;507;5;0;0;REJETEE;presente 5/6 jours , volume observable 4.2 < 15 , volume irregulier (CV 0.59)
France;fr_sncf;Aéroport Charles de Gaulle 2 TGV;fr_sncf|UIC87271494;24.8;4.2;17;28.6;33.3;57.1;28.6;0.4;0.52;100;254;5;0;0;REJETEE;presente 5/6 jours , volume observable 4.2 < 15 , volume irregulier (CV 0.40) , ponctualite erratique (amplitude 100 pt)
France;fr_sncf;Rive-de-Gier;fr_sncf|UIC87726331;21.7;4.2;19;72;84;92;20;1.72;1.64;100;24;6;0.5;0;REJETEE;volume observable 4.2 < 15 , volume irregulier (CV 1.72) , ponctualite erratique (amplitude 100 pt)
France;fr_sncf;Aubagne;fr_sncf|UIC87751750;17.2;4.2;24;42.9;90.5;95.2;52.4;0.53;0.67;100;173;5;0.4;0;REJETEE;presente 5/6 jours , volume observable 4.2 < 15 , volume irregulier (CV 0.53) , ponctualite erratique (amplitude 100 pt)
France;fr_sncf;Pontcharra sur Bréda;fr_sncf|UIC87747493;17;4.2;25;64;80;92;28;0.42;0.46;100;158;6;0.5;0.5;REJETEE;volume observable 4.2 < 15 , volume irregulier (CV 0.42) , ponctualite erratique (amplitude 100 pt)
France;fr_sncf;Roanne;fr_sncf|UIC87726802;16.7;4.2;25;76;88;96;20;0.84;0.83;50;86;6;0.5;0;REJETEE;volume observable 4.2 < 15 , volume irregulier (CV 0.84)
Allemagne;de_gtfsde;Angermünde, Bahnhof;de_gtfsde|angermndebahnhof@53.02,14.00;13.2;4.2;32;71.4;100;100;28.6;0.55;0.38;0;91;5;0;0;REJETEE;presente 5/6 jours , volume observable 4.2 < 15 , trop parfaite (aucun retard > 5 min) , volume irregulier (CV 0.55)
Allemagne;de_gtfsde;Salzburg Parsch;de_gtfsde|salzburgparsch@47.80,13.07;12.6;4.2;33;42.9;71.4;85.7;42.9;0.6;0.5;83;67;5;0;0;REJETEE;presente 5/6 jours , volume observable 4.2 < 15 , volume irregulier (CV 0.60) , ponctualite erratique (amplitude 83 pt)
France;fr_sncf;Vénissieux;fr_sncf|UIC87723320;10.2;4.2;41;76.2;90.5;90.5;14.3;0.45;0.56;22;133;5;0.8;0;REJETEE;presente 5/6 jours , volume observable 4.2 < 15 , volume irregulier (CV 0.45)
Etats-Unis;us_mbta;Greenwood;us_mbta|greenwood@42.48,-71.07;7;4.2;60;100;100;100;0;0.73;0.65;0;78;5;0;0;REJETEE;presente 5/6 jours , volume observable 4.2 < 15 , trop parfaite (100 % sous 60 s) , volume irregulier (CV 0.73)
Etats-Unis;us_mbta;Wyoming Hill;us_mbta|wyominghill@42.45,-71.07;6.4;4.2;66;100;100;100;0;0.58;0.66;100;79;5;0;0;REJETEE;presente 5/6 jours , volume observable 4.2 < 15 , trop parfaite (100 % sous 60 s) , volume irregulier (CV 0.58) , ponctualite erratique (amplitude 100 pt)
Etats-Unis;us_mbta;Belmont;us_mbta|belmont@42.40,-71.18;6.4;4.2;66;100;100;100;0;0.67;0.66;0;90;5;0;0;REJETEE;presente 5/6 jours , volume observable 4.2 < 15 , trop parfaite (100 % sous 60 s) , volume irregulier (CV 0.67)
France;fr_sncf;Douai;fr_sncf|UIC87345009;35;4;11;68.8;81.3;93.8;25;0.47;0.66;20;367;4;0.25;0;REJETEE;presente 4/6 jours , volume observable 4.0 < 15 , volume irregulier (CV 0.47)
France;fr_sncf;Mantes-la-Jolie;fr_sncf|UIC87381509;23.6;4;17;65;75;80;15;0.54;0.64;75;304;5;0.2;0;REJETEE;presente 5/6 jours , volume observable 4.0 < 15 , volume irregulier (CV 0.54) , ponctualite erratique (amplitude 75 pt)
France;fr_sncf;Brest;fr_sncf|UIC87474007;19.8;4;20;90;100;100;10;0.64;0.7;0;362;5;0;0;REJETEE;presente 5/6 jours , volume observable 4.0 < 15 , trop parfaite (aucun retard > 5 min) , volume irregulier (CV 0.64)
France;fr_sncf;Donzère;fr_sncf|UIC87764290;17.8;4;23;62.5;81.3;87.5;25;0.44;0.28;29;61;4;0.25;0;REJETEE;presente 4/6 jours , volume observable 4.0 < 15 , volume irregulier (CV 0.44)
France;fr_sncf;Boulouris sur Mer;fr_sncf|UIC87757534;17.5;4;23;50;68.8;87.5;37.5;0.7;0.74;40;89;4;0;0.25;REJETEE;presente 4/6 jours , volume observable 4.0 < 15 , volume irregulier (CV 0.70)
France;fr_sncf;Saint-Chamas;fr_sncf|UIC87753202;16.8;4;24;75;90;90;15;0.98;0.79;100;57;5;0.2;0;REJETEE;presente 5/6 jours , volume observable 4.0 < 15 , volume irregulier (CV 0.98) , ponctualite erratique (amplitude 100 pt)
France;fr_sncf;Mâcon;fr_sncf|UIC87725689;16.5;4;24;54.2;66.7;70.8;16.7;0.6;0.52;100;147;6;0.17;0.33;REJETEE;volume observable 4.0 < 15 , volume irregulier (CV 0.60) , ponctualite erratique (amplitude 100 pt)
France;fr_sncf;Bergerac;fr_sncf|UIC87584268;13;4;31;43.8;75;93.8;50;0.88;0.8;33;58;4;0;0;REJETEE;presente 4/6 jours , volume observable 4.0 < 15 , volume irregulier (CV 0.88)
Allemagne;de_gtfsde;Schönebeck Süd;de_gtfsde|schnebecksd@52.01,11.74;9;4;44;40;80;90;50;0.64;0.38;40;110;5;0;0;REJETEE;presente 5/6 jours , volume observable 4.0 < 15 , volume irregulier (CV 0.64)
France;fr_sncf;Bourg-en-Bresse Gare Routière;fr_sncf|UIC87696013;9;4;44;68.8;100;100;31.3;0.64;0.68;0;38;4;0;0;REJETEE;presente 4/6 jours , volume observable 4.0 < 15 , trop parfaite (aucun retard > 5 min) , volume irregulier (CV 0.64)
Pays-Bas;nl_ovapi;Hemmen-Dodewaard;nl_ovapi|hemmendodewaard@51.92,5.67;8.5;4;47;100;100;100;0;0.55;0.6;0;92;4;0;0;REJETEE;presente 4/6 jours , volume observable 4.0 < 15 , trop parfaite (100 % sous 60 s) , volume irregulier (CV 0.55)
Allemagne;de_gtfsde;;de_gtfsde|122858;7.8;4;52;37.5;75;81.3;43.8;0.56;0.59;44;104;4;0;0;REJETEE;identite non resolue , presente 4/6 jours , volume observable 4.0 < 15 , volume irregulier (CV 0.56)
Etats-Unis;us_mbta;Foxboro;us_mbta|foxboro@42.10,-71.26;7.5;4;53;100;100;100;0;0.5;0.2;0;;4;0;0;REJETEE;presente 4/6 jours , volume observable 4.0 < 15 , trop parfaite (100 % sous 60 s) , volume irregulier (CV 0.50)
Etats-Unis;us_mbta;Melrose/Cedar Park;us_mbta|melrosecedarpark@42.46,-71.07;6.6;4;61;100;100;100;0;0.58;0.62;100;86;5;0;0;REJETEE;presente 5/6 jours , volume observable 4.0 < 15 , trop parfaite (100 % sous 60 s) , volume irregulier (CV 0.58) , ponctualite erratique (amplitude 100 pt)
Etats-Unis;us_mbta;Oak Grove;us_mbta|oakgrove@42.44,-71.07;6;4;67;100;100;100;0;0.59;0.63;100;75;5;0;0;REJETEE;presente 5/6 jours , volume observable 4.0 < 15 , trop parfaite (100 % sous 60 s) , volume irregulier (CV 0.59) , ponctualite erratique (amplitude 100 pt)
France;fr_sncf;Annemasse;fr_sncf|UIC87745497;31.6;3.8;12;84.2;89.5;94.7;10.5;0.69;0.7;100;232;5;0;0;REJETEE;presente 5/6 jours , volume observable 3.8 < 15 , volume irregulier (CV 0.69) , ponctualite erratique (amplitude 100 pt)
Pays-Bas;nl_ovapi;Brussel-Centraal;nl_ovapi|brusselcentraal@50.85,4.36;27;3.8;14;100;100;100;0;0.35;0.28;0;115;4;0.5;0;REJETEE;presente 4/6 jours , volume observable 3.8 < 15 , trop parfaite (100 % sous 60 s)
France;fr_sncf;Aulnoye-Aymeries;fr_sncf|UIC87295600;24.5;3.8;15;60;86.7;93.3;33.3;0.26;0.55;33;277;4;0.25;0;REJETEE;presente 4/6 jours , volume observable 3.8 < 15
France;fr_sncf;Redon;fr_sncf|UIC87471300;23.5;3.8;16;46.7;73.3;86.7;40;0.42;0.54;40;262;4;0;0;REJETEE;presente 4/6 jours , volume observable 3.8 < 15 , volume irregulier (CV 0.42)
France;fr_sncf;Saint-Chamond;fr_sncf|UIC87726307;21.7;3.8;18;69.6;82.6;87;17.4;1.73;1.64;100;24;6;0.5;0;REJETEE;volume observable 3.8 < 15 , volume irregulier (CV 1.73) , ponctualite erratique (amplitude 100 pt)
France;fr_sncf;Albens;fr_sncf|UIC87746115;20.8;3.8;18;52.6;73.7;73.7;21.1;0.4;0.43;100;90;5;0.8;0.6;REJETEE;presente 5/6 jours , volume observable 3.8 < 15 , volume irregulier (CV 0.40) , ponctualite erratique (amplitude 100 pt)
France;fr_sncf;Saint-Jean-de-Luz - Ciboure;fr_sncf|UIC87677120;18.2;3.8;21;68.4;84.2;89.5;21.1;0.57;0.42;50;140;5;1.2;2.8;REJETEE;presente 5/6 jours , volume observable 3.8 < 15 , volume irregulier (CV 0.57)
France;fr_sncf;Marseille Blancarde;fr_sncf|UIC87751081;18;3.8;21;78.9;94.7;94.7;15.8;0.55;0.64;100;179;5;0.4;0;REJETEE;presente 5/6 jours , volume observable 3.8 < 15 , volume irregulier (CV 0.55) , ponctualite erratique (amplitude 100 pt)
France;fr_sncf;Dunkerque;fr_sncf|UIC87281006;16;3.8;23;80;86.7;86.7;6.7;0.61;0.7;29;540;4;0;0;REJETEE;presente 4/6 jours , volume observable 3.8 < 15 , volume irregulier (CV 0.61)
France;fr_sncf;Offenburg;fr_sncf|UIC80143099;14.8;3.8;25;60;86.7;93.3;33.3;0.33;0.37;33;195;4;0;0;REJETEE;presente 4/6 jours , volume observable 3.8 < 15
France;fr_sncf;Bourg-Saint-Maurice;fr_sncf|UIC87741793;13.5;3.8;28;100;100;100;0;0.34;0.28;100;100;6;0;0;REJETEE;volume observable 3.8 < 15 , trop parfaite (100 % sous 60 s) , ponctualite erratique (amplitude 100 pt)
France;fr_sncf;Appenweier;fr_sncf|UIC80142893;13.5;3.8;28;53.3;93.3;93.3;40;0.25;0.36;14;184;4;0;0;REJETEE;presente 4/6 jours , volume observable 3.8 < 15
France;fr_sncf;Saint-Hilaire - Saint-Nazaire;fr_sncf|UIC87761684;13;3.8;29;42.1;57.9;57.9;15.8;0.57;0.63;75;155;5;0.2;0.2;REJETEE;presente 5/6 jours , volume observable 3.8 < 15 , volume irregulier (CV 0.57) , ponctualite erratique (amplitude 75 pt)
Allemagne;de_gtfsde;;de_gtfsde|90774;12.8;3.8;29;46.7;73.3;86.7;40;0.87;0.9;100;26;4;0;0;REJETEE;identite non resolue , presente 4/6 jours , volume observable 3.8 < 15 , volume irregulier (CV 0.87) , ponctualite erratique (amplitude 100 pt)
France;fr_sncf;Courthézon;fr_sncf|UIC87765180;11.8;3.8;32;66.7;93.3;100;33.3;0.42;0.28;20;62;4;0.25;0;REJETEE;presente 4/6 jours , volume observable 3.8 < 15 , volume irregulier (CV 0.42)
Pays-Bas;nl_ovapi;Berlin Hbf;nl_ovapi|berlinhbf@52.52,13.37;11.2;3.8;34;21.1;57.9;68.4;47.4;0.74;0.4;80;71;5;0;0;REJETEE;presente 5/6 jours , volume observable 3.8 < 15 , volume irregulier (CV 0.74) , ponctualite erratique (amplitude 80 pt)
Allemagne;de_gtfsde;;de_gtfsde|353561;10.5;3.8;36;40;100;100;60;1.12;1.02;100;41;4;0;0;REJETEE;identite non resolue , presente 4/6 jours , volume observable 3.8 < 15 , trop parfaite (aucun retard > 5 min) , volume irregulier (CV 1.12) , ponctualite erratique (amplitude 100 pt)
France;fr_sncf;Bruxelles Midi;fr_sncf|UIC88140010;10.3;3.8;37;80;86.7;93.3;13.3;0.64;0.71;100;583;4;0.25;0;REJETEE;presente 4/6 jours , volume observable 3.8 < 15 , volume irregulier (CV 0.64) , ponctualite erratique (amplitude 100 pt)
France;fr_sncf;Saint-Priest;fr_sncf|UIC87723353;9.2;3.8;41;63.2;84.2;89.5;26.3;0.44;0.6;33;126;5;0.8;0;REJETEE;presente 5/6 jours , volume observable 3.8 < 15 , volume irregulier (CV 0.44)
Pays-Bas;nl_ovapi;Kesteren;nl_ovapi|kesteren@51.93,5.58;8.5;3.8;44;73.3;100;100;26.7;0.5;0.6;0;92;4;0;0;REJETEE;presente 4/6 jours , volume observable 3.8 < 15 , trop parfaite (aucun retard > 5 min) , volume irregulier (CV 0.50)
Allemagne;de_gtfsde;;de_gtfsde|545832;8.3;3.8;45;80;100;100;20;0.74;0.83;0;30;4;0;0;REJETEE;identite non resolue , presente 4/6 jours , volume observable 3.8 < 15 , trop parfaite (aucun retard > 5 min) , volume irregulier (CV 0.74)
France;fr_sncf;Woerth (Rhein);fr_sncf|UIC80191031;8;3.8;47;93.3;93.3;93.3;0;0.59;0.61;50;146;4;0;0;REJETEE;presente 4/6 jours , volume observable 3.8 < 15 , distribution degeneree (0.0 pt) , volume irregulier (CV 0.59)
Allemagne;de_gtfsde;Seelze Bahnhof;de_gtfsde|seelzebahnhof@52.39,9.59;7;3.8;54;86.7;100;100;13.3;0.51;0.6;100;211;4;0;0;REJETEE;presente 4/6 jours , volume observable 3.8 < 15 , trop parfaite (aucun retard > 5 min) , volume irregulier (CV 0.51) , ponctualite erratique (amplitude 100 pt)
France;fr_sncf;Le Plessis-Belleville;fr_sncf|UIC87271551;6.8;3.8;56;100;100;100;0;0.39;0.26;0;108;4;0;0;REJETEE;presente 4/6 jours , volume observable 3.8 < 15 , trop parfaite (100 % sous 60 s) , volume irregulier (CV 0.39)
France;fr_sncf;Quimper;fr_sncf|UIC87474098;19.8;3.7;18;90.9;90.9;95.5;4.5;0.71;0.79;50;410;6;0;0;REJETEE;volume observable 3.7 < 15 , volume irregulier (CV 0.71)
France;fr_sncf;Les Arcs - Draguignan;fr_sncf|UIC87755447;19.5;3.7;19;68.2;86.4;90.9;22.7;0.65;0.67;50;160;6;0.33;0.17;REJETEE;volume observable 3.7 < 15 , volume irregulier (CV 0.65)
France;fr_sncf;Saint-Étienne Bellevue;fr_sncf|UIC87726190;17.7;3.7;21;86.4;90.9;95.5;9.1;1.1;1.03;100;41;6;0.33;0.33;REJETEE;volume observable 3.7 < 15 , volume irregulier (CV 1.10) , ponctualite erratique (amplitude 100 pt)
France;fr_sncf;Saint-Martin-de-Crau;fr_sncf|UIC87753681;14.5;3.7;25;59.1;81.8;95.5;36.4;0.65;0.45;40;95;6;0.17;0.83;REJETEE;volume observable 3.7 < 15 , volume irregulier (CV 0.65)
France;fr_sncf;Saint-Dié-des-Vosges;fr_sncf|UIC87144014;18;3.6;20;83.3;88.9;88.9;5.6;0.9;0.98;50;1077;5;0;0;REJETEE;presente 5/6 jours , volume observable 3.6 < 15 , volume irregulier (CV 0.90)
France;fr_sncf;Montpellier Sud de France;fr_sncf|UIC87688887;13.4;3.6;27;27.8;33.3;50;22.2;0.56;0.44;100;64;5;0;0.2;REJETEE;presente 5/6 jours , volume observable 3.6 < 15 , volume irregulier (CV 0.56) , ponctualite erratique (amplitude 100 pt)
Etats-Unis;us_mbta;Brandeis/Roberts;us_mbta|brandeisroberts@42.36,-71.26;6.6;3.6;55;100;100;100;0;0.29;0.37;0;86;5;0;0;REJETEE;presente 5/6 jours , volume observable 3.6 < 15 , trop parfaite (100 % sous 60 s)
Etats-Unis;us_mbta;Waltham;us_mbta|waltham@42.37,-71.24;6.6;3.6;55;100;100;100;0;0.38;0.45;100;75;5;0;0;REJETEE;presente 5/6 jours , volume observable 3.6 < 15 , trop parfaite (100 % sous 60 s) , volume irregulier (CV 0.38) , ponctualite erratique (amplitude 100 pt)
France;fr_sncf;Saverne;fr_sncf|UIC87212225;27.5;3.5;13;85.7;92.9;92.9;7.1;0.46;0.62;33;400;4;0;0;REJETEE;presente 4/6 jours , volume observable 3.5 < 15 , volume irregulier (CV 0.46)
Pays-Bas;nl_ovapi;Brussels Airport-Zaventem;nl_ovapi|brusselsairportzaventem@50.90,4.48;27;3.5;13;92.9;100;100;7.1;0.35;0.28;0;115;4;0.5;0;REJETEE;presente 4/6 jours , volume observable 3.5 < 15 , trop parfaite (aucun retard > 5 min)
France;fr_sncf;Villeneuve-Loubet-Plage;fr_sncf|UIC87756304;25.8;3.5;14;57.1;100;100;42.9;0.92;0.93;100;169;6;0.5;0;REJETEE;volume observable 3.5 < 15 , trop parfaite (aucun retard > 5 min) , volume irregulier (CV 0.92) , ponctualite erratique (amplitude 100 pt)
France;fr_sncf;Bourges;fr_sncf|UIC87576207;23.5;3.5;15;100;100;100;0;0.31;0.51;0;203;4;0.5;0;REJETEE;presente 4/6 jours , volume observable 3.5 < 15 , trop parfaite (100 % sous 60 s)
France;fr_sncf;Beauvais;fr_sncf|UIC87313510;21.8;3.5;16;92.9;100;100;7.1;0.41;0.47;100;211;4;0;0;REJETEE;presente 4/6 jours , volume observable 3.5 < 15 , trop parfaite (aucun retard > 5 min) , volume irregulier (CV 0.41) , ponctualite erratique (amplitude 100 pt)
France;fr_sncf;Champagne-Ardenne TGV;fr_sncf|UIC87171926;20.7;3.5;17;61.9;66.7;76.2;14.3;0.54;0.67;57;339;6;0;0;REJETEE;volume observable 3.5 < 15 , volume irregulier (CV 0.54)
France;fr_sncf;Saint-Amand-les-Eaux;fr_sncf|UIC87343103;20.5;3.5;17;71.4;78.6;85.7;14.3;0.23;0.29;40;165;4;0;0;REJETEE;presente 4/6 jours , volume observable 3.5 < 15
France;fr_sncf;Orchies;fr_sncf|UIC87286583;18.8;3.5;19;78.6;78.6;85.7;7.1;0.13;0.23;40;142;4;0;0;REJETEE;presente 4/6 jours , volume observable 3.5 < 15
France;fr_sncf;Hagondange;fr_sncf|UIC87191114;17.5;3.5;20;64.3;92.9;92.9;28.6;0.37;0.49;20;289;4;0.25;0.75;REJETEE;presente 4/6 jours , volume observable 3.5 < 15 , volume irregulier (CV 0.37)
France;fr_sncf;Belfort-Ville;fr_sncf|UIC87184002;17;3.5;21;92.9;100;100;7.1;0.54;0.55;100;162;4;0;0;REJETEE;presente 4/6 jours , volume observable 3.5 < 15 , trop parfaite (aucun retard > 5 min) , volume irregulier (CV 0.54) , ponctualite erratique (amplitude 100 pt)
France;fr_sncf;Wissembourg;fr_sncf|UIC87213470;16.5;3.5;21;92.9;92.9;92.9;0;0.61;0.52;17;106;4;0.25;0;REJETEE;presente 4/6 jours , volume observable 3.5 < 15 , distribution degeneree (0.0 pt) , volume irregulier (CV 0.61)
Allemagne;de_gtfsde;Frydlant v Cechach;de_gtfsde|frydlantvcechach@50.92,15.07;16.3;3.5;22;64.3;100;100;35.7;1.27;1.13;100;36;4;0;0;REJETEE;presente 4/6 jours , volume observable 3.5 < 15 , trop parfaite (aucun retard > 5 min) , volume irregulier (CV 1.27) , ponctualite erratique (amplitude 100 pt)
France;fr_sncf;Boulogne sur Mer;fr_sncf|UIC87317586;14.8;3.5;24;57.1;78.6;78.6;21.4;0.46;0.59;50;354;4;0;0;REJETEE;presente 4/6 jours , volume observable 3.5 < 15 , volume irregulier (CV 0.46)
France;fr_sncf;Albertville;fr_sncf|UIC87741645;14.5;3.5;24;38.1;71.4;76.2;38.1;0.27;0.31;100;90;6;0;0;REJETEE;volume observable 3.5 < 15 , ponctualite erratique (amplitude 100 pt)
France;fr_sncf;Landry;fr_sncf|UIC87741777;13.2;3.5;27;100;100;100;0;0.39;0.33;100;104;6;0;0;REJETEE;volume observable 3.5 < 15 , trop parfaite (100 % sous 60 s) , volume irregulier (CV 0.39) , ponctualite erratique (amplitude 100 pt)
France;fr_sncf;Échirolles;fr_sncf|UIC87725895;12.2;3.5;29;76.2;81;85.7;9.5;1.16;0.89;100;92;6;0.67;0.67;REJETEE;volume observable 3.5 < 15 , volume irregulier (CV 1.16) , ponctualite erratique (amplitude 100 pt)
Allemagne;de_gtfsde;;de_gtfsde|304161;11.5;3.5;30;64.3;78.6;85.7;21.4;1.18;1.03;100;21;4;0;0;REJETEE;identite non resolue , presente 4/6 jours , volume observable 3.5 < 15 , volume irregulier (CV 1.18) , ponctualite erratique (amplitude 100 pt)
Allemagne;de_gtfsde;;de_gtfsde|476808;11;3.5;32;64.3;92.9;100;35.7;0.72;0.67;13;155;4;0;0;REJETEE;identite non resolue , presente 4/6 jours , volume observable 3.5 < 15 , volume irregulier (CV 0.72)
Allemagne;de_gtfsde;;de_gtfsde|363154;10.8;3.5;33;85.7;100;100;14.3;1.07;0.99;100;49;4;0;0;REJETEE;identite non resolue , presente 4/6 jours , volume observable 3.5 < 15 , trop parfaite (aucun retard > 5 min) , volume irregulier (CV 1.07) , ponctualite erratique (amplitude 100 pt)
France;fr_sncf;Vichy;fr_sncf|UIC87732008;10;3.5;35;85.7;100;100;14.3;0.42;0.4;100;143;6;0;0;REJETEE;volume observable 3.5 < 15 , trop parfaite (aucun retard > 5 min) , volume irregulier (CV 0.42) , ponctualite erratique (amplitude 100 pt)
Allemagne;de_gtfsde;;de_gtfsde|103689;9.8;3.5;36;50;85.7;100;50;0.82;0.93;100;25;4;0;0;REJETEE;identite non resolue , presente 4/6 jours , volume observable 3.5 < 15 , volume irregulier (CV 0.82) , ponctualite erratique (amplitude 100 pt)
Etats-Unis;us_mbta;Forge Park/495;us_mbta|forgepark495@42.09,-71.44;9.5;3.5;37;100;100;100;0;0.32;0.34;100;59;6;0;0;REJETEE;volume observable 3.5 < 15 , trop parfaite (100 % sous 60 s) , ponctualite erratique (amplitude 100 pt)
France;fr_sncf;Hagenbach;fr_sncf|UIC80191049;7.8;3.5;45;92.9;92.9;92.9;0;0.56;0.58;50;138;4;0;0;REJETEE;presente 4/6 jours , volume observable 3.5 < 15 , distribution degeneree (0.0 pt) , volume irregulier (CV 0.56)
France;fr_sncf;Maximiliansau Im Ruesten;fr_sncf|UIC80646133;7.5;3.5;47;92.9;92.9;92.9;0;0.53;0.58;50;150;4;0;0;REJETEE;presente 4/6 jours , volume observable 3.5 < 15 , distribution degeneree (0.0 pt) , volume irregulier (CV 0.53)
Etats-Unis;us_mbta;Gloucester;us_mbta|gloucester@42.62,-70.67;7;3.5;50;100;100;100;0;0.39;0.44;0;133;4;0;0;REJETEE;presente 4/6 jours , volume observable 3.5 < 15 , trop parfaite (100 % sous 60 s) , volume irregulier (CV 0.39)
France;fr_sncf;Nanteuil-le-Haudouin;fr_sncf|UIC87271577;6.8;3.5;52;92.9;100;100;7.1;0.54;0.26;0;108;4;0;0;REJETEE;presente 4/6 jours , volume observable 3.5 < 15 , trop parfaite (aucun retard > 5 min) , volume irregulier (CV 0.54)
Allemagne;de_gtfsde;;de_gtfsde|419729;6.5;3.5;54;0;0;35.7;35.7;1.12;0.93;0;39;4;0;0;REJETEE;identite non resolue , presente 4/6 jours , volume observable 3.5 < 15 , volume irregulier (CV 1.12)
Etats-Unis;us_mbta;Rockport;us_mbta|rockport@42.66,-70.63;6.5;3.5;54;100;100;100;0;0.37;0.38;0;160;4;0;0;REJETEE;presente 4/6 jours , volume observable 3.5 < 15 , trop parfaite (100 % sous 60 s) , volume irregulier (CV 0.37)
France;fr_sncf;Maintenon;fr_sncf|UIC87394130;19.8;3.4;17;58.8;76.5;82.4;23.5;0.72;0.5;100;221;5;1.2;0;REJETEE;presente 5/6 jours , volume observable 3.4 < 15 , volume irregulier (CV 0.72) , ponctualite erratique (amplitude 100 pt)
France;fr_sncf;Thionville;fr_sncf|UIC87191007;17.4;3.4;20;88.2;100;100;11.8;0.53;0.61;0;300;5;0.2;0.8;REJETEE;presente 5/6 jours , volume observable 3.4 < 15 , trop parfaite (aucun retard > 5 min) , volume irregulier (CV 0.53)
France;fr_sncf;Orthez;fr_sncf|UIC87672253;17.2;3.4;20;58.8;76.5;88.2;29.4;0.53;0.48;100;137;5;0.6;2;REJETEE;presente 5/6 jours , volume observable 3.4 < 15 , volume irregulier (CV 0.53) , ponctualite erratique (amplitude 100 pt)
France;fr_sncf;Paris Bercy Bourg. Pays d'Auv.;fr_sncf|UIC87686667;16.2;3.4;21;82.4;94.1;94.1;11.8;0.72;0.73;33;378;5;0;0;REJETEE;presente 5/6 jours , volume observable 3.4 < 15 , volume irregulier (CV 0.72)
France;fr_sncf;Sorgues - Châteauneuf-du-Pape;fr_sncf|UIC87765206;14.6;3.4;23;76.5;94.1;100;23.5;0.48;0.5;20;154;5;0.2;0.2;REJETEE;presente 5/6 jours , volume observable 3.4 < 15 , volume irregulier (CV 0.48)
France;fr_sncf;Besançon Viotte;fr_sncf|UIC87718007;14.2;3.4;24;94.1;94.1;100;5.9;0.81;0.67;50;130;5;0;0;REJETEE;presente 5/6 jours , volume observable 3.4 < 15 , volume irregulier (CV 0.81)
France;fr_sncf;Arches;fr_sncf|UIC87144410;12.8;3.4;27;76.5;76.5;88.2;11.8;0.63;0.78;50;450;5;0;0.4;REJETEE;presente 5/6 jours , volume observable 3.4 < 15 , volume irregulier (CV 0.63)
France;fr_sncf;Coutras;fr_sncf|UIC87584516;10.4;3.4;33;58.8;88.2;100;41.2;0.33;0.28;25;139;5;0.8;0;REJETEE;presente 5/6 jours , volume observable 3.4 < 15
Allemagne;de_gtfsde;Steinpleis, Haltepunkt;de_gtfsde|steinpleishaltepunkt@50.71,12.39;7.8;3.4;44;52.9;76.5;94.1;41.2;0.44;0.38;50;104;5;0;0;REJETEE;presente 5/6 jours , volume observable 3.4 < 15 , volume irregulier (CV 0.44)
Pays-Bas;nl_ovapi;Mechelen;nl_ovapi|mechelen@51.02,4.48;27;3.3;12;53.8;92.3;92.3;38.5;0.35;0.28;33;115;4;0.5;0;REJETEE;presente 4/6 jours , volume observable 3.3 < 15
France;fr_sncf;Moirans;fr_sncf|UIC87747329;22.7;3.3;15;65;80;85;20;0.44;0.49;57;149;6;0.83;0.5;REJETEE;volume observable 3.3 < 15 , volume irregulier (CV 0.44)
France;fr_sncf;Barr;fr_sncf|UIC87214247;21.3;3.3;15;84.6;84.6;100;15.4;0.5;0.63;100;372;4;0;0.75;REJETEE;presente 4/6 jours , volume observable 3.3 < 15 , volume irregulier (CV 0.50) , ponctualite erratique (amplitude 100 pt)
Allemagne;de_gtfsde;;de_gtfsde|104584;21;3.3;15;53.8;61.5;69.2;15.4;1.19;1.1;100;32;4;0;0;REJETEE;identite non resolue , presente 4/6 jours , volume observable 3.3 < 15 , volume irregulier (CV 1.19) , ponctualite erratique (amplitude 100 pt)
France;fr_sncf;Dorlisheim;fr_sncf|UIC87214338;21;3.3;15;100;100;100;0;0.46;0.63;100;367;4;0;0.5;REJETEE;presente 4/6 jours , volume observable 3.3 < 15 , trop parfaite (100 % sous 60 s) , volume irregulier (CV 0.46) , ponctualite erratique (amplitude 100 pt)
France;fr_sncf;Pont-à-Mousson;fr_sncf|UIC87141820;19;3.3;17;53.8;69.2;84.6;30.8;0.66;0.74;100;660;4;0.25;0;REJETEE;presente 4/6 jours , volume observable 3.3 < 15 , volume irregulier (CV 0.66) , ponctualite erratique (amplitude 100 pt)
France;fr_sncf;Saint-Étienne Carnot;fr_sncf|UIC87726901;17.7;3.3;19;85;90;95;10;1.23;1.03;100;41;6;0.33;0.33;REJETEE;volume observable 3.3 < 15 , volume irregulier (CV 1.23) , ponctualite erratique (amplitude 100 pt)
France;fr_sncf;Pagny-sur-Moselle;fr_sncf|UIC87192468;17.5;3.3;19;53.8;76.9;84.6;30.8;0.67;0.72;100;600;4;0.25;0;REJETEE;presente 4/6 jours , volume observable 3.3 < 15 , volume irregulier (CV 0.67) , ponctualite erratique (amplitude 100 pt)
France;fr_sncf;Fréjus;fr_sncf|UIC87757500;17.5;3.3;19;76.9;92.3;92.3;15.4;0.72;0.74;100;89;4;0;0;REJETEE;presente 4/6 jours , volume observable 3.3 < 15 , volume irregulier (CV 0.72) , ponctualite erratique (amplitude 100 pt)
France;fr_sncf;Le Dramont;fr_sncf|UIC87757542;16.8;3.3;19;61.5;76.9;84.6;23.1;0.74;0.75;38;86;4;0;0.25;REJETEE;presente 4/6 jours , volume observable 3.3 < 15 , volume irregulier (CV 0.74)
France;fr_sncf;Mulhouse Dornach;fr_sncf|UIC87182055;15.8;3.3;21;76.9;76.9;92.3;15.4;0.78;0.84;100;800;4;0;0;REJETEE;presente 4/6 jours , volume observable 3.3 < 15 , volume irregulier (CV 0.78) , ponctualite erratique (amplitude 100 pt)
Allemagne;de_gtfsde;;de_gtfsde|338136;13.3;3.3;25;30.8;46.2;53.8;23.1;1.12;0.99;100;38;4;0;0;REJETEE;identite non resolue , presente 4/6 jours , volume observable 3.3 < 15 , volume irregulier (CV 1.12) , ponctualite erratique (amplitude 100 pt)
France;fr_sncf;Modane;fr_sncf|UIC87742007;13.2;3.3;25;85;90;95;10;0.53;0.5;100;82;6;0;0;REJETEE;volume observable 3.3 < 15 , volume irregulier (CV 0.53) , ponctualite erratique (amplitude 100 pt)
France;fr_sncf;Castillon;fr_sncf|UIC87584136;13;3.3;25;46.2;53.8;84.6;38.5;0.9;0.8;100;58;4;0;0;REJETEE;presente 4/6 jours , volume observable 3.3 < 15 , volume irregulier (CV 0.90) , ponctualite erratique (amplitude 100 pt)
France;fr_sncf;Calais - Fréthun;fr_sncf|UIC87281071;10.8;3.3;30;61.5;76.9;76.9;15.4;0.27;0.49;43;291;4;0;0.25;REJETEE;presente 4/6 jours , volume observable 3.3 < 15
France;fr_sncf;Le Buisson;fr_sncf|UIC87595751;10.5;3.3;31;7.7;84.6;92.3;84.6;0.41;0.46;50;163;4;0;0.5;REJETEE;presente 4/6 jours , volume observable 3.3 < 15 , volume irregulier (CV 0.41)
France;fr_sncf;Bédarrides;fr_sncf|UIC87765198;10.5;3.3;31;53.8;92.3;100;46.2;0.45;0.27;20;68;4;0.25;0;REJETEE;presente 4/6 jours , volume observable 3.3 < 15 , volume irregulier (CV 0.45)
Allemagne;de_gtfsde;;de_gtfsde|423043;9.5;3.3;34;84.6;92.3;100;15.4;1.12;1.06;100;26;4;0;0;REJETEE;identite non resolue , presente 4/6 jours , volume observable 3.3 < 15 , volume irregulier (CV 1.12) , ponctualite erratique (amplitude 100 pt)
France;fr_sncf;Lancey;fr_sncf|UIC87417501;9;3.3;36;76.9;92.3;92.3;15.4;0.87;0.73;13;44;4;0;0.25;REJETEE;presente 4/6 jours , volume observable 3.3 < 15 , volume irregulier (CV 0.87)
France;fr_sncf;Goncelin;fr_sncf|UIC87747477;9;3.3;36;84.6;92.3;92.3;7.7;0.96;0.73;100;44;4;0;0.25;REJETEE;presente 4/6 jours , volume observable 3.3 < 15 , volume irregulier (CV 0.96) , ponctualite erratique (amplitude 100 pt)
Etats-Unis;us_mbta;Wickford Junction;us_mbta|wickfordjunction@41.58,-71.49;8.8;3.3;37;100;100;100;0;0.3;0.28;0;;4;0;0;REJETEE;presente 4/6 jours , volume observable 3.3 < 15 , trop parfaite (100 % sous 60 s)
Pays-Bas;nl_ovapi;Opheusden;nl_ovapi|opheusden@51.93,5.64;8.5;3.3;38;100;100;100;0;0.51;0.6;0;92;4;0;0;REJETEE;presente 4/6 jours , volume observable 3.3 < 15 , trop parfaite (100 % sous 60 s) , volume irregulier (CV 0.51)
France;fr_sncf;Neuburg (Rhein);fr_sncf|UIC80646141;7.8;3.3;42;92.3;92.3;92.3;0;0.56;0.58;50;138;4;0;0;REJETEE;presente 4/6 jours , volume observable 3.3 < 15 , distribution degeneree (0.0 pt) , volume irregulier (CV 0.56)
Etats-Unis;us_mbta;Kendal Green;us_mbta|kendalgreen@42.38,-71.28;7.8;3.3;42;100;100;100;0;0.29;0.33;0;63;4;0;0;REJETEE;presente 4/6 jours , volume observable 3.3 < 15 , trop parfaite (100 % sous 60 s)
Allemagne;de_gtfsde;;de_gtfsde|124096;7;3.3;46;84.6;100;100;15.4;0.99;0.91;100;36;4;0;0;REJETEE;identite non resolue , presente 4/6 jours , volume observable 3.3 < 15 , trop parfaite (aucun retard > 5 min) , volume irregulier (CV 0.99) , ponctualite erratique (amplitude 100 pt)
Etats-Unis;us_mbta;North Leominster;us_mbta|northleominster@42.54,-71.74;6.5;3.3;50;100;100;100;0;0.52;0.54;0;63;4;0;0;REJETEE;presente 4/6 jours , volume observable 3.3 < 15 , trop parfaite (100 % sous 60 s) , volume irregulier (CV 0.52)
France;fr_sncf;Les Aubrais;fr_sncf|UIC87543017;27;3.2;12;81.3;87.5;87.5;6.3;0.5;0.59;100;281;5;1.2;0.2;REJETEE;presente 5/6 jours , volume observable 3.2 < 15 , volume irregulier (CV 0.50) , ponctualite erratique (amplitude 100 pt)
France;fr_sncf;Vannes;fr_sncf|UIC87476606;26.8;3.2;12;37.5;87.5;87.5;50;0.56;0.64;100;287;5;0;0;REJETEE;presente 5/6 jours , volume observable 3.2 < 15 , volume irregulier (CV 0.56) , ponctualite erratique (amplitude 100 pt)
France;fr_sncf;Lorient;fr_sncf|UIC87476002;21.6;3.2;15;62.5;75;93.8;31.3;0.51;0.57;57;236;5;0;0;REJETEE;presente 5/6 jours , volume observable 3.2 < 15 , volume irregulier (CV 0.51)
France;fr_sncf;Épernon;fr_sncf|UIC87394114;19.8;3.2;16;68.8;81.3;87.5;18.8;0.44;0.5;100;221;5;1.2;0;REJETEE;presente 5/6 jours , volume observable 3.2 < 15 , volume irregulier (CV 0.44) , ponctualite erratique (amplitude 100 pt)
France;fr_sncf;Villefranche-sur-Saône;fr_sncf|UIC87721332;19.2;3.2;17;75;75;87.5;12.5;1;0.8;100;75;5;0;0.4;REJETEE;presente 5/6 jours , volume observable 3.2 < 15 , volume irregulier (CV 1.00) , ponctualite erratique (amplitude 100 pt)
France;fr_sncf;Épinal;fr_sncf|UIC87144006;17.8;3.2;18;89.5;89.5;94.7;5.3;0.77;0.97;100;692;6;0;0.17;REJETEE;volume observable 3.2 < 15 , volume irregulier (CV 0.77) , ponctualite erratique (amplitude 100 pt)
France;fr_sncf;Lozanne;fr_sncf|UIC87721423;15.2;3.2;21;75;87.5;93.8;18.8;1.11;0.95;100;74;5;0;0;REJETEE;presente 5/6 jours , volume observable 3.2 < 15 , volume irregulier (CV 1.11) , ponctualite erratique (amplitude 100 pt)
France;fr_sncf;Montauban Ville Bourbon;fr_sncf|UIC87611244;14.8;3.2;21;31.6;52.6;68.4;36.8;0.6;0.73;67;339;6;1.33;0;REJETEE;volume observable 3.2 < 15 , volume irregulier (CV 0.60) , ponctualite erratique (amplitude 67 pt)
France;fr_sncf;Saint-Quentin-Fallavier;fr_sncf|UIC87723387;10.4;3.2;31;75;81.3;81.3;6.3;0.41;0.53;33;129;5;0.8;0;REJETEE;presente 5/6 jours , volume observable 3.2 < 15 , volume irregulier (CV 0.41)
France;fr_sncf;Cessieu;fr_sncf|UIC87723452;9.2;3.2;35;75;87.5;93.8;18.8;0.62;0.6;25;126;5;0.8;0;REJETEE;presente 5/6 jours , volume observable 3.2 < 15 , volume irregulier (CV 0.62)
Etats-Unis;us_mbta;Waverley;us_mbta|waverley@42.39,-71.19;6.2;3.2;52;100;100;100;0;0.59;0.62;0;95;5;0;0;REJETEE;presente 5/6 jours , volume observable 3.2 < 15 , trop parfaite (100 % sous 60 s) , volume irregulier (CV 0.59)
Pays-Bas;nl_ovapi;Brussel-Noord;nl_ovapi|brusselnoord@50.86,4.36;27;3;11;100;100;100;0;0.35;0.28;0;115;4;0.5;0;REJETEE;presente 4/6 jours , volume observable 3.0 < 15 , trop parfaite (100 % sous 60 s)
France;fr_sncf;Haguenau;fr_sncf|UIC87213058;26.8;3;11;83.3;83.3;83.3;0;0.49;0.59;100;346;4;0.75;0;REJETEE;presente 4/6 jours , volume observable 3.0 < 15 , distribution degeneree (0.0 pt) , volume irregulier (CV 0.49) , ponctualite erratique (amplitude 100 pt)
France;fr_sncf;Blois - Chambord;fr_sncf|UIC87574004;22.8;3;13;91.7;91.7;91.7;0;0.28;0.41;33;225;4;0.75;0;REJETEE;presente 4/6 jours , volume observable 3.0 < 15 , distribution degeneree (0.0 pt)
France;fr_sncf;Vendenheim;fr_sncf|UIC87212118;22.5;3;13;50;75;83.3;33.3;0.42;0.5;75;246;4;0.25;0;REJETEE;presente 4/6 jours , volume observable 3.0 < 15 , volume irregulier (CV 0.42) , ponctualite erratique (amplitude 75 pt)
France;fr_sncf;Compiègne;fr_sncf|UIC87276691;22.3;3;13;75;83.3;91.7;16.7;0.5;0.6;100;345;4;0.5;0.5;REJETEE;presente 4/6 jours , volume observable 3.0 < 15 , volume irregulier (CV 0.50) , ponctualite erratique (amplitude 100 pt)
France;fr_sncf;Gardanne;fr_sncf|UIC87751420;22.2;3;14;88.9;94.4;94.4;5.6;0.72;0.71;100;96;6;0.33;0;REJETEE;volume observable 3.0 < 15 , volume irregulier (CV 0.72) , ponctualite erratique (amplitude 100 pt)
France;fr_sncf;Bourg-en-Bresse;fr_sncf|UIC87743005;21.6;3;14;53.3;86.7;100;46.7;0.67;0.65;100;174;5;0;0.2;REJETEE;presente 5/6 jours , volume observable 3.0 < 15 , volume irregulier (CV 0.67) , ponctualite erratique (amplitude 100 pt)
France;fr_sncf;Bischoffsheim;fr_sncf|UIC87214296;21;3;14;91.7;100;100;8.3;0.46;0.63;100;367;4;0;0.5;REJETEE;presente 4/6 jours , volume observable 3.0 < 15 , trop parfaite (aucun retard > 5 min) , volume irregulier (CV 0.46) , ponctualite erratique (amplitude 100 pt)
France;fr_sncf;Cannes La Bocca;fr_sncf|UIC87757617;18.5;3;16;75;91.7;91.7;16.7;0.82;0.76;17;85;4;0;0.25;REJETEE;presente 4/6 jours , volume observable 3.0 < 15 , volume irregulier (CV 0.82)
France;fr_sncf;Agay;fr_sncf|UIC87757559;17.5;3;17;58.3;75;83.3;25;0.72;0.74;43;89;4;0;0.25;REJETEE;presente 4/6 jours , volume observable 3.0 < 15 , volume irregulier (CV 0.72)
France;fr_sncf;La Rochelle;fr_sncf|UIC87485003;17.3;3;17;58.3;83.3;91.7;33.3;0.55;0.76;100;475;4;0;0;REJETEE;presente 4/6 jours , volume observable 3.0 < 15 , volume irregulier (CV 0.55) , ponctualite erratique (amplitude 100 pt)
France;fr_sncf;Saumur;fr_sncf|UIC87487603;16.8;3;18;66.7;73.3;86.7;20;0.58;0.69;100;354;5;1.2;0;REJETEE;presente 5/6 jours , volume observable 3.0 < 15 , volume irregulier (CV 0.58) , ponctualite erratique (amplitude 100 pt)
France;fr_sncf;Anthéor Cap Roux;fr_sncf|UIC87757567;16.3;3;18;58.3;75;83.3;25;0.76;0.74;43;91;4;0;0.25;REJETEE;presente 4/6 jours , volume observable 3.0 < 15 , volume irregulier (CV 0.76)
France;fr_sncf;Agen;fr_sncf|UIC87586008;14.8;3;20;44.4;61.1;66.7;22.2;0.64;0.75;100;393;6;0.83;0;REJETEE;volume observable 3.0 < 15 , volume irregulier (CV 0.64) , ponctualite erratique (amplitude 100 pt)
France;fr_sncf;Nogent-le-Rotrou;fr_sncf|UIC87394296;14.6;3;21;80;80;86.7;6.7;0.4;0.48;50;215;5;0.4;0;REJETEE;presente 5/6 jours , volume observable 3.0 < 15 , volume irregulier (CV 0.40)
France;fr_sncf;Le Coteau;fr_sncf|UIC87726828;14.4;3;21;86.7;93.3;100;13.3;0.89;0.86;20;80;5;0;0;REJETEE;presente 5/6 jours , volume observable 3.0 < 15 , volume irregulier (CV 0.89)
France;fr_sncf;Saint-Michel - Valloire;fr_sncf|UIC87742361;14.4;3;21;80;86.7;86.7;6.7;0.57;0.45;33;58;5;0;0;REJETEE;presente 5/6 jours , volume observable 3.0 < 15 , volume irregulier (CV 0.57)
France;fr_sncf;Saint-Avre - La Chambre;fr_sncf|UIC87741306;14.4;3;21;40;66.7;80;40;0.57;0.43;50;58;5;0;0;REJETEE;presente 5/6 jours , volume observable 3.0 < 15 , volume irregulier (CV 0.57)
France;fr_sncf;Étampes;fr_sncf|UIC87545137;14.3;3;21;58.3;100;100;41.7;0.39;0.28;0;97;4;0.25;0;REJETEE;presente 4/6 jours , volume observable 3.0 < 15 , trop parfaite (aucun retard > 5 min) , volume irregulier (CV 0.39)
France;fr_sncf;Saintes;fr_sncf|UIC87491001;14;3;21;58.3;75;100;41.7;0.53;0.68;50;300;4;0.25;0;REJETEE;presente 4/6 jours , volume observable 3.0 < 15 , volume irregulier (CV 0.53)
France;fr_sncf;Tarascon-sur-Rhône;fr_sncf|UIC87765354;14;3;21;61.1;72.2;77.8;16.7;1.06;0.71;100;129;6;0.17;0.17;REJETEE;volume observable 3.0 < 15 , volume irregulier (CV 1.06) , ponctualite erratique (amplitude 100 pt)
France;fr_sncf;La Villette Saint-Prest;fr_sncf|UIC87394171;13.8;3;22;83.3;91.7;91.7;8.3;0.72;0.33;50;162;4;0.5;1.25;REJETEE;presente 4/6 jours , volume observable 3.0 < 15 , volume irregulier (CV 0.72)
France;fr_sncf;Puyoô;fr_sncf|UIC87672279;12.8;3;24;50;75;91.7;41.7;0.52;0.26;50;76;4;0.25;0;REJETEE;presente 4/6 jours , volume observable 3.0 < 15 , volume irregulier (CV 0.52)
Allemagne;de_gtfsde;;de_gtfsde|551767;11.8;3;26;66.7;91.7;91.7;25;1.17;1.05;100;20;4;0;0;REJETEE;identite non resolue , presente 4/6 jours , volume observable 3.0 < 15 , volume irregulier (CV 1.17) , ponctualite erratique (amplitude 100 pt)
France;fr_sncf;Lyon-Part-Dieu Gare Routière;fr_sncf|UIC87697128;11.8;3;26;100;100;100;0;0.28;0.3;0;44;4;0;0;REJETEE;presente 4/6 jours , volume observable 3.0 < 15 , trop parfaite (100 % sous 60 s)
France;fr_sncf;Saint-Loubès;fr_sncf|UIC87584730;11.7;3;26;66.7;88.9;100;33.3;0.75;0.72;100;104;6;1.83;0.17;REJETEE;volume observable 3.0 < 15 , volume irregulier (CV 0.75) , ponctualite erratique (amplitude 100 pt)
Allemagne;de_gtfsde;;de_gtfsde|375359;11.5;3;26;58.3;75;83.3;25;1.2;1.03;100;21;4;0;0;REJETEE;identite non resolue , presente 4/6 jours , volume observable 3.0 < 15 , volume irregulier (CV 1.20) , ponctualite erratique (amplitude 100 pt)
France;fr_sncf;Montargis;fr_sncf|UIC87684001;10.3;3;29;66.7;83.3;83.3;16.7;0.5;0.57;100;156;4;0;0;REJETEE;presente 4/6 jours , volume observable 3.0 < 15 , volume irregulier (CV 0.50) , ponctualite erratique (amplitude 100 pt)
France;fr_sncf;Brignoud;fr_sncf|UIC87747451;9;3;33;83.3;91.7;91.7;8.3;0.93;0.73;100;44;4;0;0.25;REJETEE;presente 4/6 jours , volume observable 3.0 < 15 , volume irregulier (CV 0.93) , ponctualite erratique (amplitude 100 pt)
Allemagne;de_gtfsde;;de_gtfsde|196613;8.5;3;35;66.7;83.3;100;33.3;1.4;1.12;100;29;4;0;0;REJETEE;identite non resolue , presente 4/6 jours , volume observable 3.0 < 15 , volume irregulier (CV 1.40) , ponctualite erratique (amplitude 100 pt)
Etats-Unis;us_mbta;Ayer;us_mbta|ayer@42.56,-71.59;7;3;43;100;100;100;0;0.58;0.52;0;75;4;0;0;REJETEE;presente 4/6 jours , volume observable 3.0 < 15 , trop parfaite (100 % sous 60 s) , volume irregulier (CV 0.58)
Etats-Unis;us_mbta;Montserrat;us_mbta|montserrat@42.56,-70.87;6.8;3;44;100;100;100;0;0.48;0.51;0;105;5;0;0;REJETEE;presente 5/6 jours , volume observable 3.0 < 15 , trop parfaite (100 % sous 60 s) , volume irregulier (CV 0.48)
Etats-Unis;us_mbta;Beverly Farms;us_mbta|beverlyfarms@42.56,-70.81;6.8;3;44;100;100;100;0;0.48;0.51;0;133;5;0;0;REJETEE;presente 5/6 jours , volume observable 3.0 < 15 , trop parfaite (100 % sous 60 s) , volume irregulier (CV 0.48)
Etats-Unis;us_mbta;Shirley;us_mbta|shirley@42.55,-71.65;6.8;3;44;100;100;100;0;0.5;0.48;0;69;4;0;0;REJETEE;presente 4/6 jours , volume observable 3.0 < 15 , trop parfaite (100 % sous 60 s) , volume irregulier (CV 0.50)
France;fr_sncf;Chêne-Bourg;fr_sncf|UIC85162743;29.3;2.8;9;100;100;100;0;0.54;0.55;100;144;4;0;0;REJETEE;presente 4/6 jours , volume observable 2.8 < 15 , trop parfaite (100 % sous 60 s) , volume irregulier (CV 0.54) , ponctualite erratique (amplitude 100 pt)
France;fr_sncf;Saint-Brieuc;fr_sncf|UIC87473009;23.8;2.8;12;45.5;63.6;63.6;18.2;0.51;0.56;100;296;4;0;0;REJETEE;presente 4/6 jours , volume observable 2.8 < 15 , volume irregulier (CV 0.51) , ponctualite erratique (amplitude 100 pt)
France;fr_sncf;Brumath;fr_sncf|UIC87212134;23.5;2.8;12;72.7;90.9;100;27.3;0.58;0.69;50;527;4;0;0;REJETEE;presente 4/6 jours , volume observable 2.8 < 15 , volume irregulier (CV 0.58)
France;fr_sncf;Obernai;fr_sncf|UIC87214288;21;2.8;13;100;100;100;0;0.46;0.63;100;367;4;0;0.5;REJETEE;presente 4/6 jours , volume observable 2.8 < 15 , trop parfaite (100 % sous 60 s) , volume irregulier (CV 0.46) , ponctualite erratique (amplitude 100 pt)
France;fr_sncf;Longueau;fr_sncf|UIC87313049;18.8;2.8;15;72.7;90.9;100;27.3;0.51;0.73;100;477;4;0;0;REJETEE;presente 4/6 jours , volume observable 2.8 < 15 , volume irregulier (CV 0.51) , ponctualite erratique (amplitude 100 pt)
France;fr_sncf;Auray;fr_sncf|UIC87476200;18.7;2.8;15;47.1;82.4;94.1;47.1;0.65;0.74;100;321;6;0;0;REJETEE;volume observable 2.8 < 15 , volume irregulier (CV 0.65) , ponctualite erratique (amplitude 100 pt)
France;fr_sncf;Tullins Fures;fr_sncf|UIC87761759;18.6;2.8;15;50;78.6;78.6;28.6;0.57;0.67;38;167;5;0.8;0.4;REJETEE;presente 5/6 jours , volume observable 2.8 < 15 , volume irregulier (CV 0.57)
France;fr_sncf;Benfeld;fr_sncf|UIC87214122;18;2.8;15;72.7;90.9;90.9;18.2;0.44;0.54;100;300;4;0;0;REJETEE;presente 4/6 jours , volume observable 2.8 < 15 , volume irregulier (CV 0.44) , ponctualite erratique (amplitude 100 pt)
France;fr_sncf;Biarritz;fr_sncf|UIC87673400;18;2.8;16;85.7;100;100;14.3;0.53;0.43;0;137;5;1.2;2.8;REJETEE;presente 5/6 jours , volume observable 2.8 < 15 , trop parfaite (aucun retard > 5 min) , volume irregulier (CV 0.53)
France;fr_sncf;Firminy;fr_sncf|UIC87726729;17.7;2.8;16;82.4;82.4;94.1;11.8;1.07;1.03;100;41;6;0.33;0.33;REJETEE;volume observable 2.8 < 15 , volume irregulier (CV 1.07) , ponctualite erratique (amplitude 100 pt)
France;fr_sncf;Châlons-en-Champagne;fr_sncf|UIC87174003;17.5;2.8;16;81.8;81.8;90.9;9.1;0.47;0.61;33;400;4;0;0;REJETEE;presente 4/6 jours , volume observable 2.8 < 15 , volume irregulier (CV 0.47)
France;fr_sncf;Le Trayas;fr_sncf|UIC87757575;17;2.8;16;54.5;72.7;81.8;27.3;0.77;0.72;50;94;4;0;0.25;REJETEE;presente 4/6 jours , volume observable 2.8 < 15 , volume irregulier (CV 0.77)
France;fr_sncf;Blainville - Damelevières;fr_sncf|UIC87141135;16.8;2.8;16;54.5;63.6;81.8;27.3;0.46;0.56;67;347;4;0;0.25;REJETEE;presente 4/6 jours , volume observable 2.8 < 15 , volume irregulier (CV 0.46) , ponctualite erratique (amplitude 67 pt)
France;fr_sncf;La Loupe;fr_sncf|UIC87394254;15.3;2.8;18;63.6;81.8;90.9;27.3;0.38;0.23;50;144;4;0.25;0.25;REJETEE;presente 4/6 jours , volume observable 2.8 < 15 , volume irregulier (CV 0.38)
France;fr_sncf;Saint-Jean-de-Maurienne Arvan;fr_sncf|UIC87742320;14.4;2.8;19;50;71.4;78.6;28.6;0.54;0.43;50;58;5;0;0;REJETEE;presente 5/6 jours , volume observable 2.8 < 15 , volume irregulier (CV 0.54)
France;fr_sncf;Cassis;fr_sncf|UIC87751776;14.4;2.8;19;42.9;85.7;85.7;42.9;0.5;0.56;100;134;5;0.4;0;REJETEE;presente 5/6 jours , volume observable 2.8 < 15 , volume irregulier (CV 0.50) , ponctualite erratique (amplitude 100 pt)
France;fr_sncf;Montereau;fr_sncf|UIC87682302;14.3;2.8;19;63.6;81.8;81.8;18.2;0.44;0.48;33;148;4;0;0;REJETEE;presente 4/6 jours , volume observable 2.8 < 15 , volume irregulier (CV 0.44)
France;fr_sncf;Beaune;fr_sncf|UIC87713545;14;2.8;20;50;100;100;50;0.55;0.69;0;212;5;0.4;0;REJETEE;presente 5/6 jours , volume observable 2.8 < 15 , trop parfaite (aucun retard > 5 min) , volume irregulier (CV 0.55)
France;fr_sncf;Le Quesnoy;fr_sncf|UIC87295857;13.8;2.8;20;81.8;90.9;100;18.2;0.19;0.38;50;189;4;0;0;REJETEE;presente 4/6 jours , volume observable 2.8 < 15
France;fr_sncf;Saint-Piat;fr_sncf|UIC87394148;13.8;2.8;20;72.7;90.9;90.9;18.2;0.72;0.33;100;162;4;0.5;1.25;REJETEE;presente 4/6 jours , volume observable 2.8 < 15 , volume irregulier (CV 0.72) , ponctualite erratique (amplitude 100 pt)
France;fr_sncf;Legelshurst;fr_sncf|UIC80142901;13.5;2.8;20;54.5;90.9;90.9;36.4;0.25;0.36;17;184;4;0;0;REJETEE;presente 4/6 jours , volume observable 2.8 < 15
France;fr_sncf;Aime - La Plagne;fr_sncf|UIC87741769;13.2;2.8;22;88.2;88.2;88.2;0;0.39;0.33;100;104;6;0;0;REJETEE;volume observable 2.8 < 15 , distribution degeneree (0.0 pt) , volume irregulier (CV 0.39) , ponctualite erratique (amplitude 100 pt)
France;fr_sncf;Notre-Dame de Briançon;fr_sncf|UIC87741694;13.2;2.8;22;58.8;88.2;88.2;29.4;0.64;0.38;33;87;6;0;0;REJETEE;volume observable 2.8 < 15 , volume irregulier (CV 0.64)
France;fr_sncf;Seyssel - Corbonod;fr_sncf|UIC87745828;12.4;2.8;23;21.4;64.3;71.4;50;0.44;0.43;100;95;5;0.2;0;REJETEE;presente 5/6 jours , volume observable 2.8 < 15 , volume irregulier (CV 0.44) , ponctualite erratique (amplitude 100 pt)
France;fr_sncf;Issoire;fr_sncf|UIC87734202;12.2;2.8;23;64.3;71.4;78.6;14.3;0.49;0.4;50;145;5;0;0;REJETEE;presente 5/6 jours , volume observable 2.8 < 15 , volume irregulier (CV 0.49)
France;fr_sncf;La Gorp;fr_sncf|UIC87584755;11.7;2.8;24;58.8;82.4;94.1;35.3;0.75;0.72;100;104;6;1.83;0.17;REJETEE;volume observable 2.8 < 15 , volume irregulier (CV 0.75) , ponctualite erratique (amplitude 100 pt)
France;fr_sncf;Hoenheim Tram;fr_sncf|UIC87338517;11;2.8;25;63.6;100;100;36.4;0.77;0.71;100;63;4;0;0;REJETEE;presente 4/6 jours , volume observable 2.8 < 15 , trop parfaite (aucun retard > 5 min) , volume irregulier (CV 0.77) , ponctualite erratique (amplitude 100 pt)
France;fr_sncf;Lorraine TGV;fr_sncf|UIC87142109;11;2.8;25;78.6;78.6;85.7;7.1;0.18;0.26;100;116;5;0;0;REJETEE;presente 5/6 jours , volume observable 2.8 < 15 , ponctualite erratique (amplitude 100 pt)
France;fr_sncf;Montrond-les-Bains;fr_sncf|UIC87726885;9;2.8;31;63.6;90.9;100;36.4;0.72;0.52;100;50;4;0;0;REJETEE;presente 4/6 jours , volume observable 2.8 < 15 , volume irregulier (CV 0.72) , ponctualite erratique (amplitude 100 pt)
France;fr_sncf;Veauche - Saint-Galmier;fr_sncf|UIC87726208;9;2.8;31;81.8;90.9;100;18.2;0.75;0.52;100;50;4;0;0;REJETEE;presente 4/6 jours , volume observable 2.8 < 15 , volume irregulier (CV 0.75) , ponctualite erratique (amplitude 100 pt)
France;fr_sncf;Coarraze - Nay;fr_sncf|UIC87672139;8;2.8;34;63.6;72.7;72.7;9.1;0.47;0.18;60;100;4;0.25;0;REJETEE;presente 4/6 jours , volume observable 2.8 < 15 , volume irregulier (CV 0.47)
Etats-Unis;us_mbta;Manchester;us_mbta|manchester@42.57,-70.77;6.4;2.8;44;100;100;100;0;0.56;0.6;100;132;5;0;0;REJETEE;presente 5/6 jours , volume observable 2.8 < 15 , trop parfaite (100 % sous 60 s) , volume irregulier (CV 0.56) , ponctualite erratique (amplitude 100 pt)
Allemagne;de_gtfsde;Rainau-Schwabsberg, Bahnhof;de_gtfsde|rainauschwabsbergbahnhof@48.93,10.14;6;2.8;46;63.6;81.8;81.8;18.2;0.41;0.31;67;85;4;0;0;REJETEE;presente 4/6 jours , volume observable 2.8 < 15 , volume irregulier (CV 0.41) , ponctualite erratique (amplitude 67 pt)
Allemagne;de_gtfsde;Neuenburg (Baden) Bahnhof;de_gtfsde|neuenburgbadenbahnhof@47.81,7.56;5.8;2.8;48;63.6;63.6;72.7;9.1;0.46;0.54;100;64;4;0;0;REJETEE;presente 4/6 jours , volume observable 2.8 < 15 , volume irregulier (CV 0.46) , ponctualite erratique (amplitude 100 pt)
France;fr_sncf;Simiane;fr_sncf|UIC87751438;22.2;2.7;12;93.8;93.8;93.8;0;0.73;0.71;100;96;6;0.33;0;REJETEE;volume observable 2.7 < 15 , distribution degeneree (0.0 pt) , volume irregulier (CV 0.73) , ponctualite erratique (amplitude 100 pt)
France;fr_sncf;Lourdes;fr_sncf|UIC87671339;13.8;2.7;19;68.8;87.5;93.8;25;0.65;0.56;100;195;6;0.33;2.17;REJETEE;volume observable 2.7 < 15 , volume irregulier (CV 0.65) , ponctualite erratique (amplitude 100 pt)
France;fr_sncf;Belfort - Montbéliard TGV;fr_sncf|UIC87300822;12.5;2.7;21;43.8;81.3;81.3;37.5;0.74;0.7;100;157;6;0;0;REJETEE;volume observable 2.7 < 15 , volume irregulier (CV 0.74) , ponctualite erratique (amplitude 100 pt)
France;fr_sncf;Saint-Sulpice - Izon;fr_sncf|UIC87584722;11.7;2.7;23;62.5;87.5;100;37.5;0.75;0.72;100;104;6;1.83;0.17;REJETEE;volume observable 2.7 < 15 , volume irregulier (CV 0.75) , ponctualite erratique (amplitude 100 pt)
France;fr_sncf;Saint-Quentin;fr_sncf|UIC87296004;16.4;2.6;16;76.9;92.3;100;23.1;0.77;0.9;100;574;5;0.8;0.2;REJETEE;presente 5/6 jours , volume observable 2.6 < 15 , volume irregulier (CV 0.77) , ponctualite erratique (amplitude 100 pt)
France;fr_sncf;Grésy-sur-Aix;fr_sncf|UIC87746107;15.4;2.6;17;38.5;53.8;53.8;15.4;0.42;0.49;100;107;5;0.6;0.4;REJETEE;presente 5/6 jours , volume observable 2.6 < 15 , volume irregulier (CV 0.42) , ponctualite erratique (amplitude 100 pt)
France;fr_sncf;Carcassonne;fr_sncf|UIC87615286;15.2;2.6;17;46.2;69.2;76.9;30.8;0.41;0.56;100;257;5;0.6;0;REJETEE;presente 5/6 jours , volume observable 2.6 < 15 , volume irregulier (CV 0.41) , ponctualite erratique (amplitude 100 pt)
France;fr_sncf;Cornil;fr_sncf|UIC87594481;14.8;2.6;18;53.8;61.5;69.2;15.4;0.37;0.29;100;91;5;0.4;0;REJETEE;presente 5/6 jours , volume observable 2.6 < 15 , volume irregulier (CV 0.37) , ponctualite erratique (amplitude 100 pt)
France;fr_sncf;Clermont la Pardieu;fr_sncf|UIC87782607;14;2.6;19;84.6;92.3;92.3;7.7;0.48;0.4;33;126;5;0;0;REJETEE;presente 5/6 jours , volume observable 2.6 < 15 , volume irregulier (CV 0.48)
France;fr_sncf;Gap;fr_sncf|UIC87763003;11.2;2.6;23;53.8;84.6;92.3;38.5;0.37;0.44;50;215;5;0;0;REJETEE;presente 5/6 jours , volume observable 2.6 < 15 , volume irregulier (CV 0.37)
France;fr_sncf;L'Isle-d'Abeau;fr_sncf|UIC87761239;10.4;2.6;25;76.9;84.6;84.6;7.7;0.43;0.53;29;129;5;0.8;0;REJETEE;presente 5/6 jours , volume observable 2.6 < 15 , volume irregulier (CV 0.43)
France;fr_sncf;Genève-Eaux-Vives;fr_sncf|UIC85162735;29.3;2.5;9;100;100;100;0;0.54;0.55;100;144;4;0;0;REJETEE;presente 4/6 jours , volume observable 2.5 < 15 , trop parfaite (100 % sous 60 s) , volume irregulier (CV 0.54) , ponctualite erratique (amplitude 100 pt)
France;fr_sncf;Bischwiller;fr_sncf|UIC87213611;25;2.5;10;70;80;80;10;0.5;0.6;100;355;4;0.5;0;REJETEE;presente 4/6 jours , volume observable 2.5 < 15 , volume irregulier (CV 0.50) , ponctualite erratique (amplitude 100 pt)
France;fr_sncf;Saint-Antoine;fr_sncf|UIC87751826;22.2;2.5;11;73.3;86.7;86.7;13.3;0.73;0.71;50;96;6;0.33;0;REJETEE;volume observable 2.5 < 15 , volume irregulier (CV 0.73)
France;fr_sncf;Rosheim;fr_sncf|UIC87214320;21.3;2.5;12;100;100;100;0;0.45;0.63;100;372;4;0;0.5;REJETEE;presente 4/6 jours , volume observable 2.5 < 15 , trop parfaite (100 % sous 60 s) , volume irregulier (CV 0.45) , ponctualite erratique (amplitude 100 pt)
France;fr_sncf;Persan - Beaumont;fr_sncf|UIC87276469;20.8;2.5;12;100;100;100;0;0.53;0.62;100;232;4;0;0;REJETEE;presente 4/6 jours , volume observable 2.5 < 15 , trop parfaite (100 % sous 60 s) , volume irregulier (CV 0.53) , ponctualite erratique (amplitude 100 pt)
France;fr_sncf;Bernay;fr_sncf|UIC87444299;19.3;2.5;13;80;90;90;10;0.52;0.58;25;305;4;0;0;REJETEE;presente 4/6 jours , volume observable 2.5 < 15 , volume irregulier (CV 0.52)
France;fr_sncf;Goxwiller;fr_sncf|UIC87214270;18.3;2.5;14;100;100;100;0;0.6;0.72;100;564;4;0;0.25;REJETEE;presente 4/6 jours , volume observable 2.5 < 15 , trop parfaite (100 % sous 60 s) , volume irregulier (CV 0.60) , ponctualite erratique (amplitude 100 pt)
France;fr_sncf;Maubeuge;fr_sncf|UIC87295006;17.8;2.5;14;60;80;80;20;0.55;0.82;100;446;4;0;0;REJETEE;presente 4/6 jours , volume observable 2.5 < 15 , volume irregulier (CV 0.55) , ponctualite erratique (amplitude 100 pt)
France;fr_sncf;Gertwiller;fr_sncf|UIC87214254;17.8;2.5;14;100;100;100;0;0.58;0.71;100;545;4;0;0.25;REJETEE;presente 4/6 jours , volume observable 2.5 < 15 , trop parfaite (100 % sous 60 s) , volume irregulier (CV 0.58) , ponctualite erratique (amplitude 100 pt)
France;fr_sncf;Le Havre;fr_sncf|UIC87413013;17.8;2.5;14;100;100;100;0;0.81;0.86;100;1083;4;0;0;REJETEE;presente 4/6 jours , volume observable 2.5 < 15 , trop parfaite (100 % sous 60 s) , volume irregulier (CV 0.81) , ponctualite erratique (amplitude 100 pt)
France;fr_sncf;Guingamp;fr_sncf|UIC87473207;17.8;2.5;14;40;90;90;50;0.45;0.52;20;223;4;0;0;REJETEE;presente 4/6 jours , volume observable 2.5 < 15 , volume irregulier (CV 0.45)
France;fr_sncf;Théoule-sur-Mer;fr_sncf|UIC87757583;17.5;2.5;14;60;80;90;30;0.79;0.74;40;89;4;0;0.25;REJETEE;presente 4/6 jours , volume observable 2.5 < 15 , volume irregulier (CV 0.79)
France;fr_sncf;Laroche - Migennes;fr_sncf|UIC87683268;15.8;2.5;16;53.3;86.7;100;46.7;0.81;0.87;100;504;6;0;0.17;REJETEE;volume observable 2.5 < 15 , volume irregulier (CV 0.81) , ponctualite erratique (amplitude 100 pt)
France;fr_sncf;Courville-sur-Eure;fr_sncf|UIC87394221;15.3;2.5;16;70;80;90;20;0.27;0.23;100;144;4;0.25;0.25;REJETEE;presente 4/6 jours , volume observable 2.5 < 15 , ponctualite erratique (amplitude 100 pt)
France;fr_sncf;La Roche-sur-Yon;fr_sncf|UIC87486019;15.3;2.5;16;60;70;80;20;0.39;0.56;67;259;4;0;0;REJETEE;presente 4/6 jours , volume observable 2.5 < 15 , volume irregulier (CV 0.39) , ponctualite erratique (amplitude 67 pt)
France;fr_sncf;Kork;fr_sncf|UIC80142919;13.5;2.5;19;60;80;90;30;0.25;0.36;50;184;4;0;0;REJETEE;presente 4/6 jours , volume observable 2.5 < 15
France;fr_sncf;Saint-Émilion;fr_sncf|UIC87584102;13;2.5;19;50;50;90;40;0.91;0.8;100;58;4;0;0;REJETEE;presente 4/6 jours , volume observable 2.5 < 15 , volume irregulier (CV 0.91) , ponctualite erratique (amplitude 100 pt)
France;fr_sncf;Frontenex;fr_sncf|UIC87741629;13;2.5;19;53.3;66.7;73.3;20;0.33;0.41;100;89;6;0;0;REJETEE;volume observable 2.5 < 15 , ponctualite erratique (amplitude 100 pt)
Allemagne;de_gtfsde;;de_gtfsde|621428;11.8;2.5;21;60;80;90;30;1.14;1;100;20;4;0;0;REJETEE;identite non resolue , presente 4/6 jours , volume observable 2.5 < 15 , volume irregulier (CV 1.14) , ponctualite erratique (amplitude 100 pt)
France;fr_sncf;Arvant;fr_sncf|UIC87734251;9.7;2.5;26;46.7;60;73.3;26.7;0.46;0.56;67;246;6;0;0;REJETEE;volume observable 2.5 < 15 , volume irregulier (CV 0.46) , ponctualite erratique (amplitude 67 pt)
France;fr_sncf;Saint-Marcel;fr_sncf|UIC87751701;9.3;2.5;27;60;90;90;30;0.49;0.09;100;83;4;0.25;0;REJETEE;presente 4/6 jours , volume observable 2.5 < 15 , volume irregulier (CV 0.49) , ponctualite erratique (amplitude 100 pt)
France;fr_sncf;La Penne-sur-Huveaune;fr_sncf|UIC87751743;9.3;2.5;27;50;90;90;40;0.37;0.09;100;83;4;0.25;0;REJETEE;presente 4/6 jours , volume observable 2.5 < 15 , volume irregulier (CV 0.37) , ponctualite erratique (amplitude 100 pt)
Pays-Bas;nl_ovapi;Enschede De Eschmarke;nl_ovapi|enschededeeschmarke@52.22,6.95;8.5;2.5;29;90;90;90;0;0.43;0.55;100;79;4;0;0;REJETEE;presente 4/6 jours , volume observable 2.5 < 15 , distribution degeneree (0.0 pt) , volume irregulier (CV 0.43) , ponctualite erratique (amplitude 100 pt)
Pays-Bas;nl_ovapi;Glanerbrug;nl_ovapi|glanerbrug@52.22,6.97;8.5;2.5;29;90;90;90;0;0.43;0.55;100;79;4;0;0;REJETEE;presente 4/6 jours , volume observable 2.5 < 15 , distribution degeneree (0.0 pt) , volume irregulier (CV 0.43) , ponctualite erratique (amplitude 100 pt)
France;fr_sncf;Siorac-en-Périgord;fr_sncf|UIC87595769;8.3;2.5;30;10;90;90;80;0.53;0.46;17;120;4;0;3;REJETEE;presente 4/6 jours , volume observable 2.5 < 15 , volume irregulier (CV 0.53)
France;fr_sncf;Saint-Béron - La Bridoire;fr_sncf|UIC87741454;3.8;2.5;67;40;80;80;40;0.42;0.22;33;;4;0;0;REJETEE;presente 4/6 jours , volume observable 2.5 < 15 , volume irregulier (CV 0.42)
France;fr_sncf;Saint-Germain-au-Mont-d'Or;fr_sncf|UIC87721282;23.2;2.4;10;91.7;91.7;91.7;0;1.07;0.86;100;73;5;0;0.4;REJETEE;presente 5/6 jours , volume observable 2.4 < 15 , distribution degeneree (0.0 pt) , volume irregulier (CV 1.07) , ponctualite erratique (amplitude 100 pt)
France;fr_sncf;Châteauroux;fr_sncf|UIC87597005;14.8;2.4;16;50;75;75;25;0.42;0.46;100;186;5;0.8;0;REJETEE;presente 5/6 jours , volume observable 2.4 < 15 , volume irregulier (CV 0.42) , ponctualite erratique (amplitude 100 pt)
Pays-Bas;nl_ovapi;Düsseldorf Hbf;nl_ovapi|dsseldorfhbf@51.22,6.79;13.2;2.4;18;100;100;100;0;0.35;0.48;100;231;5;0;0;REJETEE;presente 5/6 jours , volume observable 2.4 < 15 , trop parfaite (100 % sous 60 s) , volume irregulier (CV 0.35) , ponctualite erratique (amplitude 100 pt)
France;fr_sncf;Jouy;fr_sncf|UIC87394155;11.6;2.4;21;75;91.7;91.7;16.7;0.88;0.51;100;213;5;0.6;1;REJETEE;presente 5/6 jours , volume observable 2.4 < 15 , volume irregulier (CV 0.88) , ponctualite erratique (amplitude 100 pt)
France;fr_sncf;Saint-Vincent-de-Tyrosse;fr_sncf|UIC87673277;11.4;2.4;21;50;91.7;91.7;41.7;0.53;0.4;100;145;5;1.4;0.2;REJETEE;presente 5/6 jours , volume observable 2.4 < 15 , volume irregulier (CV 0.53) , ponctualite erratique (amplitude 100 pt)
France;fr_sncf;La Pauline;fr_sncf|UIC87755314;11.2;2.4;21;41.7;75;83.3;41.7;0.55;0.46;50;130;5;1;0.2;REJETEE;presente 5/6 jours , volume observable 2.4 < 15 , volume irregulier (CV 0.55)
France;fr_sncf;Veynes Dévoluy;fr_sncf|UIC87763300;10.4;2.4;23;33.3;66.7;83.3;50;0.63;0.48;100;205;5;0;0;REJETEE;presente 5/6 jours , volume observable 2.4 < 15 , volume irregulier (CV 0.63) , ponctualite erratique (amplitude 100 pt)
France;fr_sncf;Connerré - Beillé;fr_sncf|UIC87396309;9.8;2.4;24;75;91.7;91.7;16.7;0.64;0.54;20;282;5;0.2;0.2;REJETEE;presente 5/6 jours , volume observable 2.4 < 15 , volume irregulier (CV 0.64)
Etats-Unis;us_mbta;West Gloucester;us_mbta|westgloucester@42.61,-70.71;6.2;2.4;39;100;100;100;0;0.53;0.59;100;141;5;0;0;REJETEE;presente 5/6 jours , volume observable 2.4 < 15 , trop parfaite (100 % sous 60 s) , volume irregulier (CV 0.53) , ponctualite erratique (amplitude 100 pt)
France;fr_sncf;Genève-Champel;fr_sncf|UIC85162727;29.3;2.3;8;100;100;100;0;0.53;0.55;100;144;4;0;0;REJETEE;presente 4/6 jours , volume observable 2.3 < 15 , trop parfaite (100 % sous 60 s) , volume irregulier (CV 0.53) , ponctualite erratique (amplitude 100 pt)
France;fr_sncf;Laval;fr_sncf|UIC87478404;21.8;2.3;11;50;64.3;78.6;28.6;0.51;0.65;100;285;6;0.33;0;REJETEE;volume observable 2.3 < 15 , volume irregulier (CV 0.51) , ponctualite erratique (amplitude 100 pt)
France;fr_sncf;Erstein;fr_sncf|UIC87214148;18;2.3;13;77.8;88.9;88.9;11.1;0.46;0.54;100;300;4;0;0;REJETEE;presente 4/6 jours , volume observable 2.3 < 15 , volume irregulier (CV 0.46) , ponctualite erratique (amplitude 100 pt)
France;fr_sncf;Septèmes;fr_sncf|UIC87751800;17.8;2.3;13;85.7;100;100;14.3;0.78;0.8;100;93;6;0.17;0;REJETEE;volume observable 2.3 < 15 , trop parfaite (aucun retard > 5 min) , volume irregulier (CV 0.78) , ponctualite erratique (amplitude 100 pt)
France;fr_sncf;Sablé-sur-Sarthe;fr_sncf|UIC87396408;17.8;2.3;13;55.6;100;100;44.4;0.57;0.57;0;274;4;0;0;REJETEE;presente 4/6 jours , volume observable 2.3 < 15 , trop parfaite (aucun retard > 5 min) , volume irregulier (CV 0.57)
France;fr_sncf;Épernay;fr_sncf|UIC87171553;17.5;2.3;13;55.6;55.6;100;44.4;0.37;0.52;100;312;4;0;0;REJETEE;presente 4/6 jours , volume observable 2.3 < 15 , volume irregulier (CV 0.37) , ponctualite erratique (amplitude 100 pt)
France;fr_sncf;Mandelieu-la-Napoule;fr_sncf|UIC87757591;17;2.3;13;66.7;88.9;88.9;22.2;0.77;0.72;25;94;4;0;0.25;REJETEE;presente 4/6 jours , volume observable 2.3 < 15 , volume irregulier (CV 0.77)
France;fr_sncf;Savenay;fr_sncf|UIC87481838;16;2.3;14;55.6;77.8;88.9;33.3;0.44;0.54;100;327;4;0;0;REJETEE;presente 4/6 jours , volume observable 2.3 < 15 , volume irregulier (CV 0.44) , ponctualite erratique (amplitude 100 pt)
France;fr_sncf;Varangéville - Saint-Nicolas;fr_sncf|UIC87141101;16;2.3;14;55.6;77.8;100;44.4;0.49;0.57;33;357;4;0;0.25;REJETEE;presente 4/6 jours , volume observable 2.3 < 15 , volume irregulier (CV 0.49)
France;fr_sncf;Château-Thierry;fr_sncf|UIC87116582;14.8;2.3;15;55.6;66.7;100;44.4;0.5;0.46;100;168;4;0;0;REJETEE;presente 4/6 jours , volume observable 2.3 < 15 , volume irregulier (CV 0.50) , ponctualite erratique (amplitude 100 pt)
France;fr_sncf;Anse;fr_sncf|UIC87721324;14.5;2.3;16;88.9;88.9;100;11.1;0.93;0.98;100;26;4;0;0.5;REJETEE;presente 4/6 jours , volume observable 2.3 < 15 , volume irregulier (CV 0.93) , ponctualite erratique (amplitude 100 pt)
France;fr_sncf;Tenay - Hauteville;fr_sncf|UIC87743757;14.3;2.3;16;33.3;66.7;66.7;33.3;0.48;0.45;100;50;4;0;0.25;REJETEE;presente 4/6 jours , volume observable 2.3 < 15 , volume irregulier (CV 0.48) , ponctualite erratique (amplitude 100 pt)
France;fr_sncf;Servas - Lent;fr_sncf|UIC87723791;14.3;2.3;16;66.7;88.9;100;33.3;1.03;0.86;100;50;4;0;0;REJETEE;presente 4/6 jours , volume observable 2.3 < 15 , volume irregulier (CV 1.03) , ponctualite erratique (amplitude 100 pt)
France;fr_sncf;Sens;fr_sncf|UIC87683003;14.2;2.3;16;57.1;85.7;92.9;35.7;0.77;0.89;40;539;6;0;0;REJETEE;volume observable 2.3 < 15 , volume irregulier (CV 0.77)
France;fr_sncf;Périgueux;fr_sncf|UIC87595009;13.7;2.3;17;64.3;85.7;85.7;21.4;0.66;0.74;50;329;6;0.17;0;REJETEE;volume observable 2.3 < 15 , volume irregulier (CV 0.66)
France;fr_sncf;Anizy - Pinon;fr_sncf|UIC87296566;13.5;2.3;17;77.8;88.9;88.9;11.1;0.91;0.71;100;69;4;0;0;REJETEE;presente 4/6 jours , volume observable 2.3 < 15 , volume irregulier (CV 0.91) , ponctualite erratique (amplitude 100 pt)
France;fr_sncf;Le Puy-en-Velay;fr_sncf|UIC87734699;13.5;2.3;17;92.9;92.9;92.9;0;0.53;0.47;100;89;6;0;0.17;REJETEE;volume observable 2.3 < 15 , distribution degeneree (0.0 pt) , volume irregulier (CV 0.53) , ponctualite erratique (amplitude 100 pt)
France;fr_sncf;Grésy-sur-Isère;fr_sncf|UIC87741611;13;2.3;18;42.9;71.4;78.6;35.7;0.33;0.41;100;89;6;0;0;REJETEE;volume observable 2.3 < 15 , ponctualite erratique (amplitude 100 pt)
France;fr_sncf;Herrlisheim;fr_sncf|UIC87212340;12.5;2.3;18;77.8;100;100;22.2;1.03;0.78;100;52;4;0;0;REJETEE;presente 4/6 jours , volume observable 2.3 < 15 , trop parfaite (aucun retard > 5 min) , volume irregulier (CV 1.03) , ponctualite erratique (amplitude 100 pt)
France;fr_sncf;Vernon - Giverny;fr_sncf|UIC87415604;12.5;2.3;18;77.8;88.9;88.9;11.1;0.48;0.61;25;400;4;0;0;REJETEE;presente 4/6 jours , volume observable 2.3 < 15 , volume irregulier (CV 0.48)
France;fr_sncf;Turckheim;fr_sncf|UIC87182352;12.3;2.3;18;55.6;66.7;88.9;33.3;0.67;0.79;50;600;4;0;0;REJETEE;presente 4/6 jours , volume observable 2.3 < 15 , volume irregulier (CV 0.67)
Allemagne;de_gtfsde;Jaromer;de_gtfsde|jaromer@50.34,15.91;10.3;2.3;22;66.7;100;100;33.3;1.07;0.91;100;73;4;0;0;REJETEE;presente 4/6 jours , volume observable 2.3 < 15 , trop parfaite (aucun retard > 5 min) , volume irregulier (CV 1.07) , ponctualite erratique (amplitude 100 pt)
France;fr_sncf;Futuroscope;fr_sncf|UIC87324095;9.8;2.3;23;44.4;55.6;66.7;22.2;0.37;0.43;67;225;4;0.5;0.25;REJETEE;presente 4/6 jours , volume observable 2.3 < 15 , volume irregulier (CV 0.37) , ponctualite erratique (amplitude 67 pt)
France;fr_sncf;Muret;fr_sncf|UIC87611038;9.3;2.3;24;44.4;66.7;66.7;22.2;0.54;0.67;100;236;4;0;0;REJETEE;presente 4/6 jours , volume observable 2.3 < 15 , volume irregulier (CV 0.54) , ponctualite erratique (amplitude 100 pt)
France;fr_sncf;Feurs;fr_sncf|UIC87726877;9;2.3;25;66.7;88.9;100;33.3;0.8;0.46;100;50;4;0;0;REJETEE;presente 4/6 jours , volume observable 2.3 < 15 , volume irregulier (CV 0.80) , ponctualite erratique (amplitude 100 pt)
France;fr_sncf;Elbeuf - Saint-Aubin;fr_sncf|UIC87411173;8.8;2.3;26;55.6;100;100;44.4;0.02;0.37;100;218;4;0;0;REJETEE;presente 4/6 jours , volume observable 2.3 < 15 , trop parfaite (aucun retard > 5 min) , ponctualite erratique (amplitude 100 pt)
Pays-Bas;nl_ovapi;Berlin Südkreuz;nl_ovapi|berlinsdkreuz@52.48,13.37;8;2.3;28;11.1;11.1;55.6;44.4;0.73;0.29;33;136;4;0;0;REJETEE;presente 4/6 jours , volume observable 2.3 < 15 , volume irregulier (CV 0.73)
France;fr_sncf;Berg (Pfalz);fr_sncf|UIC80191064;7.8;2.3;29;88.9;88.9;100;11.1;0.53;0.61;100;158;4;0;0;REJETEE;presente 4/6 jours , volume observable 2.3 < 15 , volume irregulier (CV 0.53) , ponctualite erratique (amplitude 100 pt)
France;fr_sncf;TGV Haute Picardie;fr_sncf|UIC87313882;6.5;2.3;35;55.6;55.6;66.7;11.1;0.2;0.47;75;271;4;0;0;REJETEE;presente 4/6 jours , volume observable 2.3 < 15 , ponctualite erratique (amplitude 75 pt)
France;fr_sncf;Charleville-Mézières;fr_sncf|UIC87172007;18.8;2.2;12;100;100;100;0;0.6;0.68;100;354;5;0;0;REJETEE;presente 5/6 jours , volume observable 2.2 < 15 , trop parfaite (100 % sous 60 s) , volume irregulier (CV 0.60) , ponctualite erratique (amplitude 100 pt)
France;fr_sncf;Picon Busserine;fr_sncf|UIC87759290;17.8;2.2;12;76.9;92.3;100;23.1;0.78;0.8;100;93;6;0.17;0;REJETEE;volume observable 2.2 < 15 , volume irregulier (CV 0.78) , ponctualite erratique (amplitude 100 pt)
France;fr_sncf;Aubazines - Saint-Hilaire;fr_sncf|UIC87594465;14.8;2.2;15;54.5;63.6;72.7;18.2;0.32;0.29;100;91;5;0.4;0;REJETEE;presente 5/6 jours , volume observable 2.2 < 15 , ponctualite erratique (amplitude 100 pt)
France;fr_sncf;Moûtiers-Salins-Brides-les-B.;fr_sncf|UIC87741728;14.7;2.2;15;84.6;84.6;84.6;0;0.45;0.28;40;89;6;0;0;REJETEE;volume observable 2.2 < 15 , distribution degeneree (0.0 pt) , volume irregulier (CV 0.45)
France;fr_sncf;La Seyne - Six Fours;fr_sncf|UIC87755264;14.4;2.2;15;63.6;81.8;81.8;18.2;0.48;0.56;100;134;5;0.4;0;REJETEE;presente 5/6 jours , volume observable 2.2 < 15 , volume irregulier (CV 0.48) , ponctualite erratique (amplitude 100 pt)
France;fr_sncf;Épierre - Saint-Léger;fr_sncf|UIC87741280;11.7;2.2;19;38.5;61.5;76.9;38.5;0.63;0.58;100;64;6;0;0;REJETEE;volume observable 2.2 < 15 , volume irregulier (CV 0.63) , ponctualite erratique (amplitude 100 pt)
France;fr_sncf;Chamousset;fr_sncf|UIC87741231;11.7;2.2;19;23.1;46.2;53.8;30.8;0.59;0.58;100;64;6;0;0;REJETEE;volume observable 2.2 < 15 , volume irregulier (CV 0.59) , ponctualite erratique (amplitude 100 pt)
France;fr_sncf;Rosporden;fr_sncf|UIC87474155;10.8;2.2;20;81.8;90.9;90.9;9.1;0.43;0.53;100;236;5;0;0;REJETEE;presente 5/6 jours , volume observable 2.2 < 15 , volume irregulier (CV 0.43) , ponctualite erratique (amplitude 100 pt)
France;fr_sncf;Brassac-les-Mines - Sainte-Florine;fr_sncf|UIC87734244;10.2;2.2;22;54.5;63.6;72.7;18.2;0.33;0.43;100;198;5;0;0;REJETEE;presente 5/6 jours , volume observable 2.2 < 15 , ponctualite erratique (amplitude 100 pt)
France;fr_sncf;Saint-Geniès-de-Malgoirès;fr_sncf|UIC87775361;10.2;2.2;22;54.5;81.8;81.8;27.3;0.63;0.4;100;114;5;0;0;REJETEE;presente 5/6 jours , volume observable 2.2 < 15 , volume irregulier (CV 0.63) , ponctualite erratique (amplitude 100 pt)
France;fr_sncf;Brioude;fr_sncf|UIC87734269;8.8;2.2;25;54.5;63.6;90.9;36.4;0.4;0.38;100;180;5;0;0;REJETEE;presente 5/6 jours , volume observable 2.2 < 15 , volume irregulier (CV 0.40) , ponctualite erratique (amplitude 100 pt)
France;fr_sncf;Saint-Georges-d'Aurac;fr_sncf|UIC87734301;6.8;2.2;32;45.5;54.5;90.9;45.5;0.2;0.36;100;190;5;0;0;REJETEE;presente 5/6 jours , volume observable 2.2 < 15 , ponctualite erratique (amplitude 100 pt)
France;fr_sncf;Lancy-Bachet;fr_sncf|UIC85171421;29.3;2;7;100;100;100;0;0.53;0.55;100;144;4;0;0;REJETEE;presente 4/6 jours , volume observable 2.0 < 15 , trop parfaite (100 % sous 60 s) , volume irregulier (CV 0.53) , ponctualite erratique (amplitude 100 pt)
France;fr_sncf;Lens;fr_sncf|UIC87345025;19.8;2;10;100;100;100;0;0.54;0.69;100;394;4;0;0;REJETEE;presente 4/6 jours , volume observable 2.0 < 15 , trop parfaite (100 % sous 60 s) , volume irregulier (CV 0.54) , ponctualite erratique (amplitude 100 pt)
France;fr_sncf;Meung-sur-Loire;fr_sncf|UIC87574137;19.3;2;10;75;87.5;87.5;12.5;0.32;0.53;33;305;4;0.25;0;REJETEE;presente 4/6 jours , volume observable 2.0 < 15
France;fr_sncf;Amboise;fr_sncf|UIC87574343;18;2;11;87.5;87.5;87.5;0;0.51;0.59;33;350;4;0.25;0;REJETEE;presente 4/6 jours , volume observable 2.0 < 15 , distribution degeneree (0.0 pt) , volume irregulier (CV 0.51)
France;fr_sncf;Sainte-Marthe en Provence;fr_sncf|UIC87751842;17.8;2;11;75;91.7;100;25;0.78;0.8;100;93;6;0.17;0;REJETEE;volume observable 2.0 < 15 , volume irregulier (CV 0.78) , ponctualite erratique (amplitude 100 pt)
France;fr_sncf;Saint-Agne;fr_sncf|UIC87611301;17.3;2;12;62.5;87.5;87.5;25;0.64;0.9;100;306;4;0;0;REJETEE;presente 4/6 jours , volume observable 2.0 < 15 , volume irregulier (CV 0.64) , ponctualite erratique (amplitude 100 pt)
France;fr_sncf;Charmes;fr_sncf|UIC87144055;14.8;2;14;50;50;75;25;0.36;0.47;60;269;4;0;0.25;REJETEE;presente 4/6 jours , volume observable 2.0 < 15 , volume irregulier (CV 0.36)
France;fr_sncf;Tarbes;fr_sncf|UIC87671008;14.5;2;14;75;83.3;91.7;16.7;0.66;0.63;100;235;6;0.33;1.17;REJETEE;volume observable 2.0 < 15 , volume irregulier (CV 0.66) , ponctualite erratique (amplitude 100 pt)
France;fr_sncf;Saint-Sulpice - Auteuil;fr_sncf|UIC87313684;14.3;2;14;100;100;100;0;0.56;0.52;100;138;4;0;0;REJETEE;presente 4/6 jours , volume observable 2.0 < 15 , trop parfaite (100 % sous 60 s) , volume irregulier (CV 0.56) , ponctualite erratique (amplitude 100 pt)
France;fr_sncf;Chambly;fr_sncf|UIC87276725;14.3;2;14;100;100;100;0;0.56;0.52;100;138;4;0;0;REJETEE;presente 4/6 jours , volume observable 2.0 < 15 , trop parfaite (100 % sous 60 s) , volume irregulier (CV 0.56) , ponctualite erratique (amplitude 100 pt)
France;fr_sncf;Tarare;fr_sncf|UIC87721472;14.2;2;14;70;80;80;10;0.91;0.88;100;44;5;0;0;REJETEE;presente 5/6 jours , volume observable 2.0 < 15 , volume irregulier (CV 0.91) , ponctualite erratique (amplitude 100 pt)
France;fr_sncf;Tulle;fr_sncf|UIC87594499;14.2;2;14;83.3;91.7;91.7;8.3;0.61;0.47;100;104;6;0.33;0;REJETEE;volume observable 2.0 < 15 , volume irregulier (CV 0.61) , ponctualite erratique (amplitude 100 pt)
France;fr_sncf;Saint-Cyr Les Lecques - La Cadière;fr_sncf|UIC87755215;14;2;14;50;80;80;30;0.47;0.62;100;150;5;0.4;0;REJETEE;presente 5/6 jours , volume observable 2.0 < 15 , volume irregulier (CV 0.47) , ponctualite erratique (amplitude 100 pt)
France;fr_sncf;Ebersheim;fr_sncf|UIC87214106;13.8;2;15;75;100;100;25;0.44;0.56;100;323;4;0;0;REJETEE;presente 4/6 jours , volume observable 2.0 < 15 , trop parfaite (aucun retard > 5 min) , volume irregulier (CV 0.44) , ponctualite erratique (amplitude 100 pt)
France;fr_sncf;Uckange;fr_sncf|UIC87191130;13.8;2;15;75;100;100;25;0.4;0.47;100;267;4;0.25;0.75;REJETEE;presente 4/6 jours , volume observable 2.0 < 15 , trop parfaite (aucun retard > 5 min) , volume irregulier (CV 0.40) , ponctualite erratique (amplitude 100 pt)
France;fr_sncf;Besançon Franche-Comté TGV;fr_sncf|UIC87300863;13.5;2;15;41.7;75;83.3;41.7;0.8;0.74;100;152;6;0;0;REJETEE;volume observable 2.0 < 15 , volume irregulier (CV 0.80) , ponctualite erratique (amplitude 100 pt)
France;fr_sncf;Gazeran;fr_sncf|UIC87393348;13.3;2;15;87.5;100;100;12.5;0.37;0.4;0;179;4;0.5;0;REJETEE;presente 4/6 jours , volume observable 2.0 < 15 , trop parfaite (aucun retard > 5 min) , volume irregulier (CV 0.37)
France;fr_sncf;Sainte-Foy-la-Grande;fr_sncf|UIC87584193;13;2;15;50;50;100;50;0.97;0.8;67;58;4;0;0;REJETEE;presente 4/6 jours , volume observable 2.0 < 15 , volume irregulier (CV 0.97) , ponctualite erratique (amplitude 67 pt)
France;fr_sncf;Vélines;fr_sncf|UIC87584177;13;2;15;37.5;37.5;100;62.5;0.89;0.8;50;58;4;0;0;REJETEE;presente 4/6 jours , volume observable 2.0 < 15 , volume irregulier (CV 0.89)
France;fr_sncf;Cambrai;fr_sncf|UIC87345520;12.8;2;16;50;62.5;62.5;12.5;0.81;0.87;67;750;4;0.25;0.25;REJETEE;presente 4/6 jours , volume observable 2.0 < 15 , volume irregulier (CV 0.81) , ponctualite erratique (amplitude 67 pt)
France;fr_sncf;Toul;fr_sncf|UIC87141044;12.3;2;16;50;75;87.5;37.5;0.68;0.74;100;600;4;0;0;REJETEE;presente 4/6 jours , volume observable 2.0 < 15 , volume irregulier (CV 0.68) , ponctualite erratique (amplitude 100 pt)
France;fr_sncf;Gambsheim;fr_sncf|UIC87212332;12;2;17;87.5;100;100;12.5;1;0.79;100;55;4;0;0;REJETEE;presente 4/6 jours , volume observable 2.0 < 15 , trop parfaite (aucun retard > 5 min) , volume irregulier (CV 1.00) , ponctualite erratique (amplitude 100 pt)
Allemagne;de_gtfsde;;de_gtfsde|541808;11.5;2;17;37.5;75;75;37.5;1.18;1.03;100;21;4;0;0;REJETEE;identite non resolue , presente 4/6 jours , volume observable 2.0 < 15 , volume irregulier (CV 1.18) , ponctualite erratique (amplitude 100 pt)
France;fr_sncf;Gaillon - Aubevoye;fr_sncf|UIC87415620;11.5;2;17;75;87.5;87.5;12.5;0.6;0.74;100;667;4;0;0;REJETEE;presente 4/6 jours , volume observable 2.0 < 15 , volume irregulier (CV 0.60) , ponctualite erratique (amplitude 100 pt)
France;fr_sncf;Aiguebelle;fr_sncf|UIC87741256;11.3;2;18;25;41.7;66.7;41.7;0.61;0.55;100;72;6;0;0;REJETEE;volume observable 2.0 < 15 , volume irregulier (CV 0.61) , ponctualite erratique (amplitude 100 pt)
France;fr_sncf;Virieu-le-Grand - Belley;fr_sncf|UIC87741504;11.2;2;18;30;60;60;30;0.65;0.61;100;65;5;0.2;0.2;REJETEE;presente 5/6 jours , volume observable 2.0 < 15 , volume irregulier (CV 0.65) , ponctualite erratique (amplitude 100 pt)
France;fr_sncf;Franchet d'Esperey;fr_sncf|UIC87417444;11.2;2;18;90;90;100;10;0.44;0.65;100;375;5;0;0;REJETEE;presente 5/6 jours , volume observable 2.0 < 15 , volume irregulier (CV 0.44) , ponctualite erratique (amplitude 100 pt)
France;fr_sncf;Reims Maison Blanche;fr_sncf|UIC87171272;11.2;2;18;90;90;100;10;0.43;0.65;100;375;5;0;0;REJETEE;presente 5/6 jours , volume observable 2.0 < 15 , volume irregulier (CV 0.43) , ponctualite erratique (amplitude 100 pt)
France;fr_sncf;Moulins sur Allier;fr_sncf|UIC87696328;11;2;18;25;62.5;62.5;37.5;0.36;0.45;100;193;4;0.5;0;REJETEE;presente 4/6 jours , volume observable 2.0 < 15 , volume irregulier (CV 0.36) , ponctualite erratique (amplitude 100 pt)
France;fr_sncf;Meuse TGV;fr_sncf|UIC87147322;11;2;18;60;70;70;10;0.37;0.43;100;209;5;0;0;REJETEE;presente 5/6 jours , volume observable 2.0 < 15 , volume irregulier (CV 0.37) , ponctualite erratique (amplitude 100 pt)
France;fr_sncf;Colmar Saint-Joseph;fr_sncf|UIC87181222;11;2;18;62.5;87.5;87.5;25;0.61;0.72;50;529;4;0;0;REJETEE;presente 4/6 jours , volume observable 2.0 < 15 , volume irregulier (CV 0.61)
France;fr_sncf;Montlouis;fr_sncf|UIC87571273;10.8;2;19;100;100;100;0;0.47;0.5;0;291;4;0.25;0;REJETEE;presente 4/6 jours , volume observable 2.0 < 15 , trop parfaite (100 % sous 60 s) , volume irregulier (CV 0.47)
France;fr_sncf;Châtellerault;fr_sncf|UIC87575142;10.3;2;20;62.5;62.5;75;12.5;0.46;0.4;100;193;4;0.5;0.25;REJETEE;presente 4/6 jours , volume observable 2.0 < 15 , volume irregulier (CV 0.46) , ponctualite erratique (amplitude 100 pt)
France;fr_sncf;La Ferté-Bernard;fr_sncf|UIC87396325;9.8;2;20;90;90;90;0;0.41;0.54;33;282;5;0.2;0.2;REJETEE;presente 5/6 jours , volume observable 2.0 < 15 , distribution degeneree (0.0 pt) , volume irregulier (CV 0.41)
France;fr_sncf;Cahors;fr_sncf|UIC87613000;9.3;2;22;50;50;75;25;0.31;0.54;100;208;4;0;0;REJETEE;presente 4/6 jours , volume observable 2.0 < 15 , ponctualite erratique (amplitude 100 pt)
France;fr_sncf;Saint-Césaire;fr_sncf|UIC87775072;8.5;2;24;87.5;87.5;87.5;0;0.65;0.32;100;62;4;0;0;REJETEE;presente 4/6 jours , volume observable 2.0 < 15 , distribution degeneree (0.0 pt) , volume irregulier (CV 0.65) , ponctualite erratique (amplitude 100 pt)
France;fr_sncf;Villeneuve-la-Guyard;fr_sncf|UIC87683102;8;2;25;62.5;87.5;100;37.5;0.29;0.51;100;256;4;0;0;REJETEE;presente 4/6 jours , volume observable 2.0 < 15 , ponctualite erratique (amplitude 100 pt)
France;fr_sncf;Chorges;fr_sncf|UIC87763425;8;2;25;12.5;62.5;75;62.5;0.35;0.46;100;256;4;0;0.25;REJETEE;presente 4/6 jours , volume observable 2.0 < 15 , volume irregulier (CV 0.35) , ponctualite erratique (amplitude 100 pt)
France;fr_sncf;Embrun;fr_sncf|UIC87763466;8;2;25;12.5;62.5;62.5;50;0.33;0.46;100;256;4;0;0.25;REJETEE;presente 4/6 jours , volume observable 2.0 < 15 , ponctualite erratique (amplitude 100 pt)
France;fr_sncf;Crêches-sur-Saône;fr_sncf|UIC87725713;7.8;2;26;75;75;75;0;0.99;0.49;100;48;4;0;0.5;REJETEE;presente 4/6 jours , volume observable 2.0 < 15 , distribution degeneree (0.0 pt) , volume irregulier (CV 0.99) , ponctualite erratique (amplitude 100 pt)
France;fr_sncf;Mussidan;fr_sncf|UIC87595298;7.4;2;27;70;80;90;20;0.37;0.44;33;220;5;0.2;0;REJETEE;presente 5/6 jours , volume observable 2.0 < 15 , volume irregulier (CV 0.37)
Etats-Unis;us_mbta;Newburyport;us_mbta|newburyport@42.80,-70.88;6.3;2;32;100;100;100;0;0.56;0.55;100;79;4;0;0;REJETEE;presente 4/6 jours , volume observable 2.0 < 15 , trop parfaite (100 % sous 60 s) , volume irregulier (CV 0.56) , ponctualite erratique (amplitude 100 pt)
Australie;au_translink_seq;Traveston station;au_translink_seq|travestonstation@-26.32,152.78;3.5;2;57;100;100;100;0;0.3;0.25;0;82;4;0;0;REJETEE;presente 4/6 jours , volume observable 2.0 < 15 , trop parfaite (100 % sous 60 s)
France;fr_sncf;Lancy-Pont-Rouge;fr_sncf|UIC85161554;29.3;1.8;6;100;100;100;0;0.53;0.55;100;144;4;0;0;REJETEE;presente 4/6 jours , volume observable 1.8 < 15 , trop parfaite (100 % sous 60 s) , volume irregulier (CV 0.53) , ponctualite erratique (amplitude 100 pt)
France;fr_sncf;Beaugency;fr_sncf|UIC87574160;19.3;1.8;9;85.7;85.7;85.7;0;0.33;0.53;33;305;4;0.25;0;REJETEE;presente 4/6 jours , volume observable 1.8 < 15 , distribution degeneree (0.0 pt)
France;fr_sncf;Mommenheim;fr_sncf|UIC87212142;18.8;1.8;9;85.7;100;100;14.3;0.4;0.53;0;295;4;0;0;REJETEE;presente 4/6 jours , volume observable 1.8 < 15 , trop parfaite (aucun retard > 5 min) , volume irregulier (CV 0.40)
France;fr_sncf;Basel SBB;fr_sncf|UIC85000109;18.8;1.8;9;57.1;71.4;100;42.9;0.44;0.55;100;213;4;0;0;REJETEE;presente 4/6 jours , volume observable 1.8 < 15 , volume irregulier (CV 0.44) , ponctualite erratique (amplitude 100 pt)
France;fr_sncf;Onzain - Chaumont-sur-Loire;fr_sncf|UIC87574319;18.3;1.8;10;85.7;85.7;85.7;0;0.44;0.56;50;329;4;0.25;0;REJETEE;presente 4/6 jours , volume observable 1.8 < 15 , distribution degeneree (0.0 pt) , volume irregulier (CV 0.44)
France;fr_sncf;La Baule-Escoublac;fr_sncf|UIC87481754;15.8;1.8;11;42.9;57.1;71.4;28.6;0.2;0.4;67;215;4;0;0;REJETEE;presente 4/6 jours , volume observable 1.8 < 15 , ponctualite erratique (amplitude 67 pt)
France;fr_sncf;Ollioules - Sanary-sur-Mer;fr_sncf|UIC87755231;14.6;1.8;12;55.6;77.8;77.8;22.2;0.45;0.58;100;138;5;0.4;0;REJETEE;presente 5/6 jours , volume observable 1.8 < 15 , volume irregulier (CV 0.45) , ponctualite erratique (amplitude 100 pt)
France;fr_sncf;La Ciotat-Ceyreste;fr_sncf|UIC87751784;14.6;1.8;12;55.6;88.9;88.9;33.3;0.45;0.58;100;138;5;0.4;0;REJETEE;presente 5/6 jours , volume observable 1.8 < 15 , volume irregulier (CV 0.45) , ponctualite erratique (amplitude 100 pt)
France;fr_sncf;Joigny;fr_sncf|UIC87683243;14.3;1.8;13;45.5;90.9;100;54.5;0.8;0.87;100;517;6;0;0.17;REJETEE;volume observable 1.8 < 15 , volume irregulier (CV 0.80) , ponctualite erratique (amplitude 100 pt)
France;fr_sncf;Méru;fr_sncf|UIC87313668;14.3;1.8;12;100;100;100;0;0.57;0.52;100;138;4;0;0;REJETEE;presente 4/6 jours , volume observable 1.8 < 15 , trop parfaite (100 % sous 60 s) , volume irregulier (CV 0.57) , ponctualite erratique (amplitude 100 pt)
France;fr_sncf;Bornel - Belle-Église;fr_sncf|UIC87276717;14.3;1.8;12;100;100;100;0;0.56;0.52;100;138;4;0;0;REJETEE;presente 4/6 jours , volume observable 1.8 < 15 , trop parfaite (100 % sous 60 s) , volume irregulier (CV 0.56) , ponctualite erratique (amplitude 100 pt)
France;fr_sncf;Bandol;fr_sncf|UIC87755223;14;1.8;13;55.6;77.8;77.8;22.2;0.47;0.62;100;150;5;0.4;0;REJETEE;presente 5/6 jours , volume observable 1.8 < 15 , volume irregulier (CV 0.47) , ponctualite erratique (amplitude 100 pt)
France;fr_sncf;Belleville sur Sâone;fr_sncf|UIC87721357;13.8;1.8;13;77.8;88.9;88.9;11.1;0.85;0.5;100;115;5;0;0.4;REJETEE;presente 5/6 jours , volume observable 1.8 < 15 , volume irregulier (CV 0.85) , ponctualite erratique (amplitude 100 pt)
France;fr_sncf;Kogenheim;fr_sncf|UIC87214114;13.8;1.8;13;71.4;100;100;28.6;0.44;0.56;100;323;4;0;0;REJETEE;presente 4/6 jours , volume observable 1.8 < 15 , trop parfaite (aucun retard > 5 min) , volume irregulier (CV 0.44) , ponctualite erratique (amplitude 100 pt)
France;fr_sncf;Argentan;fr_sncf|UIC87444539;13.8;1.8;13;57.1;71.4;71.4;14.3;0.39;0.59;100;323;4;0;0;REJETEE;presente 4/6 jours , volume observable 1.8 < 15 , volume irregulier (CV 0.39) , ponctualite erratique (amplitude 100 pt)
France;fr_sncf;Trouville - Deauville;fr_sncf|UIC87444372;13.5;1.8;13;71.4;100;100;28.6;0.51;0.55;100;286;4;0;0;REJETEE;presente 4/6 jours , volume observable 1.8 < 15 , trop parfaite (aucun retard > 5 min) , volume irregulier (CV 0.51) , ponctualite erratique (amplitude 100 pt)
France;fr_sncf;Dettwiller;fr_sncf|UIC87212183;13.3;1.8;13;85.7;100;100;14.3;0.39;0.5;0;253;4;0;0;REJETEE;presente 4/6 jours , volume observable 1.8 < 15 , trop parfaite (aucun retard > 5 min) , volume irregulier (CV 0.39)
France;fr_sncf;Steinbourg;fr_sncf|UIC87212209;13.3;1.8;13;85.7;100;100;14.3;0.39;0.5;0;253;4;0;0;REJETEE;presente 4/6 jours , volume observable 1.8 < 15 , trop parfaite (aucun retard > 5 min) , volume irregulier (CV 0.39)
France;fr_sncf;Graffenstaden;fr_sncf|UIC87212241;13;1.8;13;42.9;100;100;57.1;0.47;0.54;0;300;4;0;0;REJETEE;presente 4/6 jours , volume observable 1.8 < 15 , trop parfaite (aucun retard > 5 min) , volume irregulier (CV 0.47)
France;fr_sncf;Les Deux Jumeaux;fr_sncf|UIC87677104;12.5;1.8;14;71.4;71.4;71.4;0;0.43;0.14;100;100;4;1.5;0;REJETEE;presente 4/6 jours , volume observable 1.8 < 15 , distribution degeneree (0.0 pt) , volume irregulier (CV 0.43) , ponctualite erratique (amplitude 100 pt)
France;fr_sncf;Oissel;fr_sncf|UIC87411207;12.5;1.8;14;85.7;85.7;85.7;0;0.39;0.61;100;400;4;0;0;REJETEE;presente 4/6 jours , volume observable 1.8 < 15 , distribution degeneree (0.0 pt) , volume irregulier (CV 0.39) , ponctualite erratique (amplitude 100 pt)
France;fr_sncf;Dachstein;fr_sncf|UIC87214551;12.5;1.8;14;100;100;100;0;0.65;0.76;100;163;4;0;0;REJETEE;presente 4/6 jours , volume observable 1.8 < 15 , trop parfaite (100 % sous 60 s) , volume irregulier (CV 0.65) , ponctualite erratique (amplitude 100 pt)
France;fr_sncf;Bas - Monistrol;fr_sncf|UIC87726778;11.7;1.8;16;54.5;63.6;81.8;27.3;0.65;0.62;100;69;6;0;0;REJETEE;volume observable 1.8 < 15 , volume irregulier (CV 0.65) , ponctualite erratique (amplitude 100 pt)
Allemagne;de_gtfsde;;de_gtfsde|336649;11.5;1.8;15;42.9;57.1;57.1;14.3;1.18;1.03;100;21;4;0;0;REJETEE;identite non resolue , presente 4/6 jours , volume observable 1.8 < 15 , volume irregulier (CV 1.18) , ponctualite erratique (amplitude 100 pt)
France;fr_sncf;Saint-Dizier;fr_sncf|UIC87175000;11.3;1.8;16;57.1;71.4;100;42.9;0.38;0.53;100;246;4;0;0;REJETEE;presente 4/6 jours , volume observable 1.8 < 15 , volume irregulier (CV 0.38) , ponctualite erratique (amplitude 100 pt)
France;fr_sncf;Surdon;fr_sncf|UIC87444562;11.3;1.8;16;42.9;71.4;85.7;42.9;0.42;0.53;100;309;4;0;0;REJETEE;presente 4/6 jours , volume observable 1.8 < 15 , volume irregulier (CV 0.42) , ponctualite erratique (amplitude 100 pt)
France;fr_sncf;La Garde;fr_sncf|UIC87755306;11.2;1.8;16;44.4;66.7;77.8;33.3;0.55;0.46;50;130;5;1;0.2;REJETEE;presente 5/6 jours , volume observable 1.8 < 15 , volume irregulier (CV 0.55)
France;fr_sncf;Toulon Sainte-Musse;fr_sncf|UIC87742262;11.2;1.8;16;33.3;66.7;77.8;44.4;0.47;0.46;50;130;5;1;0.2;REJETEE;presente 5/6 jours , volume observable 1.8 < 15 , volume irregulier (CV 0.47)
France;fr_sncf;Alès;fr_sncf|UIC87775288;11.2;1.8;16;55.6;66.7;66.7;11.1;0.55;0.44;100;130;5;0;0;REJETEE;presente 5/6 jours , volume observable 1.8 < 15 , volume irregulier (CV 0.55) , ponctualite erratique (amplitude 100 pt)
France;fr_sncf;Retournac;fr_sncf|UIC87734749;11.2;1.8;16;54.5;72.7;81.8;27.3;0.66;0.66;100;73;6;0;0;REJETEE;volume observable 1.8 < 15 , volume irregulier (CV 0.66) , ponctualite erratique (amplitude 100 pt)
France;fr_sncf;Vorey;fr_sncf|UIC87734723;11.2;1.8;16;54.5;81.8;81.8;27.3;0.58;0.62;100;73;6;0;0;REJETEE;volume observable 1.8 < 15 , volume irregulier (CV 0.58) , ponctualite erratique (amplitude 100 pt)
France;fr_sncf;Argenton-sur-Creuse;fr_sncf|UIC87597120;10.8;1.8;16;57.1;71.4;71.4;14.3;0.37;0.43;100;231;4;0.5;0;REJETEE;presente 4/6 jours , volume observable 1.8 < 15 , volume irregulier (CV 0.37) , ponctualite erratique (amplitude 100 pt)
France;fr_sncf;Diemeringen;fr_sncf|UIC87215665;10.8;1.8;16;100;100;100;0;0.37;0.56;100;330;4;0;0;REJETEE;presente 4/6 jours , volume observable 1.8 < 15 , trop parfaite (100 % sous 60 s) , volume irregulier (CV 0.37) , ponctualite erratique (amplitude 100 pt)
France;fr_sncf;Logelbach;fr_sncf|UIC87182345;10.3;1.8;17;71.4;85.7;85.7;14.3;0.59;0.71;33;486;4;0;0;REJETEE;presente 4/6 jours , volume observable 1.8 < 15 , volume irregulier (CV 0.59)
France;fr_sncf;Les Laumes - Alésia;fr_sncf|UIC87713115;9.8;1.8;18;57.1;100;100;42.9;0.44;0.55;0;290;4;0;0;REJETEE;presente 4/6 jours , volume observable 1.8 < 15 , trop parfaite (aucun retard > 5 min) , volume irregulier (CV 0.44)
France;fr_sncf;Hyères;fr_sncf|UIC87755629;9.6;1.8;19;88.9;88.9;88.9;0;0.56;0.5;50;117;5;0.8;0.2;REJETEE;presente 5/6 jours , volume observable 1.8 < 15 , distribution degeneree (0.0 pt) , volume irregulier (CV 0.56)
France;fr_sncf;Alençon;fr_sncf|UIC87444711;9.3;1.8;19;57.1;57.1;71.4;14.3;0.6;0.64;67;429;4;0.25;0;REJETEE;presente 4/6 jours , volume observable 1.8 < 15 , volume irregulier (CV 0.60) , ponctualite erratique (amplitude 67 pt)
France;fr_sncf;Mâcon - Loché TGV;fr_sncf|UIC87725705;8.6;1.8;21;11.1;33.3;44.4;33.3;0.9;0.55;40;89;5;0;0;REJETEE;presente 5/6 jours , volume observable 1.8 < 15 , volume irregulier (CV 0.90)
France;fr_sncf;Saint-Sulpice;fr_sncf|UIC87615344;8.3;1.8;21;14.3;57.1;57.1;42.9;0.6;0.7;75;200;4;0;0;REJETEE;presente 4/6 jours , volume observable 1.8 < 15 , volume irregulier (CV 0.60) , ponctualite erratique (amplitude 75 pt)
France;fr_sncf;Castelnau-d'Estrétefonds;fr_sncf|UIC87611665;8.3;1.8;21;57.1;71.4;71.4;14.3;0.76;0.83;100;371;4;0.5;0;REJETEE;presente 4/6 jours , volume observable 1.8 < 15 , volume irregulier (CV 0.76) , ponctualite erratique (amplitude 100 pt)
France;fr_sncf;Mehun-sur-Yèvre;fr_sncf|UIC87576116;8.3;1.8;21;100;100;100;0;0.37;0.29;0;120;4;0;0;REJETEE;presente 4/6 jours , volume observable 1.8 < 15 , trop parfaite (100 % sous 60 s) , volume irregulier (CV 0.37)
France;fr_sncf;Mont-Dauphin - Guillestre;fr_sncf|UIC87763508;8;1.8;22;42.9;71.4;71.4;28.6;0.35;0.46;100;256;4;0;0.25;REJETEE;presente 4/6 jours , volume observable 1.8 < 15 , volume irregulier (CV 0.35) , ponctualite erratique (amplitude 100 pt)
France;fr_sncf;Chamalières-sur-Loire;fr_sncf|UIC87734731;7.8;1.8;23;55.6;88.9;88.9;33.3;0.5;0.38;100;75;5;0;0;REJETEE;presente 5/6 jours , volume observable 1.8 < 15 , volume irregulier (CV 0.50) , ponctualite erratique (amplitude 100 pt)
France;fr_sncf;Pontanevaux;fr_sncf|UIC87725721;7.8;1.8;23;71.4;71.4;71.4;0;0.99;0.49;100;48;4;0;0.5;REJETEE;presente 4/6 jours , volume observable 1.8 < 15 , distribution degeneree (0.0 pt) , volume irregulier (CV 0.99) , ponctualite erratique (amplitude 100 pt)
France;fr_sncf;Souillac;fr_sncf|UIC87594333;7.5;1.8;23;42.9;57.1;71.4;28.6;0.48;0.43;60;131;4;0;0;REJETEE;presente 4/6 jours , volume observable 1.8 < 15 , volume irregulier (CV 0.48)
France;fr_sncf;Gaillac;fr_sncf|UIC87615252;7.3;1.8;24;28.6;57.1;57.1;28.6;0.88;0.7;75;222;4;0;0;REJETEE;presente 4/6 jours , volume observable 1.8 < 15 , volume irregulier (CV 0.88) , ponctualite erratique (amplitude 75 pt)
France;fr_sncf;Lisle-sur-Tarn;fr_sncf|UIC87615310;6.8;1.8;26;28.6;71.4;71.4;42.9;0.75;0.71;100;238;4;0;0;REJETEE;presente 4/6 jours , volume observable 1.8 < 15 , volume irregulier (CV 0.75) , ponctualite erratique (amplitude 100 pt)
France;fr_sncf;Les Abrets - Fitilieu;fr_sncf|UIC87741496;3.8;1.8;47;28.6;71.4;71.4;42.9;0.18;0.22;50;;4;0;0;REJETEE;presente 4/6 jours , volume observable 1.8 < 15
Australie;au_translink_seq;Cooran station;au_translink_seq|cooranstation@-26.33,152.82;3.5;1.8;50;85.7;100;100;14.3;0.3;0.25;0;82;4;0;0;REJETEE;presente 4/6 jours , volume observable 1.8 < 15 , trop parfaite (aucun retard > 5 min)
Australie;au_translink_seq;Pomona station;au_translink_seq|pomonastation@-26.37,152.86;3.5;1.8;50;100;100;100;0;0.3;0.25;0;82;4;0;0;REJETEE;presente 4/6 jours , volume observable 1.8 < 15 , trop parfaite (100 % sous 60 s)
Australie;au_translink_seq;Cooroy station;au_translink_seq|cooroystation@-26.42,152.91;3.5;1.8;50;100;100;100;0;0.52;0.25;0;82;4;0;0;REJETEE;presente 4/6 jours , volume observable 1.8 < 15 , trop parfaite (100 % sous 60 s) , volume irregulier (CV 0.52)
France;fr_sncf;Saint-Joseph le Castellas;fr_sncf|UIC87759316;17.8;1.7;9;70;90;100;30;0.78;0.8;100;93;6;0.17;0;REJETEE;volume observable 1.7 < 15 , volume irregulier (CV 0.78) , ponctualite erratique (amplitude 100 pt)
France;fr_sncf;Aurec;fr_sncf|UIC87726760;11.2;1.7;15;70;70;90;20;0.55;0.66;100;73;6;0;0;REJETEE;volume observable 1.7 < 15 , volume irregulier (CV 0.55) , ponctualite erratique (amplitude 100 pt)
France;fr_sncf;Saint-Nazaire;fr_sncf|UIC87481705;14.6;1.6;11;37.5;75;75;37.5;0.45;0.54;100;256;5;0;0;REJETEE;presente 5/6 jours , volume observable 1.6 < 15 , volume irregulier (CV 0.45) , ponctualite erratique (amplitude 100 pt)
France;fr_sncf;Évreux Normandie;fr_sncf|UIC87387001;12.4;1.6;13;50;75;75;25;0.57;0.64;100;293;5;0.2;0;REJETEE;presente 5/6 jours , volume observable 1.6 < 15 , volume irregulier (CV 0.57) , ponctualite erratique (amplitude 100 pt)
France;fr_sncf;Saint-Paul-de-Varax;fr_sncf|UIC87723783;12.2;1.6;13;75;87.5;100;25;1.2;1;100;68;5;0;0;REJETEE;presente 5/6 jours , volume observable 1.6 < 15 , volume irregulier (CV 1.20) , ponctualite erratique (amplitude 100 pt)
France;fr_sncf;Lyon Saint-Exupéry TGV;fr_sncf|UIC87762906;11.8;1.6;14;12.5;62.5;75;62.5;0.97;0.43;83;110;5;0.2;0;REJETEE;presente 5/6 jours , volume observable 1.6 < 15 , volume irregulier (CV 0.97) , ponctualite erratique (amplitude 83 pt)
France;fr_sncf;Montbard;fr_sncf|UIC87713131;11;1.6;15;37.5;75;87.5;50;0.55;0.65;100;209;5;0;0;REJETEE;presente 5/6 jours , volume observable 1.6 < 15 , volume irregulier (CV 0.55) , ponctualite erratique (amplitude 100 pt)
France;fr_sncf;Quimperlé;fr_sncf|UIC87476317;10.4;1.6;15;75;87.5;87.5;12.5;0.43;0.51;33;221;5;0;0;REJETEE;presente 5/6 jours , volume observable 1.6 < 15 , volume irregulier (CV 0.43)
France;fr_sncf;Dole;fr_sncf|UIC87713412;7;1.6;23;62.5;75;75;12.5;1.03;0.83;100;69;5;0;0;REJETEE;presente 5/6 jours , volume observable 1.6 < 15 , volume irregulier (CV 1.03) , ponctualite erratique (amplitude 100 pt)
France;fr_sncf;Langeac;fr_sncf|UIC87734319;6.8;1.6;24;25;50;100;75;0.34;0.42;75;150;5;0;0;REJETEE;presente 5/6 jours , volume observable 1.6 < 15 , ponctualite erratique (amplitude 75 pt)
France;fr_sncf;Mer;fr_sncf|UIC87574194;19.3;1.5;8;83.3;83.3;83.3;0;0.38;0.53;100;305;4;0.25;0;REJETEE;presente 4/6 jours , volume observable 1.5 < 15 , distribution degeneree (0.0 pt) , volume irregulier (CV 0.38) , ponctualite erratique (amplitude 100 pt)
France;fr_sncf;Le Croisic;fr_sncf|UIC87481788;15.8;1.5;10;83.3;83.3;100;16.7;0.25;0.4;33;215;4;0;0.5;REJETEE;presente 4/6 jours , volume observable 1.5 < 15
France;fr_sncf;Kehl;fr_sncf|UIC80142927;15.5;1.5;10;66.7;66.7;83.3;16.7;0.33;0.39;100;170;4;0;0;REJETEE;presente 4/6 jours , volume observable 1.5 < 15 , ponctualite erratique (amplitude 100 pt)
France;fr_sncf;Nogent-sur-Seine;fr_sncf|UIC87118190;14.8;1.5;10;100;100;100;0;0.51;0.72;100;321;4;0;0;REJETEE;presente 4/6 jours , volume observable 1.5 < 15 , trop parfaite (100 % sous 60 s) , volume irregulier (CV 0.51) , ponctualite erratique (amplitude 100 pt)
France;fr_sncf;Sathonay - Rillieux;fr_sncf|UIC87723700;14.3;1.5;11;83.3;100;100;16.7;1.09;0.86;100;50;4;0;0;REJETEE;presente 4/6 jours , volume observable 1.5 < 15 , trop parfaite (aucun retard > 5 min) , volume irregulier (CV 1.09) , ponctualite erratique (amplitude 100 pt)
France;fr_sncf;Geispolsheim;fr_sncf|UIC87212258;13.5;1.5;11;50;100;100;50;0.48;0.55;100;315;4;0;0;REJETEE;presente 4/6 jours , volume observable 1.5 < 15 , trop parfaite (aucun retard > 5 min) , volume irregulier (CV 0.48) , ponctualite erratique (amplitude 100 pt)
France;fr_sncf;Soissons;fr_sncf|UIC87271817;13.5;1.5;11;100;100;100;0;0.88;0.71;100;69;4;0;0;REJETEE;presente 4/6 jours , volume observable 1.5 < 15 , trop parfaite (100 % sous 60 s) , volume irregulier (CV 0.88) , ponctualite erratique (amplitude 100 pt)
France;fr_sncf;Villers-Cotterêts;fr_sncf|UIC87271734;13.5;1.5;11;83.3;83.3;100;16.7;0.84;0.71;100;69;4;0;0;REJETEE;presente 4/6 jours , volume observable 1.5 < 15 , volume irregulier (CV 0.84) , ponctualite erratique (amplitude 100 pt)
France;fr_sncf;Hochfelden;fr_sncf|UIC87212167;13.3;1.5;11;83.3;100;100;16.7;0.41;0.5;0;253;4;0;0;REJETEE;presente 4/6 jours , volume observable 1.5 < 15 , trop parfaite (aucun retard > 5 min) , volume irregulier (CV 0.41)
France;fr_sncf;Les Échets;fr_sncf|UIC87723718;13.3;1.5;11;83.3;100;100;16.7;1.01;0.8;100;56;4;0;0;REJETEE;presente 4/6 jours , volume observable 1.5 < 15 , trop parfaite (aucun retard > 5 min) , volume irregulier (CV 1.01) , ponctualite erratique (amplitude 100 pt)
France;fr_sncf;Stephansfeld;fr_sncf|UIC87212126;13;1.5;12;66.7;83.3;100;33.3;0.41;0.51;50;271;4;0;0;REJETEE;presente 4/6 jours , volume observable 1.5 < 15 , volume irregulier (CV 0.41)
France;fr_sncf;Schwindratzheim;fr_sncf|UIC87212159;13;1.5;12;83.3;100;100;16.7;0.41;0.51;0;271;4;0;0;REJETEE;presente 4/6 jours , volume observable 1.5 < 15 , trop parfaite (aucun retard > 5 min) , volume irregulier (CV 0.41)
France;fr_sncf;Wilwisheim;fr_sncf|UIC87212175;13;1.5;12;83.3;100;100;16.7;0.4;0.51;0;271;4;0;0;REJETEE;presente 4/6 jours , volume observable 1.5 < 15 , trop parfaite (aucun retard > 5 min) , volume irregulier (CV 0.40)
France;fr_sncf;Landerneau;fr_sncf|UIC87474239;13;1.5;12;50;83.3;83.3;33.3;0.45;0.59;33;373;4;0;0;REJETEE;presente 4/6 jours , volume observable 1.5 < 15 , volume irregulier (CV 0.45)
France;fr_sncf;Krimmeri Meinau;fr_sncf|UIC87338525;12.5;1.5;12;66.7;66.7;83.3;16.7;0.22;0.4;100;213;4;0;0;REJETEE;presente 4/6 jours , volume observable 1.5 < 15 , ponctualite erratique (amplitude 100 pt)
France;fr_sncf;Duppigheim;fr_sncf|UIC87214536;12.5;1.5;12;100;100;100;0;0.65;0.76;100;163;4;0;0;REJETEE;presente 4/6 jours , volume observable 1.5 < 15 , trop parfaite (100 % sous 60 s) , volume irregulier (CV 0.65) , ponctualite erratique (amplitude 100 pt)
France;fr_sncf;Artix;fr_sncf|UIC87672212;12.5;1.5;12;16.7;83.3;83.3;66.7;0.6;0.26;100;72;4;0.25;0;REJETEE;presente 4/6 jours , volume observable 1.5 < 15 , volume irregulier (CV 0.60) , ponctualite erratique (amplitude 100 pt)
France;fr_sncf;Strasbourg Roethig;fr_sncf|UIC87212191;12.3;1.5;12;100;100;100;0;0.64;0.77;0;172;4;0;0;REJETEE;presente 4/6 jours , volume observable 1.5 < 15 , trop parfaite (100 % sous 60 s) , volume irregulier (CV 0.64)
France;fr_sncf;Lingolsheim;fr_sncf|UIC87214502;12.3;1.5;12;100;100;100;0;0.64;0.77;0;172;4;0;0;REJETEE;presente 4/6 jours , volume observable 1.5 < 15 , trop parfaite (100 % sous 60 s) , volume irregulier (CV 0.64)
France;fr_sncf;Thaon;fr_sncf|UIC87144097;12;1.5;13;66.7;66.7;83.3;16.7;0.29;0.45;100;243;4;0;0.5;REJETEE;presente 4/6 jours , volume observable 1.5 < 15 , ponctualite erratique (amplitude 100 pt)
France;fr_sncf;Châtel - Nomexy;fr_sncf|UIC87144071;12;1.5;13;66.7;66.7;83.3;16.7;0.31;0.45;100;243;4;0;0.25;REJETEE;presente 4/6 jours , volume observable 1.5 < 15 , ponctualite erratique (amplitude 100 pt)
France;fr_sncf;Bayon;fr_sncf|UIC87141218;12;1.5;13;50;66.7;83.3;33.3;0.32;0.45;100;243;4;0;0.25;REJETEE;presente 4/6 jours , volume observable 1.5 < 15 , ponctualite erratique (amplitude 100 pt)
France;fr_sncf;Vitry-le-François;fr_sncf|UIC87174276;11.8;1.5;13;83.3;83.3;83.3;0;0.45;0.58;100;370;4;0;0;REJETEE;presente 4/6 jours , volume observable 1.5 < 15 , distribution degeneree (0.0 pt) , volume irregulier (CV 0.45) , ponctualite erratique (amplitude 100 pt)
France;fr_sncf;Val-de-Reuil;fr_sncf|UIC87415877;11.5;1.5;13;83.3;83.3;83.3;0;0.59;0.74;100;667;4;0;0;REJETEE;presente 4/6 jours , volume observable 1.5 < 15 , distribution degeneree (0.0 pt) , volume irregulier (CV 0.59) , ponctualite erratique (amplitude 100 pt)
France;fr_sncf;Clisson;fr_sncf|UIC87481440;11.5;1.5;13;83.3;83.3;100;16.7;0.79;0.79;100;360;4;0;0;REJETEE;presente 4/6 jours , volume observable 1.5 < 15 , volume irregulier (CV 0.79) , ponctualite erratique (amplitude 100 pt)
France;fr_sncf;Rives;fr_sncf|UIC87747246;11.3;1.5;13;83.3;100;100;16.7;1.22;0.97;100;29;4;0;0.25;REJETEE;presente 4/6 jours , volume observable 1.5 < 15 , trop parfaite (aucun retard > 5 min) , volume irregulier (CV 1.22) , ponctualite erratique (amplitude 100 pt)
France;fr_sncf;Mont-de-Marsan;fr_sncf|UIC87671016;11;1.5;14;100;100;100;0;0.65;0.42;0;91;4;0.75;0;REJETEE;presente 4/6 jours , volume observable 1.5 < 15 , trop parfaite (100 % sous 60 s) , volume irregulier (CV 0.65)
France;fr_sncf;St-Etienne-Châtcrx. G Routière;fr_sncf|UIC87698662;10.5;1.5;14;100;100;100;0;0.59;0.62;100;;4;0;0;REJETEE;presente 4/6 jours , volume observable 1.5 < 15 , trop parfaite (100 % sous 60 s) , volume irregulier (CV 0.59) , ponctualite erratique (amplitude 100 pt)
France;fr_sncf;La Crau;fr_sncf|UIC87755611;10.5;1.5;14;66.7;83.3;83.3;16.7;0.17;0.41;100;225;4;0.25;0.25;REJETEE;presente 4/6 jours , volume observable 1.5 < 15 , ponctualite erratique (amplitude 100 pt)
France;fr_sncf;Jeumont;fr_sncf|UIC87295014;10;1.5;15;100;100;100;0;0.73;0.7;100;471;4;0;0;REJETEE;presente 4/6 jours , volume observable 1.5 < 15 , trop parfaite (100 % sous 60 s) , volume irregulier (CV 0.73) , ponctualite erratique (amplitude 100 pt)
France;fr_sncf;Saint-Just-en-Chaussée;fr_sncf|UIC87313270;9.5;1.5;16;66.7;83.3;83.3;16.7;0.36;0.38;100;171;4;0;0;REJETEE;presente 4/6 jours , volume observable 1.5 < 15 , volume irregulier (CV 0.36) , ponctualite erratique (amplitude 100 pt)
France;fr_sncf;Le Creusot-TGV;fr_sncf|UIC87694109;9.3;1.5;16;33.3;77.8;77.8;44.4;0.68;0.44;100;120;6;0;0;REJETEE;volume observable 1.5 < 15 , volume irregulier (CV 0.68) , ponctualite erratique (amplitude 100 pt)
France;fr_sncf;Clermont de l'Oise;fr_sncf|UIC87313304;9.3;1.5;16;83.3;83.3;83.3;0;0.34;0.39;100;185;4;0;0;REJETEE;presente 4/6 jours , volume observable 1.5 < 15 , distribution degeneree (0.0 pt) , ponctualite erratique (amplitude 100 pt)
France;fr_sncf;Montluçon;fr_sncf|UIC87641001;9.3;1.5;16;100;100;100;0;0.28;0.36;100;147;4;0;0;REJETEE;presente 4/6 jours , volume observable 1.5 < 15 , trop parfaite (100 % sous 60 s) , ponctualite erratique (amplitude 100 pt)
France;fr_sncf;Vic-le-Comte;fr_sncf|UIC87734186;9;1.5;17;83.3;83.3;83.3;0;0.58;0.27;50;64;4;0;0;REJETEE;presente 4/6 jours , volume observable 1.5 < 15 , distribution degeneree (0.0 pt) , volume irregulier (CV 0.58)
France;fr_sncf;Briançon;fr_sncf|UIC87763607;8.5;1.5;18;100;100;100;0;0.42;0.56;100;325;4;0;0.25;REJETEE;presente 4/6 jours , volume observable 1.5 < 15 , trop parfaite (100 % sous 60 s) , volume irregulier (CV 0.42) , ponctualite erratique (amplitude 100 pt)
France;fr_sncf;Boussens;fr_sncf|UIC87611095;8.3;1.5;18;66.7;83.3;83.3;16.7;0.81;0.76;100;313;4;0;0;REJETEE;presente 4/6 jours , volume observable 1.5 < 15 , volume irregulier (CV 0.81) , ponctualite erratique (amplitude 100 pt)
France;fr_sncf;Vendôme;fr_sncf|UIC87574558;8.3;1.5;18;66.7;66.7;83.3;16.7;0.44;0.43;100;175;4;0.25;0;REJETEE;presente 4/6 jours , volume observable 1.5 < 15 , volume irregulier (CV 0.44) , ponctualite erratique (amplitude 100 pt)
France;fr_sncf;Saint-Étienne La Terrasse;fr_sncf|UIC87726158;8.2;1.5;18;77.8;88.9;100;22.2;0.96;0.73;100;116;6;0;0;REJETEE;volume observable 1.5 < 15 , volume irregulier (CV 0.96) , ponctualite erratique (amplitude 100 pt)
France;fr_sncf;Champigny;fr_sncf|UIC87683128;8;1.5;19;66.7;83.3;100;33.3;0.47;0.51;100;256;4;0;0;REJETEE;presente 4/6 jours , volume observable 1.5 < 15 , volume irregulier (CV 0.47) , ponctualite erratique (amplitude 100 pt)
France;fr_sncf;Pont-sur-Yonne;fr_sncf|UIC87683136;8;1.5;19;66.7;83.3;100;33.3;0.47;0.51;100;256;4;0;0;REJETEE;presente 4/6 jours , volume observable 1.5 < 15 , volume irregulier (CV 0.47) , ponctualite erratique (amplitude 100 pt)
France;fr_sncf;Romanèche-Thorins-Maison Blanche;fr_sncf|UIC87725739;7.8;1.5;19;83.3;83.3;83.3;0;0.99;0.49;100;48;4;0;0.5;REJETEE;presente 4/6 jours , volume observable 1.5 < 15 , distribution degeneree (0.0 pt) , volume irregulier (CV 0.99) , ponctualite erratique (amplitude 100 pt)
France;fr_sncf;Gourdon;fr_sncf|UIC87613141;7.5;1.5;20;33.3;33.3;66.7;33.3;0.75;0.43;40;131;4;0;0;REJETEE;presente 4/6 jours , volume observable 1.5 < 15 , volume irregulier (CV 0.75)
France;fr_sncf;Capdenac;fr_sncf|UIC87613109;7;1.5;21;50;66.7;83.3;33.3;0.51;0.68;100;300;4;0;0;REJETEE;presente 4/6 jours , volume observable 1.5 < 15 , volume irregulier (CV 0.51) , ponctualite erratique (amplitude 100 pt)
France;fr_sncf;Roubaix;fr_sncf|UIC87286732;7;1.5;21;83.3;83.3;100;16.7;0.48;0.52;100;133;4;0.75;0;REJETEE;presente 4/6 jours , volume observable 1.5 < 15 , volume irregulier (CV 0.48) , ponctualite erratique (amplitude 100 pt)
France;fr_sncf;Vayres;fr_sncf|UIC87584714;6;1.5;25;66.7;77.8;100;33.3;0.66;0.61;100;57;6;0.83;0.17;REJETEE;volume observable 1.5 < 15 , volume irregulier (CV 0.66) , ponctualite erratique (amplitude 100 pt)
France;fr_sncf;Thouaré;fr_sncf|UIC87481143;6;1.5;25;83.3;83.3;100;16.7;0.35;0.42;100;167;4;0;0;REJETEE;presente 4/6 jours , volume observable 1.5 < 15 , volume irregulier (CV 0.35) , ponctualite erratique (amplitude 100 pt)
France;fr_sncf;Cesson-Sévigné;fr_sncf|UIC87334490;5;1.5;30;100;100;100;0;0.64;0.37;0;150;4;0;0;REJETEE;presente 4/6 jours , volume observable 1.5 < 15 , trop parfaite (100 % sous 60 s) , volume irregulier (CV 0.64)
France;fr_sncf;Grenoble;fr_sncf|UIC87335521;4.8;1.5;32;83.3;83.3;100;16.7;0.44;0.4;50;58;4;0;0;REJETEE;presente 4/6 jours , volume observable 1.5 < 15 , volume irregulier (CV 0.44)
France;fr_sncf;Assat;fr_sncf|UIC87672162;4.8;1.5;32;50;66.7;66.7;16.7;0.78;0.27;100;73;4;0.25;0;REJETEE;presente 4/6 jours , volume observable 1.5 < 15 , volume irregulier (CV 0.78) , ponctualite erratique (amplitude 100 pt)
Australie;au_translink_seq;Eumundi station;au_translink_seq|eumundistation@-26.48,152.96;3.5;1.5;43;83.3;100;100;16.7;0.52;0.25;0;82;4;0;0;REJETEE;presente 4/6 jours , volume observable 1.5 < 15 , trop parfaite (aucun retard > 5 min) , volume irregulier (CV 0.52)
Australie;au_translink_seq;Yandina station;au_translink_seq|yandinastation@-26.56,152.96;3.5;1.5;43;66.7;100;100;33.3;0.41;0.25;0;82;4;0;0;REJETEE;presente 4/6 jours , volume observable 1.5 < 15 , trop parfaite (aucun retard > 5 min) , volume irregulier (CV 0.41)
France;fr_sncf;Villars-les-Dombes;fr_sncf|UIC87723759;12.2;1.4;11;85.7;100;100;14.3;1.12;1;100;68;5;0;0;REJETEE;presente 5/6 jours , volume observable 1.4 < 15 , trop parfaite (aucun retard > 5 min) , volume irregulier (CV 1.12) , ponctualite erratique (amplitude 100 pt)
France;fr_sncf;Chalon-sur-Saône;fr_sncf|UIC87725002;10.4;1.4;13;42.9;85.7;100;57.1;0.77;0.71;100;221;5;0.2;0;REJETEE;presente 5/6 jours , volume observable 1.4 < 15 , volume irregulier (CV 0.77) , ponctualite erratique (amplitude 100 pt)
France;fr_sncf;Saint-Astier;fr_sncf|UIC87595249;7.2;1.4;19;71.4;85.7;100;28.6;0.33;0.44;100;210;5;0.2;0;REJETEE;presente 5/6 jours , volume observable 1.4 < 15 , ponctualite erratique (amplitude 100 pt)
France;fr_sncf;Saint-Seurin-sur-l'Isle;fr_sncf|UIC87584615;5.6;1.4;25;71.4;85.7;85.7;14.3;0.21;0.27;100;150;5;0.2;0;REJETEE;presente 5/6 jours , volume observable 1.4 < 15 , ponctualite erratique (amplitude 100 pt)
France;fr_sncf;Saint-Médard-de-Guizières;fr_sncf|UIC87584607;5.6;1.4;25;71.4;85.7;85.7;14.3;0.24;0.24;100;130;5;0.2;0;REJETEE;presente 5/6 jours , volume observable 1.4 < 15 , ponctualite erratique (amplitude 100 pt)
France;fr_sncf;Ancenis;fr_sncf|UIC87481192;17.5;1.3;7;60;80;80;20;0.42;0.59;100;268;4;0;0;REJETEE;presente 4/6 jours , volume observable 1.3 < 15 , volume irregulier (CV 0.42) , ponctualite erratique (amplitude 100 pt)
France;fr_sncf;Saint-Louis;fr_sncf|UIC87182139;15.3;1.3;8;60;80;80;20;0.44;0.55;100;259;4;0;0;REJETEE;presente 4/6 jours , volume observable 1.3 < 15 , volume irregulier (CV 0.44) , ponctualite erratique (amplitude 100 pt)
France;fr_sncf;Marlieux - Châtillon;fr_sncf|UIC87723767;14.3;1.3;9;80;100;100;20;1.02;0.86;100;50;4;0;0;REJETEE;presente 4/6 jours , volume observable 1.3 < 15 , trop parfaite (aucun retard > 5 min) , volume irregulier (CV 1.02) , ponctualite erratique (amplitude 100 pt)
France;fr_sncf;Matzenheim;fr_sncf|UIC87214130;13.8;1.3;9;80;100;100;20;0.44;0.56;100;323;4;0;0;REJETEE;presente 4/6 jours , volume observable 1.3 < 15 , trop parfaite (aucun retard > 5 min) , volume irregulier (CV 0.44) , ponctualite erratique (amplitude 100 pt)
France;fr_sncf;Fegersheim - Lipsheim;fr_sncf|UIC87212266;13.8;1.3;9;60;100;100;40;0.47;0.53;100;293;4;0;0;REJETEE;presente 4/6 jours , volume observable 1.3 < 15 , trop parfaite (aucun retard > 5 min) , volume irregulier (CV 0.47) , ponctualite erratique (amplitude 100 pt)
France;fr_sncf;Saint-Marcel en Dombes;fr_sncf|UIC87723742;13.3;1.3;9;100;100;100;0;0.93;0.8;100;56;4;0;0;REJETEE;presente 4/6 jours , volume observable 1.3 < 15 , trop parfaite (100 % sous 60 s) , volume irregulier (CV 0.93) , ponctualite erratique (amplitude 100 pt)
France;fr_sncf;Mionnay;fr_sncf|UIC87723726;13.3;1.3;9;100;100;100;0;1.01;0.8;100;56;4;0;0;REJETEE;presente 4/6 jours , volume observable 1.3 < 15 , trop parfaite (100 % sous 60 s) , volume irregulier (CV 1.01) , ponctualite erratique (amplitude 100 pt)
France;fr_sncf;Metzeral;fr_sncf|UIC87182816;13;1.3;10;100;100;100;0;0.58;0.71;100;420;4;0;0;REJETEE;presente 4/6 jours , volume observable 1.3 < 15 , trop parfaite (100 % sous 60 s) , volume irregulier (CV 0.58) , ponctualite erratique (amplitude 100 pt)
France;fr_sncf;Munster;fr_sncf|UIC87182394;12.8;1.3;10;80;80;80;0;0.59;0.73;100;467;4;0;0;REJETEE;presente 4/6 jours , volume observable 1.3 < 15 , distribution degeneree (0.0 pt) , volume irregulier (CV 0.59) , ponctualite erratique (amplitude 100 pt)
France;fr_sncf;Duttlenheim;fr_sncf|UIC87214544;12.5;1.3;10;100;100;100;0;0.65;0.76;100;163;4;0;0;REJETEE;presente 4/6 jours , volume observable 1.3 < 15 , trop parfaite (100 % sous 60 s) , volume irregulier (CV 0.65) , ponctualite erratique (amplitude 100 pt)
France;fr_sncf;Kruth;fr_sncf|UIC87182642;12.3;1.3;10;100;100;100;0;0.54;0.7;100;444;4;0.25;0;REJETEE;presente 4/6 jours , volume observable 1.3 < 15 , trop parfaite (100 % sous 60 s) , volume irregulier (CV 0.54) , ponctualite erratique (amplitude 100 pt)
France;fr_sncf;Guéthary;fr_sncf|UIC87673459;12.3;1.3;10;60;100;100;40;0.52;0.18;100;96;4;1.5;0;REJETEE;presente 4/6 jours , volume observable 1.3 < 15 , trop parfaite (aucun retard > 5 min) , volume irregulier (CV 0.52) , ponctualite erratique (amplitude 100 pt)
France;fr_sncf;Breitenbach;fr_sncf|UIC87182659;12.3;1.3;10;80;80;80;0;0.66;0.79;100;600;4;0;0;REJETEE;presente 4/6 jours , volume observable 1.3 < 15 , distribution degeneree (0.0 pt) , volume irregulier (CV 0.66) , ponctualite erratique (amplitude 100 pt)
France;fr_sncf;Muhlbach-sur-Munster;fr_sncf|UIC87182733;12.3;1.3;10;100;100;100;0;0.66;0.79;100;600;4;0;0;REJETEE;presente 4/6 jours , volume observable 1.3 < 15 , trop parfaite (100 % sous 60 s) , volume irregulier (CV 0.66) , ponctualite erratique (amplitude 100 pt)
France;fr_sncf;Thann Saint-Jacques;fr_sncf|UIC87182881;12;1.3;10;80;80;100;20;0.67;0.81;100;700;4;0;0;REJETEE;presente 4/6 jours , volume observable 1.3 < 15 , volume irregulier (CV 0.67) , ponctualite erratique (amplitude 100 pt)
France;fr_sncf;Chaumont;fr_sncf|UIC87142000;11.8;1.3;11;80;100;100;20;0.5;0.72;100;488;4;0;0;REJETEE;presente 4/6 jours , volume observable 1.3 < 15 , trop parfaite (aucun retard > 5 min) , volume irregulier (CV 0.50) , ponctualite erratique (amplitude 100 pt)
France;fr_sncf;Montchanin;fr_sncf|UIC87694307;11.5;1.3;11;100;100;100;0;0.75;0.76;100;360;4;0;0;REJETEE;presente 4/6 jours , volume observable 1.3 < 15 , trop parfaite (100 % sous 60 s) , volume irregulier (CV 0.75) , ponctualite erratique (amplitude 100 pt)
France;fr_sncf;Voreppe;fr_sncf|UIC87747337;10.8;1.3;12;100;100;100;0;1.22;0.99;100;26;4;0;0.25;REJETEE;presente 4/6 jours , volume observable 1.3 < 15 , trop parfaite (100 % sous 60 s) , volume irregulier (CV 1.22) , ponctualite erratique (amplitude 100 pt)
France;fr_sncf;Réaumont - Saint-Cassien;fr_sncf|UIC87747279;10.8;1.3;12;100;100;100;0;1.22;0.99;100;26;4;0;0.25;REJETEE;presente 4/6 jours , volume observable 1.3 < 15 , trop parfaite (100 % sous 60 s) , volume irregulier (CV 1.22) , ponctualite erratique (amplitude 100 pt)
France;fr_sncf;Saint-Malo;fr_sncf|UIC87478107;9.5;1.3;13;80;100;100;20;0.41;0.6;0;322;4;0;0;REJETEE;presente 4/6 jours , volume observable 1.3 < 15 , trop parfaite (aucun retard > 5 min) , volume irregulier (CV 0.41)
France;fr_sncf;Serquigny;fr_sncf|UIC87444315;8.8;1.3;14;60;100;100;40;0.34;0.55;100;338;4;0;0;REJETEE;presente 4/6 jours , volume observable 1.3 < 15 , trop parfaite (aucun retard > 5 min) , ponctualite erratique (amplitude 100 pt)
France;fr_sncf;Rochefort;fr_sncf|UIC87485144;8.3;1.3;15;60;80;100;40;0.54;0.72;100;371;4;0;0;REJETEE;presente 4/6 jours , volume observable 1.3 < 15 , volume irregulier (CV 0.54) , ponctualite erratique (amplitude 100 pt)
France;fr_sncf;Saint-Gaudens;fr_sncf|UIC87611137;8.3;1.3;15;40;80;80;40;0.83;0.76;100;313;4;0;0;REJETEE;presente 4/6 jours , volume observable 1.3 < 15 , volume irregulier (CV 0.83) , ponctualite erratique (amplitude 100 pt)
France;fr_sncf;Issoudun;fr_sncf|UIC87597062;7.8;1.3;16;60;80;80;20;0.21;0.37;100;182;4;0.25;0;REJETEE;presente 4/6 jours , volume observable 1.3 < 15 , ponctualite erratique (amplitude 100 pt)
France;fr_sncf;Aurillac;fr_sncf|UIC87645002;7.5;1.3;17;40;60;80;40;0.43;0.49;67;173;4;0;0.25;REJETEE;presente 4/6 jours , volume observable 1.3 < 15 , volume irregulier (CV 0.43) , ponctualite erratique (amplitude 67 pt)
France;fr_sncf;Meyrargues;fr_sncf|UIC87751370;7.3;1.3;17;60;80;80;20;0.36;0.3;50;142;4;0;0;REJETEE;presente 4/6 jours , volume observable 1.3 < 15 , volume irregulier (CV 0.36)
France;fr_sncf;Mennetou-sur-Cher;fr_sncf|UIC87576728;7.3;1.3;17;100;100;100;0;0.78;0.44;100;93;4;0;0;REJETEE;presente 4/6 jours , volume observable 1.3 < 15 , trop parfaite (100 % sous 60 s) , volume irregulier (CV 0.78) , ponctualite erratique (amplitude 100 pt)
France;fr_sncf;Cazères;fr_sncf|UIC87611079;6.8;1.3;19;20;60;60;40;0.68;0.71;100;238;4;0;0;REJETEE;presente 4/6 jours , volume observable 1.3 < 15 , volume irregulier (CV 0.68) , ponctualite erratique (amplitude 100 pt)
France;fr_sncf;Carbonne;fr_sncf|UIC87611061;6.8;1.3;19;20;60;60;40;0.7;0.71;100;238;4;0;0;REJETEE;presente 4/6 jours , volume observable 1.3 < 15 , volume irregulier (CV 0.70) , ponctualite erratique (amplitude 100 pt)
France;fr_sncf;Tournus;fr_sncf|UIC87725622;6.8;1.3;19;40;80;100;60;0.35;0.88;100;350;4;0;0;REJETEE;presente 4/6 jours , volume observable 1.3 < 15 , volume irregulier (CV 0.35) , ponctualite erratique (amplitude 100 pt)
France;fr_sncf;Mouchard;fr_sncf|UIC87718833;6.8;1.3;19;80;80;80;0;0.33;0.48;50;145;4;0;0.25;REJETEE;presente 4/6 jours , volume observable 1.3 < 15 , distribution degeneree (0.0 pt)
France;fr_sncf;Sarliève - Cournon;fr_sncf|UIC87734152;6.8;1.3;19;80;80;80;0;0.54;0.19;100;69;4;0;0;REJETEE;presente 4/6 jours , volume observable 1.3 < 15 , distribution degeneree (0.0 pt) , volume irregulier (CV 0.54) , ponctualite erratique (amplitude 100 pt)
France;fr_sncf;Marmande;fr_sncf|UIC87586545;6.5;1.3;19;60;60;80;20;0.35;0.52;100;225;4;0;0;REJETEE;presente 4/6 jours , volume observable 1.3 < 15 , volume irregulier (CV 0.35) , ponctualite erratique (amplitude 100 pt)
France;fr_sncf;Avenay;fr_sncf|UIC87171579;6.5;1.3;19;60;60;100;40;0.3;0.47;100;271;4;0;0;REJETEE;presente 4/6 jours , volume observable 1.3 < 15 , ponctualite erratique (amplitude 100 pt)
France;fr_sncf;Oudon;fr_sncf|UIC87481184;6;1.3;21;100;100;100;0;0.35;0.42;0;167;4;0;0;REJETEE;presente 4/6 jours , volume observable 1.3 < 15 , trop parfaite (100 % sous 60 s)
France;fr_sncf;Mauves-sur-Loire;fr_sncf|UIC87481150;6;1.3;21;100;100;100;0;0.37;0.42;100;167;4;0;0;REJETEE;presente 4/6 jours , volume observable 1.3 < 15 , trop parfaite (100 % sous 60 s) , volume irregulier (CV 0.37) , ponctualite erratique (amplitude 100 pt)
France;fr_sncf;Parent - Coudes - Champeix;fr_sncf|UIC87734194;5.5;1.3;23;80;80;80;0;0.51;0.27;50;69;4;0;0;REJETEE;presente 4/6 jours , volume observable 1.3 < 15 , distribution degeneree (0.0 pt) , volume irregulier (CV 0.51)
France;fr_sncf;La Ménitré;fr_sncf|UIC87487884;5.5;1.3;23;100;100;100;0;0.25;0.42;100;214;4;0.25;0;REJETEE;presente 4/6 jours , volume observable 1.3 < 15 , trop parfaite (100 % sous 60 s) , ponctualite erratique (amplitude 100 pt)
France;fr_sncf;Vierzon Forges;fr_sncf|UIC87576090;5.5;1.3;23;80;100;100;20;0.36;0.2;100;100;4;0;0;REJETEE;presente 4/6 jours , volume observable 1.3 < 15 , trop parfaite (aucun retard > 5 min) , volume irregulier (CV 0.36) , ponctualite erratique (amplitude 100 pt)
France;fr_sncf;Chasseneuil-du-Poitou;fr_sncf|UIC87575225;5.3;1.3;24;60;60;80;20;0.41;0.43;100;163;4;0.5;0.25;REJETEE;presente 4/6 jours , volume observable 1.3 < 15 , volume irregulier (CV 0.41) , ponctualite erratique (amplitude 100 pt)
France;fr_sncf;Les Rosiers-sur-Loire;fr_sncf|UIC87487876;5.3;1.3;24;100;100;100;0;0.31;0.47;100;250;4;0.25;0;REJETEE;presente 4/6 jours , volume observable 1.3 < 15 , trop parfaite (100 % sous 60 s) , ponctualite erratique (amplitude 100 pt)
France;fr_sncf;Saint-Étienne-de-Montluc;fr_sncf|UIC87481812;5.3;1.3;24;100;100;100;0;0.56;0.37;100;133;4;0;0;REJETEE;presente 4/6 jours , volume observable 1.3 < 15 , trop parfaite (100 % sous 60 s) , volume irregulier (CV 0.56) , ponctualite erratique (amplitude 100 pt)
France;fr_sncf;Dinan;fr_sncf|UIC87478164;5;1.3;25;100;100;100;0;0.25;0.28;100;150;4;0;0;REJETEE;presente 4/6 jours , volume observable 1.3 < 15 , trop parfaite (100 % sous 60 s) , ponctualite erratique (amplitude 100 pt)
France;fr_sncf;Fons - Saint-Mamert;fr_sncf|UIC87775379;5;1.3;25;60;80;80;20;0.63;0.14;100;82;4;0;0;REJETEE;presente 4/6 jours , volume observable 1.3 < 15 , volume irregulier (CV 0.63) , ponctualite erratique (amplitude 100 pt)
France;fr_sncf;Noyal - Acigné;fr_sncf|UIC87471540;5;1.3;25;100;100;100;0;0.57;0.37;0;150;4;0;0;REJETEE;presente 4/6 jours , volume observable 1.3 < 15 , trop parfaite (100 % sous 60 s) , volume irregulier (CV 0.57)
France;fr_sncf;Servon;fr_sncf|UIC87471532;5;1.3;25;100;100;100;0;0.53;0.37;0;150;4;0;0;REJETEE;presente 4/6 jours , volume observable 1.3 < 15 , trop parfaite (100 % sous 60 s) , volume irregulier (CV 0.53)
France;fr_sncf;Bons-en-Chablais;fr_sncf|UIC87745596;4.5;1.3;28;40;60;80;40;0.44;0.33;100;157;4;0;0;REJETEE;presente 4/6 jours , volume observable 1.3 < 15 , volume irregulier (CV 0.44) , ponctualite erratique (amplitude 100 pt)
France;fr_sncf;Francfort sur le Main;fr_sncf|UIC80110684;4.3;1.3;29;80;100;100;20;0.95;0.31;0;125;4;0;0;REJETEE;presente 4/6 jours , volume observable 1.3 < 15 , trop parfaite (aucun retard > 5 min) , volume irregulier (CV 0.95)
France;fr_sncf;Karlsruhe Hbf;fr_sncf|UIC80142281;3.8;1.3;33;0;40;60;60;0.16;0.35;50;150;4;0;0;REJETEE;presente 4/6 jours , volume observable 1.3 < 15
Australie;au_translink_seq;Gympie North station;au_translink_seq|gympienorthstation@-26.16,152.68;3;1.3;42;80;100;100;20;0.85;0;0;100;4;0;0;REJETEE;presente 4/6 jours , volume observable 1.3 < 15 , trop parfaite (aucun retard > 5 min) , volume irregulier (CV 0.85)
Pays-Bas;nl_ovapi;Duisburg Hbf;nl_ovapi|duisburghbf@51.43,6.77;13;1.2;9;83.3;100;100;16.7;0.42;0.54;100;240;5;0;0;REJETEE;presente 5/6 jours , volume observable 1.2 < 15 , trop parfaite (aucun retard > 5 min) , volume irregulier (CV 0.42) , ponctualite erratique (amplitude 100 pt)
France;fr_sncf;Saint-André-de-Corcy;fr_sncf|UIC87723734;11.4;1.2;11;100;100;100;0;1.13;0.94;100;75;5;0;0;REJETEE;presente 5/6 jours , volume observable 1.2 < 15 , trop parfaite (100 % sous 60 s) , volume irregulier (CV 1.13) , ponctualite erratique (amplitude 100 pt)
France;fr_sncf;La Souterraine;fr_sncf|UIC87592378;10.8;1.2;11;50;66.7;66.7;16.7;0.62;0.55;67;188;5;0.8;0;REJETEE;presente 5/6 jours , volume observable 1.2 < 15 , volume irregulier (CV 0.62) , ponctualite erratique (amplitude 67 pt)
France;fr_sncf;Pont de Lignon;fr_sncf|UIC87726786;8.2;1.2;15;50;66.7;83.3;33.3;0.37;0.41;100;70;5;0;0;REJETEE;presente 5/6 jours , volume observable 1.2 < 15 , volume irregulier (CV 0.37) , ponctualite erratique (amplitude 100 pt)
France;fr_sncf;Saint-Vincent le Château;fr_sncf|UIC87734715;7.8;1.2;15;83.3;83.3;83.3;0;0.58;0.38;100;75;5;0;0;REJETEE;presente 5/6 jours , volume observable 1.2 < 15 , distribution degeneree (0.0 pt) , volume irregulier (CV 0.58) , ponctualite erratique (amplitude 100 pt)
France;fr_sncf;Lavoûte-sur-Loire;fr_sncf|UIC87734707;7.8;1.2;15;100;100;100;0;0.6;0.38;100;75;5;0;0;REJETEE;presente 5/6 jours , volume observable 1.2 < 15 , trop parfaite (100 % sous 60 s) , volume irregulier (CV 0.60) , ponctualite erratique (amplitude 100 pt)
France;fr_sncf;Grand-Combe la Pise;fr_sncf|UIC87775254;7.4;1.2;16;33.3;50;50;16.7;0.74;0.43;100;91;5;0;0;REJETEE;presente 5/6 jours , volume observable 1.2 < 15 , volume irregulier (CV 0.74) , ponctualite erratique (amplitude 100 pt)
France;fr_sncf;Montpon-Ménestérol;fr_sncf|UIC87595322;5.6;1.2;21;83.3;83.3;83.3;0;0.2;0.27;100;150;5;0.2;0;REJETEE;presente 5/6 jours , volume observable 1.2 < 15 , distribution degeneree (0.0 pt) , ponctualite erratique (amplitude 100 pt)
France;fr_sncf;Dol-de-Bretagne;fr_sncf|UIC87478073;14.3;1;7;75;75;75;0;0.43;0.48;100;235;4;0;0;REJETEE;presente 4/6 jours , volume observable 1.0 < 15 , distribution degeneree (0.0 pt) , volume irregulier (CV 0.43) , ponctualite erratique (amplitude 100 pt)
France;fr_sncf;Forbach;fr_sncf|UIC87193003;13;1;8;100;100;100;0;0.41;0.43;100;206;4;0;0;REJETEE;presente 4/6 jours , volume observable 1.0 < 15 , trop parfaite (100 % sous 60 s) , volume irregulier (CV 0.41) , ponctualite erratique (amplitude 100 pt)
France;fr_sncf;Lyon-Saint-Paul La Feuillée;fr_sncf|UIC87698340;12.4;1;8;60;100;100;40;1.25;1.12;100;22;5;0;0;REJETEE;presente 5/6 jours , volume observable 1.0 < 15 , trop parfaite (aucun retard > 5 min) , volume irregulier (CV 1.25) , ponctualite erratique (amplitude 100 pt)
France;fr_sncf;Wihr-au-Val - Soultzbach;fr_sncf|UIC87182378;12.3;1;8;75;75;75;0;0.67;0.79;100;600;4;0;0;REJETEE;presente 4/6 jours , volume observable 1.0 < 15 , distribution degeneree (0.0 pt) , volume irregulier (CV 0.67) , ponctualite erratique (amplitude 100 pt)
France;fr_sncf;Oderen;fr_sncf|UIC87182634;11.5;1;9;100;100;100;0;0.63;0.77;100;557;4;0.25;0;REJETEE;presente 4/6 jours , volume observable 1.0 < 15 , trop parfaite (100 % sous 60 s) , volume irregulier (CV 0.63) , ponctualite erratique (amplitude 100 pt)
France;fr_sncf;Vitré;fr_sncf|UIC87471508;10.8;1;9;100;100;100;0;0.51;0.39;100;153;4;0;0;REJETEE;presente 4/6 jours , volume observable 1.0 < 15 , trop parfaite (100 % sous 60 s) , volume irregulier (CV 0.51) , ponctualite erratique (amplitude 100 pt)
France;fr_sncf;Pornichet;fr_sncf|UIC87481747;10.8;1;9;75;100;100;25;0.34;0.51;100;291;4;0;0;REJETEE;presente 4/6 jours , volume observable 1.0 < 15 , trop parfaite (aucun retard > 5 min) , ponctualite erratique (amplitude 100 pt)
France;fr_sncf;Bléré - la Croix;fr_sncf|UIC87574475;10;1;10;50;50;50;0;0.41;0.65;100;471;4;0;0;REJETEE;presente 4/6 jours , volume observable 1.0 < 15 , distribution degeneree (0.0 pt) , volume irregulier (CV 0.41) , ponctualite erratique (amplitude 100 pt)
France;fr_sncf;Villefranche-sur-Cher;fr_sncf|UIC87576884;9.5;1;11;100;100;100;0;0.4;0.28;100;124;4;0;0;REJETEE;presente 4/6 jours , volume observable 1.0 < 15 , trop parfaite (100 % sous 60 s) , volume irregulier (CV 0.40) , ponctualite erratique (amplitude 100 pt)
France;fr_sncf;Dormans;fr_sncf|UIC87171512;9.3;1;11;50;50;100;50;0.48;0.53;50;311;4;0;0;REJETEE;presente 4/6 jours , volume observable 1.0 < 15 , volume irregulier (CV 0.48)
France;fr_sncf;Le Grand-Lemps;fr_sncf|UIC87747220;9.3;1;11;75;75;100;25;1.01;0.92;100;28;4;0;0.25;REJETEE;presente 4/6 jours , volume observable 1.0 < 15 , volume irregulier (CV 1.01) , ponctualite erratique (amplitude 100 pt)
France;fr_sncf;Châbons;fr_sncf|UIC87747212;9.3;1;11;75;75;100;25;0.97;0.92;100;28;4;0;0.25;REJETEE;presente 4/6 jours , volume observable 1.0 < 15 , volume irregulier (CV 0.97) , ponctualite erratique (amplitude 100 pt)
France;fr_sncf;Virieu sur Bourbre;fr_sncf|UIC87747204;9.3;1;11;100;100;100;0;0.97;0.92;100;28;4;0;0.25;REJETEE;presente 4/6 jours , volume observable 1.0 < 15 , trop parfaite (100 % sous 60 s) , volume irregulier (CV 0.97) , ponctualite erratique (amplitude 100 pt)
France;fr_sncf;Hautmont;fr_sncf|UIC87295568;9;1;11;50;100;100;50;0.37;0.67;100;414;4;0;0;REJETEE;presente 4/6 jours , volume observable 1.0 < 15 , trop parfaite (aucun retard > 5 min) , volume irregulier (CV 0.37) , ponctualite erratique (amplitude 100 pt)
France;fr_sncf;La Possonnière;fr_sncf|UIC87484337;9;1;11;25;75;100;75;0.64;0.61;100;350;4;0;0;REJETEE;presente 4/6 jours , volume observable 1.0 < 15 , volume irregulier (CV 0.64) , ponctualite erratique (amplitude 100 pt)
France;fr_sncf;Figeac;fr_sncf|UIC87613091;8.3;1;12;25;50;75;50;0.43;0.54;100;175;4;0;0.5;REJETEE;presente 4/6 jours , volume observable 1.0 < 15 , volume irregulier (CV 0.43) , ponctualite erratique (amplitude 100 pt)
France;fr_sncf;Chagny;fr_sncf|UIC87713578;8.2;1;12;40;80;100;60;0.54;0.79;100;289;5;0.2;0;REJETEE;presente 5/6 jours , volume observable 1.0 < 15 , volume irregulier (CV 0.54) , ponctualite erratique (amplitude 100 pt)
France;fr_sncf;Étigny - Véron;fr_sncf|UIC87683201;8;1;13;50;100;100;50;0.47;0.51;100;256;4;0;0;REJETEE;presente 4/6 jours , volume observable 1.0 < 15 , trop parfaite (aucun retard > 5 min) , volume irregulier (CV 0.47) , ponctualite erratique (amplitude 100 pt)
France;fr_sncf;Saint-Julien-du-Sault;fr_sncf|UIC87683227;8;1;13;25;75;100;75;0.51;0.51;100;256;4;0;0;REJETEE;presente 4/6 jours , volume observable 1.0 < 15 , volume irregulier (CV 0.51) , ponctualite erratique (amplitude 100 pt)
France;fr_sncf;L'Argentière les Écrins;fr_sncf|UIC87763557;8;1;13;100;100;100;0;0.26;0.52;100;300;4;0;0.25;REJETEE;presente 4/6 jours , volume observable 1.0 < 15 , trop parfaite (100 % sous 60 s) , ponctualite erratique (amplitude 100 pt)
France;fr_sncf;Saint-Georges-de-Reneins;fr_sncf|UIC87721340;7.8;1;13;75;75;75;0;0.87;0.49;100;48;4;0;0.5;REJETEE;presente 4/6 jours , volume observable 1.0 < 15 , distribution degeneree (0.0 pt) , volume irregulier (CV 0.87) , ponctualite erratique (amplitude 100 pt)
France;fr_sncf;L'Aigle;fr_sncf|UIC87444638;7.5;1;13;50;75;100;50;0.47;0.67;100;275;4;0;0;REJETEE;presente 4/6 jours , volume observable 1.0 < 15 , volume irregulier (CV 0.47) , ponctualite erratique (amplitude 100 pt)
France;fr_sncf;Saujon;fr_sncf|UIC87491811;6.8;1;15;50;75;75;25;0.27;0.55;100;238;4;0.25;0;REJETEE;presente 4/6 jours , volume observable 1.0 < 15 , ponctualite erratique (amplitude 100 pt)
France;fr_sncf;Les Martres-de-Veyre;fr_sncf|UIC87734178;6.8;1;15;75;75;75;0;0.51;0.19;100;69;4;0;0;REJETEE;presente 4/6 jours , volume observable 1.0 < 15 , distribution degeneree (0.0 pt) , volume irregulier (CV 0.51) , ponctualite erratique (amplitude 100 pt)
France;fr_sncf;Rilly-la-Montagne;fr_sncf|UIC87171595;6.5;1;15;75;100;100;25;0.46;0.47;100;271;4;0;0;REJETEE;presente 4/6 jours , volume observable 1.0 < 15 , trop parfaite (aucun retard > 5 min) , volume irregulier (CV 0.46) , ponctualite erratique (amplitude 100 pt)
France;fr_sncf;Montbrison;fr_sncf|UIC87726448;6;1;17;100;100;100;0;0.51;0.42;100;100;4;0;0;REJETEE;presente 4/6 jours , volume observable 1.0 < 15 , trop parfaite (100 % sous 60 s) , volume irregulier (CV 0.51) , ponctualite erratique (amplitude 100 pt)
France;fr_sncf;Le Cellier;fr_sncf|UIC87481168;6;1;17;100;100;100;0;0.35;0.42;100;167;4;0;0;REJETEE;presente 4/6 jours , volume observable 1.0 < 15 , trop parfaite (100 % sous 60 s) , ponctualite erratique (amplitude 100 pt)
France;fr_sncf;Meymac;fr_sncf|UIC87594275;6;1;17;100;100;100;0;0.1;0.12;100;85;4;0.25;0;REJETEE;presente 4/6 jours , volume observable 1.0 < 15 , trop parfaite (100 % sous 60 s) , ponctualite erratique (amplitude 100 pt)
France;fr_sncf;Ussel;fr_sncf|UIC87594093;6;1;17;100;100;100;0;0.31;0.12;100;85;4;0.25;0;REJETEE;presente 4/6 jours , volume observable 1.0 < 15 , trop parfaite (100 % sous 60 s) , ponctualite erratique (amplitude 100 pt)
France;fr_sncf;Jaunay-Clan;fr_sncf|UIC87575217;5.5;1;18;50;50;75;25;0.3;0.42;100;144;4;0.5;0.25;REJETEE;presente 4/6 jours , volume observable 1.0 < 15 , ponctualite erratique (amplitude 100 pt)
France;fr_sncf;La Tricherie;fr_sncf|UIC87575183;5.5;1;18;50;50;75;25;0.3;0.42;100;144;4;0.5;0.25;REJETEE;presente 4/6 jours , volume observable 1.0 < 15 , ponctualite erratique (amplitude 100 pt)
France;fr_sncf;Naintré les Barres;fr_sncf|UIC87575175;5.5;1;18;50;50;75;25;0.3;0.42;100;144;4;0.5;0.25;REJETEE;presente 4/6 jours , volume observable 1.0 < 15 , ponctualite erratique (amplitude 100 pt)
France;fr_sncf;Foëcy;fr_sncf|UIC87576108;5.5;1;18;100;100;100;0;0.36;0.2;100;100;4;0;0;REJETEE;presente 4/6 jours , volume observable 1.0 < 15 , trop parfaite (100 % sous 60 s) , volume irregulier (CV 0.36) , ponctualite erratique (amplitude 100 pt)
France;fr_sncf;Dissay;fr_sncf|UIC87575191;5.3;1;19;50;50;75;25;0.32;0.43;100;163;4;0.5;0.25;REJETEE;presente 4/6 jours , volume observable 1.0 < 15 , ponctualite erratique (amplitude 100 pt)
France;fr_sncf;Nerpuy;fr_sncf|UIC87575167;5.3;1;19;50;50;75;25;0.36;0.43;100;163;4;0.5;0.25;REJETEE;presente 4/6 jours , volume observable 1.0 < 15 , volume irregulier (CV 0.36) , ponctualite erratique (amplitude 100 pt)
France;fr_sncf;Saint-Mathurin;fr_sncf|UIC87487892;5.3;1;19;100;100;100;0;0.35;0.47;100;250;4;0.25;0;REJETEE;presente 4/6 jours , volume observable 1.0 < 15 , trop parfaite (100 % sous 60 s) , volume irregulier (CV 0.35) , ponctualite erratique (amplitude 100 pt)
France;fr_sncf;La Bohalle;fr_sncf|UIC87487843;5.3;1;19;100;100;100;0;0.35;0.47;100;250;4;0.25;0;REJETEE;presente 4/6 jours , volume observable 1.0 < 15 , trop parfaite (100 % sous 60 s) , ponctualite erratique (amplitude 100 pt)
France;fr_sncf;Trélazé;fr_sncf|UIC87701532;5.3;1;19;100;100;100;0;0.35;0.47;100;250;4;0.25;0;REJETEE;presente 4/6 jours , volume observable 1.0 < 15 , trop parfaite (100 % sous 60 s) , ponctualite erratique (amplitude 100 pt)
France;fr_sncf;Couëron;fr_sncf|UIC87481804;5.3;1;19;100;100;100;0;0.56;0.37;100;133;4;0;0;REJETEE;presente 4/6 jours , volume observable 1.0 < 15 , trop parfaite (100 % sous 60 s) , volume irregulier (CV 0.56) , ponctualite erratique (amplitude 100 pt)
France;fr_sncf;Mignaloux - Nouaillé;fr_sncf|UIC87575704;5;1;20;25;100;100;75;0.5;0.49;100;233;4;0;0;REJETEE;presente 4/6 jours , volume observable 1.0 < 15 , trop parfaite (aucun retard > 5 min) , volume irregulier (CV 0.50) , ponctualite erratique (amplitude 100 pt)
France;fr_sncf;Saint-Aubin - Saint-Luperce;fr_sncf|UIC87394213;5;1;20;75;100;100;25;0.56;0.24;100;82;4;0.25;0;REJETEE;presente 4/6 jours , volume observable 1.0 < 15 , trop parfaite (aucun retard > 5 min) , volume irregulier (CV 0.56) , ponctualite erratique (amplitude 100 pt)
France;fr_sncf;Amilly - Ouerray;fr_sncf|UIC87394205;5;1;20;75;100;100;25;0.56;0.24;100;82;4;0.25;0;REJETEE;presente 4/6 jours , volume observable 1.0 < 15 , trop parfaite (aucun retard > 5 min) , volume irregulier (CV 0.56) , ponctualite erratique (amplitude 100 pt)
France;fr_sncf;Le Poirier Université;fr_sncf|UIC87343210;4.8;1;21;25;75;100;75;0.23;0.31;100;171;4;0;0;REJETEE;presente 4/6 jours , volume observable 1.0 < 15 , ponctualite erratique (amplitude 100 pt)
France;fr_sncf;Thiers;fr_sncf|UIC87734475;4.5;1;22;100;100;100;0;0.4;0.33;100;157;4;0;0;REJETEE;presente 4/6 jours , volume observable 1.0 < 15 , trop parfaite (100 % sous 60 s) , volume irregulier (CV 0.40) , ponctualite erratique (amplitude 100 pt)
France;fr_sncf;Saubusse;fr_sncf|UIC87673251;4.3;1;24;75;100;100;25;0.13;0.2;100;143;4;0.5;0;REJETEE;presente 4/6 jours , volume observable 1.0 < 15 , trop parfaite (aucun retard > 5 min) , ponctualite erratique (amplitude 100 pt)
France;fr_sncf;Saint-Geours;fr_sncf|UIC87673269;4.3;1;24;75;100;100;25;0.12;0.2;100;143;4;0.5;0;REJETEE;presente 4/6 jours , volume observable 1.0 < 15 , trop parfaite (aucun retard > 5 min) , ponctualite erratique (amplitude 100 pt)
France;fr_sncf;Mannheim Hbf;fr_sncf|UIC80140087;4.3;1;24;0;25;50;50;0.36;0.31;50;125;4;0;0;REJETEE;presente 4/6 jours , volume observable 1.0 < 15 , volume irregulier (CV 0.36)
France;fr_sncf;Limersheim;fr_sncf|UIC87212274;13.8;0.8;5;66.7;100;100;33.3;0.49;0.56;100;323;4;0;0;REJETEE;presente 4/6 jours , volume observable 0.8 < 15 , trop parfaite (aucun retard > 5 min) , volume irregulier (CV 0.49) , ponctualite erratique (amplitude 100 pt)
France;fr_sncf;Wesserling;fr_sncf|UIC87182618;12.8;0.8;6;100;100;100;0;0.46;0.71;100;467;4;0.25;0;REJETEE;presente 4/6 jours , volume observable 0.8 < 15 , trop parfaite (100 % sous 60 s) , volume irregulier (CV 0.46) , ponctualite erratique (amplitude 100 pt)
France;fr_sncf;Niort;fr_sncf|UIC87485300;12.5;0.8;6;0;100;100;100;0.61;0.7;100;400;4;0.25;0;REJETEE;presente 4/6 jours , volume observable 0.8 < 15 , trop parfaite (aucun retard > 5 min) , volume irregulier (CV 0.61) , ponctualite erratique (amplitude 100 pt)
Allemagne;de_gtfsde;Markelfingen Bahnhof;de_gtfsde|markelfingenbahnhof@47.74,9.00;11.8;0.8;6;66.7;66.7;66.7;0;1.13;1;100;28;4;0;0;REJETEE;presente 4/6 jours , volume observable 0.8 < 15 , distribution degeneree (0.0 pt) , volume irregulier (CV 1.13) , ponctualite erratique (amplitude 100 pt)
France;fr_sncf;Saint-Amarin;fr_sncf|UIC87182600;11.5;0.8;7;100;100;100;0;0.58;0.8;100;667;4;0;0;REJETEE;presente 4/6 jours , volume observable 0.8 < 15 , trop parfaite (100 % sous 60 s) , volume irregulier (CV 0.58) , ponctualite erratique (amplitude 100 pt)
France;fr_sncf;Moosch;fr_sncf|UIC87182592;11.5;0.8;7;100;100;100;0;0.58;0.8;100;667;4;0;0;REJETEE;presente 4/6 jours , volume observable 0.8 < 15 , trop parfaite (100 % sous 60 s) , volume irregulier (CV 0.58) , ponctualite erratique (amplitude 100 pt)
France;fr_sncf;Fellering;fr_sncf|UIC87182626;11.5;0.8;7;100;100;100;0;0.63;0.77;100;557;4;0.25;0;REJETEE;presente 4/6 jours , volume observable 0.8 < 15 , trop parfaite (100 % sous 60 s) , volume irregulier (CV 0.63) , ponctualite erratique (amplitude 100 pt)
France;fr_sncf;Ranspach;fr_sncf|UIC87182402;11.3;0.8;7;100;100;100;0;0.58;0.81;100;650;4;0;0;REJETEE;presente 4/6 jours , volume observable 0.8 < 15 , trop parfaite (100 % sous 60 s) , volume irregulier (CV 0.58) , ponctualite erratique (amplitude 100 pt)
France;fr_sncf;Gièvres;fr_sncf|UIC87576876;11.3;0.8;7;66.7;66.7;66.7;0;0.54;0.65;100;463;4;0;0;REJETEE;presente 4/6 jours , volume observable 0.8 < 15 , distribution degeneree (0.0 pt) , volume irregulier (CV 0.54) , ponctualite erratique (amplitude 100 pt)
France;fr_sncf;Le Pouliguen;fr_sncf|UIC87481762;10.8;0.8;7;66.7;66.7;100;33.3;0.31;0.51;100;291;4;0;0;REJETEE;presente 4/6 jours , volume observable 0.8 < 15 , ponctualite erratique (amplitude 100 pt)
France;fr_sncf;Ygos;fr_sncf|UIC87671487;9.8;0.8;8;66.7;100;100;33.3;0.76;0.49;100;77;4;0.75;0;REJETEE;presente 4/6 jours , volume observable 0.8 < 15 , trop parfaite (aucun retard > 5 min) , volume irregulier (CV 0.76) , ponctualite erratique (amplitude 100 pt)
France;fr_sncf;Hennebont;fr_sncf|UIC87476259;9.5;0.8;8;100;100;100;0;0.31;0.41;100;192;4;0;0;REJETEE;presente 4/6 jours , volume observable 0.8 < 15 , trop parfaite (100 % sous 60 s) , ponctualite erratique (amplitude 100 pt)
France;fr_sncf;Surgères;fr_sncf|UIC87485227;8.5;0.8;9;33.3;100;100;66.7;0.37;0.59;100;325;4;0;0;REJETEE;presente 4/6 jours , volume observable 0.8 < 15 , trop parfaite (aucun retard > 5 min) , volume irregulier (CV 0.37) , ponctualite erratique (amplitude 100 pt)
France;fr_sncf;Montréjeau - Gourdan-Polignan;fr_sncf|UIC87611152;8.5;0.8;9;66.7;66.7;66.7;0;0.74;0.67;100;325;4;0;0;REJETEE;presente 4/6 jours , volume observable 0.8 < 15 , distribution degeneree (0.0 pt) , volume irregulier (CV 0.74) , ponctualite erratique (amplitude 100 pt)
France;fr_sncf;Villeneuve-sur-Yonne;fr_sncf|UIC87683219;8;0.8;9;33.3;100;100;66.7;0.51;0.51;100;256;4;0;0;REJETEE;presente 4/6 jours , volume observable 0.8 < 15 , trop parfaite (aucun retard > 5 min) , volume irregulier (CV 0.51) , ponctualite erratique (amplitude 100 pt)
France;fr_sncf;Génolhac;fr_sncf|UIC87775213;7.4;0.8;11;25;50;75;50;0.52;0.43;100;91;5;0;0;REJETEE;presente 5/6 jours , volume observable 0.8 < 15 , volume irregulier (CV 0.52) , ponctualite erratique (amplitude 100 pt)
France;fr_sncf;Tourcoing;fr_sncf|UIC87286542;7;0.8;11;66.7;66.7;100;33.3;0.48;0.52;100;133;4;0.75;0;REJETEE;presente 4/6 jours , volume observable 0.8 < 15 , volume irregulier (CV 0.48) , ponctualite erratique (amplitude 100 pt)
France;fr_sncf;La Bastide-St-Laurent-les-B.;fr_sncf|UIC87775171;7;0.8;11;0;50;50;50;0.59;0.45;100;113;5;0;0;REJETEE;presente 5/6 jours , volume observable 0.8 < 15 , volume irregulier (CV 0.59) , ponctualite erratique (amplitude 100 pt)
France;fr_sncf;Verneuil-sur-Avre;fr_sncf|UIC87393595;7;0.8;11;100;100;100;0;0.53;0.68;100;300;4;0;0;REJETEE;presente 4/6 jours , volume observable 0.8 < 15 , trop parfaite (100 % sous 60 s) , volume irregulier (CV 0.53) , ponctualite erratique (amplitude 100 pt)
France;fr_sncf;Le Cendre - Orcet;fr_sncf|UIC87734160;6.8;0.8;11;66.7;66.7;66.7;0;0.5;0.19;100;69;4;0;0;REJETEE;presente 4/6 jours , volume observable 0.8 < 15 , distribution degeneree (0.0 pt) , volume irregulier (CV 0.50) , ponctualite erratique (amplitude 100 pt)
France;fr_sncf;Ay-Champagne;fr_sncf|UIC87171561;6.5;0.8;12;66.7;66.7;100;33.3;0.29;0.47;100;271;4;0;0;REJETEE;presente 4/6 jours , volume observable 0.8 < 15 , ponctualite erratique (amplitude 100 pt)
France;fr_sncf;Saint-Denis-Près-Martel;fr_sncf|UIC87594572;6.3;0.8;12;0;0;66.7;66.7;0.48;0.63;0;257;4;0;0.25;REJETEE;presente 4/6 jours , volume observable 0.8 < 15 , volume irregulier (CV 0.48)
France;fr_sncf;Germaine;fr_sncf|UIC87171587;6.3;0.8;12;100;100;100;0;0.37;0.52;100;317;4;0;0;REJETEE;presente 4/6 jours , volume observable 0.8 < 15 , trop parfaite (100 % sous 60 s) , volume irregulier (CV 0.37) , ponctualite erratique (amplitude 100 pt)
France;fr_sncf;Thann;fr_sncf|UIC87182568;6;0.8;13;66.7;66.7;100;33.3;0.82;0.87;100;300;4;0;0;REJETEE;presente 4/6 jours , volume observable 0.8 < 15 , volume irregulier (CV 0.82) , ponctualite erratique (amplitude 100 pt)
France;fr_sncf;Le Breuil-sur-Couze;fr_sncf|UIC87734228;5.5;0.8;14;66.7;66.7;66.7;0;0.17;0.27;100;175;4;0;0;REJETEE;presente 4/6 jours , volume observable 0.8 < 15 , distribution degeneree (0.0 pt) , ponctualite erratique (amplitude 100 pt)
France;fr_sncf;Marmagne;fr_sncf|UIC87576132;5.5;0.8;14;100;100;100;0;0.36;0.2;100;100;4;0;0;REJETEE;presente 4/6 jours , volume observable 0.8 < 15 , trop parfaite (100 % sous 60 s) , volume irregulier (CV 0.36) , ponctualite erratique (amplitude 100 pt)
France;fr_sncf;Vertaizon;fr_sncf|UIC87734426;5.3;0.8;14;100;100;100;0;0.39;0.21;100;110;4;0;0;REJETEE;presente 4/6 jours , volume observable 0.8 < 15 , trop parfaite (100 % sous 60 s) , volume irregulier (CV 0.39) , ponctualite erratique (amplitude 100 pt)
France;fr_sncf;Châteaubourg;fr_sncf|UIC87471524;5;0.8;15;100;100;100;0;0.53;0.37;100;150;4;0;0;REJETEE;presente 4/6 jours , volume observable 0.8 < 15 , trop parfaite (100 % sous 60 s) , volume irregulier (CV 0.53) , ponctualite erratique (amplitude 100 pt)
France;fr_sncf;Saint-Priest-Taurion;fr_sncf|UIC87592055;4.8;0.8;16;100;100;100;0;0.15;0.27;100;171;4;0.25;0;REJETEE;presente 4/6 jours , volume observable 0.8 < 15 , trop parfaite (100 % sous 60 s) , ponctualite erratique (amplitude 100 pt)
France;fr_sncf;Brignac;fr_sncf|UIC87592063;4.8;0.8;16;100;100;100;0;0.18;0.27;100;171;4;0.25;0;REJETEE;presente 4/6 jours , volume observable 0.8 < 15 , trop parfaite (100 % sous 60 s) , ponctualite erratique (amplitude 100 pt)
France;fr_sncf;Pont de Dore;fr_sncf|UIC87734459;4.5;0.8;17;100;100;100;0;0.38;0.33;100;157;4;0;0;REJETEE;presente 4/6 jours , volume observable 0.8 < 15 , trop parfaite (100 % sous 60 s) , volume irregulier (CV 0.38) , ponctualite erratique (amplitude 100 pt)
France;fr_sncf;Lezoux;fr_sncf|UIC87734442;4.5;0.8;17;100;100;100;0;0.25;0.33;100;157;4;0;0;REJETEE;presente 4/6 jours , volume observable 0.8 < 15 , trop parfaite (100 % sous 60 s) , ponctualite erratique (amplitude 100 pt)
France;fr_sncf;Bénesse-Maremne;fr_sncf|UIC87673285;4.3;0.8;18;66.7;100;100;33.3;0.37;0.2;100;143;4;0.5;0;REJETEE;presente 4/6 jours , volume observable 0.8 < 15 , trop parfaite (aucun retard > 5 min) , volume irregulier (CV 0.37) , ponctualite erratique (amplitude 100 pt)
France;fr_sncf;Labenne;fr_sncf|UIC87673293;4.3;0.8;18;66.7;100;100;33.3;0.37;0.2;100;143;4;0.5;0;REJETEE;presente 4/6 jours , volume observable 0.8 < 15 , trop parfaite (aucun retard > 5 min) , volume irregulier (CV 0.37) , ponctualite erratique (amplitude 100 pt)
France;fr_sncf;Ondres;fr_sncf|UIC87673319;4.3;0.8;18;66.7;100;100;33.3;0.26;0.2;100;143;4;0.5;0;REJETEE;presente 4/6 jours , volume observable 0.8 < 15 , trop parfaite (aucun retard > 5 min) , ponctualite erratique (amplitude 100 pt)
France;fr_sncf;Saint-Martin-d'Oney;fr_sncf|UIC87671495;4.3;0.8;18;100;100;100;0;0.32;0.26;100;89;4;0.25;0;REJETEE;presente 4/6 jours , volume observable 0.8 < 15 , trop parfaite (100 % sous 60 s) , ponctualite erratique (amplitude 100 pt)
France;fr_sncf;Pont-du-Château;fr_sncf|UIC87734087;4;0.8;19;100;100;100;0;0.4;0.18;100;78;4;0;0;REJETEE;presente 4/6 jours , volume observable 0.8 < 15 , trop parfaite (100 % sous 60 s) , volume irregulier (CV 0.40) , ponctualite erratique (amplitude 100 pt)
France;fr_sncf;Aulnat Aéroport;fr_sncf|UIC87562421;4;0.8;19;100;100;100;0;0.59;0.18;100;78;4;0;0;REJETEE;presente 4/6 jours , volume observable 0.8 < 15 , trop parfaite (100 % sous 60 s) , volume irregulier (CV 0.59) , ponctualite erratique (amplitude 100 pt)
Pays-Bas;nl_ovapi;Paris-Nord;nl_ovapi|parisnord@48.88,2.36;10.8;0.6;6;100;100;100;0;0.54;0.46;100;103;5;0;0;REJETEE;presente 5/6 jours , volume observable 0.6 < 15 , trop parfaite (100 % sous 60 s) , volume irregulier (CV 0.54) , ponctualite erratique (amplitude 100 pt)
France;fr_sncf;Sarrebruck;fr_sncf|UIC80253914;6.2;0.6;10;100;100;100;0;0.54;0.33;100;124;5;0;0;REJETEE;presente 5/6 jours , volume observable 0.6 < 15 , trop parfaite (100 % sous 60 s) , volume irregulier (CV 0.54) , ponctualite erratique (amplitude 100 pt)
France;fr_sncf;Chamborigaud;fr_sncf|UIC87775221;6;0.6;10;33.3;33.3;66.7;33.3;0.52;0.41;100;87;5;0;0;REJETEE;presente 5/6 jours , volume observable 0.6 < 15 , volume irregulier (CV 0.52) , ponctualite erratique (amplitude 100 pt)
France;fr_sncf;La Roche-sur-Foron;fr_sncf|UIC87746305;8.5;0.5;6;100;100;100;0;0.52;0.63;100;386;4;0;0;REJETEE;presente 4/6 jours , volume observable 0.5 < 15 , trop parfaite (100 % sous 60 s) , volume irregulier (CV 0.52) , ponctualite erratique (amplitude 100 pt)
France;fr_sncf;Batz-sur-Mer;fr_sncf|UIC87481770;8;0.5;6;50;50;100;50;0.38;0.58;50;357;4;0;0;REJETEE;presente 4/6 jours , volume observable 0.5 < 15 , volume irregulier (CV 0.38)
France;fr_sncf;Luttenbach-près-Munster;fr_sncf|UIC87182543;7.8;0.5;6;100;100;100;0;0.39;0.66;100;343;4;0;0;REJETEE;presente 4/6 jours , volume observable 0.5 < 15 , trop parfaite (100 % sous 60 s) , volume irregulier (CV 0.39) , ponctualite erratique (amplitude 100 pt)
France;fr_sncf;Sallanches - Combloux - Megève;fr_sncf|UIC87746438;7;0.5;7;0;100;100;100;0.46;0.52;100;300;4;0;0;REJETEE;presente 4/6 jours , volume observable 0.5 < 15 , trop parfaite (aucun retard > 5 min) , volume irregulier (CV 0.46) , ponctualite erratique (amplitude 100 pt)
France;fr_sncf;Royan;fr_sncf|UIC87491803;6.8;0.5;7;50;50;50;0;0.25;0.55;100;238;4;0.25;0;REJETEE;presente 4/6 jours , volume observable 0.5 < 15 , distribution degeneree (0.0 pt) , ponctualite erratique (amplitude 100 pt)
France;fr_sncf;Maizières-lès-Metz;fr_sncf|UIC87191106;5.3;0.5;10;100;100;100;0;0.43;0.43;100;133;4;0;0;REJETEE;presente 4/6 jours , volume observable 0.5 < 15 , trop parfaite (100 % sous 60 s) , volume irregulier (CV 0.43) , ponctualite erratique (amplitude 100 pt)
France;fr_sncf;Woippy;fr_sncf|UIC87192088;5.3;0.5;10;100;100;100;0;0.43;0.43;100;133;4;0;0;REJETEE;presente 4/6 jours , volume observable 0.5 < 15 , trop parfaite (100 % sous 60 s) , volume irregulier (CV 0.43) , ponctualite erratique (amplitude 100 pt)
France;fr_sncf;Metz Nord;fr_sncf|UIC87192070;5.3;0.5;10;100;100;100;0;0.43;0.43;100;133;4;0;0;REJETEE;presente 4/6 jours , volume observable 0.5 < 15 , trop parfaite (100 % sous 60 s) , volume irregulier (CV 0.43) , ponctualite erratique (amplitude 100 pt)
France;fr_sncf;Condé-sur-Huisne;fr_sncf|UIC87394288;5;0.5;10;100;100;100;0;0.2;0.24;100;82;4;0.25;0;REJETEE;presente 4/6 jours , volume observable 0.5 < 15 , trop parfaite (100 % sous 60 s) , ponctualite erratique (amplitude 100 pt)
France;fr_sncf;Bretoncelles;fr_sncf|UIC87394270;5;0.5;10;100;100;100;0;0.25;0.24;100;82;4;0.25;0;REJETEE;presente 4/6 jours , volume observable 0.5 < 15 , trop parfaite (100 % sous 60 s) , ponctualite erratique (amplitude 100 pt)
France;fr_sncf;Pontgouin;fr_sncf|UIC87394247;5;0.5;10;50;100;100;50;0.58;0.24;100;82;4;0.25;0;REJETEE;presente 4/6 jours , volume observable 0.5 < 15 , trop parfaite (aucun retard > 5 min) , volume irregulier (CV 0.58) , ponctualite erratique (amplitude 100 pt)
France;fr_sncf;Bâle Saint-Jean;fr_sncf|UIC87187930;5;0.5;10;50;50;100;50;0.34;0.49;100;233;4;0;0;REJETEE;presente 4/6 jours , volume observable 0.5 < 15 , ponctualite erratique (amplitude 100 pt)
France;fr_sncf;Saint-Léonard-de-Noblat;fr_sncf|UIC87592071;4.8;0.5;11;100;100;100;0;0.07;0.27;100;171;4;0.25;0;REJETEE;presente 4/6 jours , volume observable 0.5 < 15 , trop parfaite (100 % sous 60 s) , ponctualite erratique (amplitude 100 pt)
France;fr_sncf;Sainte-Cécile-d'Andorge;fr_sncf|UIC87775239;4.5;0.5;11;50;50;50;0;0.82;0.37;100;60;4;0;0;REJETEE;presente 4/6 jours , volume observable 0.5 < 15 , distribution degeneree (0.0 pt) , volume irregulier (CV 0.82) , ponctualite erratique (amplitude 100 pt)
France;fr_sncf;Nozières - Brignon;fr_sncf|UIC87775353;4.5;0.5;11;50;100;100;50;0.64;0.25;100;80;4;0;0;REJETEE;presente 4/6 jours , volume observable 0.5 < 15 , trop parfaite (aucun retard > 5 min) , volume irregulier (CV 0.64) , ponctualite erratique (amplitude 100 pt)
France;fr_sncf;Boucau;fr_sncf|UIC87673095;4.3;0.5;12;100;100;100;0;0.39;0.2;100;143;4;0.5;0;REJETEE;presente 4/6 jours , volume observable 0.5 < 15 , trop parfaite (100 % sous 60 s) , volume irregulier (CV 0.39) , ponctualite erratique (amplitude 100 pt)
France;fr_sncf;Arengosse;fr_sncf|UIC87671479;4.3;0.5;12;100;100;100;0;0.52;0.26;100;89;4;0.25;0;REJETEE;presente 4/6 jours , volume observable 0.5 < 15 , trop parfaite (100 % sous 60 s) , volume irregulier (CV 0.52) , ponctualite erratique (amplitude 100 pt)
France;fr_sncf;Villefort;fr_sncf|UIC87775197;6.2;0.4;6;0;0;50;50;0.67;0.4;0;108;5;0;0;REJETEE;presente 5/6 jours , volume observable 0.4 < 15 , volume irregulier (CV 0.67)
Pays-Bas;nl_ovapi;Köln Hbf;nl_ovapi|klnhbf@50.94,6.96;10.8;0.3;2;100;100;100;0;0.44;0.48;100;231;4;0;0;REJETEE;presente 4/6 jours , volume observable 0.3 < 15 , trop parfaite (100 % sous 60 s) , volume irregulier (CV 0.44) , ponctualite erratique (amplitude 100 pt)
France;fr_sncf;La Baule les Pins;fr_sncf|UIC87481697;8;0.3;3;100;100;100;0;0.46;0.58;100;357;4;0;0;REJETEE;presente 4/6 jours , volume observable 0.3 < 15 , trop parfaite (100 % sous 60 s) , volume irregulier (CV 0.46) , ponctualite erratique (amplitude 100 pt)
France;fr_sncf;Thonon-les-Bains;fr_sncf|UIC87745646;5.8;0.3;4;0;0;100;100;0.41;0.47;0;229;4;0;0;REJETEE;presente 4/6 jours , volume observable 0.3 < 15 , volume irregulier (CV 0.41)
France;fr_sncf;Saint-Denis-des-Murs;fr_sncf|UIC87592097;4.8;0.3;5;100;100;100;0;0.15;0.27;100;171;4;0.25;0;REJETEE;presente 4/6 jours , volume observable 0.3 < 15 , trop parfaite (100 % sous 60 s) , ponctualite erratique (amplitude 100 pt)
France;fr_sncf;Eymoutiers Vassivière;fr_sncf|UIC87592121;4.8;0.3;5;100;100;100;0;0.38;0.27;100;171;4;0.25;0;REJETEE;presente 4/6 jours , volume observable 0.3 < 15 , trop parfaite (100 % sous 60 s) , volume irregulier (CV 0.38) , ponctualite erratique (amplitude 100 pt)
France;fr_sncf;Longwy;fr_sncf|UIC87194001;4.3;0.3;6;100;100;100;0;0.17;0.26;100;143;4;0;0;REJETEE;presente 4/6 jours , volume observable 0.3 < 15 , trop parfaite (100 % sous 60 s) , ponctualite erratique (amplitude 100 pt)
France;fr_sncf;Jassonneix;fr_sncf|UIC87594085;4.3;0.3;6;100;100;100;0;0.38;0.26;100;143;4;0.25;0;REJETEE;presente 4/6 jours , volume observable 0.3 < 15 , trop parfaite (100 % sous 60 s) , volume irregulier (CV 0.38) , ponctualite erratique (amplitude 100 pt)
Pays-Bas;nl_ovapi;Frankfurt Flughafen Fernb;nl_ovapi|frankfurtflughafenfernb@50.05,8.57;8.8;0.2;2;100;100;100;0;0.56;0.54;100;263;5;0;0;REJETEE;presente 5/6 jours , volume observable 0.2 < 15 , trop parfaite (100 % sous 60 s) , volume irregulier (CV 0.56) , ponctualite erratique (amplitude 100 pt)
Pays-Bas;nl_ovapi;Frankfurt (M) Hbf;nl_ovapi|frankfurtmhbf@50.11,8.66;7.8;0.2;3;100;100;100;0;0.65;0.55;100;268;5;0;0;REJETEE;presente 5/6 jours , volume observable 0.2 < 15 , trop parfaite (100 % sous 60 s) , volume irregulier (CV 0.65) , ponctualite erratique (amplitude 100 pt)
Etats-Unis;us_mta_mnr;;us_mta_mnr|172;38.7;0;0;0;0;0;0;0.28;0.27;0;52;6;0;0;REJETEE;identite non resolue , volume observable 0.0 < 15 , distribution degeneree (0.0 pt)
Etats-Unis;us_mta_mnr;;us_mta_mnr|167;20;0;0;0;0;0;0;0.3;0.28;0;50;6;0;0;REJETEE;identite non resolue , volume observable 0.0 < 15 , distribution degeneree (0.0 pt)
Etats-Unis;us_mta_mnr;;us_mta_mnr|168;20;0;0;0;0;0;0;0.34;0.28;0;50;6;0;0;REJETEE;identite non resolue , volume observable 0.0 < 15 , distribution degeneree (0.0 pt)
Etats-Unis;us_mta_mnr;;us_mta_mnr|169;20;0;0;0;0;0;0;0.24;0.28;0;50;6;0;0;REJETEE;identite non resolue , volume observable 0.0 < 15 , distribution degeneree (0.0 pt)
Etats-Unis;us_mta_mnr;;us_mta_mnr|170;20;0;0;0;0;0;0;0.27;0.28;0;50;6;0;0;REJETEE;identite non resolue , volume observable 0.0 < 15 , distribution degeneree (0.0 pt)
Etats-Unis;us_mta_mnr;;us_mta_mnr|171;20;0;0;0;0;0;0;0.3;0.28;0;50;6;0;0;REJETEE;identite non resolue , volume observable 0.0 < 15 , distribution degeneree (0.0 pt)
France;fr_sncf;Saint-Gervais-les-Bains-Le Fayet;fr_sncf|UIC87746479;7.3;0;0;0;0;0;0;0.38;0.47;0;263;4;0;0;REJETEE;presente 4/6 jours , volume observable 0.0 < 15 , distribution degeneree (0.0 pt) , volume irregulier (CV 0.38)
France;fr_sncf;Évian-les-Bains;fr_sncf|UIC87745679;5.8;0;0;0;0;0;0;0.33;0.47;0;229;4;0;0;REJETEE;presente 4/6 jours , volume observable 0.0 < 15 , distribution degeneree (0.0 pt)
France;fr_sncf;Châteauneuf - Bujaleuf;fr_sncf|UIC87592105;4.8;0;0;0;0;0;0;0.08;0.27;0;171;4;0.25;0;REJETEE;presente 4/6 jours , volume observable 0.0 < 15 , distribution degeneree (0.0 pt)
France;fr_sncf;Lacelle Corrèze;fr_sncf|UIC87592147;4.3;0;0;0;0;0;0;0.33;0.26;0;143;4;0.25;0;REJETEE;presente 4/6 jours , volume observable 0.0 < 15 , distribution degeneree (0.0 pt)
France;fr_sncf;Bugeat;fr_sncf|UIC87592162;4.3;0;0;0;0;0;0;0.2;0.26;0;143;4;0.25;0;REJETEE;presente 4/6 jours , volume observable 0.0 < 15 , distribution degeneree (0.0 pt)
France;fr_sncf;Pérols-sur-Vézère;fr_sncf|UIC87592170;4.3;0;0;0;0;0;0;0.26;0.26;0;143;4;0.25;0;REJETEE;presente 4/6 jours , volume observable 0.0 < 15 , distribution degeneree (0.0 pt)
