pays;reseau;nom;cle;Nobs;echantillon;p60;p300;dispersion;famille;motif
Pays-Bas;nl_ovapi;Schiphol Airport;nl_ovapi|schipholairport@52.31,4.76;419.8;2519;73.5;96;25;A_QUALIFIER;
Pays-Bas;nl_ovapi;Amsterdam Centraal;nl_ovapi|amsterdamcentraal@52.38,4.90;395.8;2375;62.4;93.1;34.6;A_QUALIFIER;
Pays-Bas;nl_ovapi;Utrecht Centraal;nl_ovapi|utrechtcentraal@52.09,5.11;390.5;2343;77.3;94.8;20.1;A_QUALIFIER;
Pays-Bas;nl_ovapi;Rotterdam Centraal;nl_ovapi|rotterdamcentraal@51.92,4.47;269.7;1618;71.3;94.1;26.4;A_QUALIFIER;
Etats-Unis;us_mta_mnr;;us_mta_mnr|1;172.3;1034;43.5;87;52.7;A_QUALIFIER;
Australie;au_translink_seq;Central station;au_translink_seq|centralstation@-27.47,153.03;227.7;1366;66.4;94.6;32.3;A_QUALIFIER;
Australie;au_translink_seq;Roma Street station;au_translink_seq|romastreetstation@-27.47,153.02;216.2;1297;55.5;93.6;42.9;A_QUALIFIER;
Australie;au_translink_seq;Bowen Hills station;au_translink_seq|bowenhillsstation@-27.45,153.04;221.8;1331;54;94.2;44.6;A_QUALIFIER;
Australie;au_translink_seq;Fortitude Valley station;au_translink_seq|fortitudevalleystation@-27.46,153.03;218.2;1309;44.8;93.2;53.8;A_QUALIFIER;
Pays-Bas;nl_ovapi;Amsterdam Sloterdijk;nl_ovapi|amsterdamsloterdijk@52.39,4.84;304.7;1828;48.1;95.4;50.4;A_QUALIFIER;
Etats-Unis;us_mta_mnr;;us_mta_mnr|4;155.5;933;44.7;86.4;51.3;A_QUALIFIER;
Pays-Bas;nl_ovapi;Arnhem Centraal;nl_ovapi|arnhemcentraal@51.99,5.90;220.8;1325;69.7;93.3;26.7;A_QUALIFIER;
Allemagne;de_gtfsde;;de_gtfsde|47089;211.5;846;32.3;62.1;42.4;A_QUALIFIER;
Pays-Bas;nl_ovapi;Leiden Centraal;nl_ovapi|leidencentraal@52.17,4.48;242.8;1457;75.4;95.5;22.8;A_QUALIFIER;
Allemagne;de_gtfsde;;de_gtfsde|193254;175.8;703;18.5;66.9;72.3;A_QUALIFIER;
Pays-Bas;nl_ovapi;Nijmegen;nl_ovapi|nijmegen@51.84,5.85;164.3;986;70.6;94.8;28.3;A_QUALIFIER;
Pays-Bas;nl_ovapi;Den Haag Centraal;nl_ovapi|denhaagcentraal@52.08,4.32;161.8;971;84.7;98.1;14.5;EXCLUE;ponctualite 98.1 %
Australie;au_translink_seq;Eagle Junction station;au_translink_seq|eaglejunctionstation@-27.41,153.05;158.2;949;40.7;93.8;58.2;A_QUALIFIER;
Pays-Bas;nl_ovapi;'s-Hertogenbosch;nl_ovapi|shertogenbosch@51.69,5.29;232;1392;57.3;95;41;A_QUALIFIER;
Pays-Bas;nl_ovapi;Dordrecht;nl_ovapi|dordrecht@51.81,4.67;143.3;860;73.3;95.1;25.7;A_QUALIFIER;
Allemagne;de_gtfsde;;de_gtfsde|663202;155.3;621;23.5;73.8;72;A_QUALIFIER;
Allemagne;de_gtfsde;;de_gtfsde|391411;144.8;579;52.7;78.8;37;A_QUALIFIER;
Pays-Bas;nl_ovapi;Amsterdam Zuid;nl_ovapi|amsterdamzuid@52.34,4.87;219;1314;74.4;96.5;24.2;A_QUALIFIER;
Allemagne;de_gtfsde;;de_gtfsde|613092;147;588;31.5;62.9;46.3;A_QUALIFIER;
Pays-Bas;nl_ovapi;Den Haag HS;nl_ovapi|denhaaghs@52.07,4.32;175.5;1053;74.7;95;23.2;A_QUALIFIER;
Allemagne;de_gtfsde;;de_gtfsde|281863;155.5;622;15.1;69.3;79.9;A_QUALIFIER;
Allemagne;de_gtfsde;;de_gtfsde|172045;157.5;630;12.1;69;83.8;A_QUALIFIER;
Allemagne;de_gtfsde;;de_gtfsde|550752;151.5;606;12.4;70.1;82.8;A_QUALIFIER;
Allemagne;de_gtfsde;;de_gtfsde|624218;152.5;610;16.6;70.7;78;A_QUALIFIER;
Allemagne;de_gtfsde;;de_gtfsde|652093;81.5;326;79.1;97.5;19;A_QUALIFIER;
Allemagne;de_gtfsde;;de_gtfsde|543581;138;552;33.3;62.3;43.8;A_QUALIFIER;
Pays-Bas;nl_ovapi;Schiedam Centrum;nl_ovapi|schiedamcentrum@51.92,4.41;145.3;872;65.6;95.2;32.8;A_QUALIFIER;
Pays-Bas;nl_ovapi;Amersfoort Centraal;nl_ovapi|amersfoortcentraal@52.15,5.37;172.5;1035;70.1;94.7;27.7;A_QUALIFIER;
Allemagne;de_gtfsde;;de_gtfsde|403247;161.3;645;32.6;59.5;41.2;A_QUALIFIER;
Pays-Bas;nl_ovapi;Delft;nl_ovapi|delft@52.01,4.36;166.7;1000;71.1;95.3;27.2;A_QUALIFIER;
Pays-Bas;nl_ovapi;Zwolle;nl_ovapi|zwolle@52.51,6.09;155;930;70.1;93.5;27.7;A_QUALIFIER;
Allemagne;de_gtfsde;;de_gtfsde|601297;144.8;579;19;70.5;75;A_QUALIFIER;
Allemagne;de_gtfsde;;de_gtfsde|225778;35.8;143;81.1;95.8;14.7;A_QUALIFIER;
Allemagne;de_gtfsde;;de_gtfsde|579841;130;520;14;69;80.2;A_QUALIFIER;
Allemagne;de_gtfsde;;de_gtfsde|633156;127;508;14.8;68.7;79.7;A_QUALIFIER;
Australie;au_translink_seq;Northgate station;au_translink_seq|northgatestation@-27.39,153.07;127.3;764;55.9;94.8;42.9;A_QUALIFIER;
Allemagne;de_gtfsde;;de_gtfsde|96530;133.3;533;20.6;70.4;73.5;A_QUALIFIER;
Allemagne;de_gtfsde;;de_gtfsde|41174;110.5;442;56.6;79.2;26.9;A_QUALIFIER;
Allemagne;de_gtfsde;;de_gtfsde|228723;109;436;41.1;78.2;52.1;A_QUALIFIER;
Pays-Bas;nl_ovapi;Breda;nl_ovapi|breda@51.60,4.78;155.3;932;69.6;96.2;29.2;A_QUALIFIER;
Pays-Bas;nl_ovapi;Eindhoven Centraal;nl_ovapi|eindhovencentraal@51.44,5.48;166.5;999;70.2;95.5;28.3;A_QUALIFIER;
Allemagne;de_gtfsde;;de_gtfsde|14844;109.5;438;35.8;60;37;A_QUALIFIER;
Pays-Bas;nl_ovapi;Den Haag Laan v NOI;nl_ovapi|denhaaglaanvnoi@52.08,4.34;149.2;895;69.7;95.9;28.3;A_QUALIFIER;
Etats-Unis;us_mta_mnr;;us_mta_mnr|124;77.7;466;46.4;83.5;47.6;A_QUALIFIER;
Pays-Bas;nl_ovapi;Tilburg;nl_ovapi|tilburg@51.56,5.08;144;864;71.8;95.7;26.3;A_QUALIFIER;
Allemagne;de_gtfsde;;de_gtfsde|405191;139.8;559;35.1;67.3;47.4;A_QUALIFIER;
Pays-Bas;nl_ovapi;Rotterdam Blaak;nl_ovapi|rotterdamblaak@51.92,4.49;125.5;502;56.2;95.2;42.8;A_QUALIFIER;
Allemagne;de_gtfsde;;de_gtfsde|563389;136.3;545;20.6;45.3;42.4;A_QUALIFIER;
Pays-Bas;nl_ovapi;Haarlem;nl_ovapi|haarlem@52.39,4.64;125.3;752;78.5;95.5;19.8;A_QUALIFIER;
Pays-Bas;nl_ovapi;Almere Centrum;nl_ovapi|almerecentrum@52.38,5.22;72;432;72.7;94.9;25.9;A_QUALIFIER;
Allemagne;de_gtfsde;;de_gtfsde|176911;102;408;48.3;77.9;41.9;A_QUALIFIER;
Pays-Bas;nl_ovapi;Hoofddorp;nl_ovapi|hoofddorp@52.29,4.70;123.5;741;64.6;94.3;33.6;A_QUALIFIER;
Australie;au_translink_seq;South Bank station;au_translink_seq|southbankstation@-27.48,153.02;104.3;626;44.1;89.9;52.9;A_QUALIFIER;
Pays-Bas;nl_ovapi;Hilversum;nl_ovapi|hilversum@52.23,5.18;134.5;807;75.5;95;21.8;A_QUALIFIER;
Australie;au_translink_seq;Boggo Road station;au_translink_seq|boggoroadstation@-27.49,153.03;109.7;658;47.4;91;49.7;A_QUALIFIER;
Allemagne;de_gtfsde;;de_gtfsde|441278;107.8;431;40.1;80.5;56.4;A_QUALIFIER;
Australie;au_translink_seq;South Brisbane station;au_translink_seq|southbrisbanestation@-27.47,153.02;104.7;628;48.9;90.9;48.4;A_QUALIFIER;
Pays-Bas;nl_ovapi;Gouda;nl_ovapi|gouda@52.02,4.71;113.3;680;76.3;96.3;21.9;A_QUALIFIER;
Allemagne;de_gtfsde;;de_gtfsde|297746;87.5;350;83.1;94.6;14.6;A_QUALIFIER;
Allemagne;de_gtfsde;;de_gtfsde|102022;83.8;335;54.3;81.5;36.7;A_QUALIFIER;
Allemagne;de_gtfsde;Köln Hbf;de_gtfsde|klnhbf@50.94,6.96;107.4;537;41.9;72.4;44.1;A_QUALIFIER;
France;fr_sncf;Lyon Part Dieu;fr_sncf|UIC87723197;41.5;249;59;76.7;24.5;A_QUALIFIER;
Pays-Bas;nl_ovapi;Deventer;nl_ovapi|deventer@52.26,6.16;104.5;627;59;93.1;38.8;A_QUALIFIER;
Etats-Unis;us_mta_mnr;;us_mta_mnr|56;67.7;406;43.8;86.9;53.2;A_QUALIFIER;
Allemagne;de_gtfsde;;de_gtfsde|140668;102.5;410;44.1;69;40.5;A_QUALIFIER;
Australie;au_translink_seq;Wooloowin station;au_translink_seq|wooloowinstation@-27.42,153.04;82.5;495;37.6;92.3;61.6;A_QUALIFIER;
Australie;au_translink_seq;Albion station;au_translink_seq|albionstation@-27.43,153.04;85;510;37.8;93.3;61.4;A_QUALIFIER;
Pays-Bas;nl_ovapi;Rotterdam Lombardijen;nl_ovapi|rotterdamlombardijen@51.88,4.53;53.8;215;41.4;96.3;57.2;A_QUALIFIER;
Pays-Bas;nl_ovapi;Amsterdam Bijlmer ArenA;nl_ovapi|amsterdambijlmerarena@52.31,4.95;138.3;830;68.2;95.1;30.6;A_QUALIFIER;
Allemagne;de_gtfsde;;de_gtfsde|295122;83.8;335;43.6;72.8;41.2;A_QUALIFIER;
Allemagne;de_gtfsde;;de_gtfsde|167862;80.3;321;48.6;79.8;44.5;A_QUALIFIER;
Pays-Bas;nl_ovapi;Duivendrecht;nl_ovapi|duivendrecht@52.32,4.94;125.8;755;55.6;95.6;42.8;A_QUALIFIER;
Allemagne;de_gtfsde;;de_gtfsde|89997;86.8;347;49;79;40.3;A_QUALIFIER;
Allemagne;de_gtfsde;;de_gtfsde|452815;78;312;46.5;83.3;45.5;A_QUALIFIER;
Pays-Bas;nl_ovapi;Oss;nl_ovapi|oss@51.77,5.53;106.3;638;58.6;95.9;39.8;A_QUALIFIER;
Allemagne;de_gtfsde;;de_gtfsde|155845;73.8;295;44.4;80.7;47.8;A_QUALIFIER;
Pays-Bas;nl_ovapi;Roosendaal;nl_ovapi|roosendaal@51.54,4.46;103.8;623;64.4;96.5;33.7;A_QUALIFIER;
Allemagne;de_gtfsde;;de_gtfsde|14284;83;332;46.1;82.2;46.7;A_QUALIFIER;
Pays-Bas;nl_ovapi;Zwijndrecht;nl_ovapi|zwijndrecht@51.82,4.64;57.7;346;67.3;97.1;32.1;A_QUALIFIER;
Allemagne;de_gtfsde;;de_gtfsde|537557;63.5;254;52.4;83.1;40.6;A_QUALIFIER;
Etats-Unis;us_mta_lirr;;us_mta_lirr|102;102;510;71.2;97.1;28.6;A_QUALIFIER;
Pays-Bas;nl_ovapi;Barendrecht;nl_ovapi|barendrecht@51.86,4.55;51;204;71.1;97.5;27.9;A_QUALIFIER;
Etats-Unis;us_mta_mnr;;us_mta_mnr|74;45;270;47.8;87;48.5;A_QUALIFIER;
Allemagne;de_gtfsde;;de_gtfsde|277169;85.5;342;43.3;71.3;38;A_QUALIFIER;
Allemagne;de_gtfsde;;de_gtfsde|377788;87;348;44.5;88.5;52;A_QUALIFIER;
Allemagne;de_gtfsde;;de_gtfsde|497869;69;276;51.1;73.2;35.9;A_QUALIFIER;
Pays-Bas;nl_ovapi;Amsterdam Amstel;nl_ovapi|amsterdamamstel@52.35,4.92;124;744;55.6;94.5;42.7;A_QUALIFIER;
Allemagne;de_gtfsde;;de_gtfsde|338161;15.5;62;75.8;88.7;22.6;A_QUALIFIER;
Allemagne;de_gtfsde;;de_gtfsde|279864;89.8;359;37.9;60.7;34.8;A_QUALIFIER;
Etats-Unis;us_mta_mnr;;us_mta_mnr|76;38.3;230;48.3;88.7;48.3;A_QUALIFIER;
Pays-Bas;nl_ovapi;Zaandam;nl_ovapi|zaandam@52.44,4.81;111.7;670;60.3;96.1;38.8;A_QUALIFIER;
Allemagne;de_gtfsde;;de_gtfsde|133500;15.8;63;81;92.1;19;A_QUALIFIER;
Allemagne;de_gtfsde;;de_gtfsde|397209;62.3;249;35.3;61.4;42.6;A_QUALIFIER;
Allemagne;de_gtfsde;;de_gtfsde|565227;47.3;189;29.1;57.1;48.7;A_QUALIFIER;
Pays-Bas;nl_ovapi;Ede-Wageningen;nl_ovapi|edewageningen@52.03,5.67;95.7;574;57.5;97.9;41.8;A_QUALIFIER;
Allemagne;de_gtfsde;;de_gtfsde|539704;48.3;193;89.1;100;10.9;EXCLUE;aucun retard superieur a 5 min
Etats-Unis;us_mta_mnr;;us_mta_mnr|33;45;270;42.6;85.6;55.2;A_QUALIFIER;
Allemagne;de_gtfsde;;de_gtfsde|65708;63.8;255;76.9;90.6;19.6;A_QUALIFIER;
Allemagne;de_gtfsde;;de_gtfsde|452638;74;296;35.8;71.3;45.3;A_QUALIFIER;
Allemagne;de_gtfsde;;de_gtfsde|92917;65;260;55.4;76.2;31.9;A_QUALIFIER;
Pays-Bas;nl_ovapi;Weesp;nl_ovapi|weesp@52.31,5.04;84.3;506;81.6;95.8;16.4;A_QUALIFIER;
Allemagne;de_gtfsde;;de_gtfsde|304647;61.3;245;71.8;89;24.1;A_QUALIFIER;
Allemagne;de_gtfsde;;de_gtfsde|208383;56.8;227;70.5;89;25.6;A_QUALIFIER;
Allemagne;de_gtfsde;Friedewald  Haltepunkt;de_gtfsde|friedewaldhaltepunkt@51.13,13.65;61.3;245;70.6;89.4;26.1;A_QUALIFIER;
Pays-Bas;nl_ovapi;Groningen;nl_ovapi|groningen@53.21,6.56;77.2;463;83.8;95.7;14.7;A_QUALIFIER;
Allemagne;de_gtfsde;;de_gtfsde|640296;18.3;73;80.8;100;19.2;QUARANTAINE;aucun retard superieur a 5 min
Allemagne;de_gtfsde;;de_gtfsde|28438;63;252;45.6;84.1;47.2;A_QUALIFIER;
Allemagne;de_gtfsde;;de_gtfsde|598131;37;148;85.8;98.6;12.8;EXCLUE;ponctualite 98.6 %
Allemagne;de_gtfsde;;de_gtfsde|404734;30.3;121;87.6;98.3;10.7;EXCLUE;ponctualite 98.3 %
Allemagne;de_gtfsde;;de_gtfsde|500691;59.5;238;71.4;89.1;24.8;A_QUALIFIER;
Pays-Bas;nl_ovapi;Elst;nl_ovapi|elst@51.92,5.85;61.2;367;60.2;94;38.7;A_QUALIFIER;
Australie;au_translink_seq;Petrie station;au_translink_seq|petriestation@-27.27,152.98;74.5;447;58.4;94.9;40.3;A_QUALIFIER;
Allemagne;de_gtfsde;;de_gtfsde|234640;62;248;73;91.1;23.8;A_QUALIFIER;
Allemagne;de_gtfsde;;de_gtfsde|551572;41.5;166;80.1;95.8;17.5;A_QUALIFIER;
Allemagne;de_gtfsde;;de_gtfsde|191126;46;184;81;94.6;16.3;A_QUALIFIER;
Allemagne;de_gtfsde;;de_gtfsde|646114;75.8;303;30.4;61.7;44.9;A_QUALIFIER;
Pays-Bas;nl_ovapi;Zutphen;nl_ovapi|zutphen@52.14,6.19;85.8;515;61.6;95.9;37.3;A_QUALIFIER;
Allemagne;de_gtfsde;;de_gtfsde|650360;85.8;343;24.2;50.1;43.4;A_QUALIFIER;
Etats-Unis;us_mta_mnr;;us_mta_mnr|140;43.8;263;51.3;82.1;42.6;A_QUALIFIER;
Etats-Unis;us_mbta;South Station;us_mbta|southstation@42.35,-71.06;64.7;388;100;100;0;EXCLUE;100 % des mouvements sous 60 s , aucun retard superieur a 5 min , dispersion 0.0 pt
Allemagne;de_gtfsde;;de_gtfsde|490928;52.3;209;37.8;68.9;46.9;A_QUALIFIER;
Allemagne;de_gtfsde;;de_gtfsde|256285;51.8;207;72;93.7;25.1;A_QUALIFIER;
Australie;au_translink_seq;Corinda station;au_translink_seq|corindastation@-27.54,152.98;63.7;382;60.5;95.3;38.7;A_QUALIFIER;
Allemagne;de_gtfsde;;de_gtfsde|219236;64.5;258;39.5;79.1;53.5;A_QUALIFIER;
Pays-Bas;nl_ovapi;Amsterdam Muiderpoort;nl_ovapi|amsterdammuiderpoort@52.36,4.93;95;570;58.2;95.6;39.5;A_QUALIFIER;
Allemagne;de_gtfsde;;de_gtfsde|2734;80;320;55.3;84.1;36.9;A_QUALIFIER;
Allemagne;de_gtfsde;;de_gtfsde|380397;56;224;83.9;92;12.5;A_QUALIFIER;
Australie;au_translink_seq;Milton station;au_translink_seq|miltonstation@-27.47,153.01;62.7;376;66.8;95.7;32.4;A_QUALIFIER;
France;fr_sncf;Strasbourg;fr_sncf|UIC87212027;21.8;131;77.1;88.5;16;A_QUALIFIER;
France;fr_sncf;Paris Montparnasse Hall 1 - 2;fr_sncf|UIC87391003;30;180;87.2;92.8;8.3;A_QUALIFIER;
Australie;au_translink_seq;Indooroopilly station;au_translink_seq|indooroopillystation@-27.50,152.98;64;384;66.4;96.1;32.8;A_QUALIFIER;
Australie;au_translink_seq;Taringa station;au_translink_seq|taringastation@-27.49,152.98;64;384;59.1;96.9;40.4;A_QUALIFIER;
Australie;au_translink_seq;Oxley station;au_translink_seq|oxleystation@-27.55,152.97;64.5;387;56.3;95.9;42.9;A_QUALIFIER;
Australie;au_translink_seq;Auchenflower station;au_translink_seq|auchenflowerstation@-27.48,153.00;65;390;63.6;95.6;35.6;A_QUALIFIER;
Australie;au_translink_seq;Graceville station;au_translink_seq|gracevillestation@-27.52,152.98;59.8;359;65.7;96.1;33.4;A_QUALIFIER;
Australie;au_translink_seq;Toowong station;au_translink_seq|toowongstation@-27.49,152.99;65.7;394;64.7;96.2;34.5;A_QUALIFIER;
Australie;au_translink_seq;Chelmer station;au_translink_seq|chelmerstation@-27.51,152.97;62.5;375;69.9;96.3;29.3;A_QUALIFIER;
Pays-Bas;nl_ovapi;Lelystad Centrum;nl_ovapi|lelystadcentrum@52.51,5.47;20.8;125;78.4;95.2;20.8;A_QUALIFIER;
Australie;au_translink_seq;Darra station;au_translink_seq|darrastation@-27.57,152.95;62.7;376;73.9;96;25;A_QUALIFIER;
Allemagne;de_gtfsde;;de_gtfsde|232735;64.5;258;91.1;98.8;8.1;EXCLUE;ponctualite 98.8 %
Australie;au_translink_seq;Beenleigh station;au_translink_seq|beenleighstation@-27.72,153.20;58.5;351;75.2;92.9;23.9;A_QUALIFIER;
Allemagne;de_gtfsde;;de_gtfsde|279400;54;216;54.2;81.9;35.6;A_QUALIFIER;
Australie;au_translink_seq;Altandi station;au_translink_seq|altandistation@-27.58,153.06;55.3;332;53;89.8;45.2;A_QUALIFIER;
Pays-Bas;nl_ovapi;Heemstede-Aerdenhout;nl_ovapi|heemstedeaerdenhout@52.36,4.61;78.8;473;74;94.7;22.6;A_QUALIFIER;
Australie;au_translink_seq;Sherwood station;au_translink_seq|sherwoodstation@-27.53,152.98;59;354;65.8;96.9;33.9;A_QUALIFIER;
France;fr_sncf;Paris Gare de Lyon Hall 1 - 2;fr_sncf|UIC87686006;35;210;73.3;84.8;14.3;A_QUALIFIER;
Australie;au_translink_seq;Loganlea station;au_translink_seq|loganleastation@-27.67,153.14;63.8;383;36;90.1;62.1;A_QUALIFIER;
Allemagne;de_gtfsde;;de_gtfsde|103274;62;248;52.4;82.7;40.3;A_QUALIFIER;
Allemagne;de_gtfsde;;de_gtfsde|637878;52.8;211;60.2;91;36.5;A_QUALIFIER;
Allemagne;de_gtfsde;;de_gtfsde|511315;56.8;227;47.1;73.6;35.7;A_QUALIFIER;
Allemagne;de_gtfsde;;de_gtfsde|243001;61;244;34;56.1;37.3;A_QUALIFIER;
Pays-Bas;nl_ovapi;Rotterdam Zuid;nl_ovapi|rotterdamzuid@51.90,4.51;52.3;209;69.9;97.1;28.7;A_QUALIFIER;
Allemagne;de_gtfsde;;de_gtfsde|601935;74.3;297;32;63;46.8;A_QUALIFIER;
Allemagne;de_gtfsde;S Grünau (Berlin);de_gtfsde|sgrnauberlin@52.41,13.57;48.5;291;74.9;91.1;21;A_QUALIFIER;
Allemagne;de_gtfsde;;de_gtfsde|587960;67.5;270;38.5;68.9;47;A_QUALIFIER;
Pays-Bas;nl_ovapi;Alkmaar;nl_ovapi|alkmaar@52.64,4.74;78.8;473;75.9;96.4;22.6;A_QUALIFIER;
Allemagne;de_gtfsde;;de_gtfsde|294154;52;208;36.1;69.7;47.6;A_QUALIFIER;
Allemagne;de_gtfsde;;de_gtfsde|379516;48.5;194;52.1;72.2;25.3;A_QUALIFIER;
Etats-Unis;us_mta_mnr;;us_mta_mnr|116;43.5;261;46.7;82.4;48.3;A_QUALIFIER;
Etats-Unis;us_mta_mnr;;us_mta_mnr|27;43.5;261;44.1;87;53.6;A_QUALIFIER;
Allemagne;de_gtfsde;;de_gtfsde|521238;53;212;53.3;89.2;41;A_QUALIFIER;
Etats-Unis;us_mta_mnr;;us_mta_mnr|31;43.5;261;42.9;86.2;54.8;A_QUALIFIER;
Australie;au_translink_seq;Toombul station;au_translink_seq|toombulstation@-27.41,153.06;51.8;311;58.8;94.2;40.5;A_QUALIFIER;
Australie;au_translink_seq;Nundah station;au_translink_seq|nundahstation@-27.40,153.06;47.3;284;56.7;94.7;43;A_QUALIFIER;
Allemagne;de_gtfsde;;de_gtfsde|631165;52.8;211;55.9;86.3;37.9;A_QUALIFIER;
Allemagne;de_gtfsde;;de_gtfsde|188368;57.8;231;31.6;66.2;51.1;A_QUALIFIER;
Allemagne;de_gtfsde;;de_gtfsde|468538;43.8;175;41.1;66.3;40.6;A_QUALIFIER;
France;fr_sncf;Bordeaux Saint-Jean;fr_sncf|UIC87581009;24.8;149;60.4;80.5;28.2;A_QUALIFIER;
Allemagne;de_gtfsde;;de_gtfsde|75763;64.5;258;36.8;67.1;49.6;A_QUALIFIER;
Allemagne;de_gtfsde;;de_gtfsde|407432;52.8;211;52.6;87.2;42.2;A_QUALIFIER;
Allemagne;de_gtfsde;;de_gtfsde|18912;33.5;134;64.9;83.6;27.6;A_QUALIFIER;
Pays-Bas;nl_ovapi;Den Haag Moerwijk;nl_ovapi|denhaagmoerwijk@52.05,4.31;57.2;343;76.7;97.7;22.2;A_QUALIFIER;
Pays-Bas;nl_ovapi;Rijswijk;nl_ovapi|rijswijk@52.04,4.32;51.8;311;73.3;97.7;25.7;A_QUALIFIER;
Pays-Bas;nl_ovapi;Delft Campus;nl_ovapi|delftcampus@51.99,4.36;53.5;321;68.8;97.2;29.9;A_QUALIFIER;
Australie;au_translink_seq;Ipswich station;au_translink_seq|ipswichstation@-27.61,152.76;38.5;231;82.3;97;16.5;A_QUALIFIER;
Etats-Unis;us_mta_lirr;;us_mta_lirr|237;71.4;357;25.8;88.5;71.7;A_QUALIFIER;
Etats-Unis;us_mta_mnr;;us_mta_mnr|131;56.5;339;40.1;80.2;53.1;A_QUALIFIER;
Allemagne;de_gtfsde;;de_gtfsde|385091;25.8;103;68;88.3;28.2;A_QUALIFIER;
Allemagne;de_gtfsde;;de_gtfsde|237992;44.8;179;33.5;61.5;45.3;A_QUALIFIER;
Allemagne;de_gtfsde;;de_gtfsde|487222;51.3;205;51.2;84.9;41.5;A_QUALIFIER;
Australie;au_translink_seq;Thorneside station;au_translink_seq|thornesidestation@-27.49,153.19;45.8;275;74.9;95.6;24.4;A_QUALIFIER;
Allemagne;de_gtfsde;;de_gtfsde|246350;27;108;74.1;89.8;21.3;A_QUALIFIER;
Allemagne;de_gtfsde;;de_gtfsde|430815;24.3;97;82.5;93.8;15.5;A_QUALIFIER;
Allemagne;de_gtfsde;;de_gtfsde|218706;29.3;117;87.2;96.6;12;A_QUALIFIER;
Pays-Bas;nl_ovapi;Castricum;nl_ovapi|castricum@52.55,4.66;80.2;481;52.4;95.2;45.3;A_QUALIFIER;
Allemagne;de_gtfsde;;de_gtfsde|524194;40.5;162;26.5;58;59.3;A_QUALIFIER;
Allemagne;de_gtfsde;;de_gtfsde|562206;70.3;281;35.2;60.9;42;A_QUALIFIER;
Allemagne;de_gtfsde;;de_gtfsde|209607;42.3;169;73.4;91.7;23.1;A_QUALIFIER;
Allemagne;de_gtfsde;;de_gtfsde|510642;47.8;191;40.3;63.4;36.1;A_QUALIFIER;
Pays-Bas;nl_ovapi;Apeldoorn;nl_ovapi|apeldoorn@52.21,5.97;59.5;357;68.1;93;30;A_QUALIFIER;
Allemagne;de_gtfsde;;de_gtfsde|536319;35;140;70.7;91.4;25.7;A_QUALIFIER;
Allemagne;de_gtfsde;;de_gtfsde|262130;41.8;167;76;91.6;20.4;A_QUALIFIER;
Allemagne;de_gtfsde;;de_gtfsde|64656;67.8;271;36.9;71.2;45.4;A_QUALIFIER;
Allemagne;de_gtfsde;;de_gtfsde|339731;27.5;110;86.4;95.5;12.7;A_QUALIFIER;
Allemagne;de_gtfsde;;de_gtfsde|102238;34.5;138;76.1;92;21;A_QUALIFIER;
Allemagne;de_gtfsde;;de_gtfsde|124940;56;224;29.5;56.3;43.7;A_QUALIFIER;
Allemagne;de_gtfsde;;de_gtfsde|380418;46.5;186;60.8;90.3;35.5;A_QUALIFIER;
Allemagne;de_gtfsde;;de_gtfsde|28403;32;128;80.5;91.4;15.6;A_QUALIFIER;
Allemagne;de_gtfsde;;de_gtfsde|482229;39.8;159;80.5;92.5;15.1;A_QUALIFIER;
Allemagne;de_gtfsde;;de_gtfsde|515937;29.3;117;76.9;89.7;19.7;A_QUALIFIER;
Allemagne;de_gtfsde;;de_gtfsde|635189;23.5;94;74.5;91.5;21.3;A_QUALIFIER;
Allemagne;de_gtfsde;;de_gtfsde|173447;26;104;76.9;91.3;18.3;A_QUALIFIER;
Allemagne;de_gtfsde;;de_gtfsde|178117;25.3;101;78.2;91.1;14.9;A_QUALIFIER;
Allemagne;de_gtfsde;;de_gtfsde|169336;34;136;65.4;87.5;30.1;A_QUALIFIER;
Allemagne;de_gtfsde;;de_gtfsde|159459;35;140;58.6;91.4;37.9;A_QUALIFIER;
France;fr_sncf;Marseille Saint-Charles;fr_sncf|UIC87751008;24.8;149;70.5;75.8;16.1;A_QUALIFIER;
Allemagne;de_gtfsde;;de_gtfsde|519080;33.5;134;39.6;72.4;47.8;A_QUALIFIER;
Allemagne;de_gtfsde;;de_gtfsde|386797;34.3;137;59.1;86.1;35;A_QUALIFIER;
Allemagne;de_gtfsde;;de_gtfsde|36447;41.8;167;73.7;91.6;22.8;A_QUALIFIER;
Australie;au_translink_seq;Wellington Point station;au_translink_seq|wellingtonpointstation@-27.49,153.24;46.8;281;62.6;97.5;37.4;A_QUALIFIER;
Allemagne;de_gtfsde;;de_gtfsde|69147;18;72;68.1;91.7;31.9;A_QUALIFIER;
Pays-Bas;nl_ovapi;Dieren;nl_ovapi|dieren@52.04,6.10;72;432;42.4;92.6;56;A_QUALIFIER;
Allemagne;de_gtfsde;;de_gtfsde|223865;72;288;75.7;93.4;24.3;A_QUALIFIER;
Pays-Bas;nl_ovapi;Woerden;nl_ovapi|woerden@52.09,4.89;71.3;428;77.6;96.3;20.8;A_QUALIFIER;
Allemagne;de_gtfsde;;de_gtfsde|8972;30.8;123;58.5;83.7;30.9;A_QUALIFIER;
Allemagne;de_gtfsde;;de_gtfsde|220979;31.3;125;41.6;82.4;50.4;A_QUALIFIER;
Allemagne;de_gtfsde;;de_gtfsde|138191;46;184;50.5;70.7;30.4;A_QUALIFIER;
Allemagne;de_gtfsde;;de_gtfsde|179210;56.8;227;43.2;83.7;54.2;A_QUALIFIER;
Allemagne;de_gtfsde;;de_gtfsde|320215;48.3;193;40.4;74.1;48.2;A_QUALIFIER;
Pays-Bas;nl_ovapi;Leeuwarden;nl_ovapi|leeuwarden@53.20,5.79;56.3;338;79.9;97.6;19.5;A_QUALIFIER;
Pays-Bas;nl_ovapi;Almere Oostvaarders;nl_ovapi|almereoostvaarders@52.40,5.30;5.3;21;61.9;90.5;38.1;A_QUALIFIER;
Allemagne;de_gtfsde;;de_gtfsde|526362;20.8;83;79.5;96.4;20.5;A_QUALIFIER;
Allemagne;de_gtfsde;;de_gtfsde|613420;31.5;126;56.3;86.5;34.1;A_QUALIFIER;
Pays-Bas;nl_ovapi;Hoorn;nl_ovapi|hoorn@52.64,5.05;50;300;70.3;97.7;28;A_QUALIFIER;
Allemagne;de_gtfsde;;de_gtfsde|337719;56.8;227;43.6;77.5;46.7;A_QUALIFIER;
Pays-Bas;nl_ovapi;Almelo;nl_ovapi|almelo@52.36,6.66;41.5;249;66.3;96.4;32.1;A_QUALIFIER;
Etats-Unis;us_mta_mnr;;us_mta_mnr|114;35.5;213;48.4;85;49.3;A_QUALIFIER;
Allemagne;de_gtfsde;;de_gtfsde|240434;25.8;103;80.6;96.1;18.4;A_QUALIFIER;
Etats-Unis;us_mta_mnr;;us_mta_mnr|115;34.3;206;48.1;85.4;49.5;A_QUALIFIER;
Etats-Unis;us_mta_mnr;;us_mta_mnr|108;29.3;176;44.3;84.7;54;A_QUALIFIER;
Allemagne;de_gtfsde;;de_gtfsde|468819;39.8;159;74.8;94.3;23.3;A_QUALIFIER;
Allemagne;de_gtfsde;;de_gtfsde|559150;40.8;163;36.8;56.4;33.7;A_QUALIFIER;
Allemagne;de_gtfsde;;de_gtfsde|492334;41;164;80.5;96.3;18.3;A_QUALIFIER;
Pays-Bas;nl_ovapi;Lage Zwaluwe;nl_ovapi|lagezwaluwe@51.69,4.66;59.8;359;80.8;96.1;17.8;A_QUALIFIER;
Etats-Unis;us_mta_mnr;;us_mta_mnr|112;32.5;195;45.1;86.2;53.3;A_QUALIFIER;
Allemagne;de_gtfsde;;de_gtfsde|419811;31;124;62.1;78.2;26.6;A_QUALIFIER;
Etats-Unis;us_mta_mnr;;us_mta_mnr|94;23.5;141;51.8;95.7;46.8;A_QUALIFIER;
Allemagne;de_gtfsde;;de_gtfsde|425522;57.3;229;40.2;78.6;49.3;A_QUALIFIER;
France;fr_sncf;Paris Gare du Nord;fr_sncf|UIC87271007;24.3;146;68.5;86.3;27.4;A_QUALIFIER;
Pays-Bas;nl_ovapi;Roermond;nl_ovapi|roermond@51.19,5.99;68.7;412;62.9;95.4;35.7;A_QUALIFIER;
Pays-Bas;nl_ovapi;Tilburg Universiteit;nl_ovapi|tilburguniversiteit@51.57,5.05;56.5;339;74.6;97.6;25.1;A_QUALIFIER;
Etats-Unis;us_mta_mnr;;us_mta_mnr|68;22.8;137;43.1;87.6;53.3;A_QUALIFIER;
Pays-Bas;nl_ovapi;Dordrecht Zuid;nl_ovapi|dordrechtzuid@51.79,4.67;50;300;69.7;95;29.3;A_QUALIFIER;
Etats-Unis;us_mta_mnr;;us_mta_mnr|18;32.3;194;46.4;92.3;52.6;A_QUALIFIER;
France;fr_sncf;Chambéry - Challes-les-Eaux;fr_sncf|UIC87741009;19.2;115;51.3;78.3;34.8;A_QUALIFIER;
Allemagne;de_gtfsde;;de_gtfsde|632461;41;164;75.6;89;18.9;A_QUALIFIER;
Allemagne;de_gtfsde;Karlsruhe Poststraße;de_gtfsde|karlsruhepoststrae@49.00,8.40;57.2;343;55.7;91.5;40.8;A_QUALIFIER;
Pays-Bas;nl_ovapi;Bergen op Zoom;nl_ovapi|bergenopzoom@51.49,4.30;57;342;60.5;96.2;38.3;A_QUALIFIER;
Etats-Unis;us_mta_mnr;;us_mta_mnr|105;28.7;172;48.3;87.2;50;A_QUALIFIER;
Pays-Bas;nl_ovapi;Venlo;nl_ovapi|venlo@51.37,6.17;57.7;346;57.2;92.8;41;A_QUALIFIER;
Pays-Bas;nl_ovapi;Utrecht Overvecht;nl_ovapi|utrechtovervecht@52.11,5.13;53;318;73.9;98.1;25.8;EXCLUE;ponctualite 98.1 %
Allemagne;de_gtfsde;;de_gtfsde|216576;35;140;75;87.1;20;A_QUALIFIER;
Allemagne;de_gtfsde;Tübingen Hauptbahnhof;de_gtfsde|tbingenhauptbahnhof@48.52,9.06;30.8;154;57.8;81.2;38.3;A_QUALIFIER;
Allemagne;de_gtfsde;;de_gtfsde|127741;56.3;225;80.4;95.6;17.3;A_QUALIFIER;
Etats-Unis;us_mta_mnr;;us_mta_mnr|62;27.5;165;46.1;88.5;50.9;A_QUALIFIER;
Etats-Unis;us_mta_mnr;;us_mta_mnr|149;30.8;185;55.7;85.4;41.1;A_QUALIFIER;
Allemagne;de_gtfsde;;de_gtfsde|24997;47.3;189;47.1;86.2;45.5;A_QUALIFIER;
Allemagne;de_gtfsde;;de_gtfsde|85706;48;192;43.8;81.8;50;A_QUALIFIER;
Australie;au_translink_seq;Cleveland station;au_translink_seq|clevelandstation@-27.52,153.27;36.7;220;73.6;99.1;26.4;EXCLUE;ponctualite 99.1 %
Pays-Bas;nl_ovapi;Amsterdam Lelylaan;nl_ovapi|amsterdamlelylaan@52.36,4.83;47.8;287;57.5;96.9;42.2;A_QUALIFIER;
Allemagne;de_gtfsde;;de_gtfsde|400431;45.3;181;55.2;85.1;37;A_QUALIFIER;
Allemagne;de_gtfsde;;de_gtfsde|579839;26.5;106;77.4;93.4;18.9;A_QUALIFIER;
Allemagne;de_gtfsde;;de_gtfsde|422951;42.3;169;82.8;90.5;13;A_QUALIFIER;
France;fr_sncf;Lille Flandres;fr_sncf|UIC87286005;15.6;78;80.8;87.2;16.7;A_QUALIFIER;
Allemagne;de_gtfsde;;de_gtfsde|99760;43.5;174;51.7;81.6;39.1;A_QUALIFIER;
Allemagne;de_gtfsde;;de_gtfsde|33456;34.8;139;38.1;71.9;49.6;A_QUALIFIER;
Etats-Unis;us_mta_mnr;;us_mta_mnr|110;29.8;179;45.8;86.6;52.5;A_QUALIFIER;
Allemagne;de_gtfsde;;de_gtfsde|216871;30.3;121;81.8;93.4;14;A_QUALIFIER;
Allemagne;de_gtfsde;;de_gtfsde|138020;45.5;182;37.4;81.3;55.5;A_QUALIFIER;
Etats-Unis;us_mta_mnr;;us_mta_mnr|111;29.3;176;46.6;86.9;51.7;A_QUALIFIER;
Etats-Unis;us_mta_mnr;;us_mta_mnr|143;37.5;225;55.1;83.1;40;A_QUALIFIER;
Allemagne;de_gtfsde;;de_gtfsde|562979;23.8;95;54.7;90.5;43.2;A_QUALIFIER;
Etats-Unis;us_mta_mnr;;us_mta_mnr|72;23.2;139;39.6;84.2;56.1;A_QUALIFIER;
Etats-Unis;us_mta_mnr;;us_mta_mnr|71;23.7;142;38;84.5;57.7;A_QUALIFIER;
Allemagne;de_gtfsde;;de_gtfsde|91154;29;116;85.3;98.3;12.9;EXCLUE;ponctualite 98.3 %
Allemagne;de_gtfsde;;de_gtfsde|528037;29.3;117;73.5;97.4;24.8;A_QUALIFIER;
Allemagne;de_gtfsde;;de_gtfsde|237560;32.3;129;45;69;39.5;A_QUALIFIER;
Etats-Unis;us_mta_mnr;;us_mta_mnr|121;29.3;176;44.9;84.7;52.3;A_QUALIFIER;
Etats-Unis;us_mta_mnr;;us_mta_mnr|120;29.8;179;45.3;84.4;52;A_QUALIFIER;
Etats-Unis;us_mta_mnr;;us_mta_mnr|118;30.3;182;45.1;84.1;52.2;A_QUALIFIER;
Allemagne;de_gtfsde;;de_gtfsde|374827;54.8;219;50.2;79;39.7;A_QUALIFIER;
Pays-Bas;nl_ovapi;Uitgeest;nl_ovapi|uitgeest@52.52,4.70;51.3;308;64.3;95.8;34.4;A_QUALIFIER;
Pays-Bas;nl_ovapi;Weert;nl_ovapi|weert@51.25,5.70;60.8;365;63;94;35.1;A_QUALIFIER;
Etats-Unis;us_mta_mnr;;us_mta_mnr|65;24.2;145;46.9;88.3;49.7;A_QUALIFIER;
Etats-Unis;us_mta_mnr;;us_mta_mnr|188;42.2;253;50.6;83.4;43.9;A_QUALIFIER;
Etats-Unis;us_mta_mnr;;us_mta_mnr|138;43.7;262;49.6;83.2;45;A_QUALIFIER;
Etats-Unis;us_mta_mnr;;us_mta_mnr|66;23.8;143;46.9;88.1;49.7;A_QUALIFIER;
Etats-Unis;us_mta_mnr;;us_mta_mnr|64;24.7;148;47.3;88.5;49.3;A_QUALIFIER;
Allemagne;de_gtfsde;;de_gtfsde|427410;39;156;75.6;89.7;18.6;A_QUALIFIER;
Etats-Unis;us_mta_mnr;;us_mta_mnr|106;26.3;158;46.2;86.7;51.9;A_QUALIFIER;
France;fr_sncf;Lyon Perrache;fr_sncf|UIC87722025;18.3;110;75.5;87.3;14.5;A_QUALIFIER;
Allemagne;de_gtfsde;;de_gtfsde|243213;50.8;203;30;69.5;55.2;A_QUALIFIER;
Allemagne;de_gtfsde;;de_gtfsde|321344;33.3;133;54.9;81.2;39.1;A_QUALIFIER;
Pays-Bas;nl_ovapi;Sittard;nl_ovapi|sittard@51.00,5.86;59.8;359;67.1;95;30.1;A_QUALIFIER;
Pays-Bas;nl_ovapi;Kruiningen-Yerseke;nl_ovapi|kruiningenyerseke@51.47,4.04;50.3;302;64.2;96.4;35.1;A_QUALIFIER;
Allemagne;de_gtfsde;S+U Berlin Hauptbahnhof;de_gtfsde|suberlinhauptbahnhof@52.53,13.37;34.3;206;45.1;69.9;34.5;A_QUALIFIER;
Etats-Unis;us_mta_mnr;;us_mta_mnr|145;38.3;230;57;84.8;39.1;A_QUALIFIER;
Pays-Bas;nl_ovapi;Amersfoort Schothorst;nl_ovapi|amersfoortschothorst@52.17,5.40;49.2;295;72.5;97.3;26.4;A_QUALIFIER;
Australie;au_translink_seq;Domestic Airport station;au_translink_seq|domesticairportstation@-27.38,153.12;32.8;197;47.7;93.4;51.8;A_QUALIFIER;
Allemagne;de_gtfsde;;de_gtfsde|393998;44.3;177;41.2;79.1;51.4;A_QUALIFIER;
Allemagne;de_gtfsde;;de_gtfsde|220392;32;128;53.9;80.5;36.7;A_QUALIFIER;
Allemagne;de_gtfsde;;de_gtfsde|625189;42.8;171;45.6;83;47.4;A_QUALIFIER;
Allemagne;de_gtfsde;;de_gtfsde|481642;41.5;166;51.2;84.3;44;A_QUALIFIER;
Etats-Unis;us_mta_mnr;;us_mta_mnr|190;34.8;209;57.4;85.2;38.8;A_QUALIFIER;
Pays-Bas;nl_ovapi;Heiloo;nl_ovapi|heiloo@52.60,4.70;63.2;379;57.5;95.3;39.6;A_QUALIFIER;
Pays-Bas;nl_ovapi;Wijchen;nl_ovapi|wijchen@51.81,5.73;49.2;295;21;94.2;78;A_QUALIFIER;
Allemagne;de_gtfsde;;de_gtfsde|45674;32.8;131;40.5;66.4;36.6;A_QUALIFIER;
Etats-Unis;us_mta_mnr;;us_mta_mnr|22;28;168;49.4;92.9;50;A_QUALIFIER;
Etats-Unis;us_mta_mnr;;us_mta_mnr|23;28;168;50;92.3;49.4;A_QUALIFIER;
Etats-Unis;us_mta_mnr;;us_mta_mnr|25;28.5;171;50.3;92.4;49.1;A_QUALIFIER;
Australie;au_translink_seq;Caboolture station;au_translink_seq|caboolturestation@-27.08,152.95;42.8;257;61.1;94.9;38.1;A_QUALIFIER;
Allemagne;de_gtfsde;;de_gtfsde|356625;46.8;187;42.8;70.1;37.4;A_QUALIFIER;
Pays-Bas;nl_ovapi;Blerick;nl_ovapi|blerick@51.37,6.16;55.3;332;50.9;93.4;47;A_QUALIFIER;
Pays-Bas;nl_ovapi;Amsterdam RAI;nl_ovapi|amsterdamrai@52.34,4.89;59.8;359;70.2;96.1;28.1;A_QUALIFIER;
Pays-Bas;nl_ovapi;Almere Buiten;nl_ovapi|almerebuiten@52.39,5.28;8.8;35;54.3;97.1;45.7;A_QUALIFIER;
Australie;au_translink_seq;Kippa-Ring station;au_translink_seq|kipparingstation@-27.23,153.08;29.5;177;74;95.5;24.9;A_QUALIFIER;
Allemagne;de_gtfsde;;de_gtfsde|31169;15.3;61;57.4;82;29.5;A_QUALIFIER;
Etats-Unis;us_mta_mnr;;us_mta_mnr|134;42.7;256;46.5;80.5;45.7;A_QUALIFIER;
Etats-Unis;us_mta_mnr;;us_mta_mnr|11;30.5;183;41.5;92.3;57.9;A_QUALIFIER;
Allemagne;de_gtfsde;;de_gtfsde|160951;41.5;166;32.5;74.1;62.7;A_QUALIFIER;
Pays-Bas;nl_ovapi;Diemen Zuid;nl_ovapi|diemenzuid@52.33,4.96;61.5;369;74;96.5;24.9;A_QUALIFIER;
Allemagne;de_gtfsde;;de_gtfsde|314341;42.3;169;75.1;94.7;23.1;A_QUALIFIER;
Allemagne;de_gtfsde;;de_gtfsde|361960;26;104;41.3;80.8;50;A_QUALIFIER;
Allemagne;de_gtfsde;;de_gtfsde|309903;43.8;175;20;71.4;73.1;A_QUALIFIER;
Pays-Bas;nl_ovapi;Arnhem Zuid;nl_ovapi|arnhemzuid@51.96,5.85;44.2;265;63.4;93.6;35.8;A_QUALIFIER;
Allemagne;de_gtfsde;;de_gtfsde|376430;46;184;42.4;78.3;47.3;A_QUALIFIER;
Allemagne;de_gtfsde;;de_gtfsde|316827;48.8;195;67.2;95.9;32.3;A_QUALIFIER;
Pays-Bas;nl_ovapi;Nijmegen Lent;nl_ovapi|nijmegenlent@51.86,5.86;44.5;267;53.6;93.6;45.7;A_QUALIFIER;
Allemagne;de_gtfsde;;de_gtfsde|649116;28;112;64.3;83.9;25.9;A_QUALIFIER;
Allemagne;de_gtfsde;;de_gtfsde|176510;41.5;166;41;72.3;47.6;A_QUALIFIER;
Allemagne;de_gtfsde;;de_gtfsde|532065;34.8;139;46.8;84.9;51.8;A_QUALIFIER;
Etats-Unis;us_mta_mnr;;us_mta_mnr|128;42.2;253;45.8;79.8;45.8;A_QUALIFIER;
Australie;au_translink_seq;Lota station;au_translink_seq|lotastation@-27.47,153.19;43.8;263;73.4;97;26.2;A_QUALIFIER;
Allemagne;de_gtfsde;;de_gtfsde|609315;42;168;75;96.4;23.2;A_QUALIFIER;
Allemagne;de_gtfsde;;de_gtfsde|626879;44;176;27.3;75.6;65.3;A_QUALIFIER;
Allemagne;de_gtfsde;;de_gtfsde|569172;21.3;85;78.8;96.5;18.8;A_QUALIFIER;
Allemagne;de_gtfsde;;de_gtfsde|663923;21.5;86;84.9;96.5;15.1;A_QUALIFIER;
Pays-Bas;nl_ovapi;Utrecht Vaartsche Rijn;nl_ovapi|utrechtvaartscherijn@52.08,5.12;57.8;347;70.9;97.7;28.2;A_QUALIFIER;
Pays-Bas;nl_ovapi;Hengelo;nl_ovapi|hengelo@52.26,6.79;41.8;251;68.5;92;25.9;A_QUALIFIER;
Allemagne;de_gtfsde;;de_gtfsde|643066;34.8;139;47.5;76.3;40.3;A_QUALIFIER;
Allemagne;de_gtfsde;;de_gtfsde|339906;33.5;134;54.5;85.8;40.3;A_QUALIFIER;
Allemagne;de_gtfsde;;de_gtfsde|445196;25;100;13;49;59;A_QUALIFIER;
Allemagne;de_gtfsde;Karlsruhe Kurt-Schumacher-Str.;de_gtfsde|karlsruhekurtschumacherstr@49.03,8.38;47.2;236;59.3;98.7;40.3;EXCLUE;ponctualite 98.7 %
Pays-Bas;nl_ovapi;Heerhugowaard;nl_ovapi|heerhugowaard@52.67,4.82;55.8;335;63.3;96.1;35.5;A_QUALIFIER;
Allemagne;de_gtfsde;;de_gtfsde|567261;36.5;146;50.7;80.8;40.4;A_QUALIFIER;
Pays-Bas;nl_ovapi;Alkmaar Noord;nl_ovapi|alkmaarnoord@52.64,4.76;51.7;310;69.7;95.8;29;A_QUALIFIER;
Allemagne;de_gtfsde;;de_gtfsde|619977;28.5;114;44.7;75.4;42.1;A_QUALIFIER;
Allemagne;de_gtfsde;;de_gtfsde|275066;33.5;134;68.7;88.8;26.1;A_QUALIFIER;
Allemagne;de_gtfsde;;de_gtfsde|89984;47.5;190;55.8;87.4;37.4;A_QUALIFIER;
Allemagne;de_gtfsde;;de_gtfsde|458093;33.3;133;54.1;87.2;39.1;A_QUALIFIER;
Allemagne;de_gtfsde;;de_gtfsde|545494;40.5;162;43.2;61.1;30.2;A_QUALIFIER;
Allemagne;de_gtfsde;;de_gtfsde|492385;46;184;69;94.6;29.9;A_QUALIFIER;
Allemagne;de_gtfsde;;de_gtfsde|440958;24.5;98;34.7;69.4;42.9;A_QUALIFIER;
Allemagne;de_gtfsde;;de_gtfsde|640251;39;156;53.2;84;38.5;A_QUALIFIER;
Pays-Bas;nl_ovapi;Ravenstein;nl_ovapi|ravenstein@51.79,5.64;45.8;275;38.9;96.4;59.6;A_QUALIFIER;
Etats-Unis;us_mta_mnr;;us_mta_mnr|59;25.3;152;42.1;84.9;53.9;A_QUALIFIER;
Allemagne;de_gtfsde;;de_gtfsde|596525;14.8;59;81.4;93.2;16.9;A_QUALIFIER;
Allemagne;de_gtfsde;;de_gtfsde|353761;35;140;41.4;63.6;28.6;A_QUALIFIER;
Allemagne;de_gtfsde;;de_gtfsde|431746;43.5;174;73;94.8;26.4;A_QUALIFIER;
Allemagne;de_gtfsde;;de_gtfsde|504061;42.8;171;68.4;94.7;29.8;A_QUALIFIER;
Etats-Unis;us_mta_mnr;;us_mta_mnr|58;26;156;42.3;85.3;53.8;A_QUALIFIER;
Etats-Unis;us_mta_mnr;;us_mta_mnr|622;29.7;178;42.1;88.8;56.7;A_QUALIFIER;
Allemagne;de_gtfsde;;de_gtfsde|184973;33.5;134;47;77.6;42.5;A_QUALIFIER;
Allemagne;de_gtfsde;;de_gtfsde|652909;44.5;178;64;94.4;35.4;A_QUALIFIER;
Allemagne;de_gtfsde;Ramsbach Birkhof;de_gtfsde|ramsbachbirkhof@48.49,8.15;7.8;39;76.9;87.2;10.3;A_QUALIFIER;
Pays-Bas;nl_ovapi;Driebergen-Zeist;nl_ovapi|driebergenzeist@52.07,5.26;51.3;308;66.6;96.4;31.5;A_QUALIFIER;
Etats-Unis;us_mta_lirr;;us_mta_lirr|214;52.6;263;65.4;92;33.1;A_QUALIFIER;
Etats-Unis;us_mta_mnr;;us_mta_mnr|14;27.8;167;39.5;92.2;59.9;A_QUALIFIER;
Etats-Unis;us_mta_mnr;;us_mta_mnr|16;28;168;41.1;92.3;58.3;A_QUALIFIER;
Pays-Bas;nl_ovapi;Middelburg;nl_ovapi|middelburg@51.50,3.62;45.2;271;70.5;97.8;29.2;A_QUALIFIER;
Etats-Unis;us_mta_mnr;;us_mta_mnr|84;25.7;154;49.4;89;47.4;A_QUALIFIER;
Allemagne;de_gtfsde;;de_gtfsde|328064;30.5;122;36.9;64.8;36.1;A_QUALIFIER;
Allemagne;de_gtfsde;;de_gtfsde|476025;32.3;129;52.7;80.6;38.8;A_QUALIFIER;
Allemagne;de_gtfsde;;de_gtfsde|420797;43.5;174;37.4;66.7;43.7;A_QUALIFIER;
Allemagne;de_gtfsde;;de_gtfsde|479553;9.3;37;83.8;91.9;13.5;A_QUALIFIER;
Allemagne;de_gtfsde;;de_gtfsde|544572;17;68;85.3;94.1;13.2;A_QUALIFIER;
Australie;au_translink_seq;Cannon Hill station;au_translink_seq|cannonhillstation@-27.47,153.09;46.2;277;66.1;93.5;32.5;A_QUALIFIER;
Allemagne;de_gtfsde;;de_gtfsde|468956;28.3;113;50.4;77.9;38.1;A_QUALIFIER;
France;fr_sncf;Nantes;fr_sncf|UIC87481002;15.5;93;67.7;79.6;18.3;A_QUALIFIER;
Etats-Unis;us_mta_mnr;;us_mta_mnr|83;27;162;51.2;89.5;45.7;A_QUALIFIER;
Australie;au_translink_seq;Birkdale station;au_translink_seq|birkdalestation@-27.49,153.22;43;258;71.3;95.7;28.7;A_QUALIFIER;
Allemagne;de_gtfsde;;de_gtfsde|103159;24.8;99;51.5;83.8;41.4;A_QUALIFIER;
Australie;au_translink_seq;Ormiston station;au_translink_seq|ormistonstation@-27.51,153.26;42.8;257;60.7;98.4;39.3;EXCLUE;ponctualite 98.4 %
Australie;au_translink_seq;Morningside station;au_translink_seq|morningsidestation@-27.47,153.07;45.5;273;58.6;93.8;40.3;A_QUALIFIER;
Pays-Bas;nl_ovapi;Geldermalsen;nl_ovapi|geldermalsen@51.88,5.27;48.7;292;76.7;92.8;22.3;A_QUALIFIER;
Allemagne;de_gtfsde;Ettlingen Erbprinz / Schloss;de_gtfsde|ettlingenerbprinzschloss@48.94,8.40;45.6;228;58.3;96.5;39.5;A_QUALIFIER;
Australie;au_translink_seq;Coorparoo station;au_translink_seq|coorparoostation@-27.49,153.06;43.7;262;53.8;93.1;45;A_QUALIFIER;
Australie;au_translink_seq;Norman Park station;au_translink_seq|normanparkstation@-27.48,153.06;46;276;62.3;94.9;36.6;A_QUALIFIER;
Allemagne;de_gtfsde;;de_gtfsde|625989;46.5;186;24.7;68.3;61.3;A_QUALIFIER;
Australie;au_translink_seq;Manly station;au_translink_seq|manlystation@-27.46,153.18;41.8;251;68.1;96.4;31.5;A_QUALIFIER;
Australie;au_translink_seq;Hemmant station;au_translink_seq|hemmantstation@-27.45,153.13;45.7;274;48.9;94.2;50.4;A_QUALIFIER;
Pays-Bas;nl_ovapi;Vlissingen;nl_ovapi|vlissingen@51.44,3.60;41.7;250;84.4;98.4;15.2;EXCLUE;ponctualite 98.4 %
Etats-Unis;us_mta_mnr;;us_mta_mnr|61;23.7;142;45.1;87.3;51.4;A_QUALIFIER;
Australie;au_translink_seq;Wynnum station;au_translink_seq|wynnumstation@-27.44,153.17;46.8;281;52;94.7;47.7;A_QUALIFIER;
Australie;au_translink_seq;Buranda station;au_translink_seq|burandastation@-27.50,153.04;45;270;47.8;93.7;51.1;A_QUALIFIER;
Australie;au_translink_seq;Lindum station;au_translink_seq|lindumstation@-27.44,153.15;45.3;272;64.3;94.9;34.9;A_QUALIFIER;
Australie;au_translink_seq;Wynnum Central station;au_translink_seq|wynnumcentralstation@-27.45,153.17;45;270;46.7;94.1;53;A_QUALIFIER;
Australie;au_translink_seq;Wynnum North station;au_translink_seq|wynnumnorthstation@-27.44,153.16;45.8;275;65.5;94.9;33.8;A_QUALIFIER;
Allemagne;de_gtfsde;;de_gtfsde|429241;14.8;59;79.7;94.9;20.3;A_QUALIFIER;
Allemagne;de_gtfsde;;de_gtfsde|289338;25.8;103;75.7;86.4;17.5;A_QUALIFIER;
Pays-Bas;nl_ovapi;Naarden-Bussum;nl_ovapi|naardenbussum@52.28,5.16;53.7;322;57.8;95.7;39.8;A_QUALIFIER;
Australie;au_translink_seq;Murarrie station;au_translink_seq|murarriestation@-27.46,153.10;45.5;273;66.3;94.9;33;A_QUALIFIER;
Allemagne;de_gtfsde;;de_gtfsde|243713;11;44;65.9;93.2;34.1;A_QUALIFIER;
Allemagne;de_gtfsde;;de_gtfsde|485206;51;204;100;100;0;EXCLUE;100 % des mouvements sous 60 s , aucun retard superieur a 5 min , dispersion 0.0 pt
Pays-Bas;nl_ovapi;Almere Parkwijk;nl_ovapi|almereparkwijk@52.38,5.24;4.8;19;63.2;100;36.8;QUARANTAINE;aucun retard superieur a 5 min
Pays-Bas;nl_ovapi;Goes;nl_ovapi|goes@51.50,3.89;51.7;310;64.2;96.8;34.8;A_QUALIFIER;
Allemagne;de_gtfsde;;de_gtfsde|471808;17.8;71;78.9;94.4;21.1;A_QUALIFIER;
Australie;au_translink_seq;Carseldine station;au_translink_seq|carseldinestation@-27.35,153.03;35.2;211;45;92.9;53.6;A_QUALIFIER;
Australie;au_translink_seq;Bald Hills station;au_translink_seq|baldhillsstation@-27.32,153.01;34.5;207;44;91.3;53.6;A_QUALIFIER;
Etats-Unis;us_mta_mnr;;us_mta_mnr|30;23.7;142;52.8;94.4;47.2;A_QUALIFIER;
Australie;au_translink_seq;Strathpine station;au_translink_seq|strathpinestation@-27.31,152.99;34;204;38.7;92.6;58.8;A_QUALIFIER;
Allemagne;de_gtfsde;;de_gtfsde|338772;18.3;73;78.1;95.9;20.5;A_QUALIFIER;
Pays-Bas;nl_ovapi;Rotterdam Alexander;nl_ovapi|rotterdamalexander@51.95,4.55;43;258;53.9;94.6;44.2;A_QUALIFIER;
Etats-Unis;us_mta_mnr;;us_mta_mnr|57;23.8;143;40.6;86.7;55.9;A_QUALIFIER;
Australie;au_translink_seq;Lawnton station;au_translink_seq|lawntonstation@-27.28,152.98;33.7;202;32.2;94.6;65.8;A_QUALIFIER;
Etats-Unis;us_mta_mnr;;us_mta_mnr|88;25.3;152;52.6;90.8;44.7;A_QUALIFIER;
Allemagne;de_gtfsde;;de_gtfsde|352670;34.8;139;52.5;79.1;38.1;A_QUALIFIER;
Australie;au_translink_seq;Zillmere station;au_translink_seq|zillmerestation@-27.36,153.04;33.8;203;38.4;92.1;59.6;A_QUALIFIER;
Pays-Bas;nl_ovapi;Meppel;nl_ovapi|meppel@52.69,6.20;52.7;316;56;89.2;38.3;A_QUALIFIER;
Australie;au_translink_seq;Geebung station;au_translink_seq|geebungstation@-27.37,153.05;34.3;206;41.7;92.7;56.3;A_QUALIFIER;
Australie;au_translink_seq;Bray Park station;au_translink_seq|brayparkstation@-27.30,152.99;35.2;211;44.1;94.3;54;A_QUALIFIER;
Pays-Bas;nl_ovapi;Nijmegen Dukenburg;nl_ovapi|nijmegendukenburg@51.82,5.79;40.5;243;53.1;95.1;46.1;A_QUALIFIER;
Pays-Bas;nl_ovapi;Nijmegen Goffert;nl_ovapi|nijmegengoffert@51.83,5.82;38.8;233;32.6;94.8;66.5;A_QUALIFIER;
Allemagne;de_gtfsde;;de_gtfsde|511179;34.3;137;60.6;81.8;33.6;A_QUALIFIER;
Australie;au_translink_seq;Ferny Grove station;au_translink_seq|fernygrovestation@-27.40,152.94;21.7;130;60.8;96.2;39.2;A_QUALIFIER;
Allemagne;de_gtfsde;;de_gtfsde|461955;35.8;143;22.4;49.7;37.1;A_QUALIFIER;
Allemagne;de_gtfsde;;de_gtfsde|224113;38.5;154;39.6;71.4;46.8;A_QUALIFIER;
Allemagne;de_gtfsde;Büchig;de_gtfsde|bchig@49.05,8.46;38;228;60.1;86.4;30.7;A_QUALIFIER;
Allemagne;de_gtfsde;;de_gtfsde|638286;49.3;197;94.4;100;5.6;EXCLUE;aucun retard superieur a 5 min
Australie;au_translink_seq;Sunshine station;au_translink_seq|sunshinestation@-27.38,153.06;34.2;205;36.6;92.7;61.5;A_QUALIFIER;
Etats-Unis;us_mta_mnr;;us_mta_mnr|91;23.2;139;52.5;92.1;45.3;A_QUALIFIER;
Australie;au_translink_seq;Virginia station;au_translink_seq|virginiastation@-27.38,153.06;32.7;196;46.4;92.9;51.5;A_QUALIFIER;
Etats-Unis;us_mta_mnr;;us_mta_mnr|55;23.5;141;40.4;86.5;56;A_QUALIFIER;
Etats-Unis;us_mta_mnr;;us_mta_mnr|54;23.5;141;41.1;86.5;55.3;A_QUALIFIER;
Allemagne;de_gtfsde;;de_gtfsde|666879;35.8;143;39.9;71.3;48.3;A_QUALIFIER;
Pays-Bas;nl_ovapi;Bussum Zuid;nl_ovapi|bussumzuid@52.27,5.16;49.3;296;73.3;95.6;24;A_QUALIFIER;
Pays-Bas;nl_ovapi;Hilversum Media Park;nl_ovapi|hilversummediapark@52.24,5.17;48.5;291;69.1;96.9;29.2;A_QUALIFIER;
Allemagne;de_gtfsde;;de_gtfsde|324900;42.8;171;99.4;100;0.6;EXCLUE;99 % des mouvements sous 60 s , aucun retard superieur a 5 min , dispersion 0.6 pt
Allemagne;de_gtfsde;;de_gtfsde|409909;63;252;96.4;100;3.6;EXCLUE;aucun retard superieur a 5 min
Pays-Bas;nl_ovapi;Groningen Europapark;nl_ovapi|groningeneuropapark@53.20,6.59;42.7;256;75;97.7;25;A_QUALIFIER;
Allemagne;de_gtfsde;;de_gtfsde|130313;31.8;127;48.8;78.7;42.5;A_QUALIFIER;
Allemagne;de_gtfsde;;de_gtfsde|228165;50.5;202;98.5;100;1.5;EXCLUE;99 % des mouvements sous 60 s , aucun retard superieur a 5 min , dispersion 1.5 pt
Pays-Bas;nl_ovapi;Maastricht;nl_ovapi|maastricht@50.85,5.71;36.2;217;81.1;97.2;17.1;A_QUALIFIER;
Australie;au_translink_seq;Springfield Central station;au_translink_seq|springfieldcentralstation@-27.67,152.90;19.5;117;79.5;98.3;18.8;EXCLUE;ponctualite 98.3 %
Pays-Bas;nl_ovapi;Etten-Leur;nl_ovapi|ettenleur@51.58,4.64;38.5;231;72.7;97.8;26;A_QUALIFIER;
Allemagne;de_gtfsde;;de_gtfsde|454321;30.5;122;42.6;80.3;50;A_QUALIFIER;
Allemagne;de_gtfsde;Dormagen Bf;de_gtfsde|dormagenbf@51.10,6.82;38.5;231;47.2;78.4;42.9;A_QUALIFIER;
Pays-Bas;nl_ovapi;Vlissingen Souburg;nl_ovapi|vlissingensouburg@51.46,3.60;37.8;227;76.7;97.8;23.3;A_QUALIFIER;
Allemagne;de_gtfsde;;de_gtfsde|574464;33.5;134;55.2;88.1;37.3;A_QUALIFIER;
Allemagne;de_gtfsde;;de_gtfsde|59420;53.5;214;98.6;100;1.4;EXCLUE;99 % des mouvements sous 60 s , aucun retard superieur a 5 min , dispersion 1.4 pt
Pays-Bas;nl_ovapi;Almere Muziekwijk;nl_ovapi|almeremuziekwijk@52.37,5.19;48;288;64.2;96.2;34.7;A_QUALIFIER;
Etats-Unis;us_mta_mnr;;us_mta_mnr|29;22.8;137;54.7;94.9;45.3;A_QUALIFIER;
Allemagne;de_gtfsde;;de_gtfsde|22181;33.5;134;41;73.9;44.8;A_QUALIFIER;
Pays-Bas;nl_ovapi;Enschede;nl_ovapi|enschede@52.22,6.89;32.7;196;86.7;95.4;10.7;A_QUALIFIER;
Pays-Bas;nl_ovapi;Arnemuiden;nl_ovapi|arnemuiden@51.50,3.67;43.5;261;73.9;96.9;25.3;A_QUALIFIER;
Pays-Bas;nl_ovapi;Kapelle-Biezelinge;nl_ovapi|kapellebiezelinge@51.48,3.96;43.7;262;60.3;95.8;39.3;A_QUALIFIER;
Allemagne;de_gtfsde;;de_gtfsde|9434;37;148;39.9;79.1;54.1;A_QUALIFIER;
Allemagne;de_gtfsde;;de_gtfsde|365614;31.5;126;57.9;92.1;41.3;A_QUALIFIER;
Australie;au_translink_seq;Rothwell station;au_translink_seq|rothwellstation@-27.22,153.05;32.8;197;79.2;97;20.3;A_QUALIFIER;
Pays-Bas;nl_ovapi;Almere Poort;nl_ovapi|almerepoort@52.34,5.15;46.8;281;69.4;95.4;29.5;A_QUALIFIER;
Pays-Bas;nl_ovapi;Krabbendijke;nl_ovapi|krabbendijke@51.43,4.12;42.7;256;74.2;96.1;25;A_QUALIFIER;
Pays-Bas;nl_ovapi;Rilland-Bath;nl_ovapi|rillandbath@51.42,4.16;46.2;277;49.5;96.8;49.5;A_QUALIFIER;
Allemagne;de_gtfsde;;de_gtfsde|549350;35.3;141;38.3;79.4;52.5;A_QUALIFIER;
Allemagne;de_gtfsde;;de_gtfsde|151703;36.5;146;22.6;60.3;61;A_QUALIFIER;
France;fr_sncf;Nice-Ville;fr_sncf|UIC87756056;11.7;70;65.7;85.7;24.3;A_QUALIFIER;
Pays-Bas;nl_ovapi;Deurne;nl_ovapi|deurne@51.46,5.79;52.7;316;55.1;95.3;43.4;A_QUALIFIER;
Australie;au_translink_seq;Kallangur station;au_translink_seq|kallangurstation@-27.26,153.00;27;162;69.8;95.1;29;A_QUALIFIER;
Australie;au_translink_seq;Mango Hill East station;au_translink_seq|mangohilleaststation@-27.23,153.04;31.5;189;65.6;95.8;32.8;A_QUALIFIER;
Pays-Bas;nl_ovapi;Helmond;nl_ovapi|helmond@51.48,5.66;56.5;339;54.3;94.7;43.7;A_QUALIFIER;
Allemagne;de_gtfsde;;de_gtfsde|528705;42.8;171;90.1;100;9.9;EXCLUE;aucun retard superieur a 5 min
Pays-Bas;nl_ovapi;Nijmegen Heyendaal;nl_ovapi|nijmegenheyendaal@51.83,5.87;18.8;94;66;96.8;33;A_QUALIFIER;
Australie;au_translink_seq;Mango Hill station;au_translink_seq|mangohillstation@-27.25,153.03;34.3;206;73.8;95.6;24.8;A_QUALIFIER;
France;fr_sncf;Rennes;fr_sncf|UIC87471003;13.3;80;65;80;22.5;A_QUALIFIER;
Etats-Unis;us_mta_mnr;;us_mta_mnr|86;23.8;143;49.7;89.5;47.6;A_QUALIFIER;
Allemagne;de_gtfsde;;de_gtfsde|574972;22.5;90;76.7;96.7;21.1;A_QUALIFIER;
Australie;au_translink_seq;Murrumba Downs station;au_translink_seq|murrumbadownsstation@-27.25,153.01;31;186;65.6;95.2;32.8;A_QUALIFIER;
Australie;au_translink_seq;Ormeau station;au_translink_seq|ormeaustation@-27.80,153.28;38.5;154;55.2;93.5;42.2;A_QUALIFIER;
Etats-Unis;us_mta_mnr;;us_mta_mnr|81;23;138;50.7;89.1;45.7;A_QUALIFIER;
Allemagne;de_gtfsde;;de_gtfsde|38426;32.5;130;52.3;83.1;38.5;A_QUALIFIER;
France;fr_sncf;Grenoble;fr_sncf|UIC87747006;12;72;73.6;83.3;11.1;A_QUALIFIER;
Etats-Unis;us_mta_mnr;;us_mta_mnr|90;22.7;136;51.5;90.4;46.3;A_QUALIFIER;
Etats-Unis;us_mta_mnr;;us_mta_mnr|89;22.7;136;51.5;90.4;46.3;A_QUALIFIER;
Pays-Bas;nl_ovapi;Gouda Goverwelle;nl_ovapi|goudagoverwelle@52.01,4.74;44.8;269;78.1;94.4;20.1;A_QUALIFIER;
Australie;au_translink_seq;Hope Island station;au_translink_seq|hopeislandstation@-27.88,153.33;37.3;149;16.8;94.6;81.2;A_QUALIFIER;
Australie;au_translink_seq;Helensvale station;au_translink_seq|helensvalestation@-27.93,153.34;38;152;39.5;94.7;58.6;A_QUALIFIER;
Etats-Unis;us_mta_mnr;;us_mta_mnr|24;21.7;130;56.2;93.8;43.8;A_QUALIFIER;
Allemagne;de_gtfsde;;de_gtfsde|2225;26.5;106;50;79.2;41.5;A_QUALIFIER;
Australie;au_translink_seq;Nerang station;au_translink_seq|nerangstation@-27.99,153.35;36.5;146;35.6;91.1;62.3;A_QUALIFIER;
Australie;au_translink_seq;Robina station;au_translink_seq|robinastation@-28.07,153.38;35.5;142;37.3;92.3;60.6;A_QUALIFIER;
Australie;au_translink_seq;Burpengary station;au_translink_seq|burpengarystation@-27.16,152.96;38.2;229;39.7;94.3;59.4;A_QUALIFIER;
Australie;au_translink_seq;Narangba station;au_translink_seq|narangbastation@-27.20,152.96;39;234;31.2;92.3;67.9;A_QUALIFIER;
Australie;au_translink_seq;Dakabin station;au_translink_seq|dakabinstation@-27.23,152.98;39.2;235;32.8;92.8;66.4;A_QUALIFIER;
Pays-Bas;nl_ovapi;Olst;nl_ovapi|olst@52.34,6.11;51.2;307;46.9;94.8;52.1;A_QUALIFIER;
Pays-Bas;nl_ovapi;Wijhe;nl_ovapi|wijhe@52.39,6.14;50;300;18.7;93;80.3;A_QUALIFIER;
Australie;au_translink_seq;Dinmore station;au_translink_seq|dinmorestation@-27.60,152.83;34.2;205;76.6;97.1;22.9;A_QUALIFIER;
Australie;au_translink_seq;Morayfield station;au_translink_seq|morayfieldstation@-27.11,152.95;38;228;26.3;92.5;72.8;A_QUALIFIER;
Allemagne;de_gtfsde;;de_gtfsde|520644;28.5;114;60.5;88.6;36.8;A_QUALIFIER;
Pays-Bas;nl_ovapi;Heerlen;nl_ovapi|heerlen@50.89,5.97;24.3;146;68.5;93.2;30.8;A_QUALIFIER;
Australie;au_translink_seq;Riverview station;au_translink_seq|riverviewstation@-27.60,152.85;33.8;203;61.1;94.1;37.9;A_QUALIFIER;
Australie;au_translink_seq;Ebbw Vale station;au_translink_seq|ebbwvalestation@-27.60,152.82;32.2;193;76.2;97.4;23.3;A_QUALIFIER;
Pays-Bas;nl_ovapi;Veenendaal-De Klomp;nl_ovapi|veenendaaldeklomp@52.05,5.57;36;216;69.4;95.8;29.6;A_QUALIFIER;
Etats-Unis;us_mta_mnr;;us_mta_mnr|80;21.5;129;49.6;88.4;46.5;A_QUALIFIER;
Allemagne;de_gtfsde;;de_gtfsde|85137;39.3;157;32.5;78.3;62.4;A_QUALIFIER;
Allemagne;de_gtfsde;;de_gtfsde|293394;38.5;154;49.4;89;44.2;A_QUALIFIER;
Australie;au_translink_seq;Varsity Lakes station;au_translink_seq|varsitylakesstation@-28.10,153.40;26.8;134;67.9;96.3;29.1;A_QUALIFIER;
Australie;au_translink_seq;Redbank station;au_translink_seq|redbankstation@-27.60,152.87;32.2;193;67.4;94.3;31.6;A_QUALIFIER;
Australie;au_translink_seq;Booval station;au_translink_seq|boovalstation@-27.61,152.79;34.8;209;72.7;94.3;26.3;A_QUALIFIER;
Australie;au_translink_seq;East Ipswich station;au_translink_seq|eastipswichstation@-27.61,152.77;32.3;194;35.6;96.4;63.9;A_QUALIFIER;
Australie;au_translink_seq;Bundamba station;au_translink_seq|bundambastation@-27.61,152.80;33.3;200;77.5;97;22;A_QUALIFIER;
Australie;au_translink_seq;Pimpama station;au_translink_seq|pimpamastation@-27.82,153.30;35.8;143;62.9;94.4;34.3;A_QUALIFIER;
Australie;au_translink_seq;Coomera station;au_translink_seq|coomerastation@-27.85,153.32;37;148;54.1;95.3;43.2;A_QUALIFIER;
Allemagne;de_gtfsde;;de_gtfsde|583924;24;96;61.5;89.6;33.3;A_QUALIFIER;
Allemagne;de_gtfsde;;de_gtfsde|493252;26.8;107;47.7;86;46.7;A_QUALIFIER;
Allemagne;de_gtfsde;;de_gtfsde|409488;28.3;113;42.5;69.9;36.3;A_QUALIFIER;
France;fr_sncf;Cannes;fr_sncf|UIC87757625;14.2;85;49.4;81.2;35.3;A_QUALIFIER;
Allemagne;de_gtfsde;;de_gtfsde|250086;35.8;143;81.8;97.2;16.8;A_QUALIFIER;
Australie;au_translink_seq;Wacol station;au_translink_seq|wacolstation@-27.59,152.92;33.2;199;56.3;95.5;42.7;A_QUALIFIER;
Australie;au_translink_seq;Newmarket station;au_translink_seq|newmarketstation@-27.43,153.01;27;162;72.2;96.3;27.8;A_QUALIFIER;
Australie;au_translink_seq;Goodna station;au_translink_seq|goodnastation@-27.61,152.90;35;210;63.8;94.3;35.2;A_QUALIFIER;
Australie;au_translink_seq;Alderley station;au_translink_seq|alderleystation@-27.42,153.00;25.8;155;65.2;95.5;34.8;A_QUALIFIER;
Australie;au_translink_seq;Wilston station;au_translink_seq|wilstonstation@-27.44,153.02;26.3;158;69.6;96.2;30.4;A_QUALIFIER;
Etats-Unis;us_mbta;Back Bay;us_mbta|backbay@42.35,-71.08;38.5;231;100;100;0;EXCLUE;100 % des mouvements sous 60 s , aucun retard superieur a 5 min , dispersion 0.0 pt
Australie;au_translink_seq;Gailes station;au_translink_seq|gailesstation@-27.60,152.92;32.3;194;73.2;93.8;25.8;A_QUALIFIER;
Australie;au_translink_seq;Windsor station;au_translink_seq|windsorstation@-27.43,153.03;25.2;151;70.2;96;29.8;A_QUALIFIER;
Allemagne;de_gtfsde;;de_gtfsde|502918;24.5;98;34.7;74.5;60.2;A_QUALIFIER;
Australie;au_translink_seq;International Airport station;au_translink_seq|internationalairportstation@-27.40,153.11;31.7;190;38.4;90.5;61.6;A_QUALIFIER;
Pays-Bas;nl_ovapi;Hoorn Kersenboogerd;nl_ovapi|hoornkersenboogerd@52.65,5.08;37.2;223;73.1;96.4;25.6;A_QUALIFIER;
Pays-Bas;nl_ovapi;'s-Hertogenbosch Oost;nl_ovapi|shertogenboschoost@51.70,5.32;45.3;272;49.3;95.6;48.5;A_QUALIFIER;
Pays-Bas;nl_ovapi;Rosmalen;nl_ovapi|rosmalen@51.72,5.37;45;270;61.1;94.8;36.7;A_QUALIFIER;
Pays-Bas;nl_ovapi;Oss West;nl_ovapi|osswest@51.76,5.51;49.3;296;39.2;94.6;59.1;A_QUALIFIER;
Etats-Unis;us_mta_mnr;;us_mta_mnr|85;22.3;134;49.3;89.6;48.5;A_QUALIFIER;
Australie;au_translink_seq;Enoggera station;au_translink_seq|enoggerastation@-27.42,152.99;26.5;159;69.2;96.9;30.8;A_QUALIFIER;
Allemagne;de_gtfsde;;de_gtfsde|67279;20.8;83;95.2;100;4.8;QUARANTAINE;aucun retard superieur a 5 min
Allemagne;de_gtfsde;Osnabrück Hbf;de_gtfsde|osnabrckhbf@52.27,8.06;37.6;188;38.3;64.4;42;A_QUALIFIER;
Pays-Bas;nl_ovapi;Boxmeer;nl_ovapi|boxmeer@51.64,5.94;29.8;179;66.5;95.5;31.3;A_QUALIFIER;
Allemagne;de_gtfsde;;de_gtfsde|601351;42;168;22.6;72.6;68.5;A_QUALIFIER;
Etats-Unis;us_mta_mnr;;us_mta_mnr|20;19.3;116;51.7;92.2;48.3;A_QUALIFIER;
Allemagne;de_gtfsde;;de_gtfsde|663465;26.3;105;52.4;90.5;41.9;A_QUALIFIER;
Australie;au_translink_seq;Keperra station;au_translink_seq|keperrastation@-27.41,152.96;27.7;166;65.7;96.4;34.3;A_QUALIFIER;
Allemagne;de_gtfsde;;de_gtfsde|599229;26.3;105;98.1;100;1.9;EXCLUE;98 % des mouvements sous 60 s , aucun retard superieur a 5 min , dispersion 1.9 pt
Allemagne;de_gtfsde;;de_gtfsde|143346;18;72;100;100;0;QUARANTAINE;100 % des mouvements sous 60 s , aucun retard superieur a 5 min , dispersion 0.0 pt
Allemagne;de_gtfsde;;de_gtfsde|386530;43.3;173;28.3;53.8;45.1;A_QUALIFIER;
Allemagne;de_gtfsde;;de_gtfsde|441285;29.3;117;42.7;80.3;49.6;A_QUALIFIER;
Allemagne;de_gtfsde;;de_gtfsde|118288;36;144;55.6;86.8;35.4;A_QUALIFIER;
Allemagne;de_gtfsde;;de_gtfsde|219764;36.5;146;41.8;78.8;54.8;A_QUALIFIER;
Australie;au_translink_seq;Gaythorne station;au_translink_seq|gaythornestation@-27.42,152.98;25.5;153;48.4;96.7;51.6;A_QUALIFIER;
France;fr_sncf;Antibes;fr_sncf|UIC87757674;12.3;74;56.8;79.7;27;A_QUALIFIER;
Australie;au_translink_seq;Grovely station;au_translink_seq|grovelystation@-27.40,152.96;25.3;152;63.8;95.4;36.2;A_QUALIFIER;
Allemagne;de_gtfsde;;de_gtfsde|63682;23.8;95;97.9;100;2.1;QUARANTAINE;aucun retard superieur a 5 min
Allemagne;de_gtfsde;;de_gtfsde|618702;15;60;98.3;100;1.7;QUARANTAINE;98 % des mouvements sous 60 s , aucun retard superieur a 5 min , dispersion 1.7 pt
Allemagne;de_gtfsde;;de_gtfsde|238431;28.5;114;96.5;100;3.5;EXCLUE;aucun retard superieur a 5 min
Allemagne;de_gtfsde;;de_gtfsde|485199;20;80;97.5;100;2.5;QUARANTAINE;aucun retard superieur a 5 min
Allemagne;de_gtfsde;;de_gtfsde|515396;21.5;86;96.5;100;3.5;QUARANTAINE;aucun retard superieur a 5 min
Allemagne;de_gtfsde;;de_gtfsde|458298;13;52;98.1;100;1.9;QUARANTAINE;98 % des mouvements sous 60 s , aucun retard superieur a 5 min , dispersion 1.9 pt
Allemagne;de_gtfsde;;de_gtfsde|624898;22;88;98.9;100;1.1;QUARANTAINE;99 % des mouvements sous 60 s , aucun retard superieur a 5 min , dispersion 1.1 pt
Allemagne;de_gtfsde;;de_gtfsde|186322;37.8;151;50.3;85.4;45;A_QUALIFIER;
Pays-Bas;nl_ovapi;Assen;nl_ovapi|assen@52.99,6.57;42.5;255;55.7;90.6;39.6;A_QUALIFIER;
Allemagne;de_gtfsde;;de_gtfsde|232357;35.8;143;33.6;79.7;62.2;A_QUALIFIER;
Australie;au_translink_seq;Mitchelton station;au_translink_seq|mitcheltonstation@-27.41,152.98;24;144;66;96.5;34;A_QUALIFIER;
Australie;au_translink_seq;Banoon station;au_translink_seq|banoonstation@-27.58,153.05;25.3;152;52.6;90.8;45.4;A_QUALIFIER;
Pays-Bas;nl_ovapi;Sassenheim;nl_ovapi|sassenheim@52.22,4.53;35.5;213;79.3;97.2;19.7;A_QUALIFIER;
Pays-Bas;nl_ovapi;Nieuw Vennep;nl_ovapi|nieuwvennep@52.26,4.65;42.7;256;76.6;96.9;21.9;A_QUALIFIER;
Etats-Unis;us_mta_mnr;;us_mta_mnr|46;25.8;155;35.5;80.6;61.3;A_QUALIFIER;
Australie;au_translink_seq;Oxford Park station;au_translink_seq|oxfordparkstation@-27.40,152.97;26;156;64.7;96.2;35.3;A_QUALIFIER;
Allemagne;de_gtfsde;;de_gtfsde|185300;35.5;142;58.5;81;27.5;A_QUALIFIER;
Allemagne;de_gtfsde;;de_gtfsde|230198;40;160;37.5;65.6;44.4;A_QUALIFIER;
Allemagne;de_gtfsde;;de_gtfsde|252874;19.5;78;42.3;69.2;47.4;A_QUALIFIER;
Allemagne;de_gtfsde;;de_gtfsde|580139;14.5;58;65.5;89.7;29.3;A_QUALIFIER;
Allemagne;de_gtfsde;BASF, Bahnhof Mitte;de_gtfsde|basfbahnhofmitte@49.51,8.43;14.3;57;87.7;94.7;8.8;A_QUALIFIER;
Allemagne;de_gtfsde;Luzec p.Smrkem;de_gtfsde|luzecpsmrkem@50.89,15.16;36.3;145;22.8;82.8;75.9;A_QUALIFIER;
Allemagne;de_gtfsde;;de_gtfsde|573218;32;128;55.5;86.7;38.3;A_QUALIFIER;
Allemagne;de_gtfsde;;de_gtfsde|207847;39.5;158;70.3;93.7;25.9;A_QUALIFIER;
Allemagne;de_gtfsde;Saarbrücken Hbf;de_gtfsde|saarbrckenhbf@49.24,6.99;24.8;124;60.5;83.9;33.9;A_QUALIFIER;
Allemagne;de_gtfsde;;de_gtfsde|459211;35.8;143;35.7;61.5;41.3;A_QUALIFIER;
Pays-Bas;nl_ovapi;Tilburg Reeshof;nl_ovapi|tilburgreeshof@51.57,4.99;40.7;244;75;95.9;23.8;A_QUALIFIER;
Pays-Bas;nl_ovapi;Gilze-Rijen;nl_ovapi|gilzerijen@51.58,4.92;38.7;232;64.2;95.3;34.5;A_QUALIFIER;
Etats-Unis;us_mta_mnr;;us_mta_mnr|19;20.7;124;46.8;92.7;53.2;A_QUALIFIER;
Etats-Unis;us_mta_mnr;;us_mta_mnr|17;22.7;136;44.1;92.6;55.9;A_QUALIFIER;
Allemagne;de_gtfsde;;de_gtfsde|225628;42;168;24.4;42.9;32.1;A_QUALIFIER;
Allemagne;de_gtfsde;;de_gtfsde|402597;24.8;99;67.7;90.9;27.3;A_QUALIFIER;
Allemagne;de_gtfsde;;de_gtfsde|151766;27;108;67.6;96.3;32.4;A_QUALIFIER;
Pays-Bas;nl_ovapi;Breda-Prinsenbeek;nl_ovapi|bredaprinsenbeek@51.61,4.72;36.7;220;75.9;95.9;23.2;A_QUALIFIER;
Pays-Bas;nl_ovapi;Hilversum Sportpark;nl_ovapi|hilversumsportpark@52.22,5.19;40.5;243;64.6;97.9;35;A_QUALIFIER;
Allemagne;de_gtfsde;Levinska Olesnice;de_gtfsde|levinskaolesnice@50.52,15.53;31;124;33.9;87.9;65.3;A_QUALIFIER;
France;fr_sncf;Juvisy;fr_sncf|UIC87545244;23.2;139;54.7;77;35.3;A_QUALIFIER;
Etats-Unis;us_mta_mnr;;us_mta_mnr|78;19;114;48.2;87.7;48.2;A_QUALIFIER;
Pays-Bas;nl_ovapi;Mook-Molenhoek;nl_ovapi|mookmolenhoek@51.77,5.88;26.2;131;38.2;91.6;58.8;A_QUALIFIER;
Australie;au_translink_seq;Kuraby station;au_translink_seq|kurabystation@-27.61,153.09;26.8;161;62.7;90.1;35.4;A_QUALIFIER;
Allemagne;de_gtfsde;;de_gtfsde|133365;28.8;115;22.6;88.7;76.5;A_QUALIFIER;
Allemagne;de_gtfsde;;de_gtfsde|20899;28.5;114;62.3;84.2;27.2;A_QUALIFIER;
Pays-Bas;nl_ovapi;Cuijk;nl_ovapi|cuijk@51.73,5.87;29.8;149;53;92.6;44.3;A_QUALIFIER;
Australie;au_translink_seq;Sunnybank station;au_translink_seq|sunnybankstation@-27.58,153.05;25.5;153;59.5;91.5;38.6;A_QUALIFIER;
Allemagne;de_gtfsde;;de_gtfsde|483779;22.5;90;57.8;85.6;37.8;A_QUALIFIER;
Allemagne;de_gtfsde;;de_gtfsde|181677;25;100;47;75;40;A_QUALIFIER;
Australie;au_translink_seq;Fruitgrove station;au_translink_seq|fruitgrovestation@-27.60,153.08;21.8;131;60.3;93.1;36.6;A_QUALIFIER;
Pays-Bas;nl_ovapi;Den Haag Mariahoeve;nl_ovapi|denhaagmariahoeve@52.09,4.37;35.7;214;86.9;96.7;11.7;A_QUALIFIER;
Allemagne;de_gtfsde;;de_gtfsde|239197;16.3;65;56.9;80;27.7;A_QUALIFIER;
Allemagne;de_gtfsde;;de_gtfsde|10828;31.8;127;33.9;63;46.5;A_QUALIFIER;
Australie;au_translink_seq;Edens Landing station;au_translink_seq|edenslandingstation@-27.70,153.17;21.3;128;31.3;91.4;68;A_QUALIFIER;
Australie;au_translink_seq;Holmview station;au_translink_seq|holmviewstation@-27.71,153.19;25.3;152;48;94.7;52;A_QUALIFIER;
France;fr_sncf;Le Mans;fr_sncf|UIC87396002;8.5;51;54.9;76.5;29.4;A_QUALIFIER;
Australie;au_translink_seq;Trinder Park station;au_translink_seq|trinderparkstation@-27.63,153.10;25.7;154;67.5;92.2;31.2;A_QUALIFIER;
Allemagne;de_gtfsde;;de_gtfsde|256494;17;68;45.6;75;44.1;A_QUALIFIER;
Allemagne;de_gtfsde;;de_gtfsde|456135;36.5;146;21.9;83.6;76.7;A_QUALIFIER;
Allemagne;de_gtfsde;;de_gtfsde|298423;31;124;16.9;82.3;80.6;A_QUALIFIER;
Allemagne;de_gtfsde;;de_gtfsde|287873;18.3;73;54.8;86.3;41.1;A_QUALIFIER;
Australie;au_translink_seq;Woodridge station;au_translink_seq|woodridgestation@-27.64,153.10;24.7;148;66.2;91.9;32.4;A_QUALIFIER;
Allemagne;de_gtfsde;;de_gtfsde|315373;29.8;119;48.7;81.5;42;A_QUALIFIER;
Allemagne;de_gtfsde;;de_gtfsde|83619;38.5;154;35.7;74.7;56.5;A_QUALIFIER;
Allemagne;de_gtfsde;;de_gtfsde|600870;32.8;131;29.8;85.5;68.7;A_QUALIFIER;
Allemagne;de_gtfsde;Herford, Bahnhof/ZOB;de_gtfsde|herfordbahnhofzob@52.12,8.66;31.5;126;50;68.3;34.1;A_QUALIFIER;
Allemagne;de_gtfsde;;de_gtfsde|89195;21.8;87;54;75.9;33.3;A_QUALIFIER;
Australie;au_translink_seq;Runcorn station;au_translink_seq|runcornstation@-27.59,153.07;24;144;66.7;90.3;31.3;A_QUALIFIER;
Allemagne;de_gtfsde;;de_gtfsde|340768;26.5;106;97.2;100;2.8;EXCLUE;aucun retard superieur a 5 min
Allemagne;de_gtfsde;;de_gtfsde|353620;27.5;110;95.5;100;4.5;EXCLUE;aucun retard superieur a 5 min
Etats-Unis;us_mta_mnr;;us_mta_mnr|127;29.2;175;48;80.6;42.3;A_QUALIFIER;
Australie;au_translink_seq;Richlands station;au_translink_seq|richlandsstation@-27.60,152.95;26.3;158;79.1;95.6;19.6;A_QUALIFIER;
Allemagne;de_gtfsde;;de_gtfsde|426868;25.3;101;98;100;2;EXCLUE;98 % des mouvements sous 60 s , aucun retard superieur a 5 min , dispersion 2.0 pt
Allemagne;de_gtfsde;;de_gtfsde|638451;21.5;86;46.5;75.6;39.5;A_QUALIFIER;
Allemagne;de_gtfsde;;de_gtfsde|261151;30.5;122;18.9;47.5;41;A_QUALIFIER;
Allemagne;de_gtfsde;;de_gtfsde|141397;30.5;122;40.2;80.3;52.5;A_QUALIFIER;
Etats-Unis;us_mta_mnr;;us_mta_mnr|10;23.2;139;43.2;93.5;56.8;A_QUALIFIER;
Etats-Unis;us_mta_mnr;;us_mta_mnr|9;23.3;140;42.9;93.6;57.1;A_QUALIFIER;
France;fr_sncf;Monaco-Monte-Carlo;fr_sncf|UIC87756403;11.2;56;60.7;83.9;30.4;A_QUALIFIER;
Australie;au_translink_seq;Springfield station;au_translink_seq|springfieldstation@-27.66,152.92;24.7;148;81.1;98;17.6;A_QUALIFIER;
Australie;au_translink_seq;Coopers Plains station;au_translink_seq|coopersplainsstation@-27.57,153.04;26.3;158;65.2;91.8;32.9;A_QUALIFIER;
Australie;au_translink_seq;Yeronga station;au_translink_seq|yerongastation@-27.52,153.02;27.5;165;34.5;89.1;60;A_QUALIFIER;
Australie;au_translink_seq;Dutton Park station;au_translink_seq|duttonparkstation@-27.50,153.03;26.5;159;25.2;86.2;69.2;A_QUALIFIER;
Allemagne;de_gtfsde;;de_gtfsde|446384;26.8;107;81.3;96.3;17.8;A_QUALIFIER;
Pays-Bas;nl_ovapi;Antwerpen-Centraal;nl_ovapi|antwerpencentraal@51.22,4.42;13.2;79;63.3;82.3;25.3;A_QUALIFIER;
Australie;au_translink_seq;Fairfield station;au_translink_seq|fairfieldstation@-27.51,153.03;27.2;163;28.8;87.7;66.3;A_QUALIFIER;
France;fr_sncf;Nancy;fr_sncf|UIC87141002;9.7;58;79.3;84.5;12.1;A_QUALIFIER;
Allemagne;de_gtfsde;;de_gtfsde|496321;38.3;153;37.3;74.5;54.9;A_QUALIFIER;
Australie;au_translink_seq;Bethania station;au_translink_seq|bethaniastation@-27.69,153.16;26.3;158;63.9;93;35.4;A_QUALIFIER;
Etats-Unis;us_mta_mnr;;us_mta_mnr|39;27.2;163;34.4;79.1;62;A_QUALIFIER;
Pays-Bas;nl_ovapi;Houten Castellum;nl_ovapi|houtencastellum@52.02,5.18;45.3;272;74.3;96.3;24.6;A_QUALIFIER;
Pays-Bas;nl_ovapi;Houten;nl_ovapi|houten@52.03,5.17;45.5;273;80.6;97.1;18.7;A_QUALIFIER;
Pays-Bas;nl_ovapi;Utrecht Lunetten;nl_ovapi|utrechtlunetten@52.07,5.14;44.7;268;78.4;97.4;20.9;A_QUALIFIER;
France;fr_sncf;Nice Riquier;fr_sncf|UIC87756353;8.4;42;52.4;83.3;38.1;A_QUALIFIER;
France;fr_sncf;Villefranche-sur-Mer;fr_sncf|UIC87756361;8.4;42;54.8;83.3;35.7;A_QUALIFIER;
France;fr_sncf;Beaulieu-sur-Mer;fr_sncf|UIC87756379;9.2;46;56.5;84.8;34.8;A_QUALIFIER;
Allemagne;de_gtfsde;;de_gtfsde|609404;31.3;125;48.8;70.4;36;A_QUALIFIER;
Allemagne;de_gtfsde;;de_gtfsde|34045;15.5;62;61.3;82.3;30.6;A_QUALIFIER;
France;fr_sncf;Paris Est;fr_sncf|UIC87113001;10.7;64;67.2;84.4;17.2;A_QUALIFIER;
Pays-Bas;nl_ovapi;Culemborg;nl_ovapi|culemborg@51.95,5.23;45.2;271;50.9;93;47.6;A_QUALIFIER;
France;fr_sncf;Èze;fr_sncf|UIC87756387;9.6;48;58.3;83.3;31.3;A_QUALIFIER;
France;fr_sncf;Cap-d'Ail;fr_sncf|UIC87756395;10;50;56;82;34;A_QUALIFIER;
Allemagne;de_gtfsde;;de_gtfsde|433874;31.5;126;74.6;96;23;A_QUALIFIER;
Allemagne;de_gtfsde;;de_gtfsde|96346;36.5;146;34.9;68.5;42.5;A_QUALIFIER;
Australie;au_translink_seq;Kingston station;au_translink_seq|kingstonstation@-27.66,153.12;27.3;164;72;92.7;26.8;A_QUALIFIER;
Etats-Unis;us_mta_mnr;;us_mta_mnr|137;27;162;47.5;80.9;43.2;A_QUALIFIER;
Allemagne;de_gtfsde;;de_gtfsde|501500;31.8;127;44.9;87.4;50.4;A_QUALIFIER;
Allemagne;de_gtfsde;;de_gtfsde|521176;24.5;98;55.1;90.8;41.8;A_QUALIFIER;
Australie;au_translink_seq;Salisbury station;au_translink_seq|salisburystation@-27.55,153.02;25.5;153;67.3;94.8;30.7;A_QUALIFIER;
Australie;au_translink_seq;Yeerongpilly station;au_translink_seq|yeerongpillystation@-27.53,153.01;28.2;169;31.4;90.5;65.1;A_QUALIFIER;
Etats-Unis;us_mta_mnr;;us_mta_mnr|136;27.5;165;48.5;81.8;42.4;A_QUALIFIER;
Australie;au_translink_seq;Banyo station;au_translink_seq|banyostation@-27.37,153.08;26.5;106;74.5;95.3;24.5;A_QUALIFIER;
Allemagne;de_gtfsde;Mirow;de_gtfsde|mirow@53.27,12.82;20.3;81;55.6;81.5;34.6;A_QUALIFIER;
Etats-Unis;us_mta_mnr;;us_mta_mnr|42;22.7;136;35.3;78.7;60.3;A_QUALIFIER;
Etats-Unis;us_mta_mnr;;us_mta_mnr|43;22.8;137;36.5;78.8;59.1;A_QUALIFIER;
Australie;au_translink_seq;Rocklea station;au_translink_seq|rockleastation@-27.54,153.01;26.2;157;68.2;93;29.9;A_QUALIFIER;
Australie;au_translink_seq;Bindha station;au_translink_seq|bindhastation@-27.38,153.07;26.3;105;70.5;94.3;28.6;A_QUALIFIER;
Australie;au_translink_seq;Nudgee station;au_translink_seq|nudgeestation@-27.37,153.08;29;116;76.7;94.8;22.4;A_QUALIFIER;
Australie;au_translink_seq;Boondall station;au_translink_seq|boondallstation@-27.35,153.07;29.3;117;72.6;94;25.6;A_QUALIFIER;
Allemagne;de_gtfsde;;de_gtfsde|614321;28.5;114;14;84.2;84.2;A_QUALIFIER;
Allemagne;de_gtfsde;;de_gtfsde|73835;17.3;69;55.1;84.1;40.6;A_QUALIFIER;
Allemagne;de_gtfsde;;de_gtfsde|236752;32.3;129;31;74.4;57.4;A_QUALIFIER;
Allemagne;de_gtfsde;;de_gtfsde|400053;27.8;111;66.7;91.9;30.6;A_QUALIFIER;
Pays-Bas;nl_ovapi;Amsterdam Science Park;nl_ovapi|amsterdamsciencepark@52.35,4.95;30.7;184;67.4;96.2;30.4;A_QUALIFIER;
Allemagne;de_gtfsde;;de_gtfsde|635309;9.5;38;68.4;86.8;26.3;A_QUALIFIER;
Allemagne;de_gtfsde;;de_gtfsde|47670;19.3;77;94.8;98.7;3.9;QUARANTAINE;ponctualite 98.7 %
Allemagne;de_gtfsde;;de_gtfsde|452920;28.5;114;25.4;69.3;65.8;A_QUALIFIER;
Allemagne;de_gtfsde;;de_gtfsde|591366;27;108;52.8;84.3;34.3;A_QUALIFIER;
Allemagne;de_gtfsde;;de_gtfsde|192011;29;116;84.5;99.1;14.7;EXCLUE;ponctualite 99.1 %
France;fr_sncf;Nîmes Centre;fr_sncf|UIC87775007;13.3;80;43.8;62.5;25;A_QUALIFIER;
Pays-Bas;nl_ovapi;Diemen;nl_ovapi|diemen@52.35,4.97;33.7;202;74.8;97.5;23.3;A_QUALIFIER;
Australie;au_translink_seq;North Boondall station;au_translink_seq|northboondallstation@-27.34,153.06;28.8;115;73.9;94.8;24.3;A_QUALIFIER;
Allemagne;de_gtfsde;;de_gtfsde|371091;33.8;135;37;76.3;55.6;A_QUALIFIER;
Allemagne;de_gtfsde;;de_gtfsde|157673;26.5;106;57.5;84.9;39.6;A_QUALIFIER;
Allemagne;de_gtfsde;;de_gtfsde|109338;28.5;114;25.4;57;56.1;A_QUALIFIER;
France;fr_sncf;Aix-les-Bains le Revard;fr_sncf|UIC87741132;9;54;53.7;72.2;29.6;A_QUALIFIER;
Etats-Unis;us_mta_mnr;;us_mta_mnr|37;26;156;35.3;79.5;60.3;A_QUALIFIER;
Australie;au_translink_seq;Deagon station;au_translink_seq|deagonstation@-27.33,153.06;26.8;107;78.5;92.5;19.6;A_QUALIFIER;
Allemagne;de_gtfsde;;de_gtfsde|500038;20.5;82;51.2;87.8;40.2;A_QUALIFIER;
Allemagne;de_gtfsde;;de_gtfsde|265432;21.8;87;39.1;74.7;50.6;A_QUALIFIER;
Allemagne;de_gtfsde;;de_gtfsde|654172;29.5;118;69.5;90.7;28;A_QUALIFIER;
Pays-Bas;nl_ovapi;Breukelen;nl_ovapi|breukelen@52.17,4.99;39.3;236;58.9;97;39.8;A_QUALIFIER;
Etats-Unis;us_mta_mnr;;us_mta_mnr|129;27.5;165;47.3;81.2;43;A_QUALIFIER;
Pays-Bas;nl_ovapi;Horst-Sevenum;nl_ovapi|horstsevenum@51.43,6.04;42;252;52.4;94;46;A_QUALIFIER;
Pays-Bas;nl_ovapi;De Vink;nl_ovapi|devink@52.15,4.46;33;198;83.8;96.5;14.6;A_QUALIFIER;
Etats-Unis;us_mta_mnr;;us_mta_mnr|155;9;54;25.9;75.9;63;A_QUALIFIER;
Etats-Unis;us_mta_mnr;;us_mta_mnr|157;6.7;40;27.5;80;62.5;A_QUALIFIER;
Australie;au_translink_seq;Sandgate station;au_translink_seq|sandgatestation@-27.32,153.07;24.8;99;76.8;93.9;21.2;A_QUALIFIER;
Allemagne;de_gtfsde;;de_gtfsde|604455;13;52;71.2;90.4;23.1;A_QUALIFIER;
Allemagne;de_gtfsde;;de_gtfsde|508916;23.5;94;31.9;70.2;55.3;A_QUALIFIER;
Pays-Bas;nl_ovapi;Schagen;nl_ovapi|schagen@52.79,4.81;41.3;248;48;96.8;50.8;A_QUALIFIER;
Etats-Unis;us_mta_mnr;;us_mta_mnr|51;18.2;109;35.8;81.7;60.6;A_QUALIFIER;
Allemagne;de_gtfsde;;de_gtfsde|583676;31.3;125;24.8;58.4;51.2;A_QUALIFIER;
Allemagne;de_gtfsde;Potsdam, Golm Bhf;de_gtfsde|potsdamgolmbhf@52.41,12.97;17.5;70;85.7;97.1;12.9;A_QUALIFIER;
Allemagne;de_gtfsde;;de_gtfsde|559328;24.5;98;58.2;76.5;34.7;A_QUALIFIER;
Allemagne;de_gtfsde;Hagsfeld Bahnhof;de_gtfsde|hagsfeldbahnhof@49.03,8.45;29.8;179;59.8;84.9;30.7;A_QUALIFIER;
Allemagne;de_gtfsde;;de_gtfsde|211157;23.3;93;34.4;68.8;53.8;A_QUALIFIER;
Pays-Bas;nl_ovapi;Voorschoten;nl_ovapi|voorschoten@52.13,4.43;35.5;213;89.2;98.6;9.4;EXCLUE;ponctualite 98.6 %
Etats-Unis;us_mta_lirr;;us_mta_lirr|349;37.8;189;32.3;97.4;67.7;A_QUALIFIER;
Etats-Unis;us_mta_mnr;;us_mta_mnr|49;23.8;143;35;79;61.5;A_QUALIFIER;
Allemagne;de_gtfsde;;de_gtfsde|159307;26;104;52.9;81.7;39.4;A_QUALIFIER;
Allemagne;de_gtfsde;;de_gtfsde|452460;27.8;111;49.5;82.9;40.5;A_QUALIFIER;
Pays-Bas;nl_ovapi;Den Helder Zuid;nl_ovapi|denhelderzuid@52.93,4.76;37;222;72.5;96.4;24.3;A_QUALIFIER;
Allemagne;de_gtfsde;;de_gtfsde|223335;24.3;97;49.5;80.4;42.3;A_QUALIFIER;
Allemagne;de_gtfsde;;de_gtfsde|665253;19.3;77;42.9;62.3;42.9;A_QUALIFIER;
Allemagne;de_gtfsde;;de_gtfsde|255750;31.5;126;34.9;64.3;39.7;A_QUALIFIER;
France;fr_sncf;Sélestat;fr_sncf|UIC87214056;8.3;33;78.8;93.9;15.2;A_QUALIFIER;
Pays-Bas;nl_ovapi;Anna Paulowna;nl_ovapi|annapaulowna@52.87,4.81;39;234;67.5;97.4;30.8;A_QUALIFIER;
Pays-Bas;nl_ovapi;Best;nl_ovapi|best@51.51,5.39;35.3;212;78.8;98.6;20.8;EXCLUE;ponctualite 98.6 %
Pays-Bas;nl_ovapi;Eindhoven Strijp-S;nl_ovapi|eindhovenstrijps@51.45,5.46;31.2;187;79.7;98.9;19.8;EXCLUE;ponctualite 98.9 %
Allemagne;de_gtfsde;;de_gtfsde|649885;29.8;119;60.5;89.9;37;A_QUALIFIER;
Allemagne;de_gtfsde;;de_gtfsde|576465;24;96;78.1;93.8;16.7;A_QUALIFIER;
Allemagne;de_gtfsde;;de_gtfsde|198666;19;76;53.9;85.5;38.2;A_QUALIFIER;
Allemagne;de_gtfsde;Düren;de_gtfsde|dren@50.81,6.48;22.5;135;46.7;76.3;43.7;A_QUALIFIER;
France;fr_sncf;Valence TGV Rhône-Alpes Sud;fr_sncf|UIC87763029;14.2;85;32.9;49.4;22.4;A_QUALIFIER;
Allemagne;de_gtfsde;;de_gtfsde|306343;16.5;66;71.2;93.9;27.3;A_QUALIFIER;
Allemagne;de_gtfsde;;de_gtfsde|552291;27.3;109;56;89;41.3;A_QUALIFIER;
Allemagne;de_gtfsde;;de_gtfsde|469417;25.8;103;44.7;80.6;43.7;A_QUALIFIER;
Allemagne;de_gtfsde;;de_gtfsde|640485;21;84;46.4;79.8;42.9;A_QUALIFIER;
Pays-Bas;nl_ovapi;Boxtel;nl_ovapi|boxtel@51.59,5.32;31.5;189;79.4;97.4;19;A_QUALIFIER;
Allemagne;de_gtfsde;;de_gtfsde|417928;26;104;54.8;79.8;37.5;A_QUALIFIER;
France;fr_sncf;Avignon Centre;fr_sncf|UIC87765008;10.5;63;74.6;87.3;19;A_QUALIFIER;
Pays-Bas;nl_ovapi;Den Helder;nl_ovapi|denhelder@52.96,4.76;28.2;169;88.2;98.2;10.7;EXCLUE;ponctualite 98.2 %
Pays-Bas;nl_ovapi;Wierden;nl_ovapi|wierden@52.36,6.59;20.2;121;81.8;96.7;16.5;A_QUALIFIER;
France;fr_sncf;Metz;fr_sncf|UIC87192039;5;25;80;92;12;A_QUALIFIER;
Allemagne;de_gtfsde;;de_gtfsde|589564;20;80;68.8;93.8;26.2;A_QUALIFIER;
Allemagne;de_gtfsde;;de_gtfsde|180939;32;128;46.9;77.3;44.5;A_QUALIFIER;
Allemagne;de_gtfsde;;de_gtfsde|357257;19;76;76.3;94.7;22.4;A_QUALIFIER;
Allemagne;de_gtfsde;;de_gtfsde|478151;24.8;99;42.4;77.8;52.5;A_QUALIFIER;
France;fr_sncf;Valence Ville;fr_sncf|UIC87761007;14.8;89;56.2;67.4;18;A_QUALIFIER;
Allemagne;de_gtfsde;Böblingen;de_gtfsde|bblingen@48.69,9.00;19.6;98;68.4;92.9;27.6;A_QUALIFIER;
Allemagne;de_gtfsde;;de_gtfsde|523731;21.5;86;36;68.6;54.7;A_QUALIFIER;
France;fr_sncf;La Tour-du-Pin;fr_sncf|UIC87723478;11.7;70;55.7;71.4;22.9;A_QUALIFIER;
Allemagne;de_gtfsde;;de_gtfsde|213078;13.8;55;65.5;96.4;34.5;A_QUALIFIER;
Allemagne;de_gtfsde;;de_gtfsde|35846;30.5;122;29.5;64.8;53.3;A_QUALIFIER;
Allemagne;de_gtfsde;;de_gtfsde|159463;24.3;97;84.5;100;15.5;QUARANTAINE;aucun retard superieur a 5 min
Etats-Unis;us_mta_mnr;;us_mta_mnr|133;26;130;48.5;82.3;44.6;A_QUALIFIER;
France;fr_sncf;Bourgoin-Jallieu;fr_sncf|UIC87723429;12.3;74;54.1;73;24.3;A_QUALIFIER;
Allemagne;de_gtfsde;;de_gtfsde|255739;15.8;63;63.5;92.1;33.3;A_QUALIFIER;
France;fr_sncf;Versailles Chantiers;fr_sncf|UIC87393009;12.5;75;77.3;93.3;18.7;A_QUALIFIER;
Pays-Bas;nl_ovapi;Wormerveer;nl_ovapi|wormerveer@52.49,4.79;35.2;211;64.9;96.2;34.6;A_QUALIFIER;
Allemagne;de_gtfsde;;de_gtfsde|386789;21.5;86;48.8;81.4;40.7;A_QUALIFIER;
Allemagne;de_gtfsde;;de_gtfsde|89764;22.3;89;92.1;100;7.9;QUARANTAINE;aucun retard superieur a 5 min
Allemagne;de_gtfsde;;de_gtfsde|125795;39;156;29.5;59;52.6;A_QUALIFIER;
France;fr_sncf;Toulouse Matabiau;fr_sncf|UIC87611004;10.5;63;66.7;74.6;11.1;A_QUALIFIER;
France;fr_sncf;Paris Austerlitz;fr_sncf|UIC87547000;12;72;76.4;81.9;9.7;A_QUALIFIER;
Allemagne;de_gtfsde;;de_gtfsde|516504;19;76;47.4;80.3;43.4;A_QUALIFIER;
Allemagne;de_gtfsde;;de_gtfsde|577089;30.5;122;27.9;69.7;65.6;A_QUALIFIER;
Allemagne;de_gtfsde;;de_gtfsde|667386;31.8;127;33.1;84.3;63;A_QUALIFIER;
France;fr_sncf;Tours;fr_sncf|UIC87571000;9.5;57;84.2;91.2;7;A_QUALIFIER;
Allemagne;de_gtfsde;;de_gtfsde|543897;20.8;83;49.4;75.9;33.7;A_QUALIFIER;
Allemagne;de_gtfsde;;de_gtfsde|12971;25;100;33;70;58;A_QUALIFIER;
Allemagne;de_gtfsde;;de_gtfsde|462511;30.8;123;30.9;79.7;65;A_QUALIFIER;
Allemagne;de_gtfsde;;de_gtfsde|278984;32.8;131;31.3;80.9;65.6;A_QUALIFIER;
France;fr_sncf;Mulhouse;fr_sncf|UIC87182063;9.3;56;64.3;83.9;23.2;A_QUALIFIER;
Pays-Bas;nl_ovapi;Arnhem Velperpoort;nl_ovapi|arnhemvelperpoort@51.99,5.92;33.2;199;50.3;94;47.7;A_QUALIFIER;
Allemagne;de_gtfsde;;de_gtfsde|61538;27.8;111;53.2;82;39.6;A_QUALIFIER;
Allemagne;de_gtfsde;;de_gtfsde|239819;26.8;107;53.3;80.4;37.4;A_QUALIFIER;
Allemagne;de_gtfsde;;de_gtfsde|182925;32.5;130;36.9;80;57.7;A_QUALIFIER;
Allemagne;de_gtfsde;;de_gtfsde|659576;27;108;65.7;86.1;29.6;A_QUALIFIER;
Allemagne;de_gtfsde;;de_gtfsde|162085;24;96;78.1;100;21.9;QUARANTAINE;aucun retard superieur a 5 min
Allemagne;de_gtfsde;;de_gtfsde|248747;24;96;59.4;89.6;35.4;A_QUALIFIER;
Allemagne;de_gtfsde;Ahaus, Bahnhof;de_gtfsde|ahausbahnhof@52.08,7.02;14.2;71;63.4;93;33.8;A_QUALIFIER;
Allemagne;de_gtfsde;;de_gtfsde|449163;20;80;55;82.5;32.5;A_QUALIFIER;
Allemagne;de_gtfsde;;de_gtfsde|558952;19;76;75;97.4;23.7;A_QUALIFIER;
Allemagne;de_gtfsde;;de_gtfsde|478867;23.8;95;29.5;69.5;51.6;A_QUALIFIER;
Allemagne;de_gtfsde;Karlsruhe Essenweinstraße;de_gtfsde|karlsruheessenweinstrae@49.01,8.43;35;140;60;87.1;28.6;A_QUALIFIER;
Allemagne;de_gtfsde;Meckenheim Lüftelberg Kottenforst Bf;de_gtfsde|meckenheimlftelbergkottenforstbf@50.66,7.02;22.3;89;74.2;100;25.8;QUARANTAINE;aucun retard superieur a 5 min
Allemagne;de_gtfsde;;de_gtfsde|583761;21.3;85;49.4;87.1;45.9;A_QUALIFIER;
Allemagne;de_gtfsde;;de_gtfsde|499477;26.3;105;57.1;88.6;37.1;A_QUALIFIER;
France;fr_sncf;Montpellier Saint-Roch;fr_sncf|UIC87773002;11.7;70;44.3;61.4;24.3;A_QUALIFIER;
France;fr_sncf;Angers Saint-Laud;fr_sncf|UIC87484006;7;42;54.8;71.4;23.8;A_QUALIFIER;
France;fr_sncf;Juan les Pins;fr_sncf|UIC87757666;8.3;50;54;86;34;A_QUALIFIER;
France;fr_sncf;Cagnes-sur-Mer;fr_sncf|UIC87756320;7.2;43;60.5;86;32.6;A_QUALIFIER;
France;fr_sncf;Saint-Laurent-du-Var;fr_sncf|UIC87756346;7.2;43;55.8;86;37.2;A_QUALIFIER;
France;fr_sncf;Nice Saint-Augustin;fr_sncf|UIC87756254;7.3;44;59.1;86.4;34.1;A_QUALIFIER;
Allemagne;de_gtfsde;;de_gtfsde|18667;30.8;123;29.3;66.7;56.9;A_QUALIFIER;
Allemagne;de_gtfsde;;de_gtfsde|255174;9.8;39;35.9;82.1;59;A_QUALIFIER;
Allemagne;de_gtfsde;;de_gtfsde|225933;23;92;81.5;100;18.5;QUARANTAINE;aucun retard superieur a 5 min
Allemagne;de_gtfsde;;de_gtfsde|349450;23;92;80.4;100;19.6;QUARANTAINE;aucun retard superieur a 5 min
France;fr_sncf;Genève Cornavin;fr_sncf|UIC85010082;6.7;40;87.5;90;7.5;A_QUALIFIER;
Allemagne;de_gtfsde;;de_gtfsde|238264;25.8;103;56.3;76.7;24.3;A_QUALIFIER;
Allemagne;de_gtfsde;;de_gtfsde|70959;20;80;12.5;58.8;73.8;A_QUALIFIER;
Pays-Bas;nl_ovapi;Heerenveen;nl_ovapi|heerenveen@52.96,5.92;33;198;48;91.4;48;A_QUALIFIER;
Allemagne;de_gtfsde;;de_gtfsde|647478;34;136;39;70.6;40.4;A_QUALIFIER;
Allemagne;de_gtfsde;;de_gtfsde|571564;21.5;86;82.6;100;17.4;QUARANTAINE;aucun retard superieur a 5 min
Pays-Bas;nl_ovapi;Steenwijk;nl_ovapi|steenwijk@52.79,6.12;33.7;202;63.4;90.1;32.7;A_QUALIFIER;
Allemagne;de_gtfsde;;de_gtfsde|143210;30.3;121;34.7;74.4;59.5;A_QUALIFIER;
Allemagne;de_gtfsde;;de_gtfsde|137397;30.5;122;44.3;77;43.4;A_QUALIFIER;
Pays-Bas;nl_ovapi;Koog aan de Zaan;nl_ovapi|koogaandezaan@52.46,4.81;33.8;203;65.5;96.6;34.5;A_QUALIFIER;
Pays-Bas;nl_ovapi;Zaandijk Zaanse Schans;nl_ovapi|zaandijkzaanseschans@52.47,4.81;34.5;207;48.3;96.6;51.2;A_QUALIFIER;
Pays-Bas;nl_ovapi;Krommenie-Assendelft;nl_ovapi|krommenieassendelft@52.49,4.76;31.3;188;50.5;97.9;49.5;A_QUALIFIER;
Allemagne;de_gtfsde;Luckenwalde, Bahnhof;de_gtfsde|luckenwaldebahnhof@52.09,13.16;16.8;101;37.6;69.3;46.5;A_QUALIFIER;
Pays-Bas;nl_ovapi;Hollandsche Rading;nl_ovapi|hollandscherading@52.18,5.18;31.5;189;81.5;98.4;18.5;EXCLUE;ponctualite 98.4 %
Allemagne;de_gtfsde;;de_gtfsde|23981;21.3;85;65.9;94.1;30.6;A_QUALIFIER;
Allemagne;de_gtfsde;;de_gtfsde|216163;23.3;93;63.4;87.1;32.3;A_QUALIFIER;
Allemagne;de_gtfsde;;de_gtfsde|520269;23.3;93;58.1;89.2;36.6;A_QUALIFIER;
France;fr_sncf;Saint-Pierre-des-Corps;fr_sncf|UIC87571240;8;48;56.3;81.3;27.1;A_QUALIFIER;
Allemagne;de_gtfsde;;de_gtfsde|646128;24.5;98;84.7;98;14.3;A_QUALIFIER;
Allemagne;de_gtfsde;;de_gtfsde|8816;22.5;90;46.7;80;45.6;A_QUALIFIER;
Allemagne;de_gtfsde;;de_gtfsde|465955;26;104;66.3;95.2;30.8;A_QUALIFIER;
France;fr_sncf;Amiens;fr_sncf|UIC87313874;6.8;27;81.5;96.3;14.8;A_QUALIFIER;
France;fr_sncf;Menton;fr_sncf|UIC87756486;11.2;56;35.7;48.2;28.6;A_QUALIFIER;
Pays-Bas;nl_ovapi;Abcoude;nl_ovapi|abcoude@52.28,4.98;30.7;184;81;97.3;17.4;A_QUALIFIER;
Pays-Bas;nl_ovapi;Bovenkarspel-Grootebroek;nl_ovapi|bovenkarspelgrootebroek@52.70,5.24;27.8;167;86.2;97;12;A_QUALIFIER;
Pays-Bas;nl_ovapi;Hoogkarspel;nl_ovapi|hoogkarspel@52.69,5.18;30.7;184;79.9;96.2;16.8;A_QUALIFIER;
Allemagne;de_gtfsde;;de_gtfsde|609393;25.8;103;73.8;93.2;25.2;A_QUALIFIER;
Allemagne;de_gtfsde;;de_gtfsde|98988;22.5;90;32.2;80;63.3;A_QUALIFIER;
Allemagne;de_gtfsde;;de_gtfsde|150974;14.8;59;59.3;88.1;32.2;A_QUALIFIER;
Allemagne;de_gtfsde;;de_gtfsde|260908;24.5;98;67.3;91.8;30.6;A_QUALIFIER;
Pays-Bas;nl_ovapi;Brussel-Zuid;nl_ovapi|brusselzuid@50.83,4.34;5.5;33;100;100;0;QUARANTAINE;100 % des mouvements sous 60 s , aucun retard superieur a 5 min , dispersion 0.0 pt
Allemagne;de_gtfsde;;de_gtfsde|482051;22.8;91;38.5;80.2;57.1;A_QUALIFIER;
Allemagne;de_gtfsde;;de_gtfsde|260163;22.5;90;52.2;80;41.1;A_QUALIFIER;
Allemagne;de_gtfsde;;de_gtfsde|315593;27.5;110;80.9;99.1;19.1;EXCLUE;ponctualite 99.1 %
Allemagne;de_gtfsde;;de_gtfsde|422912;19.8;79;27.8;70.9;60.8;A_QUALIFIER;
France;fr_sncf;Carnoles;fr_sncf|UIC87756478;10.6;53;34;47.2;34;A_QUALIFIER;
France;fr_sncf;Roquebrune-Cap-Martin;fr_sncf|UIC87756460;11.4;57;31.6;45.6;45.6;A_QUALIFIER;
Allemagne;de_gtfsde;;de_gtfsde|224878;27;108;38;75.9;50;A_QUALIFIER;
Allemagne;de_gtfsde;;de_gtfsde|14212;11.8;47;83;95.7;14.9;A_QUALIFIER;
Pays-Bas;nl_ovapi;Enkhuizen;nl_ovapi|enkhuizen@52.70,5.29;24.5;147;89.8;97.3;9.5;A_QUALIFIER;
Allemagne;de_gtfsde;;de_gtfsde|175964;24;96;63.5;90.6;34.4;A_QUALIFIER;
Allemagne;de_gtfsde;;de_gtfsde|475391;28.8;115;40;64.3;44.3;A_QUALIFIER;
Allemagne;de_gtfsde;;de_gtfsde|342056;18.8;75;29.3;65.3;48;A_QUALIFIER;
Allemagne;de_gtfsde;;de_gtfsde|220292;25;100;30;51;47;A_QUALIFIER;
Allemagne;de_gtfsde;;de_gtfsde|541439;19.5;78;73.1;92.3;26.9;A_QUALIFIER;
Allemagne;de_gtfsde;;de_gtfsde|104025;20.5;82;53.7;81.7;35.4;A_QUALIFIER;
Pays-Bas;nl_ovapi;Bovenkarspel Flora;nl_ovapi|bovenkarspelflora@52.70,5.25;29.7;178;81.5;97.2;18;A_QUALIFIER;
Allemagne;de_gtfsde;;de_gtfsde|360551;23.8;95;50.5;76.8;43.2;A_QUALIFIER;
Allemagne;de_gtfsde;;de_gtfsde|282662;23.5;94;50;74.5;34;A_QUALIFIER;
France;fr_sncf;Molsheim;fr_sncf|UIC87214577;7;28;100;100;0;QUARANTAINE;100 % des mouvements sous 60 s , aucun retard superieur a 5 min , dispersion 0.0 pt
Allemagne;de_gtfsde;;de_gtfsde|495953;22.8;91;52.7;70.3;25.3;A_QUALIFIER;
Allemagne;de_gtfsde;;de_gtfsde|344780;25.8;103;72.8;90.3;25.2;A_QUALIFIER;
Allemagne;de_gtfsde;;de_gtfsde|320412;22.5;90;70;91.1;28.9;A_QUALIFIER;
Allemagne;de_gtfsde;;de_gtfsde|11928;34.3;137;26.3;41.6;35;A_QUALIFIER;
Allemagne;de_gtfsde;;de_gtfsde|70193;23.3;93;34.4;86;62.4;A_QUALIFIER;
Allemagne;de_gtfsde;;de_gtfsde|334806;22;88;48.9;75;39.8;A_QUALIFIER;
France;fr_sncf;Saint-Étienne Châteaucreux;fr_sncf|UIC87726000;8.5;51;86.3;96.1;11.8;A_QUALIFIER;
France;fr_sncf;Arras;fr_sncf|UIC87342014;7;28;67.9;89.3;32.1;A_QUALIFIER;
France;fr_sncf;Montmélian;fr_sncf|UIC87741181;9.2;55;43.6;69.1;32.7;A_QUALIFIER;
Pays-Bas;nl_ovapi;Venray;nl_ovapi|venray@51.53,6.01;29.8;179;56.4;95.5;41.3;A_QUALIFIER;
Allemagne;de_gtfsde;;de_gtfsde|390526;21.8;87;57.5;87.4;42.5;A_QUALIFIER;
Allemagne;de_gtfsde;;de_gtfsde|315362;23.8;95;65.3;92.6;33.7;A_QUALIFIER;
France;fr_sncf;Narbonne;fr_sncf|UIC87781104;10.2;61;47.5;68.9;26.2;A_QUALIFIER;
Etats-Unis;us_mta_lirr;;us_mta_lirr|27;20;100;51;87;45;A_QUALIFIER;
Allemagne;de_gtfsde;;de_gtfsde|480696;21;84;61.9;79.8;31;A_QUALIFIER;
Allemagne;de_gtfsde;Bad Vilbel Bahnhof;de_gtfsde|badvilbelbahnhof@50.19,8.74;18.2;109;67.9;89.9;27.5;A_QUALIFIER;
Allemagne;de_gtfsde;;de_gtfsde|559557;21.5;86;54.7;82.6;39.5;A_QUALIFIER;
Allemagne;de_gtfsde;;de_gtfsde|106869;20.3;81;58;81.5;35.8;A_QUALIFIER;
Allemagne;de_gtfsde;;de_gtfsde|57505;22.3;89;33.7;65.2;49.4;A_QUALIFIER;
Allemagne;de_gtfsde;;de_gtfsde|15618;24.5;98;89.8;100;10.2;QUARANTAINE;aucun retard superieur a 5 min
Allemagne;de_gtfsde;;de_gtfsde|466753;26.8;107;38.3;87.9;57;A_QUALIFIER;
Pays-Bas;nl_ovapi;Zandvoort aan Zee;nl_ovapi|zandvoortaanzee@52.38,4.53;17.5;105;87.6;99;12.4;EXCLUE;ponctualite 99.0 %
Allemagne;de_gtfsde;;de_gtfsde|149672;21.8;87;42.5;81.6;52.9;A_QUALIFIER;
Pays-Bas;nl_ovapi;Vierlingsbeek;nl_ovapi|vierlingsbeek@51.59,6.00;30.8;185;51.4;93.5;46.5;A_QUALIFIER;
Allemagne;de_gtfsde;;de_gtfsde|456267;15.5;62;41.9;77.4;48.4;A_QUALIFIER;
Pays-Bas;nl_ovapi;Feanwâlden;nl_ovapi|feanwlden@53.24,5.99;33.3;133;55.6;99.2;44.4;EXCLUE;ponctualite 99.2 %
Pays-Bas;nl_ovapi;Alphen a/d Rijn;nl_ovapi|alphenadrijn@52.12,4.66;25.4;127;95.3;98.4;3.1;EXCLUE;ponctualite 98.4 %
Allemagne;de_gtfsde;;de_gtfsde|327861;18.5;74;63.5;86.5;36.5;A_QUALIFIER;
Allemagne;de_gtfsde;;de_gtfsde|621790;18.8;75;62.7;90.7;34.7;A_QUALIFIER;
Allemagne;de_gtfsde;;de_gtfsde|480474;25.5;102;32.4;86.3;63.7;A_QUALIFIER;
Etats-Unis;us_mta_lirr;;us_mta_lirr|64;31;155;52.9;93.5;47.1;A_QUALIFIER;
Allemagne;de_gtfsde;;de_gtfsde|282323;27;108;35.2;59.3;50;A_QUALIFIER;
Allemagne;de_gtfsde;;de_gtfsde|361117;22.3;89;58.4;86.5;34.8;A_QUALIFIER;
Pays-Bas;nl_ovapi;Utrecht Leidsche Rijn;nl_ovapi|utrechtleidscherijn@52.10,5.07;30.5;183;86.9;98.4;12.6;EXCLUE;ponctualite 98.4 %
Etats-Unis;us_mbta;Ruggles;us_mbta|ruggles@42.34,-71.09;27.7;166;100;100;0;EXCLUE;100 % des mouvements sous 60 s , aucun retard superieur a 5 min , dispersion 0.0 pt
Allemagne;de_gtfsde;;de_gtfsde|295885;26;104;63.5;88.5;32.7;A_QUALIFIER;
Allemagne;de_gtfsde;;de_gtfsde|190319;11.5;46;41.3;80.4;56.5;A_QUALIFIER;
Allemagne;de_gtfsde;;de_gtfsde|607405;23.3;93;40.9;88.2;54.8;A_QUALIFIER;
Allemagne;de_gtfsde;;de_gtfsde|30923;20.8;83;37.3;73.5;54.2;A_QUALIFIER;
Allemagne;de_gtfsde;;de_gtfsde|638259;25.8;103;77.7;96.1;20.4;A_QUALIFIER;
Allemagne;de_gtfsde;Frankfurt (Main) Lokalbahnhof;de_gtfsde|frankfurtmainlokalbahnhof@50.10,8.69;18;72;62.5;77.8;33.3;A_QUALIFIER;
Allemagne;de_gtfsde;;de_gtfsde|665386;14.8;59;45.8;72.9;37.3;A_QUALIFIER;
Allemagne;de_gtfsde;;de_gtfsde|528770;23.8;95;69.5;96.8;28.4;A_QUALIFIER;
Allemagne;de_gtfsde;;de_gtfsde|93117;25;100;38;70;55;A_QUALIFIER;
Pays-Bas;nl_ovapi;Antwerpen-Berchem;nl_ovapi|antwerpenberchem@51.20,4.43;11.3;45;37.8;80;46.7;A_QUALIFIER;
Etats-Unis;us_mta_lirr;;us_mta_lirr|136;27.4;137;41.6;86.1;58.4;A_QUALIFIER;
Allemagne;de_gtfsde;;de_gtfsde|528819;23.8;95;73.7;96.8;26.3;A_QUALIFIER;
Allemagne;de_gtfsde;;de_gtfsde|648403;11.8;47;53.2;76.6;25.5;A_QUALIFIER;
Allemagne;de_gtfsde;;de_gtfsde|358586;22.8;91;48.4;90.1;48.4;A_QUALIFIER;
Allemagne;de_gtfsde;;de_gtfsde|575001;24;96;63.5;84.4;28.1;A_QUALIFIER;
Allemagne;de_gtfsde;;de_gtfsde|131499;19.5;78;41;80.8;52.6;A_QUALIFIER;
Allemagne;de_gtfsde;;de_gtfsde|492320;20.5;82;67.1;91.5;31.7;A_QUALIFIER;
Allemagne;de_gtfsde;;de_gtfsde|572869;22.3;89;58.4;83.1;30.3;A_QUALIFIER;
Allemagne;de_gtfsde;;de_gtfsde|20197;26.5;106;88.7;97.2;10.4;A_QUALIFIER;
Allemagne;de_gtfsde;;de_gtfsde|155506;19.8;79;51.9;81;44.3;A_QUALIFIER;
Allemagne;de_gtfsde;;de_gtfsde|365889;29.8;119;26.9;51.3;46.2;A_QUALIFIER;
Allemagne;de_gtfsde;;de_gtfsde|182221;23.8;95;36.8;78.9;58.9;A_QUALIFIER;
Pays-Bas;nl_ovapi;Overveen;nl_ovapi|overveen@52.39,4.61;22.8;91;45.1;98.9;54.9;QUARANTAINE;ponctualite 98.9 %
Pays-Bas;nl_ovapi;Amersfoort Vathorst;nl_ovapi|amersfoortvathorst@52.19,5.43;27.5;165;73.3;96.4;26.7;A_QUALIFIER;
Allemagne;de_gtfsde;;de_gtfsde|498988;24.3;97;81.4;99;18.6;QUARANTAINE;ponctualite 99.0 %
Allemagne;de_gtfsde;;de_gtfsde|581739;21;84;67.9;79.8;26.2;A_QUALIFIER;
Allemagne;de_gtfsde;;de_gtfsde|45952;15;60;66.7;80;21.7;A_QUALIFIER;
Allemagne;de_gtfsde;;de_gtfsde|628254;23;92;18.5;68.5;72.8;A_QUALIFIER;
Allemagne;de_gtfsde;;de_gtfsde|96289;26;104;70.2;95.2;28.8;A_QUALIFIER;
Allemagne;de_gtfsde;;de_gtfsde|521900;19;76;67.1;97.4;31.6;A_QUALIFIER;
Allemagne;de_gtfsde;;de_gtfsde|382010;25;100;57;91;38;A_QUALIFIER;
Allemagne;de_gtfsde;;de_gtfsde|637859;25.8;103;33;68.9;50.5;A_QUALIFIER;
Allemagne;de_gtfsde;;de_gtfsde|326982;18.5;74;58.1;77;35.1;A_QUALIFIER;
Allemagne;de_gtfsde;;de_gtfsde|544943;23;92;34.8;77.2;58.7;A_QUALIFIER;
Allemagne;de_gtfsde;;de_gtfsde|207348;11.5;46;63;84.8;34.8;A_QUALIFIER;
Allemagne;de_gtfsde;;de_gtfsde|39545;16;64;42.2;78.1;50;A_QUALIFIER;
Pays-Bas;nl_ovapi;Baarn;nl_ovapi|baarn@52.21,5.28;26.3;158;60.8;96.2;36.7;A_QUALIFIER;
Etats-Unis;us_mta_mnr;;us_mta_mnr|172;0;0;0;0;0;QUARANTAINE;dispersion 0.0 pt
Allemagne;de_gtfsde;;de_gtfsde|410538;24.8;99;38.4;76.8;47.5;A_QUALIFIER;
Allemagne;de_gtfsde;;de_gtfsde|100988;20.3;81;60.5;88.9;33.3;A_QUALIFIER;
Allemagne;de_gtfsde;;de_gtfsde|478807;24.8;99;80.8;94.9;17.2;A_QUALIFIER;
Allemagne;de_gtfsde;;de_gtfsde|448771;20.8;83;53;83.1;38.6;A_QUALIFIER;
Etats-Unis;us_mta_lirr;;us_mta_lirr|92;21.2;106;49.1;83;46.2;A_QUALIFIER;
France;fr_sncf;Orry-la-Ville - Coye;fr_sncf|UIC87276279;14.3;86;66.3;86;25.6;A_QUALIFIER;
Etats-Unis;us_mta_mnr;;us_mta_mnr|153;10;60;28.3;76.7;60;A_QUALIFIER;
Etats-Unis;us_mta_mnr;;us_mta_mnr|154;9.5;57;28.1;77.2;61.4;A_QUALIFIER;
Allemagne;de_gtfsde;;de_gtfsde|51823;20.8;83;55.4;73.5;24.1;A_QUALIFIER;
Allemagne;de_gtfsde;;de_gtfsde|33426;22.5;90;60;80;34.4;A_QUALIFIER;
Allemagne;de_gtfsde;Ritschenhausen (Bushaltestelle);de_gtfsde|ritschenhausenbushaltestelle@50.51,10.43;15.3;61;70.5;93.4;26.2;A_QUALIFIER;
Allemagne;de_gtfsde;;de_gtfsde|68586;23.3;93;36.6;71;48.4;A_QUALIFIER;
Allemagne;de_gtfsde;;de_gtfsde|106404;12.5;50;54;76;34;A_QUALIFIER;
Allemagne;de_gtfsde;Leipzig Coppiplatz;de_gtfsde|leipzigcoppiplatz@51.37,12.37;23.2;116;67.2;96.6;32.8;A_QUALIFIER;
Allemagne;de_gtfsde;;de_gtfsde|239194;24.3;97;72.2;97.9;27.8;A_QUALIFIER;
Allemagne;de_gtfsde;;de_gtfsde|1544;18.3;73;16.4;58.9;68.5;A_QUALIFIER;
Allemagne;de_gtfsde;;de_gtfsde|599929;19.8;79;34.2;75.9;57;A_QUALIFIER;
Allemagne;de_gtfsde;;de_gtfsde|394825;21.8;87;49.4;88.5;44.8;A_QUALIFIER;
Allemagne;de_gtfsde;Kerpen Horrem Bf;de_gtfsde|kerpenhorrembf@50.92,6.71;17.4;87;49.4;81.6;44.8;A_QUALIFIER;
Allemagne;de_gtfsde;;de_gtfsde|234741;24.5;98;33.7;76.5;56.1;A_QUALIFIER;
Pays-Bas;nl_ovapi;Amsterdam Holendrecht;nl_ovapi|amsterdamholendrecht@52.30,4.96;31;186;69.9;97.3;28.5;A_QUALIFIER;
Allemagne;de_gtfsde;;de_gtfsde|659145;20.3;81;65.4;96.3;34.6;A_QUALIFIER;
Allemagne;de_gtfsde;;de_gtfsde|359108;17.8;71;59.2;77.5;32.4;A_QUALIFIER;
Allemagne;de_gtfsde;;de_gtfsde|77804;20;80;67.5;85;26.2;A_QUALIFIER;
Allemagne;de_gtfsde;;de_gtfsde|595548;18.8;75;66.7;89.3;29.3;A_QUALIFIER;
Allemagne;de_gtfsde;;de_gtfsde|422999;17.8;71;18.3;62;69;A_QUALIFIER;
Pays-Bas;nl_ovapi;Buitenpost;nl_ovapi|buitenpost@53.26,6.14;30;120;39.2;97.5;60.8;A_QUALIFIER;
Allemagne;de_gtfsde;Calbe(Saale) West;de_gtfsde|calbesaalewest@51.91,11.76;19;76;15.8;36.8;42.1;A_QUALIFIER;
Allemagne;de_gtfsde;Sparrieshoop;de_gtfsde|sparrieshoop@53.78,9.69;15.2;91;56;74.7;29.7;A_QUALIFIER;
Allemagne;de_gtfsde;;de_gtfsde|113985;15.5;62;41.9;79;51.6;A_QUALIFIER;
Allemagne;de_gtfsde;;de_gtfsde|120864;22.3;89;70.8;94.4;25.8;A_QUALIFIER;
Allemagne;de_gtfsde;;de_gtfsde|31426;21.5;86;96.5;98.8;3.5;QUARANTAINE;ponctualite 98.8 %
Allemagne;de_gtfsde;;de_gtfsde|404344;16;64;48.4;78.1;34.4;A_QUALIFIER;
Allemagne;de_gtfsde;;de_gtfsde|634559;21.3;85;27.1;75.3;67.1;A_QUALIFIER;
Etats-Unis;us_mta_lirr;;us_mta_lirr|8;27.8;139;50.4;87.8;49.6;A_QUALIFIER;
France;fr_sncf;Béziers;fr_sncf|UIC87781005;11;66;30.3;53;28.8;A_QUALIFIER;
Allemagne;de_gtfsde;;de_gtfsde|571911;19;76;31.6;77.6;63.2;A_QUALIFIER;
Allemagne;de_gtfsde;;de_gtfsde|187446;17.3;69;53.6;82.6;39.1;A_QUALIFIER;
Pays-Bas;nl_ovapi;Halfweg-Zwanenburg;nl_ovapi|halfwegzwanenburg@52.38,4.75;18.8;113;77.9;99.1;21.2;EXCLUE;ponctualite 99.1 %
Pays-Bas;nl_ovapi;Haarlem Spaarnwoude;nl_ovapi|haarlemspaarnwoude@52.38,4.67;22.5;135;62.2;98.5;37;EXCLUE;ponctualite 98.5 %
France;fr_sncf;Dijon;fr_sncf|UIC87713040;7;42;71.4;90.5;19;A_QUALIFIER;
Allemagne;de_gtfsde;;de_gtfsde|375378;14;56;46.4;73.2;50;A_QUALIFIER;
Allemagne;de_gtfsde;;de_gtfsde|152053;20.3;81;28.4;56.8;51.9;A_QUALIFIER;
Allemagne;de_gtfsde;;de_gtfsde|247110;20.8;83;68.7;98.8;31.3;QUARANTAINE;ponctualite 98.8 %
Allemagne;de_gtfsde;;de_gtfsde|223139;19.8;79;58.2;79.7;26.6;A_QUALIFIER;
Allemagne;de_gtfsde;;de_gtfsde|657147;16.8;67;56.7;86.6;41.8;A_QUALIFIER;
France;fr_sncf;Rouen Rive Droite;fr_sncf|UIC87411017;6.4;32;68.8;84.4;28.1;A_QUALIFIER;
Allemagne;de_gtfsde;;de_gtfsde|294917;23.5;94;45.7;89.4;46.8;A_QUALIFIER;
Allemagne;de_gtfsde;;de_gtfsde|555463;18.3;73;52.1;78.1;37;A_QUALIFIER;
Pays-Bas;nl_ovapi;Arnhem Presikhaaf;nl_ovapi|arnhempresikhaaf@51.99,5.94;24.4;122;73;95.9;26.2;A_QUALIFIER;
Pays-Bas;nl_ovapi;Velp;nl_ovapi|velp@52.00,5.98;24.2;121;70.2;95.9;28.9;A_QUALIFIER;
Pays-Bas;nl_ovapi;Rheden;nl_ovapi|rheden@52.01,6.03;17.4;87;77;94.3;21.8;A_QUALIFIER;
Pays-Bas;nl_ovapi;Brummen;nl_ovapi|brummen@52.09,6.15;15.6;78;69.2;96.2;29.5;A_QUALIFIER;
France;fr_sncf;Avignon TGV;fr_sncf|UIC87318964;11.2;67;26.9;58.2;41.8;A_QUALIFIER;
Allemagne;de_gtfsde;;de_gtfsde|542538;20.3;81;46.9;85.2;49.4;A_QUALIFIER;
Allemagne;de_gtfsde;;de_gtfsde|428983;11.5;46;50;89.1;41.3;A_QUALIFIER;
Etats-Unis;us_mbta;North Station;us_mbta|northstation@42.37,-71.06;24.2;145;100;100;0;EXCLUE;100 % des mouvements sous 60 s , aucun retard superieur a 5 min , dispersion 0.0 pt
Allemagne;de_gtfsde;;de_gtfsde|649682;22.5;90;32.2;74.4;58.9;A_QUALIFIER;
Allemagne;de_gtfsde;;de_gtfsde|587142;20.5;82;41.5;79.3;52.4;A_QUALIFIER;
France;fr_sncf;Ambérieu-en-Bugey;fr_sncf|UIC87743716;11.2;67;65.7;89.6;28.4;A_QUALIFIER;
Allemagne;de_gtfsde;Friedland(Kr Göttingen);de_gtfsde|friedlandkrgttingen@51.42,9.91;15.2;76;71.1;96.1;27.6;A_QUALIFIER;
Allemagne;de_gtfsde;;de_gtfsde|78865;18.3;73;32.9;63;47.9;A_QUALIFIER;
Allemagne;de_gtfsde;;de_gtfsde|193433;25;100;29;65;46;A_QUALIFIER;
Allemagne;de_gtfsde;;de_gtfsde|460693;23.5;94;76.6;93.6;19.1;A_QUALIFIER;
Allemagne;de_gtfsde;;de_gtfsde|664223;18.3;73;28.8;71.2;47.9;A_QUALIFIER;
Allemagne;de_gtfsde;Walsrode;de_gtfsde|walsrode@52.87,9.60;20.7;124;65.3;96;34.7;A_QUALIFIER;
Etats-Unis;us_mta_lirr;;us_mta_lirr|16;27;135;54.8;94.8;45.2;A_QUALIFIER;
Allemagne;de_gtfsde;;de_gtfsde|48525;18.8;75;84;92;10.7;A_QUALIFIER;
Allemagne;de_gtfsde;Immenreuth;de_gtfsde|immenreuth@49.91,11.87;21.3;85;70.6;96.5;29.4;A_QUALIFIER;
Allemagne;de_gtfsde;;de_gtfsde|614272;17.8;71;56.3;94.4;43.7;A_QUALIFIER;
Allemagne;de_gtfsde;;de_gtfsde|601013;14;56;35.7;76.8;53.6;A_QUALIFIER;
Pays-Bas;nl_ovapi;Winterswijk;nl_ovapi|winterswijk@51.97,6.72;17.5;70;85.7;100;14.3;QUARANTAINE;aucun retard superieur a 5 min
France;fr_sncf;Colmar;fr_sncf|UIC87182014;6;30;76.7;90;13.3;A_QUALIFIER;
Pays-Bas;nl_ovapi;Vleuten;nl_ovapi|vleuten@52.10,5.01;26.5;159;89.9;98.1;9.4;EXCLUE;ponctualite 98.1 %
Pays-Bas;nl_ovapi;Utrecht Terwijde;nl_ovapi|utrechtterwijde@52.10,5.04;27.8;167;76.6;97.6;22.8;A_QUALIFIER;
Allemagne;de_gtfsde;;de_gtfsde|179273;16.5;66;36.4;68.2;47;A_QUALIFIER;
Allemagne;de_gtfsde;;de_gtfsde|434268;21.5;86;97.7;98.8;2.3;QUARANTAINE;ponctualite 98.8 %
Allemagne;de_gtfsde;Stift Keppel-Allenbach Bf;de_gtfsde|stiftkeppelallenbachbf@50.98,8.09;18.5;74;73;94.6;25.7;A_QUALIFIER;
Allemagne;de_gtfsde;;de_gtfsde|390803;18.3;73;27.4;56.2;45.2;A_QUALIFIER;
Pays-Bas;nl_ovapi;Zevenbergen;nl_ovapi|zevenbergen@51.64,4.61;17.6;88;80.7;100;19.3;QUARANTAINE;aucun retard superieur a 5 min
Pays-Bas;nl_ovapi;Oudenbosch;nl_ovapi|oudenbosch@51.59,4.53;23;115;89.6;100;10.4;EXCLUE;aucun retard superieur a 5 min
Allemagne;de_gtfsde;;de_gtfsde|45525;9.3;37;64.9;86.5;27;A_QUALIFIER;
Allemagne;de_gtfsde;;de_gtfsde|389314;18.3;73;41.1;78.1;47.9;A_QUALIFIER;
Allemagne;de_gtfsde;;de_gtfsde|412879;17.3;69;50.7;89.9;47.8;A_QUALIFIER;
Allemagne;de_gtfsde;;de_gtfsde|181544;17.5;70;47.1;74.3;40;A_QUALIFIER;
France;fr_sncf;Sète;fr_sncf|UIC87773200;9.7;58;29.3;53.4;31;A_QUALIFIER;
France;fr_sncf;Douai;fr_sncf|UIC87345009;4;16;68.8;81.3;25;A_QUALIFIER;
Allemagne;de_gtfsde;Nürnberg-Dürrenhof;de_gtfsde|nrnbergdrrenhof@49.45,11.10;17;85;84.7;97.6;14.1;A_QUALIFIER;
Allemagne;de_gtfsde;;de_gtfsde|440901;15.5;62;58.1;91.9;37.1;A_QUALIFIER;
Allemagne;de_gtfsde;;de_gtfsde|222126;20;80;77.5;92.5;17.5;A_QUALIFIER;
Allemagne;de_gtfsde;;de_gtfsde|380250;7.3;29;79.3;93.1;20.7;A_QUALIFIER;
Allemagne;de_gtfsde;;de_gtfsde|518985;16.5;66;51.5;93.9;48.5;A_QUALIFIER;
France;fr_sncf;Valenciennes;fr_sncf|UIC87343004;5.8;23;87;95.7;13;A_QUALIFIER;
Allemagne;de_gtfsde;;de_gtfsde|536878;16;64;51.6;78.1;35.9;A_QUALIFIER;
Allemagne;de_gtfsde;;de_gtfsde|572861;23.3;93;35.5;64.5;43;A_QUALIFIER;
Allemagne;de_gtfsde;;de_gtfsde|158163;18.8;75;54.7;89.3;36;A_QUALIFIER;
Allemagne;de_gtfsde;;de_gtfsde|400737;22;88;27.3;67;63.6;A_QUALIFIER;
Allemagne;de_gtfsde;;de_gtfsde|354640;22.5;90;81.1;97.8;18.9;A_QUALIFIER;
Allemagne;de_gtfsde;;de_gtfsde|405319;21.5;86;65.1;91.9;29.1;A_QUALIFIER;
France;fr_sncf;Creil;fr_sncf|UIC87276006;8.3;50;90;96;6;A_QUALIFIER;
Pays-Bas;nl_ovapi;Deventer Colmschate;nl_ovapi|deventercolmschate@52.25,6.22;9.8;39;59;89.7;38.5;A_QUALIFIER;
Pays-Bas;nl_ovapi;Holten;nl_ovapi|holten@52.28,6.42;9.5;38;76.3;89.5;18.4;A_QUALIFIER;
Pays-Bas;nl_ovapi;Rijssen;nl_ovapi|rijssen@52.31,6.52;9.8;39;69.2;89.7;25.6;A_QUALIFIER;
Allemagne;de_gtfsde;Hörselgau;de_gtfsde|hrselgau@50.92,10.58;17.8;89;61.8;86.5;38.2;A_QUALIFIER;
Pays-Bas;nl_ovapi;Valkenburg;nl_ovapi|valkenburg@50.87,5.83;7.6;38;89.5;100;10.5;QUARANTAINE;aucun retard superieur a 5 min
Allemagne;de_gtfsde;;de_gtfsde|515245;14.5;58;56.9;86.2;37.9;A_QUALIFIER;
Allemagne;de_gtfsde;;de_gtfsde|326244;16;64;84.4;92.2;10.9;A_QUALIFIER;
Allemagne;de_gtfsde;;de_gtfsde|525163;16.5;66;83.3;97;15.2;A_QUALIFIER;
Allemagne;de_gtfsde;;de_gtfsde|502242;17.3;69;72.5;95.7;26.1;A_QUALIFIER;
Allemagne;de_gtfsde;;de_gtfsde|433460;14.5;58;67.2;82.8;19;A_QUALIFIER;
Allemagne;de_gtfsde;;de_gtfsde|169592;13;52;44.2;86.5;53.8;A_QUALIFIER;
Allemagne;de_gtfsde;;de_gtfsde|96964;18.3;73;61.6;90.4;34.2;A_QUALIFIER;
Allemagne;de_gtfsde;;de_gtfsde|142719;17;68;48.5;85.3;51.5;A_QUALIFIER;
Allemagne;de_gtfsde;;de_gtfsde|348557;17.5;70;58.6;92.9;41.4;A_QUALIFIER;
Allemagne;de_gtfsde;;de_gtfsde|239108;12;48;43.8;75;47.9;A_QUALIFIER;
Allemagne;de_gtfsde;;de_gtfsde|470895;17.3;69;72.5;92.8;24.6;A_QUALIFIER;
Allemagne;de_gtfsde;;de_gtfsde|116389;20.3;81;59.3;91.4;37;A_QUALIFIER;
Allemagne;de_gtfsde;;de_gtfsde|306854;18.8;75;56;93.3;42.7;A_QUALIFIER;
Allemagne;de_gtfsde;;de_gtfsde|123348;19;76;55.3;92.1;42.1;A_QUALIFIER;
Allemagne;de_gtfsde;;de_gtfsde|166958;14.5;58;74.1;94.8;20.7;A_QUALIFIER;
Allemagne;de_gtfsde;;de_gtfsde|78627;11.5;46;34.8;87;63;A_QUALIFIER;
Allemagne;de_gtfsde;;de_gtfsde|11786;19.8;79;20.3;44.3;34.2;A_QUALIFIER;
Australie;au_translink_seq;Nambour station;au_translink_seq|nambourstation@-26.63,152.96;15.8;95;69.5;90.5;28.4;A_QUALIFIER;
Allemagne;de_gtfsde;;de_gtfsde|453131;20;80;81.3;97.5;17.5;A_QUALIFIER;
Allemagne;de_gtfsde;;de_gtfsde|237772;22;88;75;95.5;23.9;A_QUALIFIER;
Allemagne;de_gtfsde;;de_gtfsde|226347;20;80;58.8;93.8;38.7;A_QUALIFIER;
France;fr_sncf;Orléans;fr_sncf|UIC87543009;6.8;27;85.2;88.9;7.4;A_QUALIFIER;
Etats-Unis;us_mbta;Readville;us_mbta|readville@42.24,-71.13;20.8;125;100;100;0;EXCLUE;100 % des mouvements sous 60 s , aucun retard superieur a 5 min , dispersion 0.0 pt
France;fr_sncf;Pessac;fr_sncf|UIC87581751;8.6;43;46.5;86;46.5;A_QUALIFIER;
Allemagne;de_gtfsde;;de_gtfsde|302611;19.8;79;46.8;81;41.8;A_QUALIFIER;
Allemagne;de_gtfsde;;de_gtfsde|154307;22;88;23.9;64.8;64.8;A_QUALIFIER;
Allemagne;de_gtfsde;;de_gtfsde|654008;20.3;81;34.6;63;38.3;A_QUALIFIER;
Allemagne;de_gtfsde;;de_gtfsde|326469;19.8;79;41.8;91.1;55.7;A_QUALIFIER;
Allemagne;de_gtfsde;;de_gtfsde|482128;15.8;63;44.4;77.8;52.4;A_QUALIFIER;
France;fr_sncf;Bellegarde;fr_sncf|UIC87745000;5.7;34;70.6;82.4;17.6;A_QUALIFIER;
Allemagne;de_gtfsde;;de_gtfsde|307823;22.3;89;34.8;55.1;43.8;A_QUALIFIER;
Allemagne;de_gtfsde;Quickborn Süd;de_gtfsde|quickbornsd@53.72,9.91;19.2;96;47.9;81.3;36.5;A_QUALIFIER;
Allemagne;de_gtfsde;;de_gtfsde|617378;16.3;65;44.6;89.2;49.2;A_QUALIFIER;
Allemagne;de_gtfsde;;de_gtfsde|268148;16.5;66;71.2;93.9;24.2;A_QUALIFIER;
France;fr_sncf;Limoges Bénédictins;fr_sncf|UIC87592006;6.6;33;78.8;93.9;18.2;A_QUALIFIER;
Allemagne;de_gtfsde;;de_gtfsde|333631;23;92;25;45.7;38;A_QUALIFIER;
Allemagne;de_gtfsde;;de_gtfsde|628831;19;76;46.1;88.2;50;A_QUALIFIER;
Allemagne;de_gtfsde;;de_gtfsde|128388;14.8;59;55.9;88.1;33.9;A_QUALIFIER;
Allemagne;de_gtfsde;;de_gtfsde|85585;8.3;33;51.5;87.9;42.4;A_QUALIFIER;
Allemagne;de_gtfsde;;de_gtfsde|657946;15.8;63;31.7;66.7;47.6;A_QUALIFIER;
France;fr_sncf;Entzheim Aéroport;fr_sncf|UIC87214528;4.8;19;100;100;0;QUARANTAINE;100 % des mouvements sous 60 s , aucun retard superieur a 5 min , dispersion 0.0 pt
France;fr_sncf;Le Bosquet;fr_sncf|UIC87757757;5.8;23;60.9;95.7;34.8;A_QUALIFIER;
France;fr_sncf;La Frayère;fr_sncf|UIC87757740;5.8;23;73.9;100;26.1;QUARANTAINE;aucun retard superieur a 5 min
France;fr_sncf;Ranguin;fr_sncf|UIC87757732;5.8;23;73.9;100;26.1;QUARANTAINE;aucun retard superieur a 5 min
France;fr_sncf;Mouans-Sartoux;fr_sncf|UIC87401323;8.3;33;75.8;93.9;21.2;A_QUALIFIER;
France;fr_sncf;Grasse;fr_sncf|UIC87757724;8;32;87.5;100;12.5;QUARANTAINE;aucun retard superieur a 5 min
France;fr_sncf;Vierzon;fr_sncf|UIC87576009;6;30;53.3;73.3;26.7;A_QUALIFIER;
Pays-Bas;nl_ovapi;Tiel;nl_ovapi|tiel@51.89,5.42;21.4;107;57.9;80.4;37.4;A_QUALIFIER;
Allemagne;de_gtfsde;;de_gtfsde|125133;22;88;29.5;47.7;31.8;A_QUALIFIER;
Allemagne;de_gtfsde;;de_gtfsde|385105;18;72;15.3;62.5;68.1;A_QUALIFIER;
Allemagne;de_gtfsde;;de_gtfsde|292408;16.3;65;43.1;72.3;40;A_QUALIFIER;
France;fr_sncf;Reims;fr_sncf|UIC87171009;4.2;21;90.5;90.5;9.5;A_QUALIFIER;
France;fr_sncf;Annecy;fr_sncf|UIC87746008;6;36;86.1;94.4;11.1;A_QUALIFIER;
Pays-Bas;nl_ovapi;Zaltbommel;nl_ovapi|zaltbommel@51.81,5.26;18;108;67.6;96.3;30.6;A_QUALIFIER;
Allemagne;de_gtfsde;;de_gtfsde|550591;20;80;51.2;88.8;48.8;A_QUALIFIER;
Allemagne;de_gtfsde;;de_gtfsde|85465;18.5;74;28.4;66.2;51.4;A_QUALIFIER;
Allemagne;de_gtfsde;;de_gtfsde|545919;17.8;71;15.5;67.6;67.6;A_QUALIFIER;
Allemagne;de_gtfsde;;de_gtfsde|389370;19.5;78;44.9;85.9;51.3;A_QUALIFIER;
Allemagne;de_gtfsde;;de_gtfsde|64463;17.8;71;53.5;93;43.7;A_QUALIFIER;
France;fr_sncf;Biganos Facture;fr_sncf|UIC87582478;9;54;44.4;83.3;48.1;A_QUALIFIER;
France;fr_sncf;Paris Saint-Lazare;fr_sncf|UIC87384008;5.7;34;70.6;85.3;14.7;A_QUALIFIER;
Allemagne;de_gtfsde;;de_gtfsde|17381;13.5;54;40.7;88.9;59.3;A_QUALIFIER;
Allemagne;de_gtfsde;;de_gtfsde|660306;12;48;45.8;83.3;52.1;A_QUALIFIER;
Allemagne;de_gtfsde;;de_gtfsde|300689;12.3;49;38.8;71.4;51;A_QUALIFIER;
Allemagne;de_gtfsde;;de_gtfsde|101259;19.5;78;79.5;98.7;19.2;QUARANTAINE;ponctualite 98.7 %
Allemagne;de_gtfsde;;de_gtfsde|209785;17.3;69;15.9;63.8;59.4;A_QUALIFIER;
Allemagne;de_gtfsde;;de_gtfsde|158056;12.8;51;68.6;90.2;31.4;A_QUALIFIER;
Allemagne;de_gtfsde;;de_gtfsde|601482;19.8;79;17.7;34.2;44.3;A_QUALIFIER;
Allemagne;de_gtfsde;;de_gtfsde|507356;23.3;93;29;71;52.7;A_QUALIFIER;
Pays-Bas;nl_ovapi;Oosterbeek;nl_ovapi|oosterbeek@51.99,5.84;15.3;61;70.5;98.4;29.5;QUARANTAINE;ponctualite 98.4 %
Allemagne;de_gtfsde;Burgau (Schwab);de_gtfsde|burgauschwab@48.42,10.43;15.4;77;28.6;45.5;45.5;A_QUALIFIER;
France;fr_sncf;Annemasse;fr_sncf|UIC87745497;3.8;19;84.2;89.5;10.5;A_QUALIFIER;
Allemagne;de_gtfsde;;de_gtfsde|139410;16;64;57.8;89.1;40.6;A_QUALIFIER;
Allemagne;de_gtfsde;;de_gtfsde|455526;21.3;85;28.2;52.9;38.8;A_QUALIFIER;
Allemagne;de_gtfsde;;de_gtfsde|615354;15;60;63.3;90;30;A_QUALIFIER;
Allemagne;de_gtfsde;;de_gtfsde|36493;22;88;13.6;68.2;81.8;A_QUALIFIER;
Allemagne;de_gtfsde;;de_gtfsde|12594;19.3;77;45.5;61;37.7;A_QUALIFIER;
Allemagne;de_gtfsde;;de_gtfsde|317139;16.5;66;48.5;78.8;45.5;A_QUALIFIER;
France;fr_sncf;Caen;fr_sncf|UIC87444000;7.4;37;75.7;83.8;10.8;A_QUALIFIER;
Allemagne;de_gtfsde;;de_gtfsde|222747;13.5;54;90.7;100;9.3;QUARANTAINE;aucun retard superieur a 5 min
Allemagne;de_gtfsde;;de_gtfsde|16018;16;64;75;93.8;21.9;A_QUALIFIER;
Allemagne;de_gtfsde;;de_gtfsde|69012;21;84;14.3;73.8;81;A_QUALIFIER;
Allemagne;de_gtfsde;;de_gtfsde|260634;15.3;61;83.6;98.4;16.4;QUARANTAINE;ponctualite 98.4 %
Allemagne;de_gtfsde;;de_gtfsde|629621;17.5;70;50;82.9;42.9;A_QUALIFIER;
Allemagne;de_gtfsde;Münchberg;de_gtfsde|mnchberg@50.19,11.79;19;114;37.7;76.3;54.4;A_QUALIFIER;
Allemagne;de_gtfsde;;de_gtfsde|576694;18.8;75;56;92;40;A_QUALIFIER;
Allemagne;de_gtfsde;;de_gtfsde|388486;19.8;79;53.2;93.7;43;A_QUALIFIER;
Allemagne;de_gtfsde;;de_gtfsde|40550;16.8;67;52.2;94;44.8;A_QUALIFIER;
Allemagne;de_gtfsde;;de_gtfsde|44498;21;84;10.7;65.5;82.1;A_QUALIFIER;
Allemagne;de_gtfsde;;de_gtfsde|374203;18.5;74;28.4;81.1;63.5;A_QUALIFIER;
Allemagne;de_gtfsde;;de_gtfsde|619028;16.5;66;51.5;80.3;45.5;A_QUALIFIER;
Etats-Unis;us_mta_lirr;;us_mta_lirr|211;22.8;91;59.3;95.6;40.7;A_QUALIFIER;
Etats-Unis;us_mta_lirr;;us_mta_lirr|125;24.3;97;53.6;87.6;46.4;A_QUALIFIER;
France;fr_sncf;Voiron;fr_sncf|UIC87747287;5.2;26;80.8;80.8;0;QUARANTAINE;dispersion 0.0 pt
Allemagne;de_gtfsde;;de_gtfsde|333022;13.5;54;51.9;100;48.1;QUARANTAINE;aucun retard superieur a 5 min
Allemagne;de_gtfsde;;de_gtfsde|590897;19.8;79;45.6;89.9;53.2;A_QUALIFIER;
Allemagne;de_gtfsde;;de_gtfsde|9622;16.5;66;50;90.9;45.5;A_QUALIFIER;
Allemagne;de_gtfsde;;de_gtfsde|82687;17.3;69;58;95.7;40.6;A_QUALIFIER;
Allemagne;de_gtfsde;;de_gtfsde|100839;14;56;48.2;82.1;46.4;A_QUALIFIER;
Allemagne;de_gtfsde;;de_gtfsde|451419;26.8;107;54.2;82.2;40.2;A_QUALIFIER;
France;fr_sncf;Clermont-Ferrand;fr_sncf|UIC87734004;9;54;88.9;94.4;7.4;A_QUALIFIER;
Pays-Bas;nl_ovapi;Beverwijk;nl_ovapi|beverwijk@52.48,4.66;20.2;121;83.5;98.3;15.7;EXCLUE;ponctualite 98.3 %
Pays-Bas;nl_ovapi;Voorburg;nl_ovapi|voorburg@52.07,4.36;19.2;115;82.6;99.1;17.4;EXCLUE;ponctualite 99.1 %
Pays-Bas;nl_ovapi;Den Haag Ypenburg;nl_ovapi|denhaagypenburg@52.06,4.39;19.8;119;81.5;98.3;18.5;EXCLUE;ponctualite 98.3 %
Pays-Bas;nl_ovapi;Zoetermeer;nl_ovapi|zoetermeer@52.05,4.48;20.5;123;82.1;99.2;17.9;EXCLUE;ponctualite 99.2 %
Pays-Bas;nl_ovapi;Zoetermeer Oost;nl_ovapi|zoetermeeroost@52.05,4.49;18.5;111;73.9;99.1;26.1;EXCLUE;ponctualite 99.1 %
Pays-Bas;nl_ovapi;Lansingerland-Zoetermeer;nl_ovapi|lansingerlandzoetermeer@52.04,4.52;21.5;129;65.9;99.2;34.1;EXCLUE;ponctualite 99.2 %
Allemagne;de_gtfsde;;de_gtfsde|501567;9.8;39;43.6;66.7;38.5;A_QUALIFIER;
Allemagne;de_gtfsde;;de_gtfsde|547153;18.3;73;38.4;75.3;53.4;A_QUALIFIER;
Allemagne;de_gtfsde;;de_gtfsde|666236;20.8;83;20.5;69.9;73.5;A_QUALIFIER;
Allemagne;de_gtfsde;;de_gtfsde|215342;23;92;54.3;87;37;A_QUALIFIER;
Allemagne;de_gtfsde;;de_gtfsde|371905;13.3;53;73.6;90.6;18.9;A_QUALIFIER;
Etats-Unis;us_mta_lirr;;us_mta_lirr|187;20;80;41.3;90;58.8;A_QUALIFIER;
France;fr_sncf;Vienne;fr_sncf|UIC87722587;8;48;60.4;77.1;20.8;A_QUALIFIER;
Allemagne;de_gtfsde;;de_gtfsde|506529;10.3;41;56.1;95.1;43.9;A_QUALIFIER;
Allemagne;de_gtfsde;;de_gtfsde|446600;13.3;53;52.8;79.2;37.7;A_QUALIFIER;
Allemagne;de_gtfsde;;de_gtfsde|388332;17.3;69;33.3;75.4;58;A_QUALIFIER;
Allemagne;de_gtfsde;;de_gtfsde|510439;17.8;71;71.8;90.1;23.9;A_QUALIFIER;
Allemagne;de_gtfsde;;de_gtfsde|218283;18.8;75;45.3;92;50.7;A_QUALIFIER;
Allemagne;de_gtfsde;;de_gtfsde|43340;19.3;77;53.2;88.3;39;A_QUALIFIER;
Allemagne;de_gtfsde;;de_gtfsde|100714;16.5;66;43.9;80.3;51.5;A_QUALIFIER;
Pays-Bas;nl_ovapi;Bad Nieuweschans;nl_ovapi|badnieuweschans@53.18,7.20;5.8;23;69.6;95.7;30.4;A_QUALIFIER;
Allemagne;de_gtfsde;Wicklesgreuth;de_gtfsde|wicklesgreuth@49.31,10.71;12.8;77;58.4;80.5;27.3;A_QUALIFIER;
France;fr_sncf;Brive-la-Gaillarde;fr_sncf|UIC87594002;5.8;35;80;85.7;5.7;A_QUALIFIER;
Allemagne;de_gtfsde;;de_gtfsde|616909;17.8;71;50.7;83.1;43.7;A_QUALIFIER;
Allemagne;de_gtfsde;;de_gtfsde|270098;16.3;65;56.9;100;43.1;QUARANTAINE;aucun retard superieur a 5 min
Allemagne;de_gtfsde;;de_gtfsde|482543;13.3;53;56.6;86.8;34;A_QUALIFIER;
Allemagne;de_gtfsde;;de_gtfsde|357149;19.8;79;30.4;43;32.9;A_QUALIFIER;
Allemagne;de_gtfsde;;de_gtfsde|495676;15.8;63;22.2;74.6;65.1;A_QUALIFIER;
Allemagne;de_gtfsde;;de_gtfsde|204028;15;60;75;93.3;20;A_QUALIFIER;
Allemagne;de_gtfsde;;de_gtfsde|486726;19;76;31.6;82.9;59.2;A_QUALIFIER;
Allemagne;de_gtfsde;;de_gtfsde|177477;18;72;84.7;97.2;15.3;A_QUALIFIER;
Allemagne;de_gtfsde;;de_gtfsde|133102;16;64;37.5;67.2;42.2;A_QUALIFIER;
Pays-Bas;nl_ovapi;Bloemendaal;nl_ovapi|bloemendaal@52.40,4.63;18.8;113;77;97.3;22.1;A_QUALIFIER;
Pays-Bas;nl_ovapi;Santpoort Zuid;nl_ovapi|santpoortzuid@52.42,4.63;14.2;85;69.4;96.5;29.4;A_QUALIFIER;
Pays-Bas;nl_ovapi;Santpoort Noord;nl_ovapi|santpoortnoord@52.43,4.63;21.3;128;75.8;97.7;23.4;A_QUALIFIER;
Pays-Bas;nl_ovapi;Driehuis;nl_ovapi|driehuis@52.44,4.64;19.8;119;87.4;97.5;11.8;A_QUALIFIER;
Pays-Bas;nl_ovapi;Leiden Lammenschans;nl_ovapi|leidenlammenschans@52.15,4.49;17.8;89;76.4;98.9;22.5;QUARANTAINE;ponctualite 98.9 %
France;fr_sncf;Toulon;fr_sncf|UIC87755009;6.5;39;43.6;69.2;33.3;A_QUALIFIER;
Pays-Bas;nl_ovapi;Heemskerk;nl_ovapi|heemskerk@52.49,4.69;16.7;100;79;98;20;A_QUALIFIER;
Pays-Bas;nl_ovapi;Oisterwijk;nl_ovapi|oisterwijk@51.58,5.19;18;108;71.3;99.1;27.8;EXCLUE;ponctualite 99.1 %
Pays-Bas;nl_ovapi;Bodegraven;nl_ovapi|bodegraven@52.08,4.75;18.4;92;79.3;95.7;17.4;A_QUALIFIER;
Allemagne;de_gtfsde;;de_gtfsde|52195;18.8;75;37.3;89.3;62.7;A_QUALIFIER;
Allemagne;de_gtfsde;;de_gtfsde|598947;11.5;46;58.7;89.1;34.8;A_QUALIFIER;
Allemagne;de_gtfsde;;de_gtfsde|161954;17;68;58.8;77.9;27.9;A_QUALIFIER;
Allemagne;de_gtfsde;;de_gtfsde|455673;17.8;71;60.6;90.1;35.2;A_QUALIFIER;
Allemagne;de_gtfsde;;de_gtfsde|10745;13;52;73.1;90.4;21.2;A_QUALIFIER;
Allemagne;de_gtfsde;;de_gtfsde|482360;20;80;37.5;88.8;62.5;A_QUALIFIER;
France;fr_sncf;Cenon;fr_sncf|UIC87581595;6.7;40;72.5;82.5;22.5;A_QUALIFIER;
Etats-Unis;us_mbta;Quincy Center;us_mbta|quincycenter@42.25,-71.01;17.7;106;100;100;0;EXCLUE;100 % des mouvements sous 60 s , aucun retard superieur a 5 min , dispersion 0.0 pt
Pays-Bas;nl_ovapi;Tegelen;nl_ovapi|tegelen@51.34,6.14;24.2;121;24;93.4;75.2;A_QUALIFIER;
Allemagne;de_gtfsde;;de_gtfsde|623465;16.3;65;52.3;100;47.7;QUARANTAINE;aucun retard superieur a 5 min
Allemagne;de_gtfsde;;de_gtfsde|209635;11.8;47;74.5;89.4;21.3;A_QUALIFIER;
Allemagne;de_gtfsde;;de_gtfsde|84638;12.5;50;66;86;32;A_QUALIFIER;
Allemagne;de_gtfsde;;de_gtfsde|374938;13.3;53;39.6;69.8;49.1;A_QUALIFIER;
Allemagne;de_gtfsde;;de_gtfsde|655484;16.5;66;39.4;78.8;45.5;A_QUALIFIER;
Allemagne;de_gtfsde;;de_gtfsde|66583;14.8;59;33.9;79.7;57.6;A_QUALIFIER;
Allemagne;de_gtfsde;;de_gtfsde|108677;12.3;49;53.1;93.9;46.9;A_QUALIFIER;
Etats-Unis;us_mta_lirr;;us_mta_lirr|55;21.8;109;56;89;43.1;A_QUALIFIER;
Allemagne;de_gtfsde;Friedrichsh. Stadtbahnhof;de_gtfsde|friedrichshstadtbahnhof@47.65,9.47;14.7;88;68.2;93.2;30.7;A_QUALIFIER;
Allemagne;de_gtfsde;Ittersbach Industrie;de_gtfsde|ittersbachindustrie@48.88,8.51;18.3;110;60;90.9;36.4;A_QUALIFIER;
Allemagne;de_gtfsde;Dautphetal-Buchenau (Lahn) Bahnhof;de_gtfsde|dautphetalbuchenaulahnbahnhof@50.87,8.60;15.5;62;87.1;98.4;12.9;QUARANTAINE;ponctualite 98.4 %
Allemagne;de_gtfsde;;de_gtfsde|21122;16.5;66;66.7;98.5;33.3;QUARANTAINE;ponctualite 98.5 %
Allemagne;de_gtfsde;;de_gtfsde|347136;15.3;61;57.4;88.5;42.6;A_QUALIFIER;
Allemagne;de_gtfsde;;de_gtfsde|645129;9.5;38;44.7;84.2;55.3;A_QUALIFIER;
Allemagne;de_gtfsde;;de_gtfsde|567693;15;60;63.3;88.3;30;A_QUALIFIER;
Allemagne;de_gtfsde;;de_gtfsde|147898;15.5;62;48.4;85.5;48.4;A_QUALIFIER;
Allemagne;de_gtfsde;;de_gtfsde|576031;15.8;63;44.4;84.1;50.8;A_QUALIFIER;
France;fr_sncf;Lancy-Pont-Rouge;fr_sncf|UIC85161554;1.8;7;100;100;0;QUARANTAINE;100 % des mouvements sous 60 s , aucun retard superieur a 5 min , dispersion 0.0 pt
France;fr_sncf;Lancy-Bachet;fr_sncf|UIC85171421;2;8;100;100;0;QUARANTAINE;100 % des mouvements sous 60 s , aucun retard superieur a 5 min , dispersion 0.0 pt
France;fr_sncf;Genève-Champel;fr_sncf|UIC85162727;2.3;9;100;100;0;QUARANTAINE;100 % des mouvements sous 60 s , aucun retard superieur a 5 min , dispersion 0.0 pt
France;fr_sncf;Genève-Eaux-Vives;fr_sncf|UIC85162735;2.5;10;100;100;0;QUARANTAINE;100 % des mouvements sous 60 s , aucun retard superieur a 5 min , dispersion 0.0 pt
France;fr_sncf;Chêne-Bourg;fr_sncf|UIC85162743;2.8;11;100;100;0;QUARANTAINE;100 % des mouvements sous 60 s , aucun retard superieur a 5 min , dispersion 0.0 pt
France;fr_sncf;VENTIMIGLIA;fr_sncf|UIC83045013;7.4;37;45.9;56.8;27;A_QUALIFIER;
Pays-Bas;nl_ovapi;Reuver;nl_ovapi|reuver@51.28,6.08;24.2;121;43.8;97.5;56.2;A_QUALIFIER;
Allemagne;de_gtfsde;;de_gtfsde|121627;12.8;51;80.4;90.2;15.7;A_QUALIFIER;
Allemagne;de_gtfsde;;de_gtfsde|324079;14;56;58.9;83.9;30.4;A_QUALIFIER;
Allemagne;de_gtfsde;;de_gtfsde|620730;20.3;81;50.6;80.2;45.7;A_QUALIFIER;
Allemagne;de_gtfsde;;de_gtfsde|545004;14.3;57;40.4;89.5;56.1;A_QUALIFIER;
Allemagne;de_gtfsde;;de_gtfsde|421108;17.8;71;77.5;94.4;19.7;A_QUALIFIER;
Allemagne;de_gtfsde;;de_gtfsde|227345;16.8;67;37.3;83.6;59.7;A_QUALIFIER;
Etats-Unis;us_mta_lirr;;us_mta_lirr|225;22.3;89;43.8;94.4;56.2;A_QUALIFIER;
France;fr_sncf;Miramas;fr_sncf|UIC87753004;6.8;41;70.7;87.8;22;A_QUALIFIER;
France;fr_sncf;Menton Garavan;fr_sncf|UIC87756494;5.8;29;37.9;51.7;31;A_QUALIFIER;
Pays-Bas;nl_ovapi;Swalmen;nl_ovapi|swalmen@51.24,6.03;23.4;117;42.7;97.4;57.3;A_QUALIFIER;
Allemagne;de_gtfsde;;de_gtfsde|547036;12.5;50;52;82;46;A_QUALIFIER;
Allemagne;de_gtfsde;;de_gtfsde|285549;15.8;63;36.5;65.1;47.6;A_QUALIFIER;
Allemagne;de_gtfsde;;de_gtfsde|277730;14.5;58;58.6;87.9;37.9;A_QUALIFIER;
Etats-Unis;us_mta_lirr;;us_mta_lirr|183;21.8;87;40.2;90.8;59.8;A_QUALIFIER;
France;fr_sncf;Libourne;fr_sncf|UIC87584052;7.7;46;69.6;84.8;26.1;A_QUALIFIER;
Allemagne;de_gtfsde;;de_gtfsde|72324;13.3;53;35.8;64.2;41.5;A_QUALIFIER;
Allemagne;de_gtfsde;;de_gtfsde|109298;12.8;51;58.8;90.2;35.3;A_QUALIFIER;
Allemagne;de_gtfsde;;de_gtfsde|227535;11.3;45;51.1;84.4;48.9;A_QUALIFIER;
Allemagne;de_gtfsde;;de_gtfsde|143625;14.5;58;46.6;86.2;53.4;A_QUALIFIER;
Allemagne;de_gtfsde;;de_gtfsde|219628;15.5;62;67.7;88.7;30.6;A_QUALIFIER;
Allemagne;de_gtfsde;;de_gtfsde|410777;15.8;63;71.4;88.9;25.4;A_QUALIFIER;
Allemagne;de_gtfsde;;de_gtfsde|541823;17.3;69;34.8;89.9;60.9;A_QUALIFIER;
Allemagne;de_gtfsde;;de_gtfsde|140644;17.8;71;23.9;77.5;71.8;A_QUALIFIER;
Allemagne;de_gtfsde;;de_gtfsde|502466;14;56;33.9;57.1;55.4;A_QUALIFIER;
Allemagne;de_gtfsde;;de_gtfsde|51103;17.3;69;36.2;63.8;43.5;A_QUALIFIER;
Pays-Bas;nl_ovapi;Zuidhorn;nl_ovapi|zuidhorn@53.25,6.41;18.8;75;22.7;93.3;77.3;A_QUALIFIER;
Australie;au_translink_seq;Karrabin station;au_translink_seq|karrabinstation@-27.60,152.71;9.7;58;60.3;100;39.7;QUARANTAINE;aucun retard superieur a 5 min
Pays-Bas;nl_ovapi;Rotterdam Noord;nl_ovapi|rotterdamnoord@51.94,4.48;18.8;113;51.3;92.9;43.4;A_QUALIFIER;
Allemagne;de_gtfsde;;de_gtfsde|308799;6.5;26;46.2;76.9;50;A_QUALIFIER;
Allemagne;de_gtfsde;;de_gtfsde|182314;11.5;46;65.2;91.3;30.4;A_QUALIFIER;
Allemagne;de_gtfsde;;de_gtfsde|19928;13.5;54;57.4;88.9;42.6;A_QUALIFIER;
Allemagne;de_gtfsde;;de_gtfsde|198410;15.3;61;44.3;78.7;47.5;A_QUALIFIER;
Allemagne;de_gtfsde;;de_gtfsde|246709;7.5;30;36.7;60;36.7;A_QUALIFIER;
Allemagne;de_gtfsde;;de_gtfsde|399693;16.8;67;74.6;100;25.4;QUARANTAINE;aucun retard superieur a 5 min
Allemagne;de_gtfsde;;de_gtfsde|589399;15.3;61;19.7;82;75.4;A_QUALIFIER;
Allemagne;de_gtfsde;;de_gtfsde|55611;18;72;48.6;81.9;44.4;A_QUALIFIER;
Allemagne;de_gtfsde;;de_gtfsde|32222;18.3;73;16.4;74;72.6;A_QUALIFIER;
Allemagne;de_gtfsde;;de_gtfsde|133819;12.3;49;83.7;98;16.3;A_QUALIFIER;
France;fr_sncf;Agde;fr_sncf|UIC87781278;7.3;44;29.5;54.5;29.5;A_QUALIFIER;
Pays-Bas;nl_ovapi;Nieuwerkerk a/d IJssel;nl_ovapi|nieuwerkerkadijssel@51.97,4.62;18.3;110;75.5;94.5;20;A_QUALIFIER;
Pays-Bas;nl_ovapi;Capelle Schollevaar;nl_ovapi|capelleschollevaar@51.95,4.58;18.8;113;73.5;93.8;22.1;A_QUALIFIER;
Australie;au_translink_seq;Walloon station;au_translink_seq|walloonstation@-27.61,152.67;10.7;64;37.5;100;62.5;QUARANTAINE;aucun retard superieur a 5 min
Allemagne;de_gtfsde;;de_gtfsde|102606;15.8;63;57.1;95.2;41.3;A_QUALIFIER;
Allemagne;de_gtfsde;;de_gtfsde|321250;17.3;69;40.6;89.9;55.1;A_QUALIFIER;
Allemagne;de_gtfsde;;de_gtfsde|648423;17.5;70;47.1;82.9;48.6;A_QUALIFIER;
Allemagne;de_gtfsde;;de_gtfsde|612650;13;52;71.2;88.5;26.9;A_QUALIFIER;
France;fr_sncf;Grenoble Universités - Gières;fr_sncf|UIC87747402;5.8;35;71.4;80;14.3;A_QUALIFIER;
Pays-Bas;nl_ovapi;Wolfheze;nl_ovapi|wolfheze@52.01,5.79;12.4;62;54.8;98.4;45.2;QUARANTAINE;ponctualite 98.4 %
Allemagne;de_gtfsde;;de_gtfsde|91817;14;56;76.8;96.4;21.4;A_QUALIFIER;
Allemagne;de_gtfsde;;de_gtfsde|497349;14.3;57;77.2;94.7;21.1;A_QUALIFIER;
Allemagne;de_gtfsde;;de_gtfsde|422823;14.3;57;71.9;87.7;21.1;A_QUALIFIER;
Allemagne;de_gtfsde;;de_gtfsde|593836;15;60;23.3;61.7;56.7;A_QUALIFIER;
Allemagne;de_gtfsde;;de_gtfsde|426780;14.8;59;42.4;69.5;42.4;A_QUALIFIER;
Allemagne;de_gtfsde;;de_gtfsde|347805;7.8;31;71;96.8;25.8;A_QUALIFIER;
Allemagne;de_gtfsde;;de_gtfsde|266415;17.8;71;80.3;95.8;19.7;A_QUALIFIER;
Australie;au_translink_seq;Wulkuraka station;au_translink_seq|wulkurakastation@-27.61,152.73;10;60;88.3;100;11.7;QUARANTAINE;aucun retard superieur a 5 min
Australie;au_translink_seq;Thomas Street station;au_translink_seq|thomasstreetstation@-27.61,152.75;7.3;44;72.7;100;27.3;QUARANTAINE;aucun retard superieur a 5 min
Allemagne;de_gtfsde;;de_gtfsde|194678;12.8;51;74.5;100;25.5;QUARANTAINE;aucun retard superieur a 5 min
Allemagne;de_gtfsde;;de_gtfsde|281649;17.3;69;37.7;69.6;49.3;A_QUALIFIER;
Allemagne;de_gtfsde;Tacherting;de_gtfsde|tacherting@48.08,12.57;13.7;82;47.6;90.2;43.9;A_QUALIFIER;
Allemagne;de_gtfsde;;de_gtfsde|81598;15.8;63;74.6;100;25.4;QUARANTAINE;aucun retard superieur a 5 min
Allemagne;de_gtfsde;;de_gtfsde|229123;15.8;63;58.7;88.9;36.5;A_QUALIFIER;
Allemagne;de_gtfsde;;de_gtfsde|97433;13.5;54;66.7;83.3;29.6;A_QUALIFIER;
Allemagne;de_gtfsde;;de_gtfsde|658301;12.3;49;71.4;87.8;26.5;A_QUALIFIER;
France;fr_sncf;La Verpillière;fr_sncf|UIC87723395;7.2;43;53.5;62.8;16.3;A_QUALIFIER;
France;fr_sncf;Saverne;fr_sncf|UIC87212225;3.5;14;85.7;92.9;7.1;A_QUALIFIER;
France;fr_sncf;L'Arbresle;fr_sncf|UIC87721431;8.6;43;81.4;95.3;14;A_QUALIFIER;
Allemagne;de_gtfsde;Dörverden;de_gtfsde|drverden@52.85,9.25;11.5;69;68.1;92.8;26.1;A_QUALIFIER;
Pays-Bas;nl_ovapi;Den Dolder;nl_ovapi|dendolder@52.14,5.24;21.2;127;64.6;96.9;34.6;A_QUALIFIER;
Allemagne;de_gtfsde;Knittlingen-Kleinvillars;de_gtfsde|knittlingenkleinvillars@48.99,8.74;8.8;35;85.7;100;14.3;QUARANTAINE;aucun retard superieur a 5 min
Allemagne;de_gtfsde;;de_gtfsde|665645;14;56;69.6;96.4;30.4;A_QUALIFIER;
Allemagne;de_gtfsde;;de_gtfsde|630276;16;64;64.1;93.8;34.4;A_QUALIFIER;
Allemagne;de_gtfsde;;de_gtfsde|73338;15.3;61;44.3;80.3;47.5;A_QUALIFIER;
Allemagne;de_gtfsde;;de_gtfsde|645078;14.5;58;75.9;100;24.1;QUARANTAINE;aucun retard superieur a 5 min
Allemagne;de_gtfsde;;de_gtfsde|263717;14.5;58;75.9;94.8;22.4;A_QUALIFIER;
Allemagne;de_gtfsde;;de_gtfsde|33211;16.8;67;86.6;100;13.4;QUARANTAINE;aucun retard superieur a 5 min
Allemagne;de_gtfsde;;de_gtfsde|80169;14.8;59;47.5;74.6;37.3;A_QUALIFIER;
Allemagne;de_gtfsde;;de_gtfsde|350025;16;64;46.9;67.2;42.2;A_QUALIFIER;
Allemagne;de_gtfsde;;de_gtfsde|236812;16;64;79.7;95.3;18.8;A_QUALIFIER;
France;fr_sncf;Dax;fr_sncf|UIC87673202;7.2;43;55.8;76.7;30.2;A_QUALIFIER;
France;fr_sncf;Perpignan;fr_sncf|UIC87784009;7;42;64.3;76.2;19;A_QUALIFIER;
Allemagne;de_gtfsde;Waldsolms-Hasselborn;de_gtfsde|waldsolmshasselborn@50.41,8.50;10.8;65;58.5;86.2;40;A_QUALIFIER;
Allemagne;de_gtfsde;;de_gtfsde|531201;10.8;43;72.1;100;27.9;QUARANTAINE;aucun retard superieur a 5 min
Allemagne;de_gtfsde;;de_gtfsde|538854;12.5;50;76;100;24;QUARANTAINE;aucun retard superieur a 5 min
Allemagne;de_gtfsde;;de_gtfsde|282742;13.5;54;83.3;96.3;16.7;A_QUALIFIER;
Allemagne;de_gtfsde;;de_gtfsde|352450;10;40;70;95;30;A_QUALIFIER;
France;fr_sncf;Les Aubrais;fr_sncf|UIC87543017;3.2;16;81.3;87.5;6.3;A_QUALIFIER;
France;fr_sncf;Lille Europe;fr_sncf|UIC87223263;8.8;35;51.4;71.4;31.4;A_QUALIFIER;
Pays-Bas;nl_ovapi;Sauwerd;nl_ovapi|sauwerd@53.29,6.54;16;80;55;100;45;QUARANTAINE;aucun retard superieur a 5 min
Pays-Bas;nl_ovapi;Noorderkempen;nl_ovapi|noorderkempen@51.36,4.63;6.5;26;38.5;88.5;57.7;A_QUALIFIER;
Pays-Bas;nl_ovapi;Mechelen;nl_ovapi|mechelen@51.02,4.48;3.3;13;53.8;92.3;38.5;A_QUALIFIER;
Pays-Bas;nl_ovapi;Brussels Airport-Zaventem;nl_ovapi|brusselsairportzaventem@50.90,4.48;3.5;14;92.9;100;7.1;QUARANTAINE;aucun retard superieur a 5 min
Pays-Bas;nl_ovapi;Brussel-Noord;nl_ovapi|brusselnoord@50.86,4.36;3;12;100;100;0;QUARANTAINE;100 % des mouvements sous 60 s , aucun retard superieur a 5 min , dispersion 0.0 pt
Pays-Bas;nl_ovapi;Brussel-Centraal;nl_ovapi|brusselcentraal@50.85,4.36;3.8;15;100;100;0;QUARANTAINE;100 % des mouvements sous 60 s , aucun retard superieur a 5 min , dispersion 0.0 pt
Australie;au_translink_seq;Thagoona station;au_translink_seq|thagoonastation@-27.63,152.63;9.5;57;38.6;100;61.4;QUARANTAINE;aucun retard superieur a 5 min
France;fr_sncf;Vannes;fr_sncf|UIC87476606;3.2;16;37.5;87.5;50;A_QUALIFIER;
Pays-Bas;nl_ovapi;Groningen Noord;nl_ovapi|groningennoord@53.23,6.56;15.2;76;61.8;100;38.2;QUARANTAINE;aucun retard superieur a 5 min
Allemagne;de_gtfsde;;de_gtfsde|61107;14;56;30.4;71.4;62.5;A_QUALIFIER;
Allemagne;de_gtfsde;;de_gtfsde|159479;17.8;71;60.6;95.8;36.6;A_QUALIFIER;
Allemagne;de_gtfsde;;de_gtfsde|247103;14;56;76.8;100;23.2;QUARANTAINE;aucun retard superieur a 5 min
Allemagne;de_gtfsde;;de_gtfsde|448112;15.3;61;44.3;85.2;50.8;A_QUALIFIER;
Allemagne;de_gtfsde;;de_gtfsde|101119;17;68;42.6;76.5;47.1;A_QUALIFIER;
Allemagne;de_gtfsde;;de_gtfsde|65839;12.3;49;51;87.8;49;A_QUALIFIER;
France;fr_sncf;Haguenau;fr_sncf|UIC87213058;3;12;83.3;83.3;0;QUARANTAINE;dispersion 0.0 pt
Pays-Bas;nl_ovapi;Bilthoven;nl_ovapi|bilthoven@52.13,5.21;18.8;113;78.8;95.6;21.2;A_QUALIFIER;
France;fr_sncf;Marne-la-Vallée Chessy;fr_sncf|UIC87111849;4.4;22;18.2;40.9;36.4;A_QUALIFIER;
Allemagne;de_gtfsde;;de_gtfsde|465036;13;52;30.8;61.5;51.9;A_QUALIFIER;
Allemagne;de_gtfsde;;de_gtfsde|345621;8.3;33;39.4;57.6;30.3;A_QUALIFIER;
Allemagne;de_gtfsde;;de_gtfsde|230518;14.3;57;45.6;66.7;33.3;A_QUALIFIER;
Allemagne;de_gtfsde;;de_gtfsde|239336;10;40;92.5;95;7.5;A_QUALIFIER;
Allemagne;de_gtfsde;;de_gtfsde|258793;15;60;31.7;71.7;55;A_QUALIFIER;
France;fr_sncf;Massy TGV;fr_sncf|UIC87393702;5.7;34;52.9;73.5;23.5;A_QUALIFIER;
France;fr_sncf;Poitiers;fr_sncf|UIC87575001;5.5;33;30.3;57.6;48.5;A_QUALIFIER;
Pays-Bas;nl_ovapi;Dronten;nl_ovapi|dronten@52.53,5.72;17.3;104;90.4;97.1;8.7;A_QUALIFIER;
Pays-Bas;nl_ovapi;Kampen Zuid;nl_ovapi|kampenzuid@52.53,5.91;21;126;79.4;97.6;19.8;A_QUALIFIER;
France;fr_sncf;Nîmes Pont du Gard;fr_sncf|UIC87703975;6.2;37;45.9;59.5;21.6;A_QUALIFIER;
Allemagne;de_gtfsde;;de_gtfsde|201623;14;56;26.8;69.6;57.1;A_QUALIFIER;
Allemagne;de_gtfsde;;de_gtfsde|18721;11.8;47;63.8;95.7;34;A_QUALIFIER;
Allemagne;de_gtfsde;;de_gtfsde|531425;10.5;42;61.9;85.7;35.7;A_QUALIFIER;
Allemagne;de_gtfsde;;de_gtfsde|583473;14;56;23.2;58.9;53.6;A_QUALIFIER;
Allemagne;de_gtfsde;;de_gtfsde|337110;15.8;63;41.3;85.7;57.1;A_QUALIFIER;
Allemagne;de_gtfsde;;de_gtfsde|379575;11.3;45;42.2;88.9;55.6;A_QUALIFIER;
Allemagne;de_gtfsde;;de_gtfsde|210857;17.8;71;62;85.9;29.6;A_QUALIFIER;
France;fr_sncf;Rambouillet;fr_sncf|UIC87393314;4.4;22;86.4;95.5;13.6;A_QUALIFIER;
Pays-Bas;nl_ovapi;Hillegom;nl_ovapi|hillegom@52.30,4.57;11.5;69;49.3;97.1;47.8;A_QUALIFIER;
Pays-Bas;nl_ovapi;Voorhout;nl_ovapi|voorhout@52.22,4.48;8.7;52;75;96.2;21.2;A_QUALIFIER;
Allemagne;de_gtfsde;;de_gtfsde|161443;10.3;41;92.7;100;7.3;QUARANTAINE;aucun retard superieur a 5 min
Allemagne;de_gtfsde;Dresden S-Bahnhof Dobritz;de_gtfsde|dresdensbahnhofdobritz@51.01,13.81;11;44;43.2;72.7;43.2;A_QUALIFIER;
Allemagne;de_gtfsde;;de_gtfsde|406072;11.8;47;74.5;91.5;23.4;A_QUALIFIER;
France;fr_sncf;Biot;fr_sncf|UIC87757690;5;25;56;76;28;A_QUALIFIER;
France;fr_sncf;Cros de Cagnes;fr_sncf|UIC87756338;5;25;68;80;20;A_QUALIFIER;
France;fr_sncf;Golfe Juan Vallauris;fr_sncf|UIC87757641;5.5;33;48.5;97;48.5;A_QUALIFIER;
France;fr_sncf;Villeneuve-Loubet-Plage;fr_sncf|UIC87756304;3.5;21;57.1;100;42.9;QUARANTAINE;aucun retard superieur a 5 min
Allemagne;de_gtfsde;;de_gtfsde|356878;13.8;55;29.1;69.1;56.4;A_QUALIFIER;
Allemagne;de_gtfsde;;de_gtfsde|101081;16.3;65;60;86.2;35.4;A_QUALIFIER;
Allemagne;de_gtfsde;;de_gtfsde|82350;11.3;45;71.1;100;28.9;QUARANTAINE;aucun retard superieur a 5 min
Allemagne;de_gtfsde;;de_gtfsde|276668;11.3;45;64.4;91.1;33.3;A_QUALIFIER;
Allemagne;de_gtfsde;;de_gtfsde|624472;11.8;47;100;100;0;QUARANTAINE;100 % des mouvements sous 60 s , aucun retard superieur a 5 min , dispersion 0.0 pt
Allemagne;de_gtfsde;;de_gtfsde|520882;6.5;26;50;61.5;30.8;A_QUALIFIER;
Allemagne;de_gtfsde;;de_gtfsde|56967;13.5;54;48.1;77.8;37;A_QUALIFIER;
Allemagne;de_gtfsde;;de_gtfsde|267171;12;48;66.7;87.5;29.2;A_QUALIFIER;
Allemagne;de_gtfsde;St. Ingbert;de_gtfsde|stingbert@49.27,7.11;15.2;91;65.9;92.3;29.7;A_QUALIFIER;
Etats-Unis;us_mta_lirr;;us_mta_lirr|117;19.2;96;52.1;84.4;46.9;A_QUALIFIER;
Etats-Unis;us_mta_lirr;;us_mta_lirr|38;19;95;54.7;86.3;45.3;A_QUALIFIER;
Etats-Unis;us_mta_lirr;;us_mta_lirr|215;17;85;43.5;91.8;56.5;A_QUALIFIER;
Allemagne;de_gtfsde;;de_gtfsde|20525;21;84;58.3;82.1;34.5;A_QUALIFIER;
Allemagne;de_gtfsde;;de_gtfsde|58770;11;44;70.5;90.9;25;A_QUALIFIER;
Allemagne;de_gtfsde;;de_gtfsde|12654;10;40;85;100;15;QUARANTAINE;aucun retard superieur a 5 min
Allemagne;de_gtfsde;;de_gtfsde|544323;11.3;45;68.9;91.1;24.4;A_QUALIFIER;
Allemagne;de_gtfsde;;de_gtfsde|97741;16;64;64.1;89.1;29.7;A_QUALIFIER;
Allemagne;de_gtfsde;Frantiskov nad Ploucnici;de_gtfsde|frantiskovnadploucnici@50.72,14.33;16.8;67;19.4;74.6;68.7;A_QUALIFIER;
Allemagne;de_gtfsde;;de_gtfsde|518745;10.8;43;48.8;69.8;32.6;A_QUALIFIER;
France;fr_sncf;Le Péage-de-Roussillon;fr_sncf|UIC87722678;6.3;38;50;76.3;28.9;A_QUALIFIER;
France;fr_sncf;Chartres;fr_sncf|UIC87394007;4.7;28;78.6;89.3;17.9;A_QUALIFIER;
Allemagne;de_gtfsde;;de_gtfsde|620038;12.8;51;49;94.1;51;A_QUALIFIER;
Allemagne;de_gtfsde;;de_gtfsde|356854;16.5;66;45.5;69.7;33.3;A_QUALIFIER;
Allemagne;de_gtfsde;;de_gtfsde|457796;14.8;59;59.3;91.5;39;A_QUALIFIER;
Allemagne;de_gtfsde;;de_gtfsde|13718;14.5;58;96.6;100;3.4;QUARANTAINE;aucun retard superieur a 5 min
Allemagne;de_gtfsde;;de_gtfsde|6805;17.3;69;42;84.1;55.1;A_QUALIFIER;
Allemagne;de_gtfsde;;de_gtfsde|280936;15.5;62;48.4;82.3;41.9;A_QUALIFIER;
France;fr_sncf;Lyon Vaise;fr_sncf|UIC87721001;4.5;18;61.1;88.9;33.3;A_QUALIFIER;
France;fr_sncf;Lisieux;fr_sncf|UIC87444265;4.3;17;76.5;88.2;11.8;A_QUALIFIER;
Pays-Bas;nl_ovapi;Tiel Passewaaij;nl_ovapi|tielpassewaaij@51.87,5.39;17;85;16.5;74.1;76.5;A_QUALIFIER;
Etats-Unis;us_mbta;East Taunton;us_mbta|easttaunton@41.87,-71.06;15;75;100;100;0;EXCLUE;source rejetee en bloc
Australie;au_translink_seq;Glass House Mountains station;au_translink_seq|glasshousemountainsstation@-26.90,152.96;18.7;112;19.6;78.6;78.6;A_QUALIFIER;
Allemagne;de_gtfsde;Eschweiler Talbahnhof;de_gtfsde|eschweilertalbahnhof@50.81,6.26;15.5;93;69.9;86;24.7;A_QUALIFIER;
France;fr_sncf;Saint-Pierre-d'Albigny;fr_sncf|UIC87741223;5.7;34;32.4;64.7;41.2;A_QUALIFIER;
France;fr_sncf;Tain-l'Hermitage - Tournon;fr_sncf|UIC87761163;6.3;38;50;68.4;18.4;A_QUALIFIER;
Australie;au_translink_seq;Beerburrum station;au_translink_seq|beerburrumstation@-26.96,152.96;18.5;111;30.6;83.8;67.6;A_QUALIFIER;
Australie;au_translink_seq;Beerwah station;au_translink_seq|beerwahstation@-26.86,152.96;18.7;112;33;88.4;66.1;A_QUALIFIER;
Allemagne;de_gtfsde;;de_gtfsde|454911;7;28;64.3;92.9;32.1;A_QUALIFIER;
Allemagne;de_gtfsde;;de_gtfsde|358034;13.8;55;25.5;60;60;A_QUALIFIER;
Allemagne;de_gtfsde;;de_gtfsde|477973;15.3;61;23;65.6;54.1;A_QUALIFIER;
Allemagne;de_gtfsde;;de_gtfsde|153915;15.8;63;22.2;69.8;65.1;A_QUALIFIER;
France;fr_sncf;Bayonne;fr_sncf|UIC87673004;4.8;24;91.7;95.8;4.2;A_QUALIFIER;
France;fr_sncf;Bischwiller;fr_sncf|UIC87213611;2.5;10;70;80;10;A_QUALIFIER;
Allemagne;de_gtfsde;S Frohnau (Berlin);de_gtfsde|sfrohnauberlin@52.63,13.29;12.2;73;53.4;86.3;38.4;A_QUALIFIER;
France;fr_sncf;Ecully Arrêt TCL Demi-Lune Vauboin;fr_sncf|UIC87698274;11.3;68;26.5;89.7;67.6;A_QUALIFIER;
France;fr_sncf;Lyon Gorge de Loup;fr_sncf|UIC87721175;10.2;61;55.7;88.5;39.3;A_QUALIFIER;
Allemagne;de_gtfsde;Mauer, Bahnhof;de_gtfsde|mauerbahnhof@49.34,8.80;14.4;72;44.4;72.2;45.8;A_QUALIFIER;
France;fr_sncf;Aéroport Charles de Gaulle 2 TGV;fr_sncf|UIC87271494;4.2;21;28.6;33.3;28.6;A_QUALIFIER;
Pays-Bas;nl_ovapi;Zuidbroek;nl_ovapi|zuidbroek@53.16,6.87;14.4;72;52.8;98.6;47.2;QUARANTAINE;ponctualite 98.6 %
Pays-Bas;nl_ovapi;Hoogezand-Sappemeer;nl_ovapi|hoogezandsappemeer@53.16,6.77;15.4;77;57.1;98.7;42.9;QUARANTAINE;ponctualite 98.7 %
Pays-Bas;nl_ovapi;Martenshoek;nl_ovapi|martenshoek@53.16,6.74;16;80;63.7;98.8;36.3;QUARANTAINE;ponctualite 98.8 %
Pays-Bas;nl_ovapi;Kropswolde;nl_ovapi|kropswolde@53.16,6.72;17.6;88;69.3;98.9;30.7;QUARANTAINE;ponctualite 98.9 %
Etats-Unis;us_mta_lirr;;us_mta_lirr|135;18.4;92;28.3;78.3;71.7;A_QUALIFIER;
Allemagne;de_gtfsde;;de_gtfsde|119184;12.8;51;98;98;2;QUARANTAINE;98 % des mouvements sous 60 s , dispersion 2.0 pt , ponctualite 98.0 %
Allemagne;de_gtfsde;;de_gtfsde|291767;9;36;47.2;91.7;50;A_QUALIFIER;
Allemagne;de_gtfsde;;de_gtfsde|344104;16.3;65;36.9;61.5;32.3;A_QUALIFIER;
Allemagne;de_gtfsde;;de_gtfsde|430306;15.5;62;27.4;72.6;56.5;A_QUALIFIER;
Allemagne;de_gtfsde;;de_gtfsde|508469;15.3;61;60.7;90.2;34.4;A_QUALIFIER;
Allemagne;de_gtfsde;;de_gtfsde|439660;14.3;57;8.8;66.7;73.7;A_QUALIFIER;
Allemagne;de_gtfsde;;de_gtfsde|427535;9;36;61.1;88.9;30.6;A_QUALIFIER;
Allemagne;de_gtfsde;;de_gtfsde|64288;14.8;59;32.2;66.1;55.9;A_QUALIFIER;
France;fr_sncf;Pierrelatte;fr_sncf|UIC87764308;6.5;26;50;84.6;38.5;A_QUALIFIER;
Australie;au_translink_seq;Mooloolah station;au_translink_seq|mooloolahstation@-26.77,152.96;15;90;31.1;90;66.7;A_QUALIFIER;
Australie;au_translink_seq;Eudlo station;au_translink_seq|eudlostation@-26.73,152.96;15.5;93;24.7;86;72;A_QUALIFIER;
Australie;au_translink_seq;Elimbah station;au_translink_seq|elimbahstation@-27.01,152.95;17.7;106;37.7;88.7;60.4;A_QUALIFIER;
Australie;au_translink_seq;Landsborough station;au_translink_seq|landsboroughstation@-26.81,152.97;16.7;100;28;88;70;A_QUALIFIER;
France;fr_sncf;Vitrolles Aéroport Marseille P;fr_sncf|UIC87439554;6.8;41;75.6;92.7;19.5;A_QUALIFIER;
Etats-Unis;us_mbta;Four Corners/Geneva;us_mbta|fourcornersgeneva@42.31,-71.08;15.2;91;100;100;0;EXCLUE;source rejetee en bloc
Pays-Bas;nl_ovapi;Zevenaar;nl_ovapi|zevenaar@51.92,6.07;17.8;89;48.3;89.9;46.1;A_QUALIFIER;
Australie;au_translink_seq;Palmwoods station;au_translink_seq|palmwoodsstation@-26.69,152.96;15.3;92;17.4;89.1;79.3;A_QUALIFIER;
Australie;au_translink_seq;Woombye station;au_translink_seq|woombyestation@-26.66,152.96;15.3;92;68.5;91.3;29.3;A_QUALIFIER;
Allemagne;de_gtfsde;;de_gtfsde|503411;9.3;37;35.1;75.7;51.4;A_QUALIFIER;
Allemagne;de_gtfsde;;de_gtfsde|101590;9;36;58.3;86.1;33.3;A_QUALIFIER;
Allemagne;de_gtfsde;;de_gtfsde|134889;16.5;66;74.2;95.5;24.2;A_QUALIFIER;
Allemagne;de_gtfsde;;de_gtfsde|39436;14.3;57;42.1;91.2;52.6;A_QUALIFIER;
Allemagne;de_gtfsde;;de_gtfsde|63565;14.3;57;86;98.2;14;QUARANTAINE;ponctualite 98.2 %
Allemagne;de_gtfsde;;de_gtfsde|639647;14.3;57;10.5;86;84.2;A_QUALIFIER;
Allemagne;de_gtfsde;;de_gtfsde|150503;15.8;63;19;69.8;68.3;A_QUALIFIER;
Allemagne;de_gtfsde;;de_gtfsde|352636;11.5;46;73.9;95.7;23.9;A_QUALIFIER;
Allemagne;de_gtfsde;;de_gtfsde|246250;11;44;50;86.4;47.7;A_QUALIFIER;
Allemagne;de_gtfsde;;de_gtfsde|473472;10.3;41;80.5;97.6;19.5;A_QUALIFIER;
Allemagne;de_gtfsde;Dülmen, Bahnhof;de_gtfsde|dlmenbahnhof@51.83,7.29;14;56;35.7;62.5;46.4;A_QUALIFIER;
France;fr_sncf;Aulnoye-Aymeries;fr_sncf|UIC87295600;3.8;15;60;86.7;33.3;A_QUALIFIER;
Pays-Bas;nl_ovapi;Hurdegaryp;nl_ovapi|hurdegaryp@53.22,5.93;20.5;82;35.4;95.1;64.6;A_QUALIFIER;
Etats-Unis;us_mbta;Braintree;us_mbta|braintree@42.21,-71.00;13.8;83;100;100;0;EXCLUE;source rejetee en bloc
Etats-Unis;us_mbta;Morton Street;us_mbta|mortonstreet@42.28,-71.09;14.5;87;100;100;0;EXCLUE;source rejetee en bloc
Allemagne;de_gtfsde;;de_gtfsde|511339;14.3;57;26.3;45.6;38.6;A_QUALIFIER;
Allemagne;de_gtfsde;;de_gtfsde|210921;15.8;63;31.7;68.3;47.6;A_QUALIFIER;
Allemagne;de_gtfsde;;de_gtfsde|46109;15.3;61;59;85.2;31.1;A_QUALIFIER;
Allemagne;de_gtfsde;;de_gtfsde|609368;15.3;61;59;83.6;29.5;A_QUALIFIER;
Allemagne;de_gtfsde;;de_gtfsde|66783;14;56;66.1;94.6;33.9;A_QUALIFIER;
Allemagne;de_gtfsde;;de_gtfsde|418734;13;52;25;65.4;61.5;A_QUALIFIER;
France;fr_sncf;Morcenx;fr_sncf|UIC87673103;4.8;19;42.1;78.9;47.4;A_QUALIFIER;
France;fr_sncf;Talence-Médoquine;fr_sncf|UIC87748350;6.3;25;52;88;40;A_QUALIFIER;
Etats-Unis;us_mta_lirr;;us_mta_lirr|107;17.8;89;56.2;88.8;42.7;A_QUALIFIER;
Pays-Bas;nl_ovapi;;nl_ovapi|;14.7;88;70.5;95.5;28.4;A_QUALIFIER;
Etats-Unis;us_mbta;Talbot Avenue;us_mbta|talbotavenue@42.29,-71.08;13.2;79;100;100;0;EXCLUE;source rejetee en bloc
Allemagne;de_gtfsde;;de_gtfsde|467280;14.5;58;43.1;79.3;46.6;A_QUALIFIER;
Allemagne;de_gtfsde;;de_gtfsde|9475;15.3;61;42.6;73.8;41;A_QUALIFIER;
Allemagne;de_gtfsde;Hannover Bahnhof Bismarckstr.;de_gtfsde|hannoverbahnhofbismarckstr@52.36,9.77;16.7;100;66;90;32;A_QUALIFIER;
France;fr_sncf;Nevers;fr_sncf|UIC87696005;5.5;22;63.6;81.8;27.3;A_QUALIFIER;
France;fr_sncf;Laon;fr_sncf|UIC87296012;5.3;21;90.5;90.5;4.8;A_QUALIFIER;
France;fr_sncf;Bollène la Croisière;fr_sncf|UIC87764357;6;24;50;83.3;45.8;A_QUALIFIER;
Pays-Bas;nl_ovapi;Maarssen;nl_ovapi|maarssen@52.14,5.03;15.5;93;75.3;96.8;24.7;A_QUALIFIER;
Etats-Unis;us_mta_lirr;;us_mta_lirr|226;18.4;92;48.9;94.6;51.1;A_QUALIFIER;
Etats-Unis;us_mta_mnr;;us_mta_mnr|97;9;54;51.9;98.1;48.1;QUARANTAINE;ponctualite 98.1 %
Etats-Unis;us_mta_mnr;;us_mta_mnr|98;9.5;57;50.9;98.2;49.1;QUARANTAINE;ponctualite 98.2 %
Etats-Unis;us_mta_mnr;;us_mta_mnr|100;9;54;48.1;98.1;51.9;QUARANTAINE;ponctualite 98.1 %
Etats-Unis;us_mta_mnr;;us_mta_mnr|101;8.5;51;49;98;51;QUARANTAINE;ponctualite 98.0 %
Allemagne;de_gtfsde;Gt-Avenw/Bhf, Bahnhof;de_gtfsde|gtavenwbhfbahnhof@51.94,8.44;14.7;88;37.5;86.4;58;A_QUALIFIER;
Etats-Unis;us_mbta;Uphams Corner;us_mbta|uphamscorner@42.32,-71.07;17.2;103;100;100;0;EXCLUE;100 % des mouvements sous 60 s , aucun retard superieur a 5 min , dispersion 0.0 pt
Etats-Unis;us_mbta;Blue Hill Avenue;us_mbta|bluehillavenue@42.27,-71.10;13.2;79;100;100;0;EXCLUE;source rejetee en bloc
Allemagne;de_gtfsde;Leipzig-Möckern;de_gtfsde|leipzigmckern@51.36,12.35;13.6;68;63.2;94.1;36.8;A_QUALIFIER;
Allemagne;de_gtfsde;;de_gtfsde|82764;15.3;61;52.5;90.2;42.6;A_QUALIFIER;
Allemagne;de_gtfsde;;de_gtfsde|400344;13;52;51.9;84.6;42.3;A_QUALIFIER;
Allemagne;de_gtfsde;;de_gtfsde|55440;16.5;66;87.9;100;12.1;QUARANTAINE;aucun retard superieur a 5 min
Allemagne;de_gtfsde;Löhne, Remarqueplatz/Bhf;de_gtfsde|lhneremarqueplatzbhf@52.20,8.71;14.8;59;54.2;71.2;30.5;A_QUALIFIER;
France;fr_sncf;Saint-Brieuc;fr_sncf|UIC87473009;2.8;11;45.5;63.6;18.2;A_QUALIFIER;
Pays-Bas;nl_ovapi;Leeuwarden Camminghaburen;nl_ovapi|leeuwardencamminghaburen@53.20,5.84;19.5;78;11.5;98.7;88.5;QUARANTAINE;ponctualite 98.7 %
Pays-Bas;nl_ovapi;De Westereen;nl_ovapi|dewestereen@53.25,6.04;19.5;78;39.7;97.4;60.3;A_QUALIFIER;
Pays-Bas;nl_ovapi;Grijpskerk;nl_ovapi|grijpskerk@53.26,6.31;17.5;70;58.6;97.1;41.4;A_QUALIFIER;
Allemagne;de_gtfsde;Schlierbach-Ziegelhausen, Bhf;de_gtfsde|schlierbachziegelhausenbhf@49.42,8.76;12.8;64;56.3;87.5;40.6;A_QUALIFIER;
France;fr_sncf;Mantes-la-Jolie;fr_sncf|UIC87381509;4;20;65;75;15;A_QUALIFIER;
Allemagne;de_gtfsde;;de_gtfsde|189251;14.5;58;69;93.1;27.6;A_QUALIFIER;
Allemagne;de_gtfsde;;de_gtfsde|473703;6.5;26;80.8;100;19.2;QUARANTAINE;aucun retard superieur a 5 min
Allemagne;de_gtfsde;;de_gtfsde|228298;15.5;62;17.7;53.2;61.3;A_QUALIFIER;
Allemagne;de_gtfsde;;de_gtfsde|630071;12.5;50;30;72;66;A_QUALIFIER;
Allemagne;de_gtfsde;;de_gtfsde|406978;17;68;20.6;38.2;55.9;A_QUALIFIER;
Allemagne;de_gtfsde;;de_gtfsde|620332;10.8;43;60.5;97.7;39.5;A_QUALIFIER;
France;fr_sncf;Brumath;fr_sncf|UIC87212134;2.8;11;72.7;90.9;27.3;A_QUALIFIER;
France;fr_sncf;Saint-Vallier sur Rhône;fr_sncf|UIC87761130;5.3;32;50;68.8;18.8;A_QUALIFIER;
France;fr_sncf;Saint-Rambert-d'Albon;fr_sncf|UIC87761106;5.5;33;45.5;63.6;18.2;A_QUALIFIER;
France;fr_sncf;Saint-Clair - Les Roches;fr_sncf|UIC87722652;6.2;37;54.1;78.4;24.3;A_QUALIFIER;
France;fr_sncf;Bourges;fr_sncf|UIC87576207;3.5;14;100;100;0;QUARANTAINE;100 % des mouvements sous 60 s , aucun retard superieur a 5 min , dispersion 0.0 pt
France;fr_sncf;Redon;fr_sncf|UIC87471300;3.8;15;46.7;73.3;40;A_QUALIFIER;
Pays-Bas;nl_ovapi;Maarheeze;nl_ovapi|maarheeze@51.30,5.63;15.7;94;34;95.7;66;A_QUALIFIER;
France;fr_sncf;Chantilly - Gouvieux;fr_sncf|UIC87276113;7.6;38;63.2;86.8;31.6;A_QUALIFIER;
Australie;au_translink_seq;Rosewood station;au_translink_seq|rosewoodstation@-27.64,152.59;8.8;53;79.2;100;20.8;QUARANTAINE;aucun retard superieur a 5 min
France;fr_sncf;Aix-en-Provence TGV;fr_sncf|UIC87319012;8;48;47.9;66.7;29.2;A_QUALIFIER;
Pays-Bas;nl_ovapi;Geldrop;nl_ovapi|geldrop@51.42,5.55;15.7;94;72.3;95.7;27.7;A_QUALIFIER;
Pays-Bas;nl_ovapi;Heeze;nl_ovapi|heeze@51.39,5.57;16.2;97;61.9;96.9;38.1;A_QUALIFIER;
Allemagne;de_gtfsde;;de_gtfsde|181635;15.3;61;45.9;72.1;45.9;A_QUALIFIER;
Allemagne;de_gtfsde;;de_gtfsde|24312;15;60;71.7;96.7;25;A_QUALIFIER;
Allemagne;de_gtfsde;;de_gtfsde|78758;18.5;74;52.7;86.5;43.2;A_QUALIFIER;
Allemagne;de_gtfsde;;de_gtfsde|614448;12.8;51;74.5;94.1;23.5;A_QUALIFIER;
Allemagne;de_gtfsde;;de_gtfsde|202182;11.8;47;74.5;89.4;23.4;A_QUALIFIER;
Allemagne;de_gtfsde;;de_gtfsde|389850;14.5;58;15.5;31;58.6;A_QUALIFIER;
Allemagne;de_gtfsde;;de_gtfsde|597369;14.5;58;43.1;72.4;51.7;A_QUALIFIER;
Allemagne;de_gtfsde;;de_gtfsde|441655;14.5;58;48.3;86.2;46.6;A_QUALIFIER;
Allemagne;de_gtfsde;Taben, Bahnhof;de_gtfsde|tabenbahnhof@49.55,6.60;8.8;44;68.2;90.9;27.3;A_QUALIFIER;
France;fr_sncf;Saint-Germain-au-Mont-d'Or;fr_sncf|UIC87721282;2.4;12;91.7;91.7;0;QUARANTAINE;dispersion 0.0 pt
France;fr_sncf;Saint-Raphaël Valescure;fr_sncf|UIC87757526;6;36;44.4;75;41.7;A_QUALIFIER;
Pays-Bas;nl_ovapi;Mariënberg;nl_ovapi|marinberg@52.51,6.57;16.5;99;62.6;99;37.4;QUARANTAINE;ponctualite 99.0 %
Pays-Bas;nl_ovapi;Obdam;nl_ovapi|obdam@52.68,4.91;14.5;87;57.5;100;42.5;QUARANTAINE;aucun retard superieur a 5 min
Pays-Bas;nl_ovapi;Utrecht Zuilen;nl_ovapi|utrechtzuilen@52.10,5.09;14.2;85;89.4;96.5;10.6;A_QUALIFIER;
Allemagne;de_gtfsde;;de_gtfsde|492485;9.8;39;30.8;74.4;64.1;A_QUALIFIER;
Allemagne;de_gtfsde;Pleinfeld;de_gtfsde|pleinfeld@49.11,10.98;11.3;45;55.6;86.7;35.6;A_QUALIFIER;
Allemagne;de_gtfsde;Umrathshausen Ort;de_gtfsde|umrathshausenort@47.81,12.33;14.8;59;59.3;84.7;35.6;A_QUALIFIER;
Allemagne;de_gtfsde;;de_gtfsde|20344;14.8;59;64.4;93.2;32.2;A_QUALIFIER;
Allemagne;de_gtfsde;Kreuzstraße;de_gtfsde|kreuzstrae@47.92,11.76;15.8;63;14.3;69.8;79.4;A_QUALIFIER;
Allemagne;de_gtfsde;;de_gtfsde|109906;9.5;38;68.4;94.7;31.6;A_QUALIFIER;
Allemagne;de_gtfsde;;de_gtfsde|612078;15.5;62;30.6;56.5;46.8;A_QUALIFIER;
Etats-Unis;us_mbta;Newmarket;us_mbta|newmarket@42.33,-71.07;17;102;100;100;0;EXCLUE;100 % des mouvements sous 60 s , aucun retard superieur a 5 min , dispersion 0.0 pt
Etats-Unis;us_mta_mnr;;us_mta_mnr|176;8.7;52;50;98.1;50;QUARANTAINE;ponctualite 98.1 %
Etats-Unis;us_mta_mnr;;us_mta_mnr|177;8.3;50;52;98;48;A_QUALIFIER;
France;fr_sncf;Aix-en-Provence;fr_sncf|UIC87751404;4.3;26;69.2;92.3;23.1;A_QUALIFIER;
Allemagne;de_gtfsde;;de_gtfsde|102528;9.8;39;43.6;66.7;48.7;A_QUALIFIER;
Allemagne;de_gtfsde;;de_gtfsde|541036;11.5;46;67.4;93.5;26.1;A_QUALIFIER;
Allemagne;de_gtfsde;;de_gtfsde|30944;14.8;59;62.7;79.7;25.4;A_QUALIFIER;
Allemagne;de_gtfsde;;de_gtfsde|382629;11.8;47;57.4;74.5;25.5;A_QUALIFIER;
Allemagne;de_gtfsde;;de_gtfsde|274104;14;56;53.6;89.3;46.4;A_QUALIFIER;
Allemagne;de_gtfsde;;de_gtfsde|510916;15.3;61;32.8;47.5;32.8;A_QUALIFIER;
Allemagne;de_gtfsde;;de_gtfsde|315797;14.8;59;33.9;57.6;39;A_QUALIFIER;
Allemagne;de_gtfsde;;de_gtfsde|213627;14.3;57;42.1;64.9;40.4;A_QUALIFIER;
Allemagne;de_gtfsde;;de_gtfsde|450509;16.3;65;29.2;92.3;69.2;A_QUALIFIER;
Allemagne;de_gtfsde;;de_gtfsde|28394;11.5;46;84.8;97.8;15.2;A_QUALIFIER;
France;fr_sncf;Blois - Chambord;fr_sncf|UIC87574004;3;12;91.7;91.7;0;QUARANTAINE;dispersion 0.0 pt
France;fr_sncf;Moirans;fr_sncf|UIC87747329;3.3;20;65;80;20;A_QUALIFIER;
Pays-Bas;nl_ovapi;Hardenberg;nl_ovapi|hardenberg@52.57,6.63;16.5;99;46.5;99;53.5;QUARANTAINE;ponctualite 99.0 %
Allemagne;de_gtfsde;;de_gtfsde|118;15.3;61;62.3;96.7;37.7;A_QUALIFIER;
Allemagne;de_gtfsde;;de_gtfsde|639552;14.5;58;53.4;75.9;34.5;A_QUALIFIER;
Allemagne;de_gtfsde;;de_gtfsde|605202;9.8;39;56.4;84.6;30.8;A_QUALIFIER;
Allemagne;de_gtfsde;;de_gtfsde|445663;11.3;45;68.9;93.3;31.1;A_QUALIFIER;
Allemagne;de_gtfsde;;de_gtfsde|581239;11.8;47;74.5;91.5;21.3;A_QUALIFIER;
Allemagne;de_gtfsde;;de_gtfsde|156218;13.5;54;68.5;88.9;25.9;A_QUALIFIER;
Allemagne;de_gtfsde;;de_gtfsde|400692;12.8;51;43.1;82.4;51;A_QUALIFIER;
Allemagne;de_gtfsde;Oberweimar;de_gtfsde|oberweimar@50.97,11.35;6;24;66.7;91.7;33.3;A_QUALIFIER;
France;fr_sncf;Vendenheim;fr_sncf|UIC87212118;3;12;50;75;33.3;A_QUALIFIER;
France;fr_sncf;Lépin-le-Lac - La Bauche;fr_sncf|UIC87741439;5.2;31;45.2;71;38.7;A_QUALIFIER;
France;fr_sncf;Pont-de-Beauvoisin;fr_sncf|UIC87741470;4.8;29;31;72.4;51.7;A_QUALIFIER;
France;fr_sncf;Lunel;fr_sncf|UIC87773408;5.2;31;51.6;67.7;16.1;A_QUALIFIER;
France;fr_sncf;Baillargues;fr_sncf|UIC87773457;6;36;44.4;61.1;22.2;A_QUALIFIER;
Allemagne;de_gtfsde;;de_gtfsde|20202;15.3;61;62.3;91.8;32.8;A_QUALIFIER;
Allemagne;de_gtfsde;;de_gtfsde|113617;10.3;41;46.3;80.5;41.5;A_QUALIFIER;
Allemagne;de_gtfsde;;de_gtfsde|118842;10.8;43;39.5;67.4;55.8;A_QUALIFIER;
Allemagne;de_gtfsde;;de_gtfsde|163501;10.8;43;23.3;55.8;55.8;A_QUALIFIER;
Allemagne;de_gtfsde;;de_gtfsde|273389;9.3;37;43.2;86.5;43.2;A_QUALIFIER;
Allemagne;de_gtfsde;;de_gtfsde|545463;14.8;59;89.8;100;10.2;QUARANTAINE;aucun retard superieur a 5 min
Allemagne;de_gtfsde;;de_gtfsde|166484;15.8;63;87.3;100;12.7;QUARANTAINE;aucun retard superieur a 5 min
Allemagne;de_gtfsde;;de_gtfsde|208846;13.3;53;90.6;100;9.4;QUARANTAINE;aucun retard superieur a 5 min
Allemagne;de_gtfsde;;de_gtfsde|486278;13.5;54;48.1;88.9;48.1;A_QUALIFIER;
Allemagne;de_gtfsde;;de_gtfsde|71375;13;52;38.5;86.5;57.7;A_QUALIFIER;
Allemagne;de_gtfsde;;de_gtfsde|649510;11.3;45;64.4;86.7;33.3;A_QUALIFIER;
France;fr_sncf;Compiègne;fr_sncf|UIC87276691;3;12;75;83.3;16.7;A_QUALIFIER;
France;fr_sncf;Saint-Marcellin;fr_sncf|UIC87761718;5;25;44;60;16;A_QUALIFIER;
Pays-Bas;nl_ovapi;Winschoten;nl_ovapi|winschoten@53.14,7.03;10;50;78;98;22;A_QUALIFIER;
Allemagne;de_gtfsde;GLA West Bf;de_gtfsde|glawestbf@51.58,6.98;11;66;45.5;81.8;43.9;A_QUALIFIER;
France;fr_sncf;Saint-Antoine;fr_sncf|UIC87751826;2.5;15;73.3;86.7;13.3;A_QUALIFIER;
France;fr_sncf;Simiane;fr_sncf|UIC87751438;2.7;16;93.8;93.8;0;QUARANTAINE;dispersion 0.0 pt
France;fr_sncf;Gardanne;fr_sncf|UIC87751420;3;18;88.9;94.4;5.6;A_QUALIFIER;
Etats-Unis;us_mbta;Fairmount;us_mbta|fairmount@42.25,-71.12;12.8;77;100;100;0;EXCLUE;source rejetee en bloc
Allemagne;de_gtfsde;;de_gtfsde|226154;7.5;30;50;80;40;A_QUALIFIER;
Allemagne;de_gtfsde;;de_gtfsde|268460;14.8;59;42.4;72.9;44.1;A_QUALIFIER;
Allemagne;de_gtfsde;;de_gtfsde|99291;9.8;39;59;87.2;28.2;A_QUALIFIER;
Allemagne;de_gtfsde;;de_gtfsde|281484;10.3;41;61;92.7;31.7;A_QUALIFIER;
Allemagne;de_gtfsde;;de_gtfsde|398442;13;52;55.8;86.5;34.6;A_QUALIFIER;
Allemagne;de_gtfsde;;de_gtfsde|8569;14;56;46.4;78.6;46.4;A_QUALIFIER;
Allemagne;de_gtfsde;;de_gtfsde|519560;13;52;46.2;76.9;46.2;A_QUALIFIER;
Allemagne;de_gtfsde;;de_gtfsde|358266;14;56;35.7;78.6;60.7;A_QUALIFIER;
Allemagne;de_gtfsde;Appenweier Bahnhof;de_gtfsde|appenweierbahnhof@48.54,7.97;12.8;64;46.9;81.3;42.2;A_QUALIFIER;
Allemagne;de_gtfsde;;de_gtfsde|314577;13.5;54;31.5;75.9;57.4;A_QUALIFIER;
France;fr_sncf;Givors Ville;fr_sncf|UIC87722405;4.3;26;61.5;88.5;26.9;A_QUALIFIER;
Pays-Bas;nl_ovapi;Scheemda;nl_ovapi|scheemda@53.17,6.98;11;55;58.2;98.2;41.8;QUARANTAINE;ponctualite 98.2 %
France;fr_sncf;Lyon Jean Macé;fr_sncf|UIC87282624;6.5;39;69.2;79.5;15.4;A_QUALIFIER;
France;fr_sncf;Laval;fr_sncf|UIC87478404;2.3;14;50;64.3;28.6;A_QUALIFIER;
Allemagne;de_gtfsde;Sluknov;de_gtfsde|sluknov@51.01,14.46;14.5;58;53.4;67.2;22.4;A_QUALIFIER;
Allemagne;de_gtfsde;;de_gtfsde|47738;8.5;34;55.9;82.4;26.5;A_QUALIFIER;
Allemagne;de_gtfsde;;de_gtfsde|98278;8;32;62.5;84.4;25;A_QUALIFIER;
Allemagne;de_gtfsde;;de_gtfsde|483914;9.3;37;62.2;91.9;29.7;A_QUALIFIER;
Allemagne;de_gtfsde;;de_gtfsde|340034;6.3;25;40;60;36;A_QUALIFIER;
Allemagne;de_gtfsde;;de_gtfsde|640002;12.3;49;22.4;71.4;71.4;A_QUALIFIER;
Allemagne;de_gtfsde;;de_gtfsde|191592;15.5;62;61.3;91.9;33.9;A_QUALIFIER;
Allemagne;de_gtfsde;;de_gtfsde|167508;14.8;59;66.1;94.9;30.5;A_QUALIFIER;
Allemagne;de_gtfsde;;de_gtfsde|279346;7.8;31;51.6;87.1;45.2;A_QUALIFIER;
Allemagne;de_gtfsde;;de_gtfsde|468628;10.3;41;53.7;68.3;17.1;A_QUALIFIER;
France;fr_sncf;Beauvais;fr_sncf|UIC87313510;3.5;14;92.9;100;7.1;QUARANTAINE;aucun retard superieur a 5 min
Pays-Bas;nl_ovapi;Maastricht Randwyck;nl_ovapi|maastrichtrandwyck@50.84,5.72;15;60;93.3;100;6.7;QUARANTAINE;aucun retard superieur a 5 min
Australie;au_translink_seq;Ascot station;au_translink_seq|ascotstation@-27.43,153.06;6.8;41;51.2;100;48.8;QUARANTAINE;aucun retard superieur a 5 min
France;fr_sncf;Rive-de-Gier;fr_sncf|UIC87726331;4.2;25;72;84;20;A_QUALIFIER;
France;fr_sncf;Saint-Chamond;fr_sncf|UIC87726307;3.8;23;69.6;82.6;17.4;A_QUALIFIER;
France;fr_sncf;Rumilly;fr_sncf|UIC87746149;4.7;28;50;71.4;28.6;A_QUALIFIER;
France;fr_sncf;Bourg-en-Bresse;fr_sncf|UIC87743005;3;15;53.3;86.7;46.7;A_QUALIFIER;
France;fr_sncf;Lorient;fr_sncf|UIC87476002;3.2;16;62.5;75;31.3;A_QUALIFIER;
Allemagne;de_gtfsde;;de_gtfsde|228502;10.8;43;58.1;79.1;30.2;A_QUALIFIER;
Allemagne;de_gtfsde;;de_gtfsde|12852;12;48;75;100;25;QUARANTAINE;aucun retard superieur a 5 min
Allemagne;de_gtfsde;;de_gtfsde|269979;13.3;53;64.2;90.6;32.1;A_QUALIFIER;
Allemagne;de_gtfsde;;de_gtfsde|207127;13.3;53;32.1;62.3;52.8;A_QUALIFIER;
Allemagne;de_gtfsde;;de_gtfsde|592693;6;24;33.3;62.5;37.5;A_QUALIFIER;
Allemagne;de_gtfsde;;de_gtfsde|543041;14.3;57;49.1;82.5;38.6;A_QUALIFIER;
Allemagne;de_gtfsde;;de_gtfsde|388345;8.5;34;79.4;100;20.6;QUARANTAINE;aucun retard superieur a 5 min
Allemagne;de_gtfsde;;de_gtfsde|149352;15;60;46.7;80;48.3;A_QUALIFIER;
Allemagne;de_gtfsde;;de_gtfsde|133477;16.8;67;34.3;79.1;56.7;A_QUALIFIER;
Allemagne;de_gtfsde;;de_gtfsde|461302;13.3;53;73.6;90.6;22.6;A_QUALIFIER;
France;fr_sncf;Mitry - Claye;fr_sncf|UIC87271528;10.8;43;69.8;93;27.9;A_QUALIFIER;
Pays-Bas;nl_ovapi;Apeldoorn Osseveld;nl_ovapi|apeldoornosseveld@52.22,6.01;14.5;87;56.3;90.8;43.7;A_QUALIFIER;
Pays-Bas;nl_ovapi;Twello;nl_ovapi|twello@52.24,6.10;15.2;91;76.9;92.3;23.1;A_QUALIFIER;
Etats-Unis;us_mta_lirr;;us_mta_lirr|91;12.6;63;25.4;74.6;74.6;A_QUALIFIER;
Australie;au_translink_seq;Hendra station;au_translink_seq|hendrastation@-27.42,153.06;6.3;38;52.6;100;47.4;QUARANTAINE;aucun retard superieur a 5 min
Australie;au_translink_seq;Clayfield station;au_translink_seq|clayfieldstation@-27.42,153.06;6;36;75;100;25;QUARANTAINE;aucun retard superieur a 5 min
Etats-Unis;us_mta_mnr;;us_mta_mnr|160;14;84;23.8;82.1;73.8;A_QUALIFIER;
Etats-Unis;us_mta_mnr;;us_mta_mnr|158;13.7;82;22;80.5;74.4;A_QUALIFIER;
Etats-Unis;us_mta_mnr;;us_mta_mnr|161;14.2;85;23.5;82.4;74.1;A_QUALIFIER;
Etats-Unis;us_mta_mnr;;us_mta_mnr|162;14;84;22.6;83.3;75;A_QUALIFIER;
Etats-Unis;us_mta_mnr;;us_mta_mnr|163;12.7;76;23.7;84.2;73.7;A_QUALIFIER;
Etats-Unis;us_mta_mnr;;us_mta_mnr|164;10.8;65;27.7;86.2;69.2;A_QUALIFIER;
Etats-Unis;us_mta_mnr;;us_mta_mnr|165;8.5;51;33.3;90.2;64.7;A_QUALIFIER;
Allemagne;de_gtfsde;;de_gtfsde|446264;11.3;45;66.7;88.9;28.9;A_QUALIFIER;
Allemagne;de_gtfsde;;de_gtfsde|119684;12;48;43.8;85.4;50;A_QUALIFIER;
Allemagne;de_gtfsde;Potsdam, Park Sanssouci Bhf;de_gtfsde|potsdamparksanssoucibhf@52.39,13.02;8.3;33;66.7;84.8;21.2;A_QUALIFIER;
Allemagne;de_gtfsde;;de_gtfsde|159692;9.5;38;86.8;100;13.2;QUARANTAINE;aucun retard superieur a 5 min
Allemagne;de_gtfsde;;de_gtfsde|70546;11;44;59.1;77.3;31.8;A_QUALIFIER;
Allemagne;de_gtfsde;;de_gtfsde|249873;12.8;51;58.8;82.4;31.4;A_QUALIFIER;
Allemagne;de_gtfsde;;de_gtfsde|36832;13.8;55;36.4;70.9;43.6;A_QUALIFIER;
Allemagne;de_gtfsde;;de_gtfsde|286311;7;28;42.9;64.3;35.7;A_QUALIFIER;
Allemagne;de_gtfsde;;de_gtfsde|604800;7.5;30;46.7;66.7;33.3;A_QUALIFIER;
Allemagne;de_gtfsde;;de_gtfsde|135066;8.5;34;47.1;73.5;32.4;A_QUALIFIER;
Allemagne;de_gtfsde;;de_gtfsde|417522;12.8;51;39.2;80.4;54.9;A_QUALIFIER;
Allemagne;de_gtfsde;Schallstadt Bahnhof;de_gtfsde|schallstadtbahnhof@47.96,7.75;14.8;59;69.5;91.5;23.7;A_QUALIFIER;
Allemagne;de_gtfsde;;de_gtfsde|638657;9.8;39;51.3;92.3;43.6;A_QUALIFIER;
Allemagne;de_gtfsde;;de_gtfsde|130851;11.5;46;84.8;97.8;15.2;A_QUALIFIER;
France;fr_sncf;Rosheim;fr_sncf|UIC87214320;2.5;10;100;100;0;QUARANTAINE;100 % des mouvements sous 60 s , aucun retard superieur a 5 min , dispersion 0.0 pt
France;fr_sncf;Barr;fr_sncf|UIC87214247;3.3;13;84.6;84.6;15.4;A_QUALIFIER;
Australie;au_translink_seq;Doomben station;au_translink_seq|doombenstation@-27.43,153.07;6.2;37;56.8;100;43.2;QUARANTAINE;aucun retard superieur a 5 min
Etats-Unis;us_mbta;Route 128;us_mbta|route128@42.21,-71.15;13.5;81;100;100;0;EXCLUE;source rejetee en bloc
Allemagne;de_gtfsde;;de_gtfsde|381942;11;44;38.6;79.5;47.7;A_QUALIFIER;
Allemagne;de_gtfsde;;de_gtfsde|72721;13.8;55;32.7;70.9;56.4;A_QUALIFIER;
Allemagne;de_gtfsde;;de_gtfsde|548300;6.8;27;37;66.7;48.1;A_QUALIFIER;
Allemagne;de_gtfsde;;de_gtfsde|260901;13;52;36.5;71.2;53.8;A_QUALIFIER;
Allemagne;de_gtfsde;;de_gtfsde|271935;15;60;35;70;53.3;A_QUALIFIER;
Allemagne;de_gtfsde;;de_gtfsde|609323;7.5;30;56.7;93.3;43.3;A_QUALIFIER;
Allemagne;de_gtfsde;;de_gtfsde|239801;10.5;42;64.3;88.1;35.7;A_QUALIFIER;
Allemagne;de_gtfsde;;de_gtfsde|388851;14.8;59;67.8;94.9;30.5;A_QUALIFIER;
Allemagne;de_gtfsde;;de_gtfsde|328105;15.3;61;57.4;82;29.5;A_QUALIFIER;
Allemagne;de_gtfsde;;de_gtfsde|104584;3.3;13;53.8;61.5;15.4;A_QUALIFIER;
Allemagne;de_gtfsde;Hodenhagen;de_gtfsde|hodenhagen@52.77,9.60;7.3;29;24.1;79.3;72.4;A_QUALIFIER;
France;fr_sncf;Frontignan;fr_sncf|UIC87773556;5.3;32;37.5;62.5;28.1;A_QUALIFIER;
France;fr_sncf;Dorlisheim;fr_sncf|UIC87214338;3.3;13;100;100;0;QUARANTAINE;100 % des mouvements sous 60 s , aucun retard superieur a 5 min , dispersion 0.0 pt
France;fr_sncf;Bischoffsheim;fr_sncf|UIC87214296;3;12;91.7;100;8.3;QUARANTAINE;aucun retard superieur a 5 min
France;fr_sncf;Obernai;fr_sncf|UIC87214288;2.8;11;100;100;0;QUARANTAINE;100 % des mouvements sous 60 s , aucun retard superieur a 5 min , dispersion 0.0 pt
France;fr_sncf;La Teste;fr_sncf|UIC87582643;6.5;26;69.2;92.3;26.9;A_QUALIFIER;
Pays-Bas;nl_ovapi;Vught;nl_ovapi|vught@51.66,5.29;16.4;82;43.9;97.6;54.9;A_QUALIFIER;
Etats-Unis;us_mbta;Attleboro;us_mbta|attleboro@41.94,-71.29;9.8;49;100;100;0;EXCLUE;source rejetee en bloc
Etats-Unis;us_mta_lirr;;us_mta_lirr|220;13.6;68;55.9;88.2;38.2;A_QUALIFIER;
Etats-Unis;us_mta_lirr;;us_mta_lirr|29;13.6;68;48.5;89.7;47.1;A_QUALIFIER;
France;fr_sncf;Albens;fr_sncf|UIC87746115;3.8;19;52.6;73.7;21.1;A_QUALIFIER;
Allemagne;de_gtfsde;;de_gtfsde|620514;4.3;17;52.9;70.6;23.5;A_QUALIFIER;
Allemagne;de_gtfsde;;de_gtfsde|152442;11.5;46;50;84.8;43.5;A_QUALIFIER;
Allemagne;de_gtfsde;;de_gtfsde|285857;11.8;47;36.2;63.8;53.2;A_QUALIFIER;
Allemagne;de_gtfsde;;de_gtfsde|291893;14.8;59;81.4;94.9;15.3;A_QUALIFIER;
France;fr_sncf;Persan - Beaumont;fr_sncf|UIC87276469;2.5;10;100;100;0;QUARANTAINE;100 % des mouvements sous 60 s , aucun retard superieur a 5 min , dispersion 0.0 pt
France;fr_sncf;Champagne-Ardenne TGV;fr_sncf|UIC87171926;3.5;21;61.9;66.7;14.3;A_QUALIFIER;
Pays-Bas;nl_ovapi;Bunnik;nl_ovapi|bunnik@52.06,5.20;13.5;81;77.8;98.8;22.2;QUARANTAINE;ponctualite 98.8 %
Etats-Unis;us_mbta;Pawtucket/Central Falls;us_mbta|pawtucketcentralfalls@41.88,-71.39;10.2;51;100;100;0;EXCLUE;source rejetee en bloc
Etats-Unis;us_mta_lirr;;us_mta_lirr|20;15.4;77;55.8;84.4;40.3;A_QUALIFIER;
Allemagne;de_gtfsde;;de_gtfsde|317600;10.8;43;60.5;86;34.9;A_QUALIFIER;
Allemagne;de_gtfsde;;de_gtfsde|306806;14;56;44.6;94.6;55.4;A_QUALIFIER;
Allemagne;de_gtfsde;;de_gtfsde|588716;13.8;55;52.7;96.4;47.3;A_QUALIFIER;
Allemagne;de_gtfsde;;de_gtfsde|88808;11.3;45;62.2;95.6;37.8;A_QUALIFIER;
Allemagne;de_gtfsde;;de_gtfsde|419935;11;44;45.5;88.6;54.5;A_QUALIFIER;
Allemagne;de_gtfsde;;de_gtfsde|529704;5.5;22;72.7;81.8;13.6;A_QUALIFIER;
Allemagne;de_gtfsde;;de_gtfsde|403169;10.3;41;56.1;90.2;43.9;A_QUALIFIER;
Allemagne;de_gtfsde;;de_gtfsde|575661;13.5;54;75.9;96.3;22.2;A_QUALIFIER;
France;fr_sncf;Saint-Amand-les-Eaux;fr_sncf|UIC87343103;3.5;14;71.4;78.6;14.3;A_QUALIFIER;
France;fr_sncf;Rognac;fr_sncf|UIC87753251;5;25;68;92;28;A_QUALIFIER;
Allemagne;de_gtfsde;Oberlichtenau;de_gtfsde|oberlichtenau@50.91,12.96;12.3;74;64.9;83.8;25.7;A_QUALIFIER;
Etats-Unis;us_mbta;Canton Junction;us_mbta|cantonjunction@42.16,-71.15;15.5;93;100;100;0;EXCLUE;source rejetee en bloc
Allemagne;de_gtfsde;;de_gtfsde|323010;14;56;71.4;92.9;25;A_QUALIFIER;
Allemagne;de_gtfsde;;de_gtfsde|878;11.8;47;66;87.2;29.8;A_QUALIFIER;
Allemagne;de_gtfsde;;de_gtfsde|31734;10.8;43;34.9;62.8;44.2;A_QUALIFIER;
Allemagne;de_gtfsde;;de_gtfsde|181079;12.5;50;14;98;86;A_QUALIFIER;
Allemagne;de_gtfsde;;de_gtfsde|246993;12.3;49;40.8;89.8;55.1;A_QUALIFIER;
Allemagne;de_gtfsde;;de_gtfsde|228101;12.5;50;78;96;20;A_QUALIFIER;
Allemagne;de_gtfsde;;de_gtfsde|445350;10.8;43;39.5;69.8;37.2;A_QUALIFIER;
Allemagne;de_gtfsde;;de_gtfsde|58697;13.3;53;43.4;73.6;47.2;A_QUALIFIER;
Allemagne;de_gtfsde;;de_gtfsde|336906;14.3;57;43.9;78.9;50.9;A_QUALIFIER;
Allemagne;de_gtfsde;;de_gtfsde|239395;12.5;50;48;80;46;A_QUALIFIER;
Allemagne;de_gtfsde;Iserl., Letmathe Bf;de_gtfsde|iserlletmathebf@51.36,7.62;8.8;44;61.4;81.8;29.5;A_QUALIFIER;
Etats-Unis;us_mbta;Middleborough;us_mbta|middleborough@41.89,-70.92;9.6;48;100;100;0;EXCLUE;source rejetee en bloc
Etats-Unis;us_mbta;Norwood Central;us_mbta|norwoodcentral@42.19,-71.20;10.8;54;100;100;0;EXCLUE;source rejetee en bloc
Etats-Unis;us_mta_lirr;;us_mta_lirr|59;13.4;67;59.7;89.6;35.8;A_QUALIFIER;
Allemagne;de_gtfsde;Rollhofen;de_gtfsde|rollhofen@49.54,11.34;9.2;55;70.9;100;29.1;QUARANTAINE;aucun retard superieur a 5 min
Allemagne;de_gtfsde;Speele;de_gtfsde|speele@51.38,9.56;11.3;68;76.5;92.6;17.6;A_QUALIFIER;
Etats-Unis;us_mbta;Framingham;us_mbta|framingham@42.28,-71.42;11.5;69;100;100;0;EXCLUE;source rejetee en bloc
Allemagne;de_gtfsde;;de_gtfsde|44954;12.5;50;58;94;42;A_QUALIFIER;
Allemagne;de_gtfsde;;de_gtfsde|246220;10;40;40;85;57.5;A_QUALIFIER;
Allemagne;de_gtfsde;;de_gtfsde|237021;9;36;58.3;88.9;36.1;A_QUALIFIER;
Allemagne;de_gtfsde;;de_gtfsde|667932;8.3;33;42.4;84.8;54.5;A_QUALIFIER;
Allemagne;de_gtfsde;;de_gtfsde|278394;12.3;49;81.6;93.9;18.4;A_QUALIFIER;
Allemagne;de_gtfsde;;de_gtfsde|213946;8.3;33;48.5;78.8;48.5;A_QUALIFIER;
Allemagne;de_gtfsde;;de_gtfsde|643532;12.3;49;73.5;95.9;24.5;A_QUALIFIER;
Allemagne;de_gtfsde;;de_gtfsde|56130;13.8;55;40;74.5;49.1;A_QUALIFIER;
France;fr_sncf;Crépy-en-Valois;fr_sncf|UIC87271593;4.5;18;72.2;94.4;22.2;A_QUALIFIER;
France;fr_sncf;Romans - Bourg-de-Péage;fr_sncf|UIC87761650;6.4;32;40.6;56.3;25;A_QUALIFIER;
France;fr_sncf;Pessac-Alouette;fr_sncf|UIC87581793;5.8;23;47.8;91.3;47.8;A_QUALIFIER;
France;fr_sncf;Gazinet - Cestas;fr_sncf|UIC87582403;5.3;21;52.4;90.5;42.9;A_QUALIFIER;
France;fr_sncf;Marcheprime;fr_sncf|UIC87582445;4.8;19;57.9;94.7;36.8;A_QUALIFIER;
France;fr_sncf;Le Teich;fr_sncf|UIC87582601;6.3;25;60;96;40;A_QUALIFIER;
France;fr_sncf;Gujan-Mestras;fr_sncf|UIC87582619;6.8;27;63;96.3;37;A_QUALIFIER;
France;fr_sncf;La Hume;fr_sncf|UIC87582635;6.8;27;66.7;92.6;29.6;A_QUALIFIER;
Etats-Unis;us_mta_lirr;;us_mta_lirr|44;12.8;64;64.1;89.1;31.3;A_QUALIFIER;
Etats-Unis;us_mta_mnr;;us_mta_mnr|167;0;0;0;0;0;QUARANTAINE;dispersion 0.0 pt
Etats-Unis;us_mta_mnr;;us_mta_mnr|168;0;0;0;0;0;QUARANTAINE;dispersion 0.0 pt
Etats-Unis;us_mta_mnr;;us_mta_mnr|169;0;0;0;0;0;QUARANTAINE;dispersion 0.0 pt
Etats-Unis;us_mta_mnr;;us_mta_mnr|170;0;0;0;0;0;QUARANTAINE;dispersion 0.0 pt
Etats-Unis;us_mta_mnr;;us_mta_mnr|171;0;0;0;0;0;QUARANTAINE;dispersion 0.0 pt
France;fr_sncf;Quimper;fr_sncf|UIC87474098;3.7;22;90.9;90.9;4.5;A_QUALIFIER;
France;fr_sncf;Massy-Palaiseau;fr_sncf|UIC87393579;7.4;37;81.1;91.9;10.8;A_QUALIFIER;
France;fr_sncf;Brest;fr_sncf|UIC87474007;4;20;90;100;10;QUARANTAINE;aucun retard superieur a 5 min
France;fr_sncf;Épernon;fr_sncf|UIC87394114;3.2;16;68.8;81.3;18.8;A_QUALIFIER;
France;fr_sncf;Maintenon;fr_sncf|UIC87394130;3.4;17;58.8;76.5;23.5;A_QUALIFIER;
Allemagne;de_gtfsde;;de_gtfsde|91051;7.3;29;55.2;89.7;41.4;A_QUALIFIER;
Allemagne;de_gtfsde;;de_gtfsde|318031;7.8;31;58.1;77.4;29;A_QUALIFIER;
Allemagne;de_gtfsde;;de_gtfsde|432692;11.3;45;42.2;86.7;57.8;A_QUALIFIER;
Allemagne;de_gtfsde;;de_gtfsde|12883;10;40;50;87.5;45;A_QUALIFIER;
Allemagne;de_gtfsde;;de_gtfsde|636189;14.5;58;70.7;84.5;19;A_QUALIFIER;
Allemagne;de_gtfsde;;de_gtfsde|663604;11.8;47;89.4;97.9;8.5;A_QUALIFIER;
Allemagne;de_gtfsde;;de_gtfsde|321722;16.5;66;39.4;72.7;48.5;A_QUALIFIER;
Allemagne;de_gtfsde;;de_gtfsde|166568;11.3;45;40;82.2;51.1;A_QUALIFIER;
Allemagne;de_gtfsde;;de_gtfsde|6079;4.8;19;42.1;73.7;47.4;A_QUALIFIER;
France;fr_sncf;Dourdan;fr_sncf|UIC87545525;5.8;23;60.9;73.9;39.1;A_QUALIFIER;
France;fr_sncf;Lens;fr_sncf|UIC87345025;2;8;100;100;0;QUARANTAINE;100 % des mouvements sous 60 s , aucun retard superieur a 5 min , dispersion 0.0 pt
France;fr_sncf;Pau;fr_sncf|UIC87672006;4.3;26;73.1;92.3;19.2;A_QUALIFIER;
France;fr_sncf;Vergèze - Codognan;fr_sncf|UIC87775114;4.3;26;42.3;57.7;19.2;A_QUALIFIER;
Allemagne;de_gtfsde;Peiting Nord;de_gtfsde|peitingnord@47.80,10.93;9.6;48;45.8;93.8;52.1;A_QUALIFIER;
Pays-Bas;nl_ovapi;Didam;nl_ovapi|didam@51.93,6.13;14.4;72;41.7;95.8;55.6;A_QUALIFIER;
Etats-Unis;us_mbta;Brockton;us_mbta|brockton@42.08,-71.02;7;35;100;100;0;EXCLUE;source rejetee en bloc
Etats-Unis;us_mta_lirr;;us_mta_lirr|33;12.2;61;70.5;93.4;27.9;A_QUALIFIER;
Allemagne;de_gtfsde;;de_gtfsde|513140;13.5;54;50;87;50;A_QUALIFIER;
Allemagne;de_gtfsde;;de_gtfsde|621427;10;40;27.5;72.5;65;A_QUALIFIER;
Allemagne;de_gtfsde;;de_gtfsde|4987;6.5;26;69.2;92.3;30.8;A_QUALIFIER;
Allemagne;de_gtfsde;;de_gtfsde|295671;14;56;55.4;83.9;35.7;A_QUALIFIER;
Allemagne;de_gtfsde;;de_gtfsde|646453;5.3;21;57.1;90.5;42.9;A_QUALIFIER;
Allemagne;de_gtfsde;;de_gtfsde|193337;8.5;34;58.8;88.2;32.4;A_QUALIFIER;
Allemagne;de_gtfsde;;de_gtfsde|385373;10.5;42;57.1;88.1;38.1;A_QUALIFIER;
Allemagne;de_gtfsde;;de_gtfsde|37611;9.3;37;81.1;100;18.9;QUARANTAINE;aucun retard superieur a 5 min
Allemagne;de_gtfsde;;de_gtfsde|545100;13;52;69.2;96.2;30.8;A_QUALIFIER;
Allemagne;de_gtfsde;;de_gtfsde|309435;11;44;56.8;79.5;36.4;A_QUALIFIER;
Allemagne;de_gtfsde;;de_gtfsde|546202;10.8;43;69.8;81.4;25.6;A_QUALIFIER;
Allemagne;de_gtfsde;;de_gtfsde|563699;12.5;50;88;98;10;A_QUALIFIER;
Allemagne;de_gtfsde;;de_gtfsde|167094;14.5;58;62.1;84.5;29.3;A_QUALIFIER;
France;fr_sncf;Culoz;fr_sncf|UIC87741074;4.3;26;46.2;69.2;34.6;A_QUALIFIER;
France;fr_sncf;Montélimar;fr_sncf|UIC87764001;5;30;50;76.7;30;A_QUALIFIER;
France;fr_sncf;Les Arcs - Draguignan;fr_sncf|UIC87755447;3.7;22;68.2;86.4;22.7;A_QUALIFIER;
Allemagne;de_gtfsde;Munderkingen Bahnhof;de_gtfsde|munderkingenbahnhof@48.24,9.65;12.4;62;56.5;90.3;41.9;A_QUALIFIER;
Pays-Bas;nl_ovapi;Wehl;nl_ovapi|wehl@51.96,6.21;13.2;66;57.6;95.5;40.9;A_QUALIFIER;
Pays-Bas;nl_ovapi;Doetinchem De Huet;nl_ovapi|doetinchemdehuet@51.96,6.26;13;65;69.2;98.5;29.2;QUARANTAINE;ponctualite 98.5 %
Etats-Unis;us_mbta;Bridgewater;us_mbta|bridgewater@41.98,-70.97;7;35;100;100;0;EXCLUE;source rejetee en bloc
Etats-Unis;us_mbta;Campello;us_mbta|campello@42.06,-71.01;7.8;39;100;100;0;EXCLUE;source rejetee en bloc
Etats-Unis;us_mbta;Windsor Gardens;us_mbta|windsorgardens@42.17,-71.22;10.4;52;100;100;0;EXCLUE;source rejetee en bloc
Etats-Unis;us_mbta;Lansdowne;us_mbta|lansdowne@42.35,-71.10;10.5;63;100;100;0;EXCLUE;source rejetee en bloc
Allemagne;de_gtfsde;;de_gtfsde|555965;12.5;50;50;88;44;A_QUALIFIER;
Allemagne;de_gtfsde;;de_gtfsde|314369;7.5;30;56.7;73.3;33.3;A_QUALIFIER;
Allemagne;de_gtfsde;;de_gtfsde|566189;11.5;46;63;89.1;30.4;A_QUALIFIER;
Allemagne;de_gtfsde;;de_gtfsde|363441;8.8;35;77.1;94.3;20;A_QUALIFIER;
Allemagne;de_gtfsde;Meckenbeuren Kehlen, Bahnhof;de_gtfsde|meckenbeurenkehlenbahnhof@47.68,9.55;10;40;67.5;92.5;30;A_QUALIFIER;
France;fr_sncf;Mer;fr_sncf|UIC87574194;1.5;6;83.3;83.3;0;QUARANTAINE;dispersion 0.0 pt
France;fr_sncf;Beaugency;fr_sncf|UIC87574160;1.8;7;85.7;85.7;0;QUARANTAINE;dispersion 0.0 pt
France;fr_sncf;Meung-sur-Loire;fr_sncf|UIC87574137;2;8;75;87.5;12.5;A_QUALIFIER;
France;fr_sncf;Bernay;fr_sncf|UIC87444299;2.5;10;80;90;10;A_QUALIFIER;
Allemagne;de_gtfsde;Herzberg am Harz;de_gtfsde|herzbergamharz@51.64,10.33;11.2;56;82.1;98.2;17.9;QUARANTAINE;ponctualite 98.2 %
Allemagne;de_gtfsde;Haarhausen;de_gtfsde|haarhausen@50.87,10.91;10;50;56;94;42;A_QUALIFIER;
France;fr_sncf;Villefranche-sur-Saône;fr_sncf|UIC87721332;3.2;16;75;75;12.5;A_QUALIFIER;
Pays-Bas;nl_ovapi;Westervoort;nl_ovapi|westervoort@51.96,5.97;14.6;73;47.9;94.5;47.9;A_QUALIFIER;
Pays-Bas;nl_ovapi;Duiven;nl_ovapi|duiven@51.94,6.01;14.2;71;40.8;94.4;54.9;A_QUALIFIER;
Allemagne;de_gtfsde;Wolmirstedt;de_gtfsde|wolmirstedt@52.25,11.64;10.3;62;50;82.3;40.3;A_QUALIFIER;
France;fr_sncf;Angoulême;fr_sncf|UIC87583005;6.5;39;30.8;61.5;46.2;A_QUALIFIER;
Pays-Bas;nl_ovapi;Haren;nl_ovapi|haren@53.18,6.62;14.7;88;63.6;94.3;35.2;A_QUALIFIER;
Etats-Unis;us_mbta;Boston Landing;us_mbta|bostonlanding@42.36,-71.14;9.5;57;100;100;0;EXCLUE;source rejetee en bloc
Allemagne;de_gtfsde;;de_gtfsde|187554;12;48;50;60.4;27.1;A_QUALIFIER;
Allemagne;de_gtfsde;;de_gtfsde|235743;11.5;46;34.8;78.3;63;A_QUALIFIER;
Allemagne;de_gtfsde;;de_gtfsde|627634;12;48;70.8;95.8;29.2;A_QUALIFIER;
France;fr_sncf;Orange;fr_sncf|UIC87765107;4.8;29;51.7;82.8;44.8;A_QUALIFIER;
France;fr_sncf;Pont-à-Mousson;fr_sncf|UIC87141820;3.3;13;53.8;69.2;30.8;A_QUALIFIER;
Pays-Bas;nl_ovapi;Putten;nl_ovapi|putten@52.27,5.58;13.2;79;64.6;92.4;35.4;A_QUALIFIER;
Pays-Bas;nl_ovapi;'t Harde;nl_ovapi|tharde@52.41,5.89;11.8;71;73.2;88.7;25.4;A_QUALIFIER;
Pays-Bas;nl_ovapi;Hoogeveen;nl_ovapi|hoogeveen@52.73,6.47;15.3;92;75;90.2;17.4;A_QUALIFIER;
Etats-Unis;us_mbta;Montello;us_mbta|montello@42.11,-71.02;7.2;36;100;100;0;EXCLUE;source rejetee en bloc
Etats-Unis;us_mbta;Holbrook/Randolph;us_mbta|holbrookrandolph@42.16,-71.03;7.8;39;100;100;0;EXCLUE;source rejetee en bloc
Allemagne;de_gtfsde;Kraftsdorf;de_gtfsde|kraftsdorf@50.88,11.93;7.2;43;83.7;97.7;16.3;A_QUALIFIER;
Pays-Bas;nl_ovapi;Purmerend Overwhere;nl_ovapi|purmerendoverwhere@52.51,4.97;9.7;58;58.6;94.8;37.9;A_QUALIFIER;
France;fr_sncf;Charleville-Mézières;fr_sncf|UIC87172007;2.2;11;100;100;0;QUARANTAINE;100 % des mouvements sous 60 s , aucun retard superieur a 5 min , dispersion 0.0 pt
Allemagne;de_gtfsde;;de_gtfsde|187656;11.5;46;34.8;78.3;56.5;A_QUALIFIER;
Allemagne;de_gtfsde;;de_gtfsde|514869;8;32;50;84.4;43.8;A_QUALIFIER;
Allemagne;de_gtfsde;;de_gtfsde|283614;12;48;37.5;79.2;47.9;A_QUALIFIER;
Allemagne;de_gtfsde;;de_gtfsde|549051;9.8;39;66.7;97.4;30.8;A_QUALIFIER;
Allemagne;de_gtfsde;;de_gtfsde|30156;10.8;43;55.8;76.7;30.2;A_QUALIFIER;
Allemagne;de_gtfsde;;de_gtfsde|424491;10.8;43;41.9;67.4;39.5;A_QUALIFIER;
Allemagne;de_gtfsde;Oberkirch Bahnhof;de_gtfsde|oberkirchbahnhof@48.53,8.08;6.3;25;48;84;40;A_QUALIFIER;
Allemagne;de_gtfsde;;de_gtfsde|286647;12;48;18.8;70.8;79.2;A_QUALIFIER;
Allemagne;de_gtfsde;;de_gtfsde|538508;10;40;22.5;82.5;72.5;A_QUALIFIER;
Allemagne;de_gtfsde;;de_gtfsde|641333;10.3;41;22;87.8;78;A_QUALIFIER;
France;fr_sncf;Mommenheim;fr_sncf|UIC87212142;1.8;7;85.7;100;14.3;QUARANTAINE;aucun retard superieur a 5 min
France;fr_sncf;Basel SBB;fr_sncf|UIC85000109;1.8;7;57.1;71.4;42.9;A_QUALIFIER;
France;fr_sncf;Longueau;fr_sncf|UIC87313049;2.8;11;72.7;90.9;27.3;A_QUALIFIER;
France;fr_sncf;Orchies;fr_sncf|UIC87286583;3.5;14;78.6;78.6;7.1;A_QUALIFIER;
France;fr_sncf;Auray;fr_sncf|UIC87476200;2.8;17;47.1;82.4;47.1;A_QUALIFIER;
Pays-Bas;nl_ovapi;Ommen;nl_ovapi|ommen@52.51,6.42;14.2;85;60;98.8;40;QUARANTAINE;ponctualite 98.8 %
Pays-Bas;nl_ovapi;Nijkerk;nl_ovapi|nijkerk@52.22,5.49;14.2;85;63.5;92.9;36.5;A_QUALIFIER;
Pays-Bas;nl_ovapi;Ermelo;nl_ovapi|ermelo@52.30,5.61;11.7;70;71.4;92.9;28.6;A_QUALIFIER;
Pays-Bas;nl_ovapi;Harderwijk;nl_ovapi|harderwijk@52.34,5.62;12.8;77;71.4;93.5;28.6;A_QUALIFIER;
Pays-Bas;nl_ovapi;Nunspeet;nl_ovapi|nunspeet@52.37,5.78;12.2;73;65.8;91.8;32.9;A_QUALIFIER;
Pays-Bas;nl_ovapi;Wezep;nl_ovapi|wezep@52.45,6.00;7.2;43;65.1;88.4;34.9;A_QUALIFIER;
France;fr_sncf;Tullins Fures;fr_sncf|UIC87761759;2.8;14;50;78.6;28.6;A_QUALIFIER;
Allemagne;de_gtfsde;;de_gtfsde|612837;10;40;60;82.5;30;A_QUALIFIER;
Allemagne;de_gtfsde;;de_gtfsde|153311;9.5;38;26.3;55.3;52.6;A_QUALIFIER;
Allemagne;de_gtfsde;;de_gtfsde|297813;10.8;43;27.9;60.5;53.5;A_QUALIFIER;
Allemagne;de_gtfsde;;de_gtfsde|317403;11;44;52.3;84.1;43.2;A_QUALIFIER;
Allemagne;de_gtfsde;;de_gtfsde|97270;6.5;26;50;88.5;50;A_QUALIFIER;
France;fr_sncf;Arles;fr_sncf|UIC87753657;4.3;26;53.8;80.8;34.6;A_QUALIFIER;
France;fr_sncf;Cannes La Bocca;fr_sncf|UIC87757617;3;12;75;91.7;16.7;A_QUALIFIER;
Pays-Bas;nl_ovapi;Enschede Kennispark;nl_ovapi|enschedekennispark@52.24,6.84;8.8;53;60.4;94.3;39.6;A_QUALIFIER;
Pays-Bas;nl_ovapi;Beilen;nl_ovapi|beilen@52.85,6.52;13.7;82;78;91.5;17.1;A_QUALIFIER;
France;fr_sncf;Hendaye;fr_sncf|UIC87677005;4.4;22;81.8;86.4;4.5;A_QUALIFIER;
France;fr_sncf;L'Estaque;fr_sncf|UIC87751602;5;25;64;88;28;A_QUALIFIER;
Pays-Bas;nl_ovapi;Emmen;nl_ovapi|emmen@52.79,6.90;11.7;70;71.4;100;28.6;QUARANTAINE;aucun retard superieur a 5 min
Allemagne;de_gtfsde;;de_gtfsde|369347;10;40;30;57.5;35;A_QUALIFIER;
Allemagne;de_gtfsde;;de_gtfsde|87969;9.8;39;41;69.2;48.7;A_QUALIFIER;
Allemagne;de_gtfsde;;de_gtfsde|45452;9.8;39;79.5;87.2;15.4;A_QUALIFIER;
Allemagne;de_gtfsde;;de_gtfsde|96685;12.3;49;59.2;95.9;40.8;A_QUALIFIER;
Allemagne;de_gtfsde;;de_gtfsde|168036;9;36;50;83.3;44.4;A_QUALIFIER;
Allemagne;de_gtfsde;;de_gtfsde|364085;6.3;25;64;96;32;A_QUALIFIER;
Allemagne;de_gtfsde;;de_gtfsde|153215;11.5;46;60.9;80.4;23.9;A_QUALIFIER;
Allemagne;de_gtfsde;;de_gtfsde|225806;12.8;51;13.7;62.7;86.3;A_QUALIFIER;
France;fr_sncf;Onzain - Chaumont-sur-Loire;fr_sncf|UIC87574319;1.8;7;85.7;85.7;0;QUARANTAINE;dispersion 0.0 pt
France;fr_sncf;Goxwiller;fr_sncf|UIC87214270;2.5;10;100;100;0;QUARANTAINE;100 % des mouvements sous 60 s , aucun retard superieur a 5 min , dispersion 0.0 pt
Pays-Bas;nl_ovapi;Landgraaf;nl_ovapi|landgraaf@50.90,6.02;11.8;47;53.2;95.7;46.8;A_QUALIFIER;
France;fr_sncf;Saint-Jean-de-Luz - Ciboure;fr_sncf|UIC87677120;3.8;19;68.4;84.2;21.1;A_QUALIFIER;
Allemagne;de_gtfsde;Baltersweiler;de_gtfsde|baltersweiler@49.49,7.17;8.5;51;49;88.2;47.1;A_QUALIFIER;
Pays-Bas;nl_ovapi;Emmen Zuid;nl_ovapi|emmenzuid@52.75,6.87;12.3;74;74.3;100;25.7;QUARANTAINE;aucun retard superieur a 5 min
Etats-Unis;us_mbta;West Natick;us_mbta|westnatick@42.28,-71.39;10.2;61;100;100;0;EXCLUE;source rejetee en bloc
Allemagne;de_gtfsde;;de_gtfsde|499594;8.5;34;94.1;97.1;5.9;A_QUALIFIER;
Allemagne;de_gtfsde;;de_gtfsde|618594;12.5;50;92;100;8;QUARANTAINE;aucun retard superieur a 5 min
Allemagne;de_gtfsde;;de_gtfsde|545269;14;56;28.6;55.4;48.2;A_QUALIFIER;
Allemagne;de_gtfsde;;de_gtfsde|211196;8.8;35;37.1;77.1;45.7;A_QUALIFIER;
France;fr_sncf;Erstein;fr_sncf|UIC87214148;2.3;9;77.8;88.9;11.1;A_QUALIFIER;
France;fr_sncf;Benfeld;fr_sncf|UIC87214122;2.8;11;72.7;90.9;18.2;A_QUALIFIER;
France;fr_sncf;Amboise;fr_sncf|UIC87574343;2;8;87.5;87.5;0;QUARANTAINE;dispersion 0.0 pt
France;fr_sncf;Saint-Dié-des-Vosges;fr_sncf|UIC87144014;3.6;18;83.3;88.9;5.6;A_QUALIFIER;
France;fr_sncf;Marseille Blancarde;fr_sncf|UIC87751081;3.8;19;78.9;94.7;15.8;A_QUALIFIER;
France;fr_sncf;Biarritz;fr_sncf|UIC87673400;2.8;14;85.7;100;14.3;QUARANTAINE;aucun retard superieur a 5 min
Pays-Bas;nl_ovapi;Dalfsen;nl_ovapi|dalfsen@52.50,6.26;13.3;80;58.8;98.8;41.3;QUARANTAINE;ponctualite 98.8 %
Pays-Bas;nl_ovapi;Coevorden;nl_ovapi|coevorden@52.66,6.74;13.3;80;78.8;98.8;21.3;QUARANTAINE;ponctualite 98.8 %
Etats-Unis;us_mbta;Mansfield;us_mbta|mansfield@42.03,-71.22;9;54;100;100;0;EXCLUE;source rejetee en bloc
France;fr_sncf;Épinal;fr_sncf|UIC87144006;3.2;19;89.5;89.5;5.3;A_QUALIFIER;
France;fr_sncf;Picon Busserine;fr_sncf|UIC87759290;2.2;13;76.9;92.3;23.1;A_QUALIFIER;
France;fr_sncf;Sainte-Marthe en Provence;fr_sncf|UIC87751842;2;12;75;91.7;25;A_QUALIFIER;
France;fr_sncf;Saint-Joseph le Castellas;fr_sncf|UIC87759316;1.7;10;70;90;30;A_QUALIFIER;
France;fr_sncf;Septèmes;fr_sncf|UIC87751800;2.3;14;85.7;100;14.3;QUARANTAINE;aucun retard superieur a 5 min
Pays-Bas;nl_ovapi;Nieuw Amsterdam;nl_ovapi|nieuwamsterdam@52.72,6.85;12.5;75;74.7;100;25.3;QUARANTAINE;aucun retard superieur a 5 min
France;fr_sncf;Sain-Bel;fr_sncf|UIC87721605;8;40;80;87.5;12.5;A_QUALIFIER;
France;fr_sncf;Fleurieux RN7;fr_sncf|UIC87698282;6.6;33;66.7;90.9;24.2;A_QUALIFIER;
France;fr_sncf;Lentilly;fr_sncf|UIC87721555;6.6;33;48.5;87.9;42.4;A_QUALIFIER;
France;fr_sncf;Lentilly Charpenay;fr_sncf|UIC87566919;7.2;36;41.7;83.3;47.2;A_QUALIFIER;
France;fr_sncf;La Tour-de-Salvagny Centre;fr_sncf|UIC87698324;8;40;42.5;75;45;A_QUALIFIER;
France;fr_sncf;La Tour-de-Salvagny Hippodrome;fr_sncf|UIC87698316;8.2;41;46.3;75.6;41.5;A_QUALIFIER;
France;fr_sncf;Casino Lacroix Laval;fr_sncf|UIC87208553;8.6;43;55.8;81.4;32.6;A_QUALIFIER;
France;fr_sncf;Charbonnières-les-Bains;fr_sncf|UIC87721530;8.8;44;59.1;81.8;29.5;A_QUALIFIER;
France;fr_sncf;Le Méridien La Ferrière;fr_sncf|UIC87721522;9;45;60;80;28.9;A_QUALIFIER;
France;fr_sncf;Tassin-le-Baraillon;fr_sncf|UIC87698738;9;45;13.3;86.7;77.8;A_QUALIFIER;
Allemagne;de_gtfsde;;de_gtfsde|223749;11;44;25;81.8;75;A_QUALIFIER;
Allemagne;de_gtfsde;;de_gtfsde|316021;11.5;46;21.7;78.3;76.1;A_QUALIFIER;
France;fr_sncf;Sablé-sur-Sarthe;fr_sncf|UIC87396408;2.3;9;55.6;100;44.4;QUARANTAINE;aucun retard superieur a 5 min
France;fr_sncf;Maubeuge;fr_sncf|UIC87295006;2.5;10;60;80;20;A_QUALIFIER;
France;fr_sncf;Donzère;fr_sncf|UIC87764290;4;16;62.5;81.3;25;A_QUALIFIER;
France;fr_sncf;Gertwiller;fr_sncf|UIC87214254;2.5;10;100;100;0;QUARANTAINE;100 % des mouvements sous 60 s , aucun retard superieur a 5 min , dispersion 0.0 pt
France;fr_sncf;Le Havre;fr_sncf|UIC87413013;2.5;10;100;100;0;QUARANTAINE;100 % des mouvements sous 60 s , aucun retard superieur a 5 min , dispersion 0.0 pt
France;fr_sncf;Guingamp;fr_sncf|UIC87473207;2.5;10;40;90;50;A_QUALIFIER;
Pays-Bas;nl_ovapi;Winsum;nl_ovapi|winsum@53.33,6.52;10.8;43;55.8;100;44.2;QUARANTAINE;aucun retard superieur a 5 min
Pays-Bas;nl_ovapi;Baflo;nl_ovapi|baflo@53.36,6.52;10.8;43;62.8;100;37.2;QUARANTAINE;aucun retard superieur a 5 min
Pays-Bas;nl_ovapi;Warffum;nl_ovapi|warffum@53.39,6.57;11;44;54.5;100;45.5;QUARANTAINE;aucun retard superieur a 5 min
Pays-Bas;nl_ovapi;Usquert;nl_ovapi|usquert@53.40,6.61;10;40;80;100;20;QUARANTAINE;aucun retard superieur a 5 min
Pays-Bas;nl_ovapi;Uithuizen;nl_ovapi|uithuizen@53.41,6.67;5;20;90;100;10;QUARANTAINE;aucun retard superieur a 5 min
Pays-Bas;nl_ovapi;Uithuizermeeden;nl_ovapi|uithuizermeeden@53.41,6.72;7.3;29;93.1;100;6.9;QUARANTAINE;aucun retard superieur a 5 min
Pays-Bas;nl_ovapi;Roodeschool;nl_ovapi|roodeschool@53.42,6.76;7.3;29;86.2;100;13.8;QUARANTAINE;aucun retard superieur a 5 min
France;fr_sncf;Firminy;fr_sncf|UIC87726729;2.8;17;82.4;82.4;11.8;A_QUALIFIER;
France;fr_sncf;Saint-Étienne Bellevue;fr_sncf|UIC87726190;3.7;22;86.4;90.9;9.1;A_QUALIFIER;
France;fr_sncf;Saint-Étienne Carnot;fr_sncf|UIC87726901;3.3;20;85;90;10;A_QUALIFIER;
Allemagne;de_gtfsde;;de_gtfsde|55303;9.8;39;69.2;94.9;30.8;A_QUALIFIER;
France;fr_sncf;Pagny-sur-Moselle;fr_sncf|UIC87192468;3.3;13;53.8;76.9;30.8;A_QUALIFIER;
France;fr_sncf;Châlons-en-Champagne;fr_sncf|UIC87174003;2.8;11;81.8;81.8;9.1;A_QUALIFIER;
France;fr_sncf;Épernay;fr_sncf|UIC87171553;2.3;9;55.6;55.6;44.4;A_QUALIFIER;
France;fr_sncf;Hagondange;fr_sncf|UIC87191114;3.5;14;64.3;92.9;28.6;A_QUALIFIER;
France;fr_sncf;Ancenis;fr_sncf|UIC87481192;1.3;5;60;80;20;A_QUALIFIER;
France;fr_sncf;Théoule-sur-Mer;fr_sncf|UIC87757583;2.5;10;60;80;30;A_QUALIFIER;
France;fr_sncf;Agay;fr_sncf|UIC87757559;3;12;58.3;75;25;A_QUALIFIER;
France;fr_sncf;Boulouris sur Mer;fr_sncf|UIC87757534;4;16;50;68.8;37.5;A_QUALIFIER;
France;fr_sncf;Fréjus;fr_sncf|UIC87757500;3.3;13;76.9;92.3;15.4;A_QUALIFIER;
Pays-Bas;nl_ovapi;Purmerend;nl_ovapi|purmerend@52.50,4.95;9.3;56;66.1;94.6;30.4;A_QUALIFIER;
Pays-Bas;nl_ovapi;Purmerend Weidevenne;nl_ovapi|purmerendweidevenne@52.50,4.94;9.2;55;65.5;94.5;30.9;A_QUALIFIER;
Pays-Bas;nl_ovapi;Zaandam Kogerveld;nl_ovapi|zaandamkogerveld@52.46,4.82;7;42;59.5;95.2;38.1;A_QUALIFIER;
France;fr_sncf;Thionville;fr_sncf|UIC87191007;3.4;17;88.2;100;11.8;QUARANTAINE;aucun retard superieur a 5 min
France;fr_sncf;Saint-André-le-Gaz;fr_sncf|UIC87723494;4.7;28;71.4;85.7;17.9;A_QUALIFIER;
Allemagne;de_gtfsde;;de_gtfsde|214879;10.5;42;45.2;88.1;54.8;A_QUALIFIER;
Allemagne;de_gtfsde;;de_gtfsde|327528;8;32;43.8;71.9;43.8;A_QUALIFIER;
Allemagne;de_gtfsde;;de_gtfsde|637449;7.5;30;63.3;96.7;33.3;A_QUALIFIER;
France;fr_sncf;Saint-Quentin en Yvelines;fr_sncf|UIC87393843;6;24;83.3;100;16.7;QUARANTAINE;aucun retard superieur a 5 min
France;fr_sncf;Saint-Agne;fr_sncf|UIC87611301;2;8;62.5;87.5;25;A_QUALIFIER;
France;fr_sncf;La Rochelle;fr_sncf|UIC87485003;3;12;58.3;83.3;33.3;A_QUALIFIER;
France;fr_sncf;Orthez;fr_sncf|UIC87672253;3.4;17;58.8;76.5;29.4;A_QUALIFIER;
France;fr_sncf;Pas des Lanciers;fr_sncf|UIC87753285;4.4;22;63.6;90.9;27.3;A_QUALIFIER;
France;fr_sncf;Aubagne;fr_sncf|UIC87751750;4.2;21;42.9;90.5;52.4;A_QUALIFIER;
Etats-Unis;us_mta_lirr;;us_mta_lirr|179;8.8;44;45.5;93.2;52.3;A_QUALIFIER;
France;fr_sncf;Arcachon;fr_sncf|UIC87582668;6;36;77.8;94.4;16.7;A_QUALIFIER;
Pays-Bas;nl_ovapi;Oberhausen Hbf;nl_ovapi|oberhausenhbf@51.48,6.85;5.5;33;36.4;66.7;39.4;A_QUALIFIER;
Allemagne;de_gtfsde;;de_gtfsde|375162;7.5;30;73.3;90;26.7;A_QUALIFIER;
Allemagne;de_gtfsde;;de_gtfsde|67845;11.8;47;19.1;42.6;46.8;A_QUALIFIER;
Allemagne;de_gtfsde;;de_gtfsde|146557;10.5;42;50;83.3;47.6;A_QUALIFIER;
Allemagne;de_gtfsde;;de_gtfsde|263807;11.5;46;41.3;67.4;43.5;A_QUALIFIER;
Allemagne;de_gtfsde;;de_gtfsde|159663;12.3;49;30.6;93.9;69.4;A_QUALIFIER;
Allemagne;de_gtfsde;;de_gtfsde|359138;9;36;58.3;94.4;38.9;A_QUALIFIER;
Allemagne;de_gtfsde;;de_gtfsde|60170;10.3;41;85.4;97.6;14.6;A_QUALIFIER;
France;fr_sncf;Pontcharra sur Bréda;fr_sncf|UIC87747493;4.2;25;64;80;28;A_QUALIFIER;
France;fr_sncf;Livron;fr_sncf|UIC87761247;5.2;26;57.7;69.2;15.4;A_QUALIFIER;
France;fr_sncf;Belfort-Ville;fr_sncf|UIC87184002;3.5;14;92.9;100;7.1;QUARANTAINE;aucun retard superieur a 5 min
France;fr_sncf;Mandelieu-la-Napoule;fr_sncf|UIC87757591;2.3;9;66.7;88.9;22.2;A_QUALIFIER;
France;fr_sncf;Le Trayas;fr_sncf|UIC87757575;2.8;11;54.5;72.7;27.3;A_QUALIFIER;
Pays-Bas;nl_ovapi;Gaanderen;nl_ovapi|gaanderen@51.93,6.35;12.8;51;45.1;98;54.9;QUARANTAINE;ponctualite 98.0 %
Pays-Bas;nl_ovapi;Terborg;nl_ovapi|terborg@51.92,6.36;11.5;46;71.7;100;28.3;QUARANTAINE;aucun retard superieur a 5 min
Pays-Bas;nl_ovapi;Varsseveld;nl_ovapi|varsseveld@51.94,6.46;13.3;53;52.8;98.1;47.2;QUARANTAINE;ponctualite 98.1 %
Pays-Bas;nl_ovapi;Aalten;nl_ovapi|aalten@51.92,6.58;11.5;46;84.8;100;15.2;QUARANTAINE;aucun retard superieur a 5 min
Pays-Bas;nl_ovapi;Borne;nl_ovapi|borne@52.30,6.75;6.3;38;84.2;97.4;15.8;A_QUALIFIER;
Pays-Bas;nl_ovapi;Almelo de Riet;nl_ovapi|almeloderiet@52.34,6.67;8;48;81.3;97.9;18.8;A_QUALIFIER;
Etats-Unis;us_mbta;Sharon;us_mbta|sharon@42.12,-71.18;9.7;58;100;100;0;EXCLUE;source rejetee en bloc
Etats-Unis;us_mbta;Norwood Depot;us_mbta|norwooddepot@42.20,-71.20;8.5;51;100;100;0;EXCLUE;source rejetee en bloc
France;fr_sncf;Saint-Chamas;fr_sncf|UIC87753202;4;20;75;90;15;A_QUALIFIER;
France;fr_sncf;Saumur;fr_sncf|UIC87487603;3;15;66.7;73.3;20;A_QUALIFIER;
Etats-Unis;us_mta_lirr;;us_mta_lirr|205;9.8;49;59.2;87.8;40.8;A_QUALIFIER;
Allemagne;de_gtfsde;;de_gtfsde|249717;7.8;31;80.6;100;19.4;QUARANTAINE;aucun retard superieur a 5 min
Allemagne;de_gtfsde;;de_gtfsde|132246;10;40;40;80;50;A_QUALIFIER;
Allemagne;de_gtfsde;;de_gtfsde|273298;7;28;82.1;92.9;17.9;A_QUALIFIER;
Allemagne;de_gtfsde;;de_gtfsde|652439;11;44;27.3;65.9;59.1;A_QUALIFIER;
Allemagne;de_gtfsde;Frankfurt (Oder), Bahnhof;de_gtfsde|frankfurtoderbahnhof@52.34,14.55;7.3;29;31;65.5;51.7;A_QUALIFIER;
France;fr_sncf;Calais Ville;fr_sncf|UIC87317263;4.5;18;72.2;83.3;11.1;A_QUALIFIER;
France;fr_sncf;Dammartin - Juilly - Saint-Mard;fr_sncf|UIC87271536;5.8;23;87;100;13;QUARANTAINE;aucun retard superieur a 5 min
France;fr_sncf;Le Dramont;fr_sncf|UIC87757542;3.3;13;61.5;76.9;23.1;A_QUALIFIER;
France;fr_sncf;Blainville - Damelevières;fr_sncf|UIC87141135;2.8;11;54.5;63.6;27.3;A_QUALIFIER;
France;fr_sncf;Roanne;fr_sncf|UIC87726802;4.2;25;76;88;20;A_QUALIFIER;
Pays-Bas;nl_ovapi;Doetinchem;nl_ovapi|doetinchem@51.96,6.30;11.8;71;76.1;97.2;22.5;A_QUALIFIER;
Etats-Unis;us_mta_lirr;;us_mta_lirr|40;9;45;48.9;77.8;51.1;A_QUALIFIER;
Allemagne;de_gtfsde;Mosbach, Bahnhof;de_gtfsde|mosbachbahnhof@49.35,9.14;10.3;62;58.1;93.5;37.1;A_QUALIFIER;
Allemagne;de_gtfsde;;de_gtfsde|632407;12.3;49;53.1;75.5;30.6;A_QUALIFIER;
Allemagne;de_gtfsde;;de_gtfsde|502253;6.3;25;24;56;48;A_QUALIFIER;
Allemagne;de_gtfsde;;de_gtfsde|504367;9.3;37;64.9;100;35.1;QUARANTAINE;aucun retard superieur a 5 min
Allemagne;de_gtfsde;;de_gtfsde|3378;10.8;43;55.8;79.1;39.5;A_QUALIFIER;
Allemagne;de_gtfsde;;de_gtfsde|166325;6.5;26;30.8;73.1;57.7;A_QUALIFIER;
Allemagne;de_gtfsde;;de_gtfsde|448068;12.3;49;81.6;98;18.4;A_QUALIFIER;
France;fr_sncf;Mâcon;fr_sncf|UIC87725689;4;24;54.2;66.7;16.7;A_QUALIFIER;
France;fr_sncf;Loriol;fr_sncf|UIC87761262;4.8;19;68.4;84.2;21.1;A_QUALIFIER;
France;fr_sncf;Mézidon - Canon;fr_sncf|UIC87444208;5;20;70;80;15;A_QUALIFIER;
France;fr_sncf;Wissembourg;fr_sncf|UIC87213470;3.5;14;92.9;92.9;0;QUARANTAINE;dispersion 0.0 pt
Etats-Unis;us_mbta;Dedham Corporate Center;us_mbta|dedhamcorporatecenter@42.23,-71.17;8.8;53;100;100;0;EXCLUE;source rejetee en bloc
Allemagne;de_gtfsde;Gladbeck-Zweckel Bf;de_gtfsde|gladbeckzweckelbf@51.59,6.98;6.6;33;69.7;87.9;27.3;A_QUALIFIER;
Allemagne;de_gtfsde;Brilon Wald, Bahnhof;de_gtfsde|brilonwaldbahnhof@51.35,8.58;9.2;46;78.3;91.3;21.7;A_QUALIFIER;
France;fr_sncf;Saint-Quentin;fr_sncf|UIC87296004;2.6;13;76.9;92.3;23.1;A_QUALIFIER;
Etats-Unis;us_mbta;Endicott;us_mbta|endicott@42.23,-71.16;8.5;51;100;100;0;EXCLUE;source rejetee en bloc
Etats-Unis;us_mbta;Islington;us_mbta|islington@42.22,-71.18;9.3;56;100;100;0;EXCLUE;source rejetee en bloc
Allemagne;de_gtfsde;;de_gtfsde|600179;6;24;16.7;41.7;66.7;A_QUALIFIER;
Allemagne;de_gtfsde;;de_gtfsde|589763;8;32;43.8;68.8;43.8;A_QUALIFIER;
Allemagne;de_gtfsde;;de_gtfsde|527150;11;44;79.5;95.5;18.2;A_QUALIFIER;
Allemagne;de_gtfsde;;de_gtfsde|593667;6.5;26;30.8;76.9;61.5;A_QUALIFIER;
Allemagne;de_gtfsde;;de_gtfsde|350554;9.5;38;89.5;100;10.5;QUARANTAINE;aucun retard superieur a 5 min
Allemagne;de_gtfsde;;de_gtfsde|370256;11.5;46;23.9;80.4;73.9;A_QUALIFIER;
Allemagne;de_gtfsde;;de_gtfsde|385722;12;48;12.5;66.7;87.5;A_QUALIFIER;
Allemagne;de_gtfsde;Frydlant v Cechach;de_gtfsde|frydlantvcechach@50.92,15.07;3.5;14;64.3;100;35.7;QUARANTAINE;aucun retard superieur a 5 min
Allemagne;de_gtfsde;;de_gtfsde|553590;7;28;75;89.3;17.9;A_QUALIFIER;
Allemagne;de_gtfsde;Feldkirch;de_gtfsde|feldkirch@47.24,9.60;9;36;58.3;80.6;36.1;A_QUALIFIER;
France;fr_sncf;Anthéor Cap Roux;fr_sncf|UIC87757567;3;12;58.3;75;25;A_QUALIFIER;
Pays-Bas;nl_ovapi;Sneek;nl_ovapi|sneek@53.03,5.65;9.5;38;100;100;0;QUARANTAINE;100 % des mouvements sous 60 s , aucun retard superieur a 5 min , dispersion 0.0 pt
Allemagne;de_gtfsde;Bingen-Gaulsheim;de_gtfsde|bingengaulsheim@49.97,7.95;8.6;43;23.3;65.1;67.4;A_QUALIFIER;
France;fr_sncf;Paris Bercy Bourg. Pays d'Auv.;fr_sncf|UIC87686667;3.4;17;82.4;94.1;11.8;A_QUALIFIER;
Allemagne;de_gtfsde;;de_gtfsde|261318;7.3;29;44.8;79.3;37.9;A_QUALIFIER;
Allemagne;de_gtfsde;;de_gtfsde|169035;9.8;39;56.4;84.6;41;A_QUALIFIER;
Allemagne;de_gtfsde;;de_gtfsde|414600;9.5;38;18.4;76.3;78.9;A_QUALIFIER;
Allemagne;de_gtfsde;Zivonin;de_gtfsde|zivonin@50.39,14.61;11.5;46;13;67.4;87;A_QUALIFIER;
Allemagne;de_gtfsde;;de_gtfsde|341105;10.5;42;90.5;100;9.5;QUARANTAINE;aucun retard superieur a 5 min
Allemagne;de_gtfsde;;de_gtfsde|281530;6.3;25;36;68;48;A_QUALIFIER;
France;fr_sncf;Savenay;fr_sncf|UIC87481838;2.3;9;55.6;77.8;33.3;A_QUALIFIER;
France;fr_sncf;Varangéville - Saint-Nicolas;fr_sncf|UIC87141101;2.3;9;55.6;77.8;44.4;A_QUALIFIER;
France;fr_sncf;Dunkerque;fr_sncf|UIC87281006;3.8;15;80;86.7;6.7;A_QUALIFIER;
Pays-Bas;nl_ovapi;Sneek Noord;nl_ovapi|sneeknoord@53.04,5.66;8.8;35;65.7;100;34.3;QUARANTAINE;aucun retard superieur a 5 min
Etats-Unis;us_mbta;Providence;us_mbta|providence@41.83,-71.41;7.5;45;100;100;0;EXCLUE;source rejetee en bloc
France;fr_sncf;Laroche - Migennes;fr_sncf|UIC87683268;2.5;15;53.3;86.7;46.7;A_QUALIFIER;
Etats-Unis;us_mbta;Ashland;us_mbta|ashland@42.26,-71.48;8.3;50;100;100;0;EXCLUE;source rejetee en bloc
Pays-Bas;nl_ovapi;Oldenzaal;nl_ovapi|oldenzaal@52.31,6.93;10.4;52;88.5;98.1;9.6;QUARANTAINE;ponctualite 98.1 %
Allemagne;de_gtfsde;;de_gtfsde|609803;8.5;34;50;76.5;32.4;A_QUALIFIER;
Allemagne;de_gtfsde;;de_gtfsde|137615;9.8;39;71.8;100;28.2;QUARANTAINE;aucun retard superieur a 5 min
Allemagne;de_gtfsde;;de_gtfsde|160195;6.5;26;88.5;100;11.5;QUARANTAINE;aucun retard superieur a 5 min
Allemagne;de_gtfsde;;de_gtfsde|153331;11.3;45;20;77.8;77.8;A_QUALIFIER;
Allemagne;de_gtfsde;;de_gtfsde|419248;10.8;43;14;72.1;86;A_QUALIFIER;
Allemagne;de_gtfsde;;de_gtfsde|89754;10.8;43;18.6;74.4;81.4;A_QUALIFIER;
Allemagne;de_gtfsde;;de_gtfsde|56293;11;44;18.2;77.3;79.5;A_QUALIFIER;
Allemagne;de_gtfsde;;de_gtfsde|183999;10.8;43;90.7;100;9.3;QUARANTAINE;aucun retard superieur a 5 min
Allemagne;de_gtfsde;;de_gtfsde|637665;10.3;41;85.4;97.6;12.2;A_QUALIFIER;
France;fr_sncf;Le Croisic;fr_sncf|UIC87481788;1.5;6;83.3;83.3;16.7;A_QUALIFIER;
France;fr_sncf;La Baule-Escoublac;fr_sncf|UIC87481754;1.8;7;42.9;57.1;28.6;A_QUALIFIER;
France;fr_sncf;Mulhouse Dornach;fr_sncf|UIC87182055;3.3;13;76.9;76.9;15.4;A_QUALIFIER;
Pays-Bas;nl_ovapi;Mantgum;nl_ovapi|mantgum@53.13,5.71;8.3;33;60.6;100;39.4;QUARANTAINE;aucun retard superieur a 5 min
Etats-Unis;us_mta_lirr;;us_mta_lirr|163;11.3;45;33.3;75.6;57.8;A_QUALIFIER;
Etats-Unis;us_mta_lirr;;us_mta_lirr|184;10.8;43;60.5;97.7;37.2;A_QUALIFIER;
Etats-Unis;us_mta_lirr;;us_mta_lirr|216;11.3;45;22.2;97.8;77.8;A_QUALIFIER;
Allemagne;de_gtfsde;;de_gtfsde|424322;9;36;47.2;61.1;38.9;A_QUALIFIER;
Allemagne;de_gtfsde;;de_gtfsde|559728;9;36;38.9;75;50;A_QUALIFIER;
Allemagne;de_gtfsde;;de_gtfsde|476355;6.8;27;29.6;40.7;22.2;A_QUALIFIER;
Allemagne;de_gtfsde;;de_gtfsde|141729;9.5;38;39.5;84.2;52.6;A_QUALIFIER;
Allemagne;de_gtfsde;Elend Drw_Eld 007 P7;de_gtfsde|elenddrweld007p7@51.76,10.70;10.5;42;35.7;88.1;64.3;A_QUALIFIER;
Allemagne;de_gtfsde;;de_gtfsde|354371;7.5;30;40;76.7;53.3;A_QUALIFIER;
France;fr_sncf;Kehl;fr_sncf|UIC80142927;1.5;6;66.7;66.7;16.7;A_QUALIFIER;
Etats-Unis;us_mbta;Westborough;us_mbta|westborough@42.27,-71.65;7.3;44;100;100;0;EXCLUE;source rejetee en bloc
Allemagne;de_gtfsde;Langenwang (Schwab);de_gtfsde|langenwangschwab@47.44,10.28;6.4;32;56.3;75;28.1;A_QUALIFIER;
France;fr_sncf;Grésy-sur-Aix;fr_sncf|UIC87746107;2.6;13;38.5;53.8;15.4;A_QUALIFIER;
Pays-Bas;nl_ovapi;Rhenen;nl_ovapi|rhenen@51.96,5.58;8;40;87.5;100;12.5;QUARANTAINE;aucun retard superieur a 5 min
Etats-Unis;us_mta_lirr;;us_mta_lirr|26;11.6;58;44.8;84.5;50;A_QUALIFIER;
Etats-Unis;us_mta_lirr;;us_mta_lirr|204;12;60;43.3;83.3;51.7;A_QUALIFIER;
Etats-Unis;us_mbta;Southborough;us_mbta|southborough@42.27,-71.52;7.5;45;100;100;0;EXCLUE;source rejetee en bloc
Allemagne;de_gtfsde;;de_gtfsde|430609;4.5;18;77.8;94.4;16.7;A_QUALIFIER;
Allemagne;de_gtfsde;;de_gtfsde|63811;8.8;35;45.7;74.3;40;A_QUALIFIER;
Allemagne;de_gtfsde;;de_gtfsde|515015;9.3;37;54.1;81.1;37.8;A_QUALIFIER;
Allemagne;de_gtfsde;;de_gtfsde|25315;9.8;39;46.2;87.2;53.8;A_QUALIFIER;
Allemagne;de_gtfsde;;de_gtfsde|162744;7.3;29;41.4;69;34.5;A_QUALIFIER;
Allemagne;de_gtfsde;Barmstedt Brunnenstraße;de_gtfsde|barmstedtbrunnenstrae@53.79,9.76;11.5;46;45.7;78.3;45.7;A_QUALIFIER;
France;fr_sncf;Saint-Louis;fr_sncf|UIC87182139;1.3;5;60;80;20;A_QUALIFIER;
France;fr_sncf;La Loupe;fr_sncf|UIC87394254;2.8;11;63.6;81.8;27.3;A_QUALIFIER;
France;fr_sncf;Courville-sur-Eure;fr_sncf|UIC87394221;2.5;10;70;80;20;A_QUALIFIER;
France;fr_sncf;La Roche-sur-Yon;fr_sncf|UIC87486019;2.5;10;60;70;20;A_QUALIFIER;
France;fr_sncf;Lozanne;fr_sncf|UIC87721423;3.2;16;75;87.5;18.8;A_QUALIFIER;
France;fr_sncf;Carcassonne;fr_sncf|UIC87615286;2.6;13;46.2;69.2;30.8;A_QUALIFIER;
Pays-Bas;nl_ovapi;Maarn;nl_ovapi|maarn@52.06,5.37;10.8;54;63;100;37;QUARANTAINE;aucun retard superieur a 5 min
Pays-Bas;nl_ovapi;Veenendaal West;nl_ovapi|veenendaalwest@52.03,5.53;9.8;49;69.4;98;30.6;A_QUALIFIER;
Pays-Bas;nl_ovapi;Veenendaal Centrum;nl_ovapi|veenendaalcentrum@52.02,5.55;9.4;47;91.5;100;8.5;QUARANTAINE;aucun retard superieur a 5 min
Etats-Unis;us_mbta;Natick Center;us_mbta|natickcenter@42.29,-71.35;8.3;50;100;100;0;EXCLUE;source rejetee en bloc
Allemagne;de_gtfsde;;de_gtfsde|360354;8.3;33;93.9;100;6.1;QUARANTAINE;aucun retard superieur a 5 min
Allemagne;de_gtfsde;;de_gtfsde|32630;8.8;35;45.7;77.1;48.6;A_QUALIFIER;
France;fr_sncf;Montauban Ville Bourbon;fr_sncf|UIC87611244;3.2;19;31.6;52.6;36.8;A_QUALIFIER;
France;fr_sncf;Agen;fr_sncf|UIC87586008;3;18;44.4;61.1;22.2;A_QUALIFIER;
Etats-Unis;us_mbta;Grafton;us_mbta|grafton@42.25,-71.69;7;42;100;100;0;EXCLUE;source rejetee en bloc
France;fr_sncf;Châteauroux;fr_sncf|UIC87597005;2.4;12;50;75;25;A_QUALIFIER;
France;fr_sncf;Cornil;fr_sncf|UIC87594481;2.6;13;53.8;61.5;15.4;A_QUALIFIER;
France;fr_sncf;Aubazines - Saint-Hilaire;fr_sncf|UIC87594465;2.2;11;54.5;63.6;18.2;A_QUALIFIER;
Allemagne;de_gtfsde;;de_gtfsde|509138;9;36;8.3;52.8;77.8;A_QUALIFIER;
Allemagne;de_gtfsde;;de_gtfsde|4308;6.5;26;19.2;61.5;69.2;A_QUALIFIER;
Allemagne;de_gtfsde;;de_gtfsde|638132;7.8;31;51.6;90.3;45.2;A_QUALIFIER;
Allemagne;de_gtfsde;;de_gtfsde|582235;10;40;77.5;100;22.5;QUARANTAINE;aucun retard superieur a 5 min
France;fr_sncf;Château-Thierry;fr_sncf|UIC87116582;2.3;9;55.6;66.7;44.4;A_QUALIFIER;
France;fr_sncf;Nogent-sur-Seine;fr_sncf|UIC87118190;1.5;6;100;100;0;QUARANTAINE;100 % des mouvements sous 60 s , aucun retard superieur a 5 min , dispersion 0.0 pt
France;fr_sncf;Offenburg;fr_sncf|UIC80143099;3.8;15;60;86.7;33.3;A_QUALIFIER;
France;fr_sncf;Charmes;fr_sncf|UIC87144055;2;8;50;50;25;A_QUALIFIER;
France;fr_sncf;Boulogne sur Mer;fr_sncf|UIC87317586;3.5;14;57.1;78.6;21.4;A_QUALIFIER;
Etats-Unis;us_mbta;Forest Hills;us_mbta|foresthills@42.30,-71.11;8.8;35;100;100;0;EXCLUE;source rejetee en bloc
Etats-Unis;us_mta_lirr;;us_mta_lirr|219;10;40;50;100;50;QUARANTAINE;aucun retard superieur a 5 min
Etats-Unis;us_mta_lirr;;us_mta_lirr|142;10;40;20;95;80;A_QUALIFIER;
France;fr_sncf;Moûtiers-Salins-Brides-les-B.;fr_sncf|UIC87741728;2.2;13;84.6;84.6;0;QUARANTAINE;dispersion 0.0 pt
Etats-Unis;us_mbta;Wellesley Farms;us_mbta|wellesleyfarms@42.32,-71.27;6.8;41;100;100;0;EXCLUE;source rejetee en bloc
France;fr_sncf;Nogent-le-Rotrou;fr_sncf|UIC87394296;3;15;80;80;6.7;A_QUALIFIER;
France;fr_sncf;Saint-Nazaire;fr_sncf|UIC87481705;1.6;8;37.5;75;37.5;A_QUALIFIER;
France;fr_sncf;Ollioules - Sanary-sur-Mer;fr_sncf|UIC87755231;1.8;9;55.6;77.8;22.2;A_QUALIFIER;
France;fr_sncf;La Ciotat-Ceyreste;fr_sncf|UIC87751784;1.8;9;55.6;88.9;33.3;A_QUALIFIER;
France;fr_sncf;Sorgues - Châteauneuf-du-Pape;fr_sncf|UIC87765206;3.4;17;76.5;94.1;23.5;A_QUALIFIER;
Pays-Bas;nl_ovapi;Hoevelaken;nl_ovapi|hoevelaken@52.17,5.46;12.8;64;59.4;100;40.6;QUARANTAINE;aucun retard superieur a 5 min
Pays-Bas;nl_ovapi;Barneveld Noord;nl_ovapi|barneveldnoord@52.16,5.60;13.4;67;43.3;100;56.7;QUARANTAINE;aucun retard superieur a 5 min
Pays-Bas;nl_ovapi;Barneveld Zuid;nl_ovapi|barneveldzuid@52.13,5.60;13;65;40;100;60;QUARANTAINE;aucun retard superieur a 5 min
Pays-Bas;nl_ovapi;Heino;nl_ovapi|heino@52.43,6.22;8.4;42;81;97.6;19;A_QUALIFIER;
Allemagne;de_gtfsde;;de_gtfsde|306807;9.3;37;70.3;94.6;27;A_QUALIFIER;
Allemagne;de_gtfsde;;de_gtfsde|309410;9.3;37;35.1;62.2;35.1;A_QUALIFIER;
France;fr_sncf;Tarbes;fr_sncf|UIC87671008;2;12;75;83.3;16.7;A_QUALIFIER;
France;fr_sncf;Albertville;fr_sncf|UIC87741645;3.5;21;38.1;71.4;38.1;A_QUALIFIER;
France;fr_sncf;Saint-Martin-de-Crau;fr_sncf|UIC87753681;3.7;22;59.1;81.8;36.4;A_QUALIFIER;
France;fr_sncf;Anse;fr_sncf|UIC87721324;2.3;9;88.9;88.9;11.1;A_QUALIFIER;
Etats-Unis;us_mbta;Chelsea;us_mbta|chelsea@42.40,-71.04;7.8;31;100;100;0;EXCLUE;source rejetee en bloc
Etats-Unis;us_mbta;JFK/UMass;us_mbta|jfkumass@42.32,-71.05;10;40;100;100;0;EXCLUE;source rejetee en bloc
Allemagne;de_gtfsde;Dedenhausen Bahnhof;de_gtfsde|dedenhausenbahnhof@52.43,10.24;6.2;31;61.3;96.8;38.7;A_QUALIFIER;
Allemagne;de_gtfsde;Buseck-Großen-Buseck Bahnhof;de_gtfsde|buseckgroenbuseckbahnhof@50.61,8.78;6.8;34;41.2;91.2;58.8;A_QUALIFIER;
France;fr_sncf;Le Coteau;fr_sncf|UIC87726828;3;15;86.7;93.3;13.3;A_QUALIFIER;
France;fr_sncf;Saint-Michel - Valloire;fr_sncf|UIC87742361;3;15;80;86.7;6.7;A_QUALIFIER;
France;fr_sncf;Saint-Jean-de-Maurienne Arvan;fr_sncf|UIC87742320;2.8;14;50;71.4;28.6;A_QUALIFIER;
France;fr_sncf;Saint-Avre - La Chambre;fr_sncf|UIC87741306;3;15;40;66.7;40;A_QUALIFIER;
France;fr_sncf;La Seyne - Six Fours;fr_sncf|UIC87755264;2.2;11;63.6;81.8;18.2;A_QUALIFIER;
France;fr_sncf;Cassis;fr_sncf|UIC87751776;2.8;14;42.9;85.7;42.9;A_QUALIFIER;
Pays-Bas;nl_ovapi;Lunteren;nl_ovapi|lunteren@52.09,5.62;12;60;43.3;100;56.7;QUARANTAINE;aucun retard superieur a 5 min
Pays-Bas;nl_ovapi;Ede Centrum;nl_ovapi|edecentrum@52.04,5.67;11.8;59;42.4;100;57.6;QUARANTAINE;aucun retard superieur a 5 min
Allemagne;de_gtfsde;Salzburg Aiglhof;de_gtfsde|salzburgaiglhof@47.81,13.03;9.5;57;47.4;93;50.9;A_QUALIFIER;
France;fr_sncf;Joigny;fr_sncf|UIC87683243;1.8;11;45.5;90.9;54.5;A_QUALIFIER;
Pays-Bas;nl_ovapi;Nijverdal;nl_ovapi|nijverdal@52.37,6.47;8.2;49;93.9;98;6.1;A_QUALIFIER;
Pays-Bas;nl_ovapi;Raalte;nl_ovapi|raalte@52.39,6.28;8.3;50;70;100;30;QUARANTAINE;aucun retard superieur a 5 min
Allemagne;de_gtfsde;;de_gtfsde|66334;9;36;13.9;38.9;36.1;A_QUALIFIER;
Allemagne;de_gtfsde;;de_gtfsde|56901;5.5;22;54.5;95.5;45.5;A_QUALIFIER;
France;fr_sncf;Étampes;fr_sncf|UIC87545137;3;12;58.3;100;41.7;QUARANTAINE;aucun retard superieur a 5 min
France;fr_sncf;Montereau;fr_sncf|UIC87682302;2.8;11;63.6;81.8;18.2;A_QUALIFIER;
France;fr_sncf;Saint-Sulpice - Auteuil;fr_sncf|UIC87313684;2;8;100;100;0;QUARANTAINE;100 % des mouvements sous 60 s , aucun retard superieur a 5 min , dispersion 0.0 pt
France;fr_sncf;Méru;fr_sncf|UIC87313668;1.8;7;100;100;0;QUARANTAINE;100 % des mouvements sous 60 s , aucun retard superieur a 5 min , dispersion 0.0 pt
France;fr_sncf;Bornel - Belle-Église;fr_sncf|UIC87276717;1.8;7;100;100;0;QUARANTAINE;100 % des mouvements sous 60 s , aucun retard superieur a 5 min , dispersion 0.0 pt
France;fr_sncf;Chambly;fr_sncf|UIC87276725;2;8;100;100;0;QUARANTAINE;100 % des mouvements sous 60 s , aucun retard superieur a 5 min , dispersion 0.0 pt
France;fr_sncf;Tenay - Hauteville;fr_sncf|UIC87743757;2.3;9;33.3;66.7;33.3;A_QUALIFIER;
France;fr_sncf;Servas - Lent;fr_sncf|UIC87723791;2.3;9;66.7;88.9;33.3;A_QUALIFIER;
France;fr_sncf;Marlieux - Châtillon;fr_sncf|UIC87723767;1.3;5;80;100;20;QUARANTAINE;aucun retard superieur a 5 min
France;fr_sncf;Sathonay - Rillieux;fr_sncf|UIC87723700;1.5;6;83.3;100;16.7;QUARANTAINE;aucun retard superieur a 5 min
France;fr_sncf;Dol-de-Bretagne;fr_sncf|UIC87478073;1;4;75;75;0;QUARANTAINE;dispersion 0.0 pt
Pays-Bas;nl_ovapi;Zwolle Stadshagen;nl_ovapi|zwollestadshagen@52.53,6.05;7;28;100;100;0;QUARANTAINE;100 % des mouvements sous 60 s , aucun retard superieur a 5 min , dispersion 0.0 pt
Pays-Bas;nl_ovapi;Kampen;nl_ovapi|kampen@52.56,5.92;9;36;100;100;0;QUARANTAINE;100 % des mouvements sous 60 s , aucun retard superieur a 5 min , dispersion 0.0 pt
France;fr_sncf;Tarare;fr_sncf|UIC87721472;2;10;70;80;10;A_QUALIFIER;
France;fr_sncf;Besançon Viotte;fr_sncf|UIC87718007;3.4;17;94.1;94.1;5.9;A_QUALIFIER;
France;fr_sncf;Sens;fr_sncf|UIC87683003;2.3;14;57.1;85.7;35.7;A_QUALIFIER;
France;fr_sncf;Tulle;fr_sncf|UIC87594499;2;12;83.3;91.7;8.3;A_QUALIFIER;
Etats-Unis;us_mbta;Wellesley Hills;us_mbta|wellesleyhills@42.31,-71.28;6.3;38;100;100;0;EXCLUE;source rejetee en bloc
Allemagne;de_gtfsde;;de_gtfsde|286293;8.5;34;35.3;64.7;47.1;A_QUALIFIER;
Allemagne;de_gtfsde;;de_gtfsde|64748;8.8;35;37.1;85.7;57.1;A_QUALIFIER;
Allemagne;de_gtfsde;Burg(Dithm);de_gtfsde|burgdithm@54.01,9.25;6.5;26;69.2;92.3;26.9;A_QUALIFIER;
Allemagne;de_gtfsde;Handeloh;de_gtfsde|handeloh@53.24,9.84;9;45;55.6;84.4;35.6;A_QUALIFIER;
Allemagne;de_gtfsde;;de_gtfsde|629737;11.8;47;57.4;85.1;34;A_QUALIFIER;
France;fr_sncf;Saintes;fr_sncf|UIC87491001;3;12;58.3;75;41.7;A_QUALIFIER;
France;fr_sncf;Clermont la Pardieu;fr_sncf|UIC87782607;2.6;13;84.6;92.3;7.7;A_QUALIFIER;
France;fr_sncf;Bandol;fr_sncf|UIC87755223;1.8;9;55.6;77.8;22.2;A_QUALIFIER;
France;fr_sncf;Saint-Cyr Les Lecques - La Cadière;fr_sncf|UIC87755215;2;10;50;80;30;A_QUALIFIER;
France;fr_sncf;Beaune;fr_sncf|UIC87713545;2.8;14;50;100;50;QUARANTAINE;aucun retard superieur a 5 min
France;fr_sncf;Tarascon-sur-Rhône;fr_sncf|UIC87765354;3;18;61.1;72.2;16.7;A_QUALIFIER;
Pays-Bas;nl_ovapi;Barneveld Centrum;nl_ovapi|barneveldcentrum@52.14,5.59;12.5;75;72;98.7;26.7;QUARANTAINE;ponctualite 98.7 %
Pays-Bas;nl_ovapi;Helmond Brouwhuis;nl_ovapi|helmondbrouwhuis@51.47,5.70;10.6;53;73.6;98.1;26.4;QUARANTAINE;ponctualite 98.1 %
Pays-Bas;nl_ovapi;Helmond 't Hout;nl_ovapi|helmondthout@51.47,5.63;11;55;63.6;94.5;36.4;A_QUALIFIER;
Pays-Bas;nl_ovapi;Helmond Brandevoort;nl_ovapi|helmondbrandevoort@51.46,5.61;11.4;57;45.6;94.7;54.4;A_QUALIFIER;
Etats-Unis;us_mbta;Wellesley Square;us_mbta|wellesleysquare@42.30,-71.29;6.8;41;100;100;0;EXCLUE;source rejetee en bloc
France;fr_sncf;Lourdes;fr_sncf|UIC87671339;2.7;16;68.8;87.5;25;A_QUALIFIER;
Pays-Bas;nl_ovapi;Akkrum;nl_ovapi|akkrum@53.05,5.84;9.5;57;77.2;94.7;21.1;A_QUALIFIER;
France;fr_sncf;Belleville sur Sâone;fr_sncf|UIC87721357;1.8;9;77.8;88.9;11.1;A_QUALIFIER;
Allemagne;de_gtfsde;;de_gtfsde|286910;10;40;40;77.5;45;A_QUALIFIER;
Allemagne;de_gtfsde;;de_gtfsde|626165;7.3;29;17.2;58.6;58.6;A_QUALIFIER;
Allemagne;de_gtfsde;;de_gtfsde|372831;8;32;62.5;96.9;37.5;A_QUALIFIER;
Allemagne;de_gtfsde;;de_gtfsde|410758;8.8;35;54.3;71.4;25.7;A_QUALIFIER;
Allemagne;de_gtfsde;;de_gtfsde|483019;7.5;30;56.7;83.3;30;A_QUALIFIER;
Allemagne;de_gtfsde;;de_gtfsde|350930;7.8;31;51.6;74.2;29;A_QUALIFIER;
Allemagne;de_gtfsde;Hamburg, Rahlstedt;de_gtfsde|hamburgrahlstedt@53.60,10.15;5.5;22;59.1;90.9;40.9;A_QUALIFIER;
France;fr_sncf;Ebersheim;fr_sncf|UIC87214106;2;8;75;100;25;QUARANTAINE;aucun retard superieur a 5 min
France;fr_sncf;Kogenheim;fr_sncf|UIC87214114;1.8;7;71.4;100;28.6;QUARANTAINE;aucun retard superieur a 5 min
France;fr_sncf;Matzenheim;fr_sncf|UIC87214130;1.3;5;80;100;20;QUARANTAINE;aucun retard superieur a 5 min
France;fr_sncf;Limersheim;fr_sncf|UIC87212274;0.8;3;66.7;100;33.3;QUARANTAINE;aucun retard superieur a 5 min
France;fr_sncf;Fegersheim - Lipsheim;fr_sncf|UIC87212266;1.3;5;60;100;40;QUARANTAINE;aucun retard superieur a 5 min
France;fr_sncf;Le Quesnoy;fr_sncf|UIC87295857;2.8;11;81.8;90.9;18.2;A_QUALIFIER;
France;fr_sncf;Uckange;fr_sncf|UIC87191130;2;8;75;100;25;QUARANTAINE;aucun retard superieur a 5 min
France;fr_sncf;La Villette Saint-Prest;fr_sncf|UIC87394171;3;12;83.3;91.7;8.3;A_QUALIFIER;
France;fr_sncf;Saint-Piat;fr_sncf|UIC87394148;2.8;11;72.7;90.9;18.2;A_QUALIFIER;
France;fr_sncf;Argentan;fr_sncf|UIC87444539;1.8;7;57.1;71.4;14.3;A_QUALIFIER;
Etats-Unis;us_mta_lirr;;us_mta_lirr|124;9.3;37;40.5;91.9;59.5;A_QUALIFIER;
Etats-Unis;us_mta_lirr;;us_mta_lirr|85;9.3;37;40.5;89.2;59.5;A_QUALIFIER;
France;fr_sncf;Périgueux;fr_sncf|UIC87595009;2.3;14;64.3;85.7;21.4;A_QUALIFIER;
Pays-Bas;nl_ovapi;Wolvega;nl_ovapi|wolvega@52.88,6.00;9.5;57;68.4;94.7;28.1;A_QUALIFIER;
Pays-Bas;nl_ovapi;Grou-Jirnsum;nl_ovapi|groujirnsum@53.09,5.82;7;42;61.9;92.9;35.7;A_QUALIFIER;
Allemagne;de_gtfsde;;de_gtfsde|271001;7.5;30;70;100;30;QUARANTAINE;aucun retard superieur a 5 min
Allemagne;de_gtfsde;;de_gtfsde|142968;5;20;75;95;25;A_QUALIFIER;
Allemagne;de_gtfsde;;de_gtfsde|357178;8.3;33;57.6;75.8;30.3;A_QUALIFIER;
Allemagne;de_gtfsde;;de_gtfsde|474117;8.8;35;91.4;100;8.6;QUARANTAINE;aucun retard superieur a 5 min
Allemagne;de_gtfsde;;de_gtfsde|648069;9;36;22.2;63.9;75;A_QUALIFIER;
France;fr_sncf;Bourg-Saint-Maurice;fr_sncf|UIC87741793;3.8;23;100;100;0;QUARANTAINE;100 % des mouvements sous 60 s , aucun retard superieur a 5 min , dispersion 0.0 pt
France;fr_sncf;Kork;fr_sncf|UIC80142919;2.5;10;60;80;30;A_QUALIFIER;
France;fr_sncf;Legelshurst;fr_sncf|UIC80142901;2.8;11;54.5;90.9;36.4;A_QUALIFIER;
France;fr_sncf;Appenweier;fr_sncf|UIC80142893;3.8;15;53.3;93.3;40;A_QUALIFIER;
France;fr_sncf;Geispolsheim;fr_sncf|UIC87212258;1.5;6;50;100;50;QUARANTAINE;aucun retard superieur a 5 min
France;fr_sncf;Anizy - Pinon;fr_sncf|UIC87296566;2.3;9;77.8;88.9;11.1;A_QUALIFIER;
France;fr_sncf;Soissons;fr_sncf|UIC87271817;1.5;6;100;100;0;QUARANTAINE;100 % des mouvements sous 60 s , aucun retard superieur a 5 min , dispersion 0.0 pt
France;fr_sncf;Villers-Cotterêts;fr_sncf|UIC87271734;1.5;6;83.3;83.3;16.7;A_QUALIFIER;
France;fr_sncf;Trouville - Deauville;fr_sncf|UIC87444372;1.8;7;71.4;100;28.6;QUARANTAINE;aucun retard superieur a 5 min
France;fr_sncf;Lauterbourg;fr_sncf|UIC87212464;4.3;17;94.1;94.1;5.9;A_QUALIFIER;
France;fr_sncf;Le Puy-en-Velay;fr_sncf|UIC87734699;2.3;14;92.9;92.9;0;QUARANTAINE;dispersion 0.0 pt
France;fr_sncf;Riom - Châtel-Guyon;fr_sncf|UIC87734053;4.8;29;89.7;96.6;6.9;A_QUALIFIER;
France;fr_sncf;Besançon Franche-Comté TGV;fr_sncf|UIC87300863;2;12;41.7;75;41.7;A_QUALIFIER;
Allemagne;de_gtfsde;Norsingen Bahnhof;de_gtfsde|norsingenbahnhof@47.94,7.73;9.2;46;56.5;91.3;39.1;A_QUALIFIER;
France;fr_sncf;Montpellier Sud de France;fr_sncf|UIC87688887;3.6;18;27.8;33.3;22.2;A_QUALIFIER;
France;fr_sncf;Lyon-Saint-Paul Quai de Bondy;fr_sncf|UIC87698332;9;45;100;100;0;QUARANTAINE;100 % des mouvements sous 60 s , aucun retard superieur a 5 min , dispersion 0.0 pt
Etats-Unis;us_mta_lirr;;us_mta_lirr|100;10;50;44;86;52;A_QUALIFIER;
Etats-Unis;us_mta_lirr;;us_mta_lirr|74;10.6;53;41.5;88.7;56.6;A_QUALIFIER;
Etats-Unis;us_mta_lirr;;us_mta_lirr|157;10.8;54;44.4;88.9;53.7;A_QUALIFIER;
Pays-Bas;nl_ovapi;Berlin-Spandau;nl_ovapi|berlinspandau@52.53,13.20;6.3;38;28.9;60.5;50;A_QUALIFIER;
Allemagne;de_gtfsde;;de_gtfsde|358353;4.8;19;68.4;89.5;31.6;A_QUALIFIER;
Allemagne;de_gtfsde;;de_gtfsde|338136;3.3;13;30.8;46.2;23.1;A_QUALIFIER;
Allemagne;de_gtfsde;;de_gtfsde|296219;8;32;59.4;71.9;25;A_QUALIFIER;
Allemagne;de_gtfsde;;de_gtfsde|288030;12.8;51;80.4;94.1;17.6;A_QUALIFIER;
France;fr_sncf;Hochfelden;fr_sncf|UIC87212167;1.5;6;83.3;100;16.7;QUARANTAINE;aucun retard superieur a 5 min
France;fr_sncf;Dettwiller;fr_sncf|UIC87212183;1.8;7;85.7;100;14.3;QUARANTAINE;aucun retard superieur a 5 min
France;fr_sncf;Steinbourg;fr_sncf|UIC87212209;1.8;7;85.7;100;14.3;QUARANTAINE;aucun retard superieur a 5 min
France;fr_sncf;Saint-Marcel en Dombes;fr_sncf|UIC87723742;1.3;5;100;100;0;QUARANTAINE;100 % des mouvements sous 60 s , aucun retard superieur a 5 min , dispersion 0.0 pt
France;fr_sncf;Mionnay;fr_sncf|UIC87723726;1.3;5;100;100;0;QUARANTAINE;100 % des mouvements sous 60 s , aucun retard superieur a 5 min , dispersion 0.0 pt
France;fr_sncf;Les Échets;fr_sncf|UIC87723718;1.5;6;83.3;100;16.7;QUARANTAINE;aucun retard superieur a 5 min
France;fr_sncf;Gazeran;fr_sncf|UIC87393348;2;8;87.5;100;12.5;QUARANTAINE;aucun retard superieur a 5 min
Allemagne;de_gtfsde;Angermünde, Bahnhof;de_gtfsde|angermndebahnhof@53.02,14.00;4.2;21;71.4;100;28.6;QUARANTAINE;aucun retard superieur a 5 min
Allemagne;de_gtfsde;Herbertshofen;de_gtfsde|herbertshofen@48.53,10.85;11.2;56;60.7;91.1;35.7;A_QUALIFIER;
Pays-Bas;nl_ovapi;Düsseldorf Hbf;nl_ovapi|dsseldorfhbf@51.22,6.79;2.4;12;100;100;0;QUARANTAINE;100 % des mouvements sous 60 s , aucun retard superieur a 5 min , dispersion 0.0 pt
France;fr_sncf;Aime - La Plagne;fr_sncf|UIC87741769;2.8;17;88.2;88.2;0;QUARANTAINE;dispersion 0.0 pt
France;fr_sncf;Landry;fr_sncf|UIC87741777;3.5;21;100;100;0;QUARANTAINE;100 % des mouvements sous 60 s , aucun retard superieur a 5 min , dispersion 0.0 pt
France;fr_sncf;Modane;fr_sncf|UIC87742007;3.3;20;85;90;10;A_QUALIFIER;
France;fr_sncf;Notre-Dame de Briançon;fr_sncf|UIC87741694;2.8;17;58.8;88.2;29.4;A_QUALIFIER;
Allemagne;de_gtfsde;;de_gtfsde|651427;5.8;23;39.1;69.6;39.1;A_QUALIFIER;
Allemagne;de_gtfsde;;de_gtfsde|416012;5;20;50;75;35;A_QUALIFIER;
Allemagne;de_gtfsde;Leubingen;de_gtfsde|leubingen@51.21,11.15;4.8;19;42.1;89.5;52.6;A_QUALIFIER;
Allemagne;de_gtfsde;Vellmar-Obervellmar Bahnhof;de_gtfsde|vellmarobervellmarbahnhof@51.36,9.45;5.8;23;82.6;95.7;13;A_QUALIFIER;
France;fr_sncf;Forbach;fr_sncf|UIC87193003;1;4;100;100;0;QUARANTAINE;100 % des mouvements sous 60 s , aucun retard superieur a 5 min , dispersion 0.0 pt
France;fr_sncf;Metzeral;fr_sncf|UIC87182816;1.3;5;100;100;0;QUARANTAINE;100 % des mouvements sous 60 s , aucun retard superieur a 5 min , dispersion 0.0 pt
France;fr_sncf;Graffenstaden;fr_sncf|UIC87212241;1.8;7;42.9;100;57.1;QUARANTAINE;aucun retard superieur a 5 min
France;fr_sncf;Stephansfeld;fr_sncf|UIC87212126;1.5;6;66.7;83.3;33.3;A_QUALIFIER;
France;fr_sncf;Schwindratzheim;fr_sncf|UIC87212159;1.5;6;83.3;100;16.7;QUARANTAINE;aucun retard superieur a 5 min
France;fr_sncf;Wilwisheim;fr_sncf|UIC87212175;1.5;6;83.3;100;16.7;QUARANTAINE;aucun retard superieur a 5 min
France;fr_sncf;Saint-Hilaire - Saint-Nazaire;fr_sncf|UIC87761684;3.8;19;42.1;57.9;15.8;A_QUALIFIER;
France;fr_sncf;Bergerac;fr_sncf|UIC87584268;4;16;43.8;75;50;A_QUALIFIER;
France;fr_sncf;Sainte-Foy-la-Grande;fr_sncf|UIC87584193;2;8;50;50;50;A_QUALIFIER;
France;fr_sncf;Vélines;fr_sncf|UIC87584177;2;8;37.5;37.5;62.5;A_QUALIFIER;
France;fr_sncf;Castillon;fr_sncf|UIC87584136;3.3;13;46.2;53.8;38.5;A_QUALIFIER;
France;fr_sncf;Saint-Émilion;fr_sncf|UIC87584102;2.5;10;50;50;40;A_QUALIFIER;
France;fr_sncf;Frontenex;fr_sncf|UIC87741629;2.5;15;53.3;66.7;20;A_QUALIFIER;
France;fr_sncf;Grésy-sur-Isère;fr_sncf|UIC87741611;2.3;14;42.9;71.4;35.7;A_QUALIFIER;
France;fr_sncf;Landerneau;fr_sncf|UIC87474239;1.5;6;50;83.3;33.3;A_QUALIFIER;
Pays-Bas;nl_ovapi;Duisburg Hbf;nl_ovapi|duisburghbf@51.43,6.77;1.2;6;83.3;100;16.7;QUARANTAINE;aucun retard superieur a 5 min
Etats-Unis;us_mbta;Norfolk;us_mbta|norfolk@42.12,-71.33;6.8;34;100;100;0;EXCLUE;source rejetee en bloc
Pays-Bas;nl_ovapi;Hannover Hbf;nl_ovapi|hannoverhbf@52.38,9.74;6.8;41;29.3;43.9;39;A_QUALIFIER;
Allemagne;de_gtfsde;Mergelstetten Bahnhof;de_gtfsde|mergelstettenbahnhof@48.65,10.16;8.4;42;54.8;81;28.6;A_QUALIFIER;
France;fr_sncf;Arches;fr_sncf|UIC87144410;3.4;17;76.5;76.5;11.8;A_QUALIFIER;
Allemagne;de_gtfsde;;de_gtfsde|650683;7;28;78.6;100;21.4;QUARANTAINE;aucun retard superieur a 5 min
Allemagne;de_gtfsde;;de_gtfsde|90774;3.8;15;46.7;73.3;40;A_QUALIFIER;
Allemagne;de_gtfsde;Bad Sooden-Allendorf;de_gtfsde|badsoodenallendorf@51.27,9.97;6.8;27;74.1;92.6;25.9;A_QUALIFIER;
France;fr_sncf;Wesserling;fr_sncf|UIC87182618;0.8;3;100;100;0;QUARANTAINE;100 % des mouvements sous 60 s , aucun retard superieur a 5 min , dispersion 0.0 pt
France;fr_sncf;Cambrai;fr_sncf|UIC87345520;2;8;50;62.5;12.5;A_QUALIFIER;
France;fr_sncf;Puyoô;fr_sncf|UIC87672279;3;12;50;75;41.7;A_QUALIFIER;
France;fr_sncf;Munster;fr_sncf|UIC87182394;1.3;5;80;80;0;QUARANTAINE;dispersion 0.0 pt
Allemagne;de_gtfsde;Bad Ems Westbahnhof;de_gtfsde|bademswestbahnhof@50.33,7.71;4.5;27;55.6;66.7;18.5;A_QUALIFIER;
Allemagne;de_gtfsde;Salzburg Parsch;de_gtfsde|salzburgparsch@47.80,13.07;4.2;21;42.9;71.4;42.9;A_QUALIFIER;
Etats-Unis;us_mbta;Lynn Interim;us_mbta|lynninterim@42.47,-70.94;7.6;38;100;100;0;EXCLUE;source rejetee en bloc
Allemagne;de_gtfsde;;de_gtfsde|519135;7.8;31;38.7;67.7;38.7;A_QUALIFIER;
Allemagne;de_gtfsde;;de_gtfsde|576177;5.3;21;57.1;76.2;33.3;A_QUALIFIER;
Allemagne;de_gtfsde;;de_gtfsde|150345;5.8;23;73.9;100;26.1;QUARANTAINE;aucun retard superieur a 5 min
Allemagne;de_gtfsde;;de_gtfsde|560179;8.5;34;61.8;97.1;35.3;A_QUALIFIER;
France;fr_sncf;Krimmeri Meinau;fr_sncf|UIC87338525;1.5;6;66.7;66.7;16.7;A_QUALIFIER;
France;fr_sncf;Les Deux Jumeaux;fr_sncf|UIC87677104;1.8;7;71.4;71.4;0;QUARANTAINE;dispersion 0.0 pt
France;fr_sncf;Herrlisheim;fr_sncf|UIC87212340;2.3;9;77.8;100;22.2;QUARANTAINE;aucun retard superieur a 5 min
France;fr_sncf;Vernon - Giverny;fr_sncf|UIC87415604;2.3;9;77.8;88.9;11.1;A_QUALIFIER;
France;fr_sncf;Oissel;fr_sncf|UIC87411207;1.8;7;85.7;85.7;0;QUARANTAINE;dispersion 0.0 pt
France;fr_sncf;Duppigheim;fr_sncf|UIC87214536;1.5;6;100;100;0;QUARANTAINE;100 % des mouvements sous 60 s , aucun retard superieur a 5 min , dispersion 0.0 pt
France;fr_sncf;Duttlenheim;fr_sncf|UIC87214544;1.3;5;100;100;0;QUARANTAINE;100 % des mouvements sous 60 s , aucun retard superieur a 5 min , dispersion 0.0 pt
France;fr_sncf;Dachstein;fr_sncf|UIC87214551;1.8;7;100;100;0;QUARANTAINE;100 % des mouvements sous 60 s , aucun retard superieur a 5 min , dispersion 0.0 pt
France;fr_sncf;Artix;fr_sncf|UIC87672212;1.5;6;16.7;83.3;66.7;A_QUALIFIER;
France;fr_sncf;Belfort - Montbéliard TGV;fr_sncf|UIC87300822;2.7;16;43.8;81.3;37.5;A_QUALIFIER;
France;fr_sncf;Niort;fr_sncf|UIC87485300;0.8;3;0;100;100;QUARANTAINE;aucun retard superieur a 5 min
Etats-Unis;us_mbta;Worcester;us_mbta|worcester@42.26,-71.79;6.7;40;100;100;0;EXCLUE;source rejetee en bloc
Allemagne;de_gtfsde;Bad Belzig, Bahnhof;de_gtfsde|badbelzigbahnhof@52.14,12.60;4.8;24;54.2;87.5;41.7;A_QUALIFIER;
Allemagne;de_gtfsde;Graal-Müritz Koppelweg;de_gtfsde|graalmritzkoppelweg@54.25,12.24;6.8;34;41.2;82.4;55.9;A_QUALIFIER;
France;fr_sncf;Seyssel - Corbonod;fr_sncf|UIC87745828;2.8;14;21.4;64.3;50;A_QUALIFIER;
France;fr_sncf;Évreux Normandie;fr_sncf|UIC87387001;1.6;8;50;75;25;A_QUALIFIER;
France;fr_sncf;Lyon-Saint-Paul La Feuillée;fr_sncf|UIC87698340;1;5;60;100;40;QUARANTAINE;aucun retard superieur a 5 min
Etats-Unis;us_mbta;Beverly;us_mbta|beverly@42.55,-70.89;6;30;100;100;0;EXCLUE;source rejetee en bloc
Etats-Unis;us_mbta;Swampscott;us_mbta|swampscott@42.47,-70.92;6;30;100;100;0;EXCLUE;source rejetee en bloc
France;fr_sncf;Strasbourg Roethig;fr_sncf|UIC87212191;1.5;6;100;100;0;QUARANTAINE;100 % des mouvements sous 60 s , aucun retard superieur a 5 min , dispersion 0.0 pt
France;fr_sncf;Lingolsheim;fr_sncf|UIC87214502;1.5;6;100;100;0;QUARANTAINE;100 % des mouvements sous 60 s , aucun retard superieur a 5 min , dispersion 0.0 pt
France;fr_sncf;Kruth;fr_sncf|UIC87182642;1.3;5;100;100;0;QUARANTAINE;100 % des mouvements sous 60 s , aucun retard superieur a 5 min , dispersion 0.0 pt
France;fr_sncf;Guéthary;fr_sncf|UIC87673459;1.3;5;60;100;40;QUARANTAINE;aucun retard superieur a 5 min
France;fr_sncf;Turckheim;fr_sncf|UIC87182352;2.3;9;55.6;66.7;33.3;A_QUALIFIER;
France;fr_sncf;Wihr-au-Val - Soultzbach;fr_sncf|UIC87182378;1;4;75;75;0;QUARANTAINE;dispersion 0.0 pt
France;fr_sncf;Breitenbach;fr_sncf|UIC87182659;1.3;5;80;80;0;QUARANTAINE;dispersion 0.0 pt
France;fr_sncf;Muhlbach-sur-Munster;fr_sncf|UIC87182733;1.3;5;100;100;0;QUARANTAINE;100 % des mouvements sous 60 s , aucun retard superieur a 5 min , dispersion 0.0 pt
France;fr_sncf;Toul;fr_sncf|UIC87141044;2;8;50;75;37.5;A_QUALIFIER;
France;fr_sncf;Issoire;fr_sncf|UIC87734202;2.8;14;64.3;71.4;14.3;A_QUALIFIER;
France;fr_sncf;Saint-Paul-de-Varax;fr_sncf|UIC87723783;1.6;8;75;87.5;25;A_QUALIFIER;
France;fr_sncf;Villars-les-Dombes;fr_sncf|UIC87723759;1.4;7;85.7;100;14.3;QUARANTAINE;aucun retard superieur a 5 min
Etats-Unis;us_mbta;Franklin;us_mbta|franklin@42.08,-71.40;6.4;32;100;100;0;EXCLUE;source rejetee en bloc
Etats-Unis;us_mbta;Salem;us_mbta|salem@42.52,-70.90;6;30;100;100;0;EXCLUE;source rejetee en bloc
Etats-Unis;us_mbta;Walpole;us_mbta|walpole@42.15,-71.26;6.4;32;100;100;0;EXCLUE;source rejetee en bloc
France;fr_sncf;Échirolles;fr_sncf|UIC87725895;3.5;21;76.2;81;9.5;A_QUALIFIER;
Allemagne;de_gtfsde;Dortmund Kirchderne Bf;de_gtfsde|dortmundkirchdernebf@51.55,7.51;8.6;43;25.6;65.1;55.8;A_QUALIFIER;
Allemagne;de_gtfsde;;de_gtfsde|124577;6.5;26;34.6;80.8;53.8;A_QUALIFIER;
Allemagne;de_gtfsde;;de_gtfsde|131350;5.3;21;76.2;100;23.8;QUARANTAINE;aucun retard superieur a 5 min
Allemagne;de_gtfsde;;de_gtfsde|513203;9.8;39;46.2;74.4;43.6;A_QUALIFIER;
Allemagne;de_gtfsde;;de_gtfsde|360498;7.3;29;51.7;82.8;37.9;A_QUALIFIER;
France;fr_sncf;Thaon;fr_sncf|UIC87144097;1.5;6;66.7;66.7;16.7;A_QUALIFIER;
France;fr_sncf;Châtel - Nomexy;fr_sncf|UIC87144071;1.5;6;66.7;66.7;16.7;A_QUALIFIER;
France;fr_sncf;Thann Saint-Jacques;fr_sncf|UIC87182881;1.3;5;80;80;20;A_QUALIFIER;
France;fr_sncf;Bayon;fr_sncf|UIC87141218;1.5;6;50;66.7;33.3;A_QUALIFIER;
France;fr_sncf;Gambsheim;fr_sncf|UIC87212332;2;8;87.5;100;12.5;QUARANTAINE;aucun retard superieur a 5 min
Etats-Unis;us_mbta;Hyde Park;us_mbta|hydepark@42.26,-71.13;8.3;50;100;100;0;EXCLUE;source rejetee en bloc
France;fr_sncf;Lyon Saint-Exupéry TGV;fr_sncf|UIC87762906;1.6;8;12.5;62.5;62.5;A_QUALIFIER;
Allemagne;de_gtfsde;Markelfingen Bahnhof;de_gtfsde|markelfingenbahnhof@47.74,9.00;0.8;3;66.7;66.7;0;QUARANTAINE;dispersion 0.0 pt
Allemagne;de_gtfsde;;de_gtfsde|551767;3;12;66.7;91.7;25;A_QUALIFIER;
Allemagne;de_gtfsde;;de_gtfsde|621428;2.5;10;60;80;30;A_QUALIFIER;
Allemagne;de_gtfsde;;de_gtfsde|262633;8.8;35;14.3;60;82.9;A_QUALIFIER;
Allemagne;de_gtfsde;;de_gtfsde|634045;8;32;31.3;65.6;62.5;A_QUALIFIER;
Allemagne;de_gtfsde;;de_gtfsde|180907;8.3;33;15.2;60.6;78.8;A_QUALIFIER;
Allemagne;de_gtfsde;;de_gtfsde|523784;7.8;31;48.4;71;48.4;A_QUALIFIER;
France;fr_sncf;Lyon-Part-Dieu Gare Routière;fr_sncf|UIC87697128;3;12;100;100;0;QUARANTAINE;100 % des mouvements sous 60 s , aucun retard superieur a 5 min , dispersion 0.0 pt
France;fr_sncf;Chaumont;fr_sncf|UIC87142000;1.3;5;80;100;20;QUARANTAINE;aucun retard superieur a 5 min
France;fr_sncf;Vitry-le-François;fr_sncf|UIC87174276;1.5;6;83.3;83.3;0;QUARANTAINE;dispersion 0.0 pt
France;fr_sncf;Courthézon;fr_sncf|UIC87765180;3.8;15;66.7;93.3;33.3;A_QUALIFIER;
Pays-Bas;nl_ovapi;Dortmund Hbf;nl_ovapi|dortmundhbf@51.52,7.46;7;28;25;42.9;32.1;A_QUALIFIER;
France;fr_sncf;Bas - Monistrol;fr_sncf|UIC87726778;1.8;11;54.5;63.6;27.3;A_QUALIFIER;
France;fr_sncf;Épierre - Saint-Léger;fr_sncf|UIC87741280;2.2;13;38.5;61.5;38.5;A_QUALIFIER;
France;fr_sncf;Chamousset;fr_sncf|UIC87741231;2.2;13;23.1;46.2;30.8;A_QUALIFIER;
France;fr_sncf;Saint-Sulpice - Izon;fr_sncf|UIC87584722;2.7;16;62.5;87.5;37.5;A_QUALIFIER;
France;fr_sncf;Saint-Loubès;fr_sncf|UIC87584730;3;18;66.7;88.9;33.3;A_QUALIFIER;
France;fr_sncf;La Gorp;fr_sncf|UIC87584755;2.8;17;58.8;82.4;35.3;A_QUALIFIER;
France;fr_sncf;Jouy;fr_sncf|UIC87394155;2.4;12;75;91.7;16.7;A_QUALIFIER;
Allemagne;de_gtfsde;;de_gtfsde|344510;6.5;26;88.5;100;11.5;QUARANTAINE;aucun retard superieur a 5 min
Allemagne;de_gtfsde;;de_gtfsde|541808;2;8;37.5;75;37.5;A_QUALIFIER;
Allemagne;de_gtfsde;;de_gtfsde|336649;1.8;7;42.9;57.1;14.3;A_QUALIFIER;
Allemagne;de_gtfsde;;de_gtfsde|304161;3.5;14;64.3;78.6;21.4;A_QUALIFIER;
Allemagne;de_gtfsde;;de_gtfsde|375359;3;12;58.3;75;25;A_QUALIFIER;
Allemagne;de_gtfsde;;de_gtfsde|300328;6;24;41.7;66.7;58.3;A_QUALIFIER;
Allemagne;de_gtfsde;;de_gtfsde|606442;6.5;26;73.1;80.8;15.4;A_QUALIFIER;
France;fr_sncf;Montchanin;fr_sncf|UIC87694307;1.3;5;100;100;0;QUARANTAINE;100 % des mouvements sous 60 s , aucun retard superieur a 5 min , dispersion 0.0 pt
France;fr_sncf;Saint-Amarin;fr_sncf|UIC87182600;0.8;3;100;100;0;QUARANTAINE;100 % des mouvements sous 60 s , aucun retard superieur a 5 min , dispersion 0.0 pt
France;fr_sncf;Moosch;fr_sncf|UIC87182592;0.8;3;100;100;0;QUARANTAINE;100 % des mouvements sous 60 s , aucun retard superieur a 5 min , dispersion 0.0 pt
France;fr_sncf;Val-de-Reuil;fr_sncf|UIC87415877;1.5;6;83.3;83.3;0;QUARANTAINE;dispersion 0.0 pt
France;fr_sncf;Gaillon - Aubevoye;fr_sncf|UIC87415620;2;8;75;87.5;12.5;A_QUALIFIER;
France;fr_sncf;Clisson;fr_sncf|UIC87481440;1.5;6;83.3;83.3;16.7;A_QUALIFIER;
France;fr_sncf;Oderen;fr_sncf|UIC87182634;1;4;100;100;0;QUARANTAINE;100 % des mouvements sous 60 s , aucun retard superieur a 5 min , dispersion 0.0 pt
France;fr_sncf;Fellering;fr_sncf|UIC87182626;0.8;3;100;100;0;QUARANTAINE;100 % des mouvements sous 60 s , aucun retard superieur a 5 min , dispersion 0.0 pt
France;fr_sncf;Saint-Vincent-de-Tyrosse;fr_sncf|UIC87673277;2.4;12;50;91.7;41.7;A_QUALIFIER;
France;fr_sncf;Saint-André-de-Corcy;fr_sncf|UIC87723734;1.2;6;100;100;0;QUARANTAINE;100 % des mouvements sous 60 s , aucun retard superieur a 5 min , dispersion 0.0 pt
Allemagne;de_gtfsde;Schkeuditz;de_gtfsde|schkeuditz@51.40,12.22;6;36;75;86.1;22.2;A_QUALIFIER;
France;fr_sncf;Aiguebelle;fr_sncf|UIC87741256;2;12;25;41.7;41.7;A_QUALIFIER;
Allemagne;de_gtfsde;;de_gtfsde|150482;5;20;50;70;30;A_QUALIFIER;
Allemagne;de_gtfsde;;de_gtfsde|298503;4.5;18;88.9;94.4;11.1;A_QUALIFIER;
Allemagne;de_gtfsde;;de_gtfsde|513022;5;20;85;95;15;A_QUALIFIER;
Allemagne;de_gtfsde;Teschow (b Neubukow);de_gtfsde|teschowbneubukow@53.99,11.64;4.3;17;41.2;82.4;47.1;A_QUALIFIER;
Allemagne;de_gtfsde;;de_gtfsde|69983;8.3;33;18.2;87.9;78.8;A_QUALIFIER;
Allemagne;de_gtfsde;;de_gtfsde|577528;6;24;45.8;70.8;41.7;A_QUALIFIER;
Allemagne;de_gtfsde;Alte Veste;de_gtfsde|alteveste@49.45,10.97;7.3;29;69;89.7;27.6;A_QUALIFIER;
Allemagne;de_gtfsde;Westerstetten Bahnhof;de_gtfsde|westerstettenbahnhof@48.52,9.95;6.5;26;53.8;92.3;42.3;A_QUALIFIER;
Allemagne;de_gtfsde;Herrnburg Bahnhof;de_gtfsde|herrnburgbahnhof@53.84,10.76;7.8;31;38.7;93.5;54.8;A_QUALIFIER;
France;fr_sncf;Ranspach;fr_sncf|UIC87182402;0.8;3;100;100;0;QUARANTAINE;100 % des mouvements sous 60 s , aucun retard superieur a 5 min , dispersion 0.0 pt
France;fr_sncf;Saint-Dizier;fr_sncf|UIC87175000;1.8;7;57.1;71.4;42.9;A_QUALIFIER;
France;fr_sncf;Gièvres;fr_sncf|UIC87576876;0.8;3;66.7;66.7;0;QUARANTAINE;dispersion 0.0 pt
France;fr_sncf;Surdon;fr_sncf|UIC87444562;1.8;7;42.9;71.4;42.9;A_QUALIFIER;
France;fr_sncf;Rives;fr_sncf|UIC87747246;1.5;6;83.3;100;16.7;QUARANTAINE;aucun retard superieur a 5 min
France;fr_sncf;Virieu-le-Grand - Belley;fr_sncf|UIC87741504;2;10;30;60;30;A_QUALIFIER;
France;fr_sncf;Franchet d'Esperey;fr_sncf|UIC87417444;2;10;90;90;10;A_QUALIFIER;
France;fr_sncf;Reims Maison Blanche;fr_sncf|UIC87171272;2;10;90;90;10;A_QUALIFIER;
France;fr_sncf;La Pauline;fr_sncf|UIC87755314;2.4;12;41.7;75;41.7;A_QUALIFIER;
France;fr_sncf;La Garde;fr_sncf|UIC87755306;1.8;9;44.4;66.7;33.3;A_QUALIFIER;
France;fr_sncf;Toulon Sainte-Musse;fr_sncf|UIC87742262;1.8;9;33.3;66.7;44.4;A_QUALIFIER;
France;fr_sncf;Alès;fr_sncf|UIC87775288;1.8;9;55.6;66.7;11.1;A_QUALIFIER;
France;fr_sncf;Gap;fr_sncf|UIC87763003;2.6;13;53.8;84.6;38.5;A_QUALIFIER;
Pays-Bas;nl_ovapi;Berlin Hbf;nl_ovapi|berlinhbf@52.52,13.37;3.8;19;21.1;57.9;47.4;A_QUALIFIER;
Etats-Unis;us_mbta;Fall River Depot;us_mbta|fallriverdepot@41.71,-71.15;4.6;23;100;100;0;EXCLUE;source rejetee en bloc
Etats-Unis;us_mta_lirr;;us_mta_lirr|198;8.2;41;22;68.3;65.9;A_QUALIFIER;
France;fr_sncf;Retournac;fr_sncf|UIC87734749;1.8;11;54.5;72.7;27.3;A_QUALIFIER;
France;fr_sncf;Aurec;fr_sncf|UIC87726760;1.7;10;70;70;20;A_QUALIFIER;
France;fr_sncf;Vorey;fr_sncf|UIC87734723;1.8;11;54.5;81.8;27.3;A_QUALIFIER;
Pays-Bas;nl_ovapi;Gramsbergen;nl_ovapi|gramsbergen@52.61,6.68;7.8;47;44.7;97.9;55.3;A_QUALIFIER;
Pays-Bas;nl_ovapi;Dalen;nl_ovapi|dalen@52.69,6.76;8.3;50;22;98;78;A_QUALIFIER;
Etats-Unis;us_mbta;Freetown;us_mbta|freetown@41.77,-71.09;6;36;100;100;0;EXCLUE;source rejetee en bloc
Allemagne;de_gtfsde;;de_gtfsde|257581;5.3;21;66.7;90.5;23.8;A_QUALIFIER;
Allemagne;de_gtfsde;;de_gtfsde|117294;8.3;33;57.6;90.9;42.4;A_QUALIFIER;
Allemagne;de_gtfsde;;de_gtfsde|439968;7.5;30;56.7;83.3;36.7;A_QUALIFIER;
Allemagne;de_gtfsde;;de_gtfsde|476808;3.5;14;64.3;92.9;35.7;A_QUALIFIER;
France;fr_sncf;Moulins sur Allier;fr_sncf|UIC87696328;2;8;25;62.5;37.5;A_QUALIFIER;
France;fr_sncf;Mont-de-Marsan;fr_sncf|UIC87671016;1.5;6;100;100;0;QUARANTAINE;100 % des mouvements sous 60 s , aucun retard superieur a 5 min , dispersion 0.0 pt
France;fr_sncf;Montbard;fr_sncf|UIC87713131;1.6;8;37.5;75;50;A_QUALIFIER;
France;fr_sncf;Hoenheim Tram;fr_sncf|UIC87338517;2.8;11;63.6;100;36.4;QUARANTAINE;aucun retard superieur a 5 min
France;fr_sncf;Lorraine TGV;fr_sncf|UIC87142109;2.8;14;78.6;78.6;7.1;A_QUALIFIER;
France;fr_sncf;Meuse TGV;fr_sncf|UIC87147322;2;10;60;70;10;A_QUALIFIER;
France;fr_sncf;Colmar Saint-Joseph;fr_sncf|UIC87181222;2;8;62.5;87.5;25;A_QUALIFIER;
Pays-Bas;nl_ovapi;Kerkrade Centrum;nl_ovapi|kerkradecentrum@50.86,6.06;8;32;93.8;100;6.3;QUARANTAINE;aucun retard superieur a 5 min
Etats-Unis;us_mta_mnr;;us_mta_mnr|151;5.3;21;47.6;81;52.4;A_QUALIFIER;
France;fr_sncf;La Souterraine;fr_sncf|UIC87592378;1.2;6;50;66.7;16.7;A_QUALIFIER;
France;fr_sncf;Rosporden;fr_sncf|UIC87474155;2.2;11;81.8;90.9;9.1;A_QUALIFIER;
Pays-Bas;nl_ovapi;Paris-Nord;nl_ovapi|parisnord@48.88,2.36;0.6;3;100;100;0;QUARANTAINE;100 % des mouvements sous 60 s , aucun retard superieur a 5 min , dispersion 0.0 pt
Etats-Unis;us_mbta;Church Street;us_mbta|churchstreet@41.67,-70.94;7.4;37;100;100;0;EXCLUE;source rejetee en bloc
Allemagne;de_gtfsde;;de_gtfsde|363154;3.5;14;85.7;100;14.3;QUARANTAINE;aucun retard superieur a 5 min
Allemagne;de_gtfsde;;de_gtfsde|500596;5;20;60;85;30;A_QUALIFIER;
Allemagne;de_gtfsde;;de_gtfsde|136894;6.8;27;51.9;77.8;33.3;A_QUALIFIER;
Allemagne;de_gtfsde;;de_gtfsde|143091;5.3;21;61.9;95.2;38.1;A_QUALIFIER;
France;fr_sncf;Argenton-sur-Creuse;fr_sncf|UIC87597120;1.8;7;57.1;71.4;14.3;A_QUALIFIER;
France;fr_sncf;Montlouis;fr_sncf|UIC87571273;2;8;100;100;0;QUARANTAINE;100 % des mouvements sous 60 s , aucun retard superieur a 5 min , dispersion 0.0 pt
France;fr_sncf;Diemeringen;fr_sncf|UIC87215665;1.8;7;100;100;0;QUARANTAINE;100 % des mouvements sous 60 s , aucun retard superieur a 5 min , dispersion 0.0 pt
France;fr_sncf;Vitré;fr_sncf|UIC87471508;1;4;100;100;0;QUARANTAINE;100 % des mouvements sous 60 s , aucun retard superieur a 5 min , dispersion 0.0 pt
France;fr_sncf;Le Pouliguen;fr_sncf|UIC87481762;0.8;3;66.7;66.7;33.3;A_QUALIFIER;
France;fr_sncf;Pornichet;fr_sncf|UIC87481747;1;4;75;100;25;QUARANTAINE;aucun retard superieur a 5 min
France;fr_sncf;Calais - Fréthun;fr_sncf|UIC87281071;3.3;13;61.5;76.9;15.4;A_QUALIFIER;
France;fr_sncf;Voreppe;fr_sncf|UIC87747337;1.3;5;100;100;0;QUARANTAINE;100 % des mouvements sous 60 s , aucun retard superieur a 5 min , dispersion 0.0 pt
France;fr_sncf;Réaumont - Saint-Cassien;fr_sncf|UIC87747279;1.3;5;100;100;0;QUARANTAINE;100 % des mouvements sous 60 s , aucun retard superieur a 5 min , dispersion 0.0 pt
Pays-Bas;nl_ovapi;Köln Hbf;nl_ovapi|klnhbf@50.94,6.96;0.3;1;100;100;0;QUARANTAINE;100 % des mouvements sous 60 s , aucun retard superieur a 5 min , dispersion 0.0 pt
Etats-Unis;us_mbta;West Roxbury;us_mbta|westroxbury@42.28,-71.16;8;32;100;100;0;EXCLUE;source rejetee en bloc
Allemagne;de_gtfsde;;de_gtfsde|176910;5.3;21;42.9;90.5;57.1;A_QUALIFIER;
Allemagne;de_gtfsde;;de_gtfsde|279378;5.5;22;50;90.9;40.9;A_QUALIFIER;
Allemagne;de_gtfsde;;de_gtfsde|661323;7.8;31;3.2;25.8;51.6;A_QUALIFIER;
Allemagne;de_gtfsde;;de_gtfsde|571141;6;24;16.7;50;58.3;A_QUALIFIER;
Allemagne;de_gtfsde;;de_gtfsde|353561;3.8;15;40;100;60;QUARANTAINE;aucun retard superieur a 5 min
Allemagne;de_gtfsde;;de_gtfsde|440630;5.8;23;73.9;100;26.1;QUARANTAINE;aucun retard superieur a 5 min
Allemagne;de_gtfsde;;de_gtfsde|529959;4.5;18;72.2;94.4;27.8;A_QUALIFIER;
Allemagne;de_gtfsde;;de_gtfsde|375887;5.3;21;76.2;95.2;23.8;A_QUALIFIER;
Allemagne;de_gtfsde;;de_gtfsde|133069;6;24;58.3;83.3;25;A_QUALIFIER;
France;fr_sncf;St-Etienne-Châtcrx. G Routière;fr_sncf|UIC87698662;1.5;6;100;100;0;QUARANTAINE;100 % des mouvements sous 60 s , aucun retard superieur a 5 min , dispersion 0.0 pt
France;fr_sncf;La Crau;fr_sncf|UIC87755611;1.5;6;66.7;83.3;16.7;A_QUALIFIER;
France;fr_sncf;Le Buisson;fr_sncf|UIC87595751;3.3;13;7.7;84.6;84.6;A_QUALIFIER;
France;fr_sncf;Bédarrides;fr_sncf|UIC87765198;3.3;13;53.8;92.3;46.2;A_QUALIFIER;
Etats-Unis;us_mbta;Roslindale Village;us_mbta|roslindalevillage@42.29,-71.13;6;24;100;100;0;EXCLUE;source rejetee en bloc
Etats-Unis;us_mbta;Hersey;us_mbta|hersey@42.28,-71.22;7.8;31;100;100;0;EXCLUE;source rejetee en bloc
Etats-Unis;us_mbta;Needham Junction;us_mbta|needhamjunction@42.27,-71.24;7.3;29;100;100;0;EXCLUE;source rejetee en bloc
Etats-Unis;us_mta_lirr;;us_mta_lirr|140;7.8;31;25.8;71;64.5;A_QUALIFIER;
France;fr_sncf;L'Isle-d'Abeau;fr_sncf|UIC87761239;2.6;13;76.9;84.6;7.7;A_QUALIFIER;
France;fr_sncf;Saint-Quentin-Fallavier;fr_sncf|UIC87723387;3.2;16;75;81.3;6.3;A_QUALIFIER;
France;fr_sncf;Coutras;fr_sncf|UIC87584516;3.4;17;58.8;88.2;41.2;A_QUALIFIER;
France;fr_sncf;Chalon-sur-Saône;fr_sncf|UIC87725002;1.4;7;42.9;85.7;57.1;A_QUALIFIER;
France;fr_sncf;Veynes Dévoluy;fr_sncf|UIC87763300;2.4;12;33.3;66.7;50;A_QUALIFIER;
France;fr_sncf;Quimperlé;fr_sncf|UIC87476317;1.6;8;75;87.5;12.5;A_QUALIFIER;
Etats-Unis;us_mbta;Kingston;us_mbta|kingston@41.98,-70.72;7;35;100;100;0;EXCLUE;source rejetee en bloc
Allemagne;de_gtfsde;Mühlen(Oldb);de_gtfsde|mhlenoldb@52.62,8.21;6.8;41;26.8;56.1;41.5;A_QUALIFIER;
Etats-Unis;us_mbta;Newtonville;us_mbta|newtonville@42.35,-71.21;4.7;28;100;100;0;EXCLUE;source rejetee en bloc
Allemagne;de_gtfsde;Jaromer;de_gtfsde|jaromer@50.34,15.91;2.3;9;66.7;100;33.3;QUARANTAINE;aucun retard superieur a 5 min
Allemagne;de_gtfsde;;de_gtfsde|449435;4.3;17;23.5;47.1;41.2;A_QUALIFIER;
Allemagne;de_gtfsde;;de_gtfsde|82194;6.3;25;48;72;40;A_QUALIFIER;
Allemagne;de_gtfsde;;de_gtfsde|575165;5.5;22;81.8;95.5;18.2;A_QUALIFIER;
Allemagne;de_gtfsde;Nordholz(b Bremerhaven);de_gtfsde|nordholzbbremerhaven@53.78,8.62;4.5;18;100;100;0;QUARANTAINE;100 % des mouvements sous 60 s , aucun retard superieur a 5 min , dispersion 0.0 pt
France;fr_sncf;Montargis;fr_sncf|UIC87684001;3;12;66.7;83.3;16.7;A_QUALIFIER;
France;fr_sncf;Châtellerault;fr_sncf|UIC87575142;2;8;62.5;62.5;12.5;A_QUALIFIER;
France;fr_sncf;Bruxelles Midi;fr_sncf|UIC88140010;3.8;15;80;86.7;13.3;A_QUALIFIER;
France;fr_sncf;Logelbach;fr_sncf|UIC87182345;1.8;7;71.4;85.7;14.3;A_QUALIFIER;
Etats-Unis;us_mbta;Highland;us_mbta|highland@42.28,-71.15;6;24;100;100;0;EXCLUE;source rejetee en bloc
Etats-Unis;us_mbta;Bellevue;us_mbta|bellevue@42.29,-71.15;7.5;30;100;100;0;EXCLUE;source rejetee en bloc
France;fr_sncf;Brassac-les-Mines - Sainte-Florine;fr_sncf|UIC87734244;2.2;11;54.5;63.6;18.2;A_QUALIFIER;
France;fr_sncf;Vénissieux;fr_sncf|UIC87723320;4.2;21;76.2;90.5;14.3;A_QUALIFIER;
France;fr_sncf;Saint-Geniès-de-Malgoirès;fr_sncf|UIC87775361;2.2;11;54.5;81.8;27.3;A_QUALIFIER;
Etats-Unis;us_mbta;North Scituate;us_mbta|northscituate@42.22,-70.79;6;30;100;100;0;EXCLUE;source rejetee en bloc
Etats-Unis;us_mbta;West Newton;us_mbta|westnewton@42.35,-71.23;4.8;29;100;100;0;EXCLUE;source rejetee en bloc
Etats-Unis;us_mbta;Auburndale;us_mbta|auburndale@42.35,-71.25;5;30;100;100;0;EXCLUE;source rejetee en bloc
Allemagne;de_gtfsde;;de_gtfsde|466786;5;20;65;90;35;A_QUALIFIER;
Allemagne;de_gtfsde;Hammelburg;de_gtfsde|hammelburg@50.12,9.88;4.8;19;89.5;94.7;10.5;A_QUALIFIER;
Allemagne;de_gtfsde;Wörrstadt, Bahnhof;de_gtfsde|wrrstadtbahnhof@49.85,8.11;5.4;27;29.6;74.1;63;A_QUALIFIER;
Allemagne;de_gtfsde;Rüsselsheim Opelwerk Bahnhof;de_gtfsde|rsselsheimopelwerkbahnhof@49.99,8.40;5.5;22;40.9;72.7;50;A_QUALIFIER;
Allemagne;de_gtfsde;Neu Wokern, Bahnhof;de_gtfsde|neuwokernbahnhof@53.76,12.50;6.6;33;87.9;100;12.1;QUARANTAINE;aucun retard superieur a 5 min
France;fr_sncf;Jeumont;fr_sncf|UIC87295014;1.5;6;100;100;0;QUARANTAINE;100 % des mouvements sous 60 s , aucun retard superieur a 5 min , dispersion 0.0 pt
France;fr_sncf;Bléré - la Croix;fr_sncf|UIC87574475;1;4;50;50;0;QUARANTAINE;dispersion 0.0 pt
France;fr_sncf;Vichy;fr_sncf|UIC87732008;3.5;21;85.7;100;14.3;QUARANTAINE;aucun retard superieur a 5 min
Etats-Unis;us_mbta;Canton Center;us_mbta|cantoncenter@42.16,-71.15;9.3;37;100;100;0;EXCLUE;source rejetee en bloc
Etats-Unis;us_mbta;Abington;us_mbta|abington@42.11,-70.93;6.4;32;100;100;0;EXCLUE;source rejetee en bloc
Etats-Unis;us_mbta;Needham Center;us_mbta|needhamcenter@42.28,-71.24;7.5;30;100;100;0;EXCLUE;source rejetee en bloc
France;fr_sncf;La Ferté-Bernard;fr_sncf|UIC87396325;2;10;90;90;0;QUARANTAINE;dispersion 0.0 pt
France;fr_sncf;Connerré - Beillé;fr_sncf|UIC87396309;2.4;12;75;91.7;16.7;A_QUALIFIER;
Etats-Unis;us_mbta;Hanson;us_mbta|hanson@42.04,-70.88;6.2;31;100;100;0;EXCLUE;source rejetee en bloc
Etats-Unis;us_mbta;Whitman;us_mbta|whitman@42.08,-70.92;6;30;100;100;0;EXCLUE;source rejetee en bloc
Etats-Unis;us_mbta;East Weymouth;us_mbta|eastweymouth@42.22,-70.92;5.8;29;100;100;0;EXCLUE;source rejetee en bloc
Etats-Unis;us_mbta;West Hingham;us_mbta|westhingham@42.24,-70.90;6.2;31;100;100;0;EXCLUE;source rejetee en bloc
Etats-Unis;us_mbta;Greenbush;us_mbta|greenbush@42.18,-70.75;4.4;22;100;100;0;EXCLUE;source rejetee en bloc
Allemagne;de_gtfsde;;de_gtfsde|577125;4.8;19;26.3;47.4;63.2;A_QUALIFIER;
Allemagne;de_gtfsde;;de_gtfsde|369065;4.5;18;72.2;83.3;22.2;A_QUALIFIER;
Allemagne;de_gtfsde;;de_gtfsde|103689;3.5;14;50;85.7;50;A_QUALIFIER;
Allemagne;de_gtfsde;;de_gtfsde|612986;5.8;23;43.5;82.6;56.5;A_QUALIFIER;
Allemagne;de_gtfsde;;de_gtfsde|273134;4.3;17;52.9;76.5;41.2;A_QUALIFIER;
Allemagne;de_gtfsde;;de_gtfsde|532166;6.8;27;33.3;63;55.6;A_QUALIFIER;
Allemagne;de_gtfsde;Hagen Oberhagen;de_gtfsde|hagenoberhagen@51.35,7.48;5.5;22;13.6;59.1;81.8;A_QUALIFIER;
France;fr_sncf;Les Laumes - Alésia;fr_sncf|UIC87713115;1.8;7;57.1;100;42.9;QUARANTAINE;aucun retard superieur a 5 min
France;fr_sncf;Ygos;fr_sncf|UIC87671487;0.8;3;66.7;100;33.3;QUARANTAINE;aucun retard superieur a 5 min
France;fr_sncf;Futuroscope;fr_sncf|UIC87324095;2.3;9;44.4;55.6;22.2;A_QUALIFIER;
Etats-Unis;us_mbta;TF Green Airport;us_mbta|tfgreenairport@41.73,-71.44;5.3;21;100;100;0;EXCLUE;source rejetee en bloc
France;fr_sncf;Arvant;fr_sncf|UIC87734251;2.5;15;46.7;60;26.7;A_QUALIFIER;
France;fr_sncf;Hyères;fr_sncf|UIC87755629;1.8;9;88.9;88.9;0;QUARANTAINE;dispersion 0.0 pt
Pays-Bas;nl_ovapi;Soestdijk;nl_ovapi|soestdijk@52.18,5.30;7.2;36;44.4;94.4;55.6;A_QUALIFIER;
Pays-Bas;nl_ovapi;Soest;nl_ovapi|soest@52.17,5.31;7.6;38;78.9;94.7;21.1;A_QUALIFIER;
Pays-Bas;nl_ovapi;Soest Zuid;nl_ovapi|soestzuid@52.17,5.30;7.4;37;45.9;97.3;54.1;A_QUALIFIER;
Allemagne;de_gtfsde;;de_gtfsde|423043;3.3;13;84.6;92.3;15.4;A_QUALIFIER;
Allemagne;de_gtfsde;;de_gtfsde|538049;4.5;18;66.7;94.4;33.3;A_QUALIFIER;
Allemagne;de_gtfsde;;de_gtfsde|502562;5.8;23;78.3;95.7;21.7;A_QUALIFIER;
France;fr_sncf;Saint-Just-en-Chaussée;fr_sncf|UIC87313270;1.5;6;66.7;83.3;16.7;A_QUALIFIER;
France;fr_sncf;Villefranche-sur-Cher;fr_sncf|UIC87576884;1;4;100;100;0;QUARANTAINE;100 % des mouvements sous 60 s , aucun retard superieur a 5 min , dispersion 0.0 pt
France;fr_sncf;Saint-Malo;fr_sncf|UIC87478107;1.3;5;80;100;20;QUARANTAINE;aucun retard superieur a 5 min
France;fr_sncf;Hennebont;fr_sncf|UIC87476259;0.8;3;100;100;0;QUARANTAINE;100 % des mouvements sous 60 s , aucun retard superieur a 5 min , dispersion 0.0 pt
Etats-Unis;us_mbta;Forge Park/495;us_mbta|forgepark495@42.09,-71.44;3.5;21;100;100;0;EXCLUE;source rejetee en bloc
Etats-Unis;us_mbta;New Bedford;us_mbta|newbedford@41.64,-70.93;5;25;100;100;0;EXCLUE;source rejetee en bloc
Etats-Unis;us_mbta;Weymouth Landing/East Braintree;us_mbta|weymouthlandingeastbraintree@42.22,-70.97;5.8;29;100;100;0;EXCLUE;source rejetee en bloc
France;fr_sncf;Le Creusot-TGV;fr_sncf|UIC87694109;1.5;9;33.3;77.8;44.4;A_QUALIFIER;
Allemagne;de_gtfsde;;de_gtfsde|541360;5.5;22;54.5;72.7;31.8;A_QUALIFIER;
Allemagne;de_gtfsde;;de_gtfsde|530125;6.3;25;56;76;32;A_QUALIFIER;
Allemagne;de_gtfsde;;de_gtfsde|329613;4.5;18;38.9;77.8;55.6;A_QUALIFIER;
Allemagne;de_gtfsde;;de_gtfsde|282870;5;20;45;80;50;A_QUALIFIER;
Allemagne;de_gtfsde;;de_gtfsde|340040;4.5;18;44.4;88.9;50;A_QUALIFIER;
Allemagne;de_gtfsde;Kruft;de_gtfsde|kruft@50.39,7.34;5;20;55;85;40;A_QUALIFIER;
France;fr_sncf;Cahors;fr_sncf|UIC87613000;2;8;50;50;25;A_QUALIFIER;
France;fr_sncf;Clermont de l'Oise;fr_sncf|UIC87313304;1.5;6;83.3;83.3;0;QUARANTAINE;dispersion 0.0 pt
France;fr_sncf;Muret;fr_sncf|UIC87611038;2.3;9;44.4;66.7;22.2;A_QUALIFIER;
France;fr_sncf;Dormans;fr_sncf|UIC87171512;1;4;50;50;50;A_QUALIFIER;
France;fr_sncf;Montluçon;fr_sncf|UIC87641001;1.5;6;100;100;0;QUARANTAINE;100 % des mouvements sous 60 s , aucun retard superieur a 5 min , dispersion 0.0 pt
France;fr_sncf;Alençon;fr_sncf|UIC87444711;1.8;7;57.1;57.1;14.3;A_QUALIFIER;
France;fr_sncf;Saint-Marcel;fr_sncf|UIC87751701;2.5;10;60;90;30;A_QUALIFIER;
France;fr_sncf;La Penne-sur-Huveaune;fr_sncf|UIC87751743;2.5;10;50;90;40;A_QUALIFIER;
France;fr_sncf;Le Grand-Lemps;fr_sncf|UIC87747220;1;4;75;75;25;A_QUALIFIER;
France;fr_sncf;Châbons;fr_sncf|UIC87747212;1;4;75;75;25;A_QUALIFIER;
France;fr_sncf;Virieu sur Bourbre;fr_sncf|UIC87747204;1;4;100;100;0;QUARANTAINE;100 % des mouvements sous 60 s , aucun retard superieur a 5 min , dispersion 0.0 pt
Etats-Unis;us_mta_lirr;;us_mta_lirr|21;6.5;26;38.5;73.1;53.8;A_QUALIFIER;
Allemagne;de_gtfsde;Oberkirch Koehlersiedlung;de_gtfsde|oberkirchkoehlersiedlung@48.52,8.09;5.2;26;69.2;88.5;23.1;A_QUALIFIER;
France;fr_sncf;Cessieu;fr_sncf|UIC87723452;3.2;16;75;87.5;18.8;A_QUALIFIER;
France;fr_sncf;Saint-Priest;fr_sncf|UIC87723353;3.8;19;63.2;84.2;26.3;A_QUALIFIER;
Etats-Unis;us_mbta;South Weymouth;us_mbta|southweymouth@42.16,-70.95;6;30;100;100;0;EXCLUE;source rejetee en bloc
Allemagne;de_gtfsde;;de_gtfsde|232984;6.3;25;56;68;32;A_QUALIFIER;
Allemagne;de_gtfsde;;de_gtfsde|357458;4.8;19;68.4;84.2;21.1;A_QUALIFIER;
Allemagne;de_gtfsde;Rothenburg ob der Tauber;de_gtfsde|rothenburgobdertauber@49.38,10.19;4.6;23;78.3;100;21.7;QUARANTAINE;aucun retard superieur a 5 min
Allemagne;de_gtfsde;Schönebeck Süd;de_gtfsde|schnebecksd@52.01,11.74;4;20;40;80;50;A_QUALIFIER;
France;fr_sncf;Vic-le-Comte;fr_sncf|UIC87734186;1.5;6;83.3;83.3;0;QUARANTAINE;dispersion 0.0 pt
France;fr_sncf;Feurs;fr_sncf|UIC87726877;2.3;9;66.7;88.9;33.3;A_QUALIFIER;
France;fr_sncf;Montrond-les-Bains;fr_sncf|UIC87726885;2.8;11;63.6;90.9;36.4;A_QUALIFIER;
France;fr_sncf;Veauche - Saint-Galmier;fr_sncf|UIC87726208;2.8;11;81.8;90.9;18.2;A_QUALIFIER;
France;fr_sncf;Hautmont;fr_sncf|UIC87295568;1;4;50;100;50;QUARANTAINE;aucun retard superieur a 5 min
France;fr_sncf;Bourg-en-Bresse Gare Routière;fr_sncf|UIC87696013;4;16;68.8;100;31.3;QUARANTAINE;aucun retard superieur a 5 min
France;fr_sncf;La Possonnière;fr_sncf|UIC87484337;1;4;25;75;75;A_QUALIFIER;
France;fr_sncf;Lancey;fr_sncf|UIC87417501;3.3;13;76.9;92.3;15.4;A_QUALIFIER;
France;fr_sncf;Brignoud;fr_sncf|UIC87747451;3;12;83.3;91.7;8.3;A_QUALIFIER;
France;fr_sncf;Goncelin;fr_sncf|UIC87747477;3.3;13;84.6;92.3;7.7;A_QUALIFIER;
Pays-Bas;nl_ovapi;Gronau (Westf.);nl_ovapi|gronauwestf@52.22,7.02;4.8;19;78.9;94.7;15.8;A_QUALIFIER;
Pays-Bas;nl_ovapi;Stavoren;nl_ovapi|stavoren@52.89,5.36;5.5;22;90.9;100;9.1;QUARANTAINE;aucun retard superieur a 5 min
Pays-Bas;nl_ovapi;Koudum-Molkwerum;nl_ovapi|koudummolkwerum@52.90,5.41;5.8;23;78.3;100;21.7;QUARANTAINE;aucun retard superieur a 5 min
Pays-Bas;nl_ovapi;Hindeloopen;nl_ovapi|hindeloopen@52.95,5.42;6.3;25;52;100;48;QUARANTAINE;aucun retard superieur a 5 min
Pays-Bas;nl_ovapi;Workum;nl_ovapi|workum@52.97,5.46;6.5;26;38.5;100;61.5;QUARANTAINE;aucun retard superieur a 5 min
Pays-Bas;nl_ovapi;IJlst;nl_ovapi|ijlst@53.01,5.62;5.8;23;60.9;100;39.1;QUARANTAINE;aucun retard superieur a 5 min
Etats-Unis;us_mbta;Needham Heights;us_mbta|needhamheights@42.29,-71.24;4.8;19;100;100;0;EXCLUE;source rejetee en bloc
France;fr_sncf;Brioude;fr_sncf|UIC87734269;2.2;11;54.5;63.6;36.4;A_QUALIFIER;
Pays-Bas;nl_ovapi;Frankfurt Flughafen Fernb;nl_ovapi|frankfurtflughafenfernb@50.05,8.57;0.2;1;100;100;0;QUARANTAINE;100 % des mouvements sous 60 s , aucun retard superieur a 5 min , dispersion 0.0 pt
Allemagne;de_gtfsde;;de_gtfsde|63881;4.5;18;55.6;83.3;27.8;A_QUALIFIER;
Allemagne;de_gtfsde;;de_gtfsde|208869;4.3;17;64.7;88.2;29.4;A_QUALIFIER;
Allemagne;de_gtfsde;;de_gtfsde|662865;4.3;17;76.5;94.1;17.6;A_QUALIFIER;
France;fr_sncf;Elbeuf - Saint-Aubin;fr_sncf|UIC87411173;2.3;9;55.6;100;44.4;QUARANTAINE;aucun retard superieur a 5 min
France;fr_sncf;Serquigny;fr_sncf|UIC87444315;1.3;5;60;100;40;QUARANTAINE;aucun retard superieur a 5 min
Etats-Unis;us_mbta;Wickford Junction;us_mbta|wickfordjunction@41.58,-71.49;3.3;13;100;100;0;EXCLUE;source rejetee en bloc
Etats-Unis;us_mbta;Halifax;us_mbta|halifax@42.01,-70.82;6.3;38;100;100;0;EXCLUE;source rejetee en bloc
Etats-Unis;us_mbta;Nantasket Junction;us_mbta|nantasketjunction@42.24,-70.87;4.3;26;100;100;0;EXCLUE;source rejetee en bloc
Etats-Unis;us_mbta;Cohasset;us_mbta|cohasset@42.24,-70.84;5.5;33;100;100;0;EXCLUE;source rejetee en bloc
France;fr_sncf;Mâcon - Loché TGV;fr_sncf|UIC87725705;1.8;9;11.1;33.3;33.3;A_QUALIFIER;
Allemagne;de_gtfsde;;de_gtfsde|196613;3;12;66.7;83.3;33.3;A_QUALIFIER;
Allemagne;de_gtfsde;;de_gtfsde|221916;4.8;19;47.4;78.9;42.1;A_QUALIFIER;
France;fr_sncf;La Roche-sur-Foron;fr_sncf|UIC87746305;0.5;2;100;100;0;QUARANTAINE;100 % des mouvements sous 60 s , aucun retard superieur a 5 min , dispersion 0.0 pt
France;fr_sncf;Surgères;fr_sncf|UIC87485227;0.8;3;33.3;100;66.7;QUARANTAINE;aucun retard superieur a 5 min
France;fr_sncf;Montréjeau - Gourdan-Polignan;fr_sncf|UIC87611152;0.8;3;66.7;66.7;0;QUARANTAINE;dispersion 0.0 pt
France;fr_sncf;Saint-Césaire;fr_sncf|UIC87775072;2;8;87.5;87.5;0;QUARANTAINE;dispersion 0.0 pt
France;fr_sncf;Briançon;fr_sncf|UIC87763607;1.5;6;100;100;0;QUARANTAINE;100 % des mouvements sous 60 s , aucun retard superieur a 5 min , dispersion 0.0 pt
Pays-Bas;nl_ovapi;Kesteren;nl_ovapi|kesteren@51.93,5.58;3.8;15;73.3;100;26.7;QUARANTAINE;aucun retard superieur a 5 min
Pays-Bas;nl_ovapi;Opheusden;nl_ovapi|opheusden@51.93,5.64;3.3;13;100;100;0;QUARANTAINE;100 % des mouvements sous 60 s , aucun retard superieur a 5 min , dispersion 0.0 pt
Pays-Bas;nl_ovapi;Hemmen-Dodewaard;nl_ovapi|hemmendodewaard@51.92,5.67;4;16;100;100;0;QUARANTAINE;100 % des mouvements sous 60 s , aucun retard superieur a 5 min , dispersion 0.0 pt
Pays-Bas;nl_ovapi;Zetten-Andelst;nl_ovapi|zettenandelst@51.92,5.72;4.3;17;94.1;100;5.9;QUARANTAINE;aucun retard superieur a 5 min
Pays-Bas;nl_ovapi;Enschede De Eschmarke;nl_ovapi|enschededeeschmarke@52.22,6.95;2.5;10;90;90;0;QUARANTAINE;dispersion 0.0 pt
Pays-Bas;nl_ovapi;Glanerbrug;nl_ovapi|glanerbrug@52.22,6.97;2.5;10;90;90;0;QUARANTAINE;dispersion 0.0 pt
Allemagne;de_gtfsde;Laufach;de_gtfsde|laufach@50.01,9.28;5;25;60;80;32;A_QUALIFIER;
Allemagne;de_gtfsde;;de_gtfsde|545832;3.8;15;80;100;20;QUARANTAINE;aucun retard superieur a 5 min
France;fr_sncf;Figeac;fr_sncf|UIC87613091;1;4;25;50;50;A_QUALIFIER;
France;fr_sncf;Rochefort;fr_sncf|UIC87485144;1.3;5;60;80;40;A_QUALIFIER;
France;fr_sncf;Saint-Sulpice;fr_sncf|UIC87615344;1.8;7;14.3;57.1;42.9;A_QUALIFIER;
France;fr_sncf;Saint-Gaudens;fr_sncf|UIC87611137;1.3;5;40;80;40;A_QUALIFIER;
France;fr_sncf;Boussens;fr_sncf|UIC87611095;1.5;6;66.7;83.3;16.7;A_QUALIFIER;
France;fr_sncf;Castelnau-d'Estrétefonds;fr_sncf|UIC87611665;1.8;7;57.1;71.4;14.3;A_QUALIFIER;
France;fr_sncf;Siorac-en-Périgord;fr_sncf|UIC87595769;2.5;10;10;90;80;A_QUALIFIER;
France;fr_sncf;Mehun-sur-Yèvre;fr_sncf|UIC87576116;1.8;7;100;100;0;QUARANTAINE;100 % des mouvements sous 60 s , aucun retard superieur a 5 min , dispersion 0.0 pt
France;fr_sncf;Vendôme;fr_sncf|UIC87574558;1.5;6;66.7;66.7;16.7;A_QUALIFIER;
Etats-Unis;us_mbta;Wakefield;us_mbta|wakefield@42.50,-71.08;5.8;23;100;100;0;EXCLUE;source rejetee en bloc
Allemagne;de_gtfsde;Zeutern;de_gtfsde|zeutern@49.18,8.68;5.6;28;71.4;100;28.6;QUARANTAINE;aucun retard superieur a 5 min
France;fr_sncf;Pont de Lignon;fr_sncf|UIC87726786;1.2;6;50;66.7;33.3;A_QUALIFIER;
France;fr_sncf;Chagny;fr_sncf|UIC87713578;1;5;40;80;60;A_QUALIFIER;
France;fr_sncf;Saint-Étienne La Terrasse;fr_sncf|UIC87726158;1.5;9;77.8;88.9;22.2;A_QUALIFIER;
Allemagne;de_gtfsde;Schortens-Heidmühle;de_gtfsde|schortensheidmhle@53.54,7.95;6.6;33;51.5;54.5;18.2;A_QUALIFIER;
Allemagne;de_gtfsde;Neuendettelsau;de_gtfsde|neuendettelsau@49.28,10.78;5;25;84;100;16;QUARANTAINE;aucun retard superieur a 5 min
France;fr_sncf;Villeneuve-la-Guyard;fr_sncf|UIC87683102;2;8;62.5;87.5;37.5;A_QUALIFIER;
France;fr_sncf;Champigny;fr_sncf|UIC87683128;1.5;6;66.7;83.3;33.3;A_QUALIFIER;
France;fr_sncf;Pont-sur-Yonne;fr_sncf|UIC87683136;1.5;6;66.7;83.3;33.3;A_QUALIFIER;
France;fr_sncf;Étigny - Véron;fr_sncf|UIC87683201;1;4;50;100;50;QUARANTAINE;aucun retard superieur a 5 min
France;fr_sncf;Villeneuve-sur-Yonne;fr_sncf|UIC87683219;0.8;3;33.3;100;66.7;QUARANTAINE;aucun retard superieur a 5 min
France;fr_sncf;Saint-Julien-du-Sault;fr_sncf|UIC87683227;1;4;25;75;75;A_QUALIFIER;
France;fr_sncf;Woerth (Rhein);fr_sncf|UIC80191031;3.8;15;93.3;93.3;0;QUARANTAINE;dispersion 0.0 pt
France;fr_sncf;Batz-sur-Mer;fr_sncf|UIC87481770;0.5;2;50;50;50;A_QUALIFIER;
France;fr_sncf;La Baule les Pins;fr_sncf|UIC87481697;0.3;1;100;100;0;QUARANTAINE;100 % des mouvements sous 60 s , aucun retard superieur a 5 min , dispersion 0.0 pt
France;fr_sncf;Coarraze - Nay;fr_sncf|UIC87672139;2.8;11;63.6;72.7;9.1;A_QUALIFIER;
France;fr_sncf;Chorges;fr_sncf|UIC87763425;2;8;12.5;62.5;62.5;A_QUALIFIER;
France;fr_sncf;Embrun;fr_sncf|UIC87763466;2;8;12.5;62.5;50;A_QUALIFIER;
France;fr_sncf;Mont-Dauphin - Guillestre;fr_sncf|UIC87763508;1.8;7;42.9;71.4;28.6;A_QUALIFIER;
France;fr_sncf;L'Argentière les Écrins;fr_sncf|UIC87763557;1;4;100;100;0;QUARANTAINE;100 % des mouvements sous 60 s , aucun retard superieur a 5 min , dispersion 0.0 pt
Pays-Bas;nl_ovapi;Berlin Südkreuz;nl_ovapi|berlinsdkreuz@52.48,13.37;2.3;9;11.1;11.1;44.4;A_QUALIFIER;
Etats-Unis;us_mbta;Wilmington;us_mbta|wilmington@42.55,-71.17;6;30;100;100;0;EXCLUE;source rejetee en bloc
Etats-Unis;us_mbta;Reading;us_mbta|reading@42.52,-71.11;5.8;23;100;100;0;EXCLUE;source rejetee en bloc
Allemagne;de_gtfsde;Steinpleis, Haltepunkt;de_gtfsde|steinpleishaltepunkt@50.71,12.39;3.4;17;52.9;76.5;41.2;A_QUALIFIER;
France;fr_sncf;Chamalières-sur-Loire;fr_sncf|UIC87734731;1.8;9;55.6;88.9;33.3;A_QUALIFIER;
France;fr_sncf;Saint-Vincent le Château;fr_sncf|UIC87734715;1.2;6;83.3;83.3;0;QUARANTAINE;dispersion 0.0 pt
France;fr_sncf;Lavoûte-sur-Loire;fr_sncf|UIC87734707;1.2;6;100;100;0;QUARANTAINE;100 % des mouvements sous 60 s , aucun retard superieur a 5 min , dispersion 0.0 pt
Pays-Bas;nl_ovapi;Frankfurt (M) Hbf;nl_ovapi|frankfurtmhbf@50.11,8.66;0.2;1;100;100;0;QUARANTAINE;100 % des mouvements sous 60 s , aucun retard superieur a 5 min , dispersion 0.0 pt
Australie;au_translink_seq;;au_translink_seq|600187;7.3;29;89.7;96.6;6.9;A_QUALIFIER;
Allemagne;de_gtfsde;;de_gtfsde|456929;5.3;21;71.4;90.5;19;A_QUALIFIER;
Allemagne;de_gtfsde;;de_gtfsde|122858;4;16;37.5;75;43.8;A_QUALIFIER;
France;fr_sncf;Issoudun;fr_sncf|UIC87597062;1.3;5;60;80;20;A_QUALIFIER;
France;fr_sncf;Saint-Georges-de-Reneins;fr_sncf|UIC87721340;1;4;75;75;0;QUARANTAINE;dispersion 0.0 pt
France;fr_sncf;Romanèche-Thorins-Maison Blanche;fr_sncf|UIC87725739;1.5;6;83.3;83.3;0;QUARANTAINE;dispersion 0.0 pt
France;fr_sncf;Pontanevaux;fr_sncf|UIC87725721;1.8;7;71.4;71.4;0;QUARANTAINE;dispersion 0.0 pt
France;fr_sncf;Crêches-sur-Saône;fr_sncf|UIC87725713;2;8;75;75;0;QUARANTAINE;dispersion 0.0 pt
France;fr_sncf;Berg (Pfalz);fr_sncf|UIC80191064;2.3;9;88.9;88.9;11.1;A_QUALIFIER;
France;fr_sncf;Neuburg (Rhein);fr_sncf|UIC80646141;3.3;13;92.3;92.3;0;QUARANTAINE;dispersion 0.0 pt
France;fr_sncf;Hagenbach;fr_sncf|UIC80191049;3.5;14;92.9;92.9;0;QUARANTAINE;dispersion 0.0 pt
France;fr_sncf;Luttenbach-près-Munster;fr_sncf|UIC87182543;0.5;2;100;100;0;QUARANTAINE;100 % des mouvements sous 60 s , aucun retard superieur a 5 min , dispersion 0.0 pt
Etats-Unis;us_mbta;Kendal Green;us_mbta|kendalgreen@42.38,-71.28;3.3;13;100;100;0;EXCLUE;source rejetee en bloc
Etats-Unis;us_mta_lirr;;us_mta_lirr|233;6;24;58.3;75;33.3;A_QUALIFIER;
Allemagne;de_gtfsde;Barnten/Bahnhof;de_gtfsde|barntenbahnhof@52.20,9.81;6;36;41.7;88.9;47.2;A_QUALIFIER;
France;fr_sncf;Souillac;fr_sncf|UIC87594333;1.8;7;42.9;57.1;28.6;A_QUALIFIER;
France;fr_sncf;Gourdon;fr_sncf|UIC87613141;1.5;6;33.3;33.3;33.3;A_QUALIFIER;
France;fr_sncf;Maximiliansau Im Ruesten;fr_sncf|UIC80646133;3.5;14;92.9;92.9;0;QUARANTAINE;dispersion 0.0 pt
France;fr_sncf;Aurillac;fr_sncf|UIC87645002;1.3;5;40;60;40;A_QUALIFIER;
France;fr_sncf;L'Aigle;fr_sncf|UIC87444638;1;4;50;75;50;A_QUALIFIER;
Etats-Unis;us_mbta;Foxboro;us_mbta|foxboro@42.10,-71.26;4;16;100;100;0;EXCLUE;source rejetee en bloc
Etats-Unis;us_mta_lirr;;us_mta_lirr|83;5.8;23;47.8;87;47.8;A_QUALIFIER;
Etats-Unis;us_mta_lirr;;us_mta_lirr|141;6;24;20.8;75;70.8;A_QUALIFIER;
France;fr_sncf;Mussidan;fr_sncf|UIC87595298;2;10;70;80;20;A_QUALIFIER;
France;fr_sncf;Grand-Combe la Pise;fr_sncf|UIC87775254;1.2;6;33.3;50;16.7;A_QUALIFIER;
France;fr_sncf;Génolhac;fr_sncf|UIC87775213;0.8;4;25;50;50;A_QUALIFIER;
Etats-Unis;us_mbta;Anderson/Woburn;us_mbta|andersonwoburn@42.52,-71.14;5;25;100;100;0;EXCLUE;source rejetee en bloc
Allemagne;de_gtfsde;;de_gtfsde|264119;4.3;17;23.5;41.2;41.2;A_QUALIFIER;
France;fr_sncf;Saint-Gervais-les-Bains-Le Fayet;fr_sncf|UIC87746479;0;0;0;0;0;QUARANTAINE;dispersion 0.0 pt
France;fr_sncf;Gaillac;fr_sncf|UIC87615252;1.8;7;28.6;57.1;28.6;A_QUALIFIER;
France;fr_sncf;Meyrargues;fr_sncf|UIC87751370;1.3;5;60;80;20;A_QUALIFIER;
France;fr_sncf;Mennetou-sur-Cher;fr_sncf|UIC87576728;1.3;5;100;100;0;QUARANTAINE;100 % des mouvements sous 60 s , aucun retard superieur a 5 min , dispersion 0.0 pt
France;fr_sncf;Saint-Astier;fr_sncf|UIC87595249;1.4;7;71.4;85.7;28.6;A_QUALIFIER;
Allemagne;de_gtfsde;;de_gtfsde|124096;3.3;13;84.6;100;15.4;QUARANTAINE;aucun retard superieur a 5 min
Allemagne;de_gtfsde;Seelze Bahnhof;de_gtfsde|seelzebahnhof@52.39,9.59;3.8;15;86.7;100;13.3;QUARANTAINE;aucun retard superieur a 5 min
France;fr_sncf;Sallanches - Combloux - Megève;fr_sncf|UIC87746438;0.5;2;0;100;100;QUARANTAINE;aucun retard superieur a 5 min
France;fr_sncf;Capdenac;fr_sncf|UIC87613109;1.5;6;50;66.7;33.3;A_QUALIFIER;
France;fr_sncf;Dole;fr_sncf|UIC87713412;1.6;8;62.5;75;12.5;A_QUALIFIER;
France;fr_sncf;Tourcoing;fr_sncf|UIC87286542;0.8;3;66.7;66.7;33.3;A_QUALIFIER;
France;fr_sncf;Roubaix;fr_sncf|UIC87286732;1.5;6;83.3;83.3;16.7;A_QUALIFIER;
France;fr_sncf;La Bastide-St-Laurent-les-B.;fr_sncf|UIC87775171;0.8;4;0;50;50;A_QUALIFIER;
France;fr_sncf;Verneuil-sur-Avre;fr_sncf|UIC87393595;0.8;3;100;100;0;QUARANTAINE;100 % des mouvements sous 60 s , aucun retard superieur a 5 min , dispersion 0.0 pt
Etats-Unis;us_mbta;Stoughton;us_mbta|stoughton@42.12,-71.10;6.3;25;100;100;0;EXCLUE;source rejetee en bloc
Etats-Unis;us_mbta;Ayer;us_mbta|ayer@42.56,-71.59;3;12;100;100;0;EXCLUE;source rejetee en bloc
Etats-Unis;us_mbta;Gloucester;us_mbta|gloucester@42.62,-70.67;3.5;14;100;100;0;EXCLUE;source rejetee en bloc
Etats-Unis;us_mbta;Greenwood;us_mbta|greenwood@42.48,-71.07;4.2;21;100;100;0;EXCLUE;source rejetee en bloc
Etats-Unis;us_mbta;North Billerica;us_mbta|northbillerica@42.59,-71.28;4.8;29;100;100;0;EXCLUE;source rejetee en bloc
Allemagne;de_gtfsde;Frommern Bahnhof;de_gtfsde|frommernbahnhof@48.24,8.87;4.8;24;58.3;95.8;41.7;A_QUALIFIER;
France;fr_sncf;Saint-Georges-d'Aurac;fr_sncf|UIC87734301;2.2;11;45.5;54.5;45.5;A_QUALIFIER;
France;fr_sncf;Langeac;fr_sncf|UIC87734319;1.6;8;25;50;75;A_QUALIFIER;
Etats-Unis;us_mbta;Montserrat;us_mbta|montserrat@42.56,-70.87;3;15;100;100;0;EXCLUE;source rejetee en bloc
Etats-Unis;us_mbta;Beverly Farms;us_mbta|beverlyfarms@42.56,-70.81;3;15;100;100;0;EXCLUE;source rejetee en bloc
Etats-Unis;us_mbta;Melrose Highlands;us_mbta|melrosehighlands@42.47,-71.07;4.4;22;100;100;0;EXCLUE;source rejetee en bloc
France;fr_sncf;Nanteuil-le-Haudouin;fr_sncf|UIC87271577;3.5;14;92.9;100;7.1;QUARANTAINE;aucun retard superieur a 5 min
France;fr_sncf;Le Plessis-Belleville;fr_sncf|UIC87271551;3.8;15;100;100;0;QUARANTAINE;100 % des mouvements sous 60 s , aucun retard superieur a 5 min , dispersion 0.0 pt
France;fr_sncf;Lisle-sur-Tarn;fr_sncf|UIC87615310;1.8;7;28.6;71.4;42.9;A_QUALIFIER;
France;fr_sncf;Cazères;fr_sncf|UIC87611079;1.3;5;20;60;40;A_QUALIFIER;
France;fr_sncf;Carbonne;fr_sncf|UIC87611061;1.3;5;20;60;40;A_QUALIFIER;
France;fr_sncf;Royan;fr_sncf|UIC87491803;0.5;2;50;50;0;QUARANTAINE;dispersion 0.0 pt
France;fr_sncf;Saujon;fr_sncf|UIC87491811;1;4;50;75;25;A_QUALIFIER;
France;fr_sncf;Tournus;fr_sncf|UIC87725622;1.3;5;40;80;60;A_QUALIFIER;
France;fr_sncf;Mouchard;fr_sncf|UIC87718833;1.3;5;80;80;0;QUARANTAINE;dispersion 0.0 pt
France;fr_sncf;Sarliève - Cournon;fr_sncf|UIC87734152;1.3;5;80;80;0;QUARANTAINE;dispersion 0.0 pt
France;fr_sncf;Le Cendre - Orcet;fr_sncf|UIC87734160;0.8;3;66.7;66.7;0;QUARANTAINE;dispersion 0.0 pt
France;fr_sncf;Les Martres-de-Veyre;fr_sncf|UIC87734178;1;4;75;75;0;QUARANTAINE;dispersion 0.0 pt
Etats-Unis;us_mbta;Shirley;us_mbta|shirley@42.55,-71.65;3;12;100;100;0;EXCLUE;source rejetee en bloc
Etats-Unis;us_mbta;Ballardvale;us_mbta|ballardvale@42.63,-71.16;4.5;18;100;100;0;EXCLUE;source rejetee en bloc
Etats-Unis;us_mbta;Winchester Center;us_mbta|winchestercenter@42.45,-71.14;4.7;28;100;100;0;EXCLUE;source rejetee en bloc
Etats-Unis;us_mbta;Wedgemere;us_mbta|wedgemere@42.44,-71.14;5;30;100;100;0;EXCLUE;source rejetee en bloc
Etats-Unis;us_mbta;Melrose/Cedar Park;us_mbta|melrosecedarpark@42.46,-71.07;4;20;100;100;0;EXCLUE;source rejetee en bloc
Etats-Unis;us_mbta;Brandeis/Roberts;us_mbta|brandeisroberts@42.36,-71.26;3.6;18;100;100;0;EXCLUE;source rejetee en bloc
Etats-Unis;us_mbta;Waltham;us_mbta|waltham@42.37,-71.24;3.6;18;100;100;0;EXCLUE;source rejetee en bloc
Allemagne;de_gtfsde;;de_gtfsde|419729;3.5;14;0;0;35.7;A_QUALIFIER;
France;fr_sncf;Marmande;fr_sncf|UIC87586545;1.3;5;60;60;20;A_QUALIFIER;
France;fr_sncf;Rilly-la-Montagne;fr_sncf|UIC87171595;1;4;75;100;25;QUARANTAINE;aucun retard superieur a 5 min
France;fr_sncf;Avenay;fr_sncf|UIC87171579;1.3;5;60;60;40;A_QUALIFIER;
France;fr_sncf;Ay-Champagne;fr_sncf|UIC87171561;0.8;3;66.7;66.7;33.3;A_QUALIFIER;
France;fr_sncf;TGV Haute Picardie;fr_sncf|UIC87313882;2.3;9;55.6;55.6;11.1;A_QUALIFIER;
Etats-Unis;us_mbta;North Leominster;us_mbta|northleominster@42.54,-71.74;3.3;13;100;100;0;EXCLUE;source rejetee en bloc
Etats-Unis;us_mbta;Rockport;us_mbta|rockport@42.66,-70.63;3.5;14;100;100;0;EXCLUE;source rejetee en bloc
Etats-Unis;us_mbta;Wyoming Hill;us_mbta|wyominghill@42.45,-71.07;4.2;21;100;100;0;EXCLUE;source rejetee en bloc
Etats-Unis;us_mbta;Belmont;us_mbta|belmont@42.40,-71.18;4.2;21;100;100;0;EXCLUE;source rejetee en bloc
Etats-Unis;us_mbta;Porter;us_mbta|porter@42.39,-71.12;4.6;23;100;100;0;EXCLUE;source rejetee en bloc
Etats-Unis;us_mbta;Manchester;us_mbta|manchester@42.57,-70.77;2.8;14;100;100;0;EXCLUE;source rejetee en bloc
Etats-Unis;us_mbta;West Medford;us_mbta|westmedford@42.42,-71.13;4.8;29;100;100;0;EXCLUE;source rejetee en bloc
France;fr_sncf;Saint-Denis-Près-Martel;fr_sncf|UIC87594572;0.8;3;0;0;66.7;A_QUALIFIER;
France;fr_sncf;Germaine;fr_sncf|UIC87171587;0.8;3;100;100;0;QUARANTAINE;100 % des mouvements sous 60 s , aucun retard superieur a 5 min , dispersion 0.0 pt
Etats-Unis;us_mbta;Newburyport;us_mbta|newburyport@42.80,-70.88;2;8;100;100;0;EXCLUE;source rejetee en bloc
France;fr_sncf;Sarrebruck;fr_sncf|UIC80253914;0.6;3;100;100;0;QUARANTAINE;100 % des mouvements sous 60 s , aucun retard superieur a 5 min , dispersion 0.0 pt
France;fr_sncf;Villefort;fr_sncf|UIC87775197;0.4;2;0;0;50;A_QUALIFIER;
Etats-Unis;us_mbta;Malden Center;us_mbta|maldencenter@42.43,-71.07;4.4;22;100;100;0;EXCLUE;source rejetee en bloc
Etats-Unis;us_mbta;Waverley;us_mbta|waverley@42.39,-71.19;3.2;16;100;100;0;EXCLUE;source rejetee en bloc
Etats-Unis;us_mbta;West Gloucester;us_mbta|westgloucester@42.61,-70.71;2.4;12;100;100;0;EXCLUE;source rejetee en bloc
Allemagne;de_gtfsde;Rainau-Schwabsberg, Bahnhof;de_gtfsde|rainauschwabsbergbahnhof@48.93,10.14;2.8;11;63.6;81.8;18.2;A_QUALIFIER;
France;fr_sncf;Thann;fr_sncf|UIC87182568;0.8;3;66.7;66.7;33.3;A_QUALIFIER;
France;fr_sncf;Chamborigaud;fr_sncf|UIC87775221;0.6;3;33.3;33.3;33.3;A_QUALIFIER;
France;fr_sncf;Vayres;fr_sncf|UIC87584714;1.5;9;66.7;77.8;33.3;A_QUALIFIER;
France;fr_sncf;Montbrison;fr_sncf|UIC87726448;1;4;100;100;0;QUARANTAINE;100 % des mouvements sous 60 s , aucun retard superieur a 5 min , dispersion 0.0 pt
France;fr_sncf;Oudon;fr_sncf|UIC87481184;1.3;5;100;100;0;QUARANTAINE;100 % des mouvements sous 60 s , aucun retard superieur a 5 min , dispersion 0.0 pt
France;fr_sncf;Le Cellier;fr_sncf|UIC87481168;1;4;100;100;0;QUARANTAINE;100 % des mouvements sous 60 s , aucun retard superieur a 5 min , dispersion 0.0 pt
France;fr_sncf;Mauves-sur-Loire;fr_sncf|UIC87481150;1.3;5;100;100;0;QUARANTAINE;100 % des mouvements sous 60 s , aucun retard superieur a 5 min , dispersion 0.0 pt
France;fr_sncf;Thouaré;fr_sncf|UIC87481143;1.5;6;83.3;83.3;16.7;A_QUALIFIER;
France;fr_sncf;Meymac;fr_sncf|UIC87594275;1;4;100;100;0;QUARANTAINE;100 % des mouvements sous 60 s , aucun retard superieur a 5 min , dispersion 0.0 pt
France;fr_sncf;Ussel;fr_sncf|UIC87594093;1;4;100;100;0;QUARANTAINE;100 % des mouvements sous 60 s , aucun retard superieur a 5 min , dispersion 0.0 pt
Etats-Unis;us_mbta;Oak Grove;us_mbta|oakgrove@42.44,-71.07;4;20;100;100;0;EXCLUE;source rejetee en bloc
Allemagne;de_gtfsde;Neuenburg (Baden) Bahnhof;de_gtfsde|neuenburgbadenbahnhof@47.81,7.56;2.8;11;63.6;63.6;9.1;A_QUALIFIER;
France;fr_sncf;Évian-les-Bains;fr_sncf|UIC87745679;0;0;0;0;0;QUARANTAINE;dispersion 0.0 pt
France;fr_sncf;Thonon-les-Bains;fr_sncf|UIC87745646;0.3;1;0;0;100;A_QUALIFIER;
France;fr_sncf;Montpon-Ménestérol;fr_sncf|UIC87595322;1.2;6;83.3;83.3;0;QUARANTAINE;dispersion 0.0 pt
France;fr_sncf;Saint-Seurin-sur-l'Isle;fr_sncf|UIC87584615;1.4;7;71.4;85.7;14.3;A_QUALIFIER;
France;fr_sncf;Saint-Médard-de-Guizières;fr_sncf|UIC87584607;1.4;7;71.4;85.7;14.3;A_QUALIFIER;
France;fr_sncf;Le Breuil-sur-Couze;fr_sncf|UIC87734228;0.8;3;66.7;66.7;0;QUARANTAINE;dispersion 0.0 pt
France;fr_sncf;Parent - Coudes - Champeix;fr_sncf|UIC87734194;1.3;5;80;80;0;QUARANTAINE;dispersion 0.0 pt
France;fr_sncf;Jaunay-Clan;fr_sncf|UIC87575217;1;4;50;50;25;A_QUALIFIER;
France;fr_sncf;La Tricherie;fr_sncf|UIC87575183;1;4;50;50;25;A_QUALIFIER;
France;fr_sncf;Naintré les Barres;fr_sncf|UIC87575175;1;4;50;50;25;A_QUALIFIER;
France;fr_sncf;La Ménitré;fr_sncf|UIC87487884;1.3;5;100;100;0;QUARANTAINE;100 % des mouvements sous 60 s , aucun retard superieur a 5 min , dispersion 0.0 pt
France;fr_sncf;Marmagne;fr_sncf|UIC87576132;0.8;3;100;100;0;QUARANTAINE;100 % des mouvements sous 60 s , aucun retard superieur a 5 min , dispersion 0.0 pt
France;fr_sncf;Foëcy;fr_sncf|UIC87576108;1;4;100;100;0;QUARANTAINE;100 % des mouvements sous 60 s , aucun retard superieur a 5 min , dispersion 0.0 pt
France;fr_sncf;Vierzon Forges;fr_sncf|UIC87576090;1.3;5;80;100;20;QUARANTAINE;aucun retard superieur a 5 min
France;fr_sncf;Maizières-lès-Metz;fr_sncf|UIC87191106;0.5;2;100;100;0;QUARANTAINE;100 % des mouvements sous 60 s , aucun retard superieur a 5 min , dispersion 0.0 pt
France;fr_sncf;Woippy;fr_sncf|UIC87192088;0.5;2;100;100;0;QUARANTAINE;100 % des mouvements sous 60 s , aucun retard superieur a 5 min , dispersion 0.0 pt
France;fr_sncf;Metz Nord;fr_sncf|UIC87192070;0.5;2;100;100;0;QUARANTAINE;100 % des mouvements sous 60 s , aucun retard superieur a 5 min , dispersion 0.0 pt
France;fr_sncf;Vertaizon;fr_sncf|UIC87734426;0.8;3;100;100;0;QUARANTAINE;100 % des mouvements sous 60 s , aucun retard superieur a 5 min , dispersion 0.0 pt
France;fr_sncf;Chasseneuil-du-Poitou;fr_sncf|UIC87575225;1.3;5;60;60;20;A_QUALIFIER;
France;fr_sncf;Dissay;fr_sncf|UIC87575191;1;4;50;50;25;A_QUALIFIER;
France;fr_sncf;Nerpuy;fr_sncf|UIC87575167;1;4;50;50;25;A_QUALIFIER;
France;fr_sncf;Les Rosiers-sur-Loire;fr_sncf|UIC87487876;1.3;5;100;100;0;QUARANTAINE;100 % des mouvements sous 60 s , aucun retard superieur a 5 min , dispersion 0.0 pt
France;fr_sncf;Saint-Mathurin;fr_sncf|UIC87487892;1;4;100;100;0;QUARANTAINE;100 % des mouvements sous 60 s , aucun retard superieur a 5 min , dispersion 0.0 pt
France;fr_sncf;La Bohalle;fr_sncf|UIC87487843;1;4;100;100;0;QUARANTAINE;100 % des mouvements sous 60 s , aucun retard superieur a 5 min , dispersion 0.0 pt
France;fr_sncf;Trélazé;fr_sncf|UIC87701532;1;4;100;100;0;QUARANTAINE;100 % des mouvements sous 60 s , aucun retard superieur a 5 min , dispersion 0.0 pt
France;fr_sncf;Couëron;fr_sncf|UIC87481804;1;4;100;100;0;QUARANTAINE;100 % des mouvements sous 60 s , aucun retard superieur a 5 min , dispersion 0.0 pt
France;fr_sncf;Saint-Étienne-de-Montluc;fr_sncf|UIC87481812;1.3;5;100;100;0;QUARANTAINE;100 % des mouvements sous 60 s , aucun retard superieur a 5 min , dispersion 0.0 pt
France;fr_sncf;Mignaloux - Nouaillé;fr_sncf|UIC87575704;1;4;25;100;75;QUARANTAINE;aucun retard superieur a 5 min
France;fr_sncf;Condé-sur-Huisne;fr_sncf|UIC87394288;0.5;2;100;100;0;QUARANTAINE;100 % des mouvements sous 60 s , aucun retard superieur a 5 min , dispersion 0.0 pt
France;fr_sncf;Bretoncelles;fr_sncf|UIC87394270;0.5;2;100;100;0;QUARANTAINE;100 % des mouvements sous 60 s , aucun retard superieur a 5 min , dispersion 0.0 pt
France;fr_sncf;Pontgouin;fr_sncf|UIC87394247;0.5;2;50;100;50;QUARANTAINE;aucun retard superieur a 5 min
France;fr_sncf;Saint-Aubin - Saint-Luperce;fr_sncf|UIC87394213;1;4;75;100;25;QUARANTAINE;aucun retard superieur a 5 min
France;fr_sncf;Amilly - Ouerray;fr_sncf|UIC87394205;1;4;75;100;25;QUARANTAINE;aucun retard superieur a 5 min
France;fr_sncf;Dinan;fr_sncf|UIC87478164;1.3;5;100;100;0;QUARANTAINE;100 % des mouvements sous 60 s , aucun retard superieur a 5 min , dispersion 0.0 pt
France;fr_sncf;Bâle Saint-Jean;fr_sncf|UIC87187930;0.5;2;50;50;50;A_QUALIFIER;
France;fr_sncf;Fons - Saint-Mamert;fr_sncf|UIC87775379;1.3;5;60;80;20;A_QUALIFIER;
France;fr_sncf;Cesson-Sévigné;fr_sncf|UIC87334490;1.5;6;100;100;0;QUARANTAINE;100 % des mouvements sous 60 s , aucun retard superieur a 5 min , dispersion 0.0 pt
France;fr_sncf;Noyal - Acigné;fr_sncf|UIC87471540;1.3;5;100;100;0;QUARANTAINE;100 % des mouvements sous 60 s , aucun retard superieur a 5 min , dispersion 0.0 pt
France;fr_sncf;Servon;fr_sncf|UIC87471532;1.3;5;100;100;0;QUARANTAINE;100 % des mouvements sous 60 s , aucun retard superieur a 5 min , dispersion 0.0 pt
France;fr_sncf;Châteaubourg;fr_sncf|UIC87471524;0.8;3;100;100;0;QUARANTAINE;100 % des mouvements sous 60 s , aucun retard superieur a 5 min , dispersion 0.0 pt
France;fr_sncf;Grenoble;fr_sncf|UIC87335521;1.5;6;83.3;83.3;16.7;A_QUALIFIER;
France;fr_sncf;Le Poirier Université;fr_sncf|UIC87343210;1;4;25;75;75;A_QUALIFIER;
France;fr_sncf;Assat;fr_sncf|UIC87672162;1.5;6;50;66.7;16.7;A_QUALIFIER;
France;fr_sncf;Saint-Priest-Taurion;fr_sncf|UIC87592055;0.8;3;100;100;0;QUARANTAINE;100 % des mouvements sous 60 s , aucun retard superieur a 5 min , dispersion 0.0 pt
France;fr_sncf;Brignac;fr_sncf|UIC87592063;0.8;3;100;100;0;QUARANTAINE;100 % des mouvements sous 60 s , aucun retard superieur a 5 min , dispersion 0.0 pt
France;fr_sncf;Saint-Léonard-de-Noblat;fr_sncf|UIC87592071;0.5;2;100;100;0;QUARANTAINE;100 % des mouvements sous 60 s , aucun retard superieur a 5 min , dispersion 0.0 pt
France;fr_sncf;Saint-Denis-des-Murs;fr_sncf|UIC87592097;0.3;1;100;100;0;QUARANTAINE;100 % des mouvements sous 60 s , aucun retard superieur a 5 min , dispersion 0.0 pt
France;fr_sncf;Châteauneuf - Bujaleuf;fr_sncf|UIC87592105;0;0;0;0;0;QUARANTAINE;dispersion 0.0 pt
France;fr_sncf;Eymoutiers Vassivière;fr_sncf|UIC87592121;0.3;1;100;100;0;QUARANTAINE;100 % des mouvements sous 60 s , aucun retard superieur a 5 min , dispersion 0.0 pt
France;fr_sncf;Bons-en-Chablais;fr_sncf|UIC87745596;1.3;5;40;60;40;A_QUALIFIER;
France;fr_sncf;Thiers;fr_sncf|UIC87734475;1;4;100;100;0;QUARANTAINE;100 % des mouvements sous 60 s , aucun retard superieur a 5 min , dispersion 0.0 pt
France;fr_sncf;Pont de Dore;fr_sncf|UIC87734459;0.8;3;100;100;0;QUARANTAINE;100 % des mouvements sous 60 s , aucun retard superieur a 5 min , dispersion 0.0 pt
France;fr_sncf;Lezoux;fr_sncf|UIC87734442;0.8;3;100;100;0;QUARANTAINE;100 % des mouvements sous 60 s , aucun retard superieur a 5 min , dispersion 0.0 pt
France;fr_sncf;Sainte-Cécile-d'Andorge;fr_sncf|UIC87775239;0.5;2;50;50;0;QUARANTAINE;dispersion 0.0 pt
France;fr_sncf;Nozières - Brignon;fr_sncf|UIC87775353;0.5;2;50;100;50;QUARANTAINE;aucun retard superieur a 5 min
France;fr_sncf;Longwy;fr_sncf|UIC87194001;0.3;1;100;100;0;QUARANTAINE;100 % des mouvements sous 60 s , aucun retard superieur a 5 min , dispersion 0.0 pt
France;fr_sncf;Saubusse;fr_sncf|UIC87673251;1;4;75;100;25;QUARANTAINE;aucun retard superieur a 5 min
France;fr_sncf;Saint-Geours;fr_sncf|UIC87673269;1;4;75;100;25;QUARANTAINE;aucun retard superieur a 5 min
France;fr_sncf;Bénesse-Maremne;fr_sncf|UIC87673285;0.8;3;66.7;100;33.3;QUARANTAINE;aucun retard superieur a 5 min
France;fr_sncf;Labenne;fr_sncf|UIC87673293;0.8;3;66.7;100;33.3;QUARANTAINE;aucun retard superieur a 5 min
France;fr_sncf;Ondres;fr_sncf|UIC87673319;0.8;3;66.7;100;33.3;QUARANTAINE;aucun retard superieur a 5 min
France;fr_sncf;Boucau;fr_sncf|UIC87673095;0.5;2;100;100;0;QUARANTAINE;100 % des mouvements sous 60 s , aucun retard superieur a 5 min , dispersion 0.0 pt
France;fr_sncf;Arengosse;fr_sncf|UIC87671479;0.5;2;100;100;0;QUARANTAINE;100 % des mouvements sous 60 s , aucun retard superieur a 5 min , dispersion 0.0 pt
France;fr_sncf;Saint-Martin-d'Oney;fr_sncf|UIC87671495;0.8;3;100;100;0;QUARANTAINE;100 % des mouvements sous 60 s , aucun retard superieur a 5 min , dispersion 0.0 pt
France;fr_sncf;Mannheim Hbf;fr_sncf|UIC80140087;1;4;0;25;50;A_QUALIFIER;
France;fr_sncf;Francfort sur le Main;fr_sncf|UIC80110684;1.3;5;80;100;20;QUARANTAINE;aucun retard superieur a 5 min
France;fr_sncf;Lacelle Corrèze;fr_sncf|UIC87592147;0;0;0;0;0;QUARANTAINE;dispersion 0.0 pt
France;fr_sncf;Bugeat;fr_sncf|UIC87592162;0;0;0;0;0;QUARANTAINE;dispersion 0.0 pt
France;fr_sncf;Pérols-sur-Vézère;fr_sncf|UIC87592170;0;0;0;0;0;QUARANTAINE;dispersion 0.0 pt
France;fr_sncf;Jassonneix;fr_sncf|UIC87594085;0.3;1;100;100;0;QUARANTAINE;100 % des mouvements sous 60 s , aucun retard superieur a 5 min , dispersion 0.0 pt
France;fr_sncf;Pont-du-Château;fr_sncf|UIC87734087;0.8;3;100;100;0;QUARANTAINE;100 % des mouvements sous 60 s , aucun retard superieur a 5 min , dispersion 0.0 pt
France;fr_sncf;Aulnat Aéroport;fr_sncf|UIC87562421;0.8;3;100;100;0;QUARANTAINE;100 % des mouvements sous 60 s , aucun retard superieur a 5 min , dispersion 0.0 pt
France;fr_sncf;Karlsruhe Hbf;fr_sncf|UIC80142281;1.3;5;0;40;60;A_QUALIFIER;
France;fr_sncf;Saint-Béron - La Bridoire;fr_sncf|UIC87741454;2.5;10;40;80;40;A_QUALIFIER;
France;fr_sncf;Les Abrets - Fitilieu;fr_sncf|UIC87741496;1.8;7;28.6;71.4;42.9;A_QUALIFIER;
Australie;au_translink_seq;Traveston station;au_translink_seq|travestonstation@-26.32,152.78;2;8;100;100;0;QUARANTAINE;100 % des mouvements sous 60 s , aucun retard superieur a 5 min , dispersion 0.0 pt
Australie;au_translink_seq;Cooran station;au_translink_seq|cooranstation@-26.33,152.82;1.8;7;85.7;100;14.3;QUARANTAINE;aucun retard superieur a 5 min
Australie;au_translink_seq;Pomona station;au_translink_seq|pomonastation@-26.37,152.86;1.8;7;100;100;0;QUARANTAINE;100 % des mouvements sous 60 s , aucun retard superieur a 5 min , dispersion 0.0 pt
Australie;au_translink_seq;Cooroy station;au_translink_seq|cooroystation@-26.42,152.91;1.8;7;100;100;0;QUARANTAINE;100 % des mouvements sous 60 s , aucun retard superieur a 5 min , dispersion 0.0 pt
Australie;au_translink_seq;Eumundi station;au_translink_seq|eumundistation@-26.48,152.96;1.5;6;83.3;100;16.7;QUARANTAINE;aucun retard superieur a 5 min
Australie;au_translink_seq;Yandina station;au_translink_seq|yandinastation@-26.56,152.96;1.5;6;66.7;100;33.3;QUARANTAINE;aucun retard superieur a 5 min
Australie;au_translink_seq;Gympie North station;au_translink_seq|gympienorthstation@-26.16,152.68;1.3;5;80;100;20;QUARANTAINE;aucun retard superieur a 5 min
